county,precinct,office,district,party,candidate,votes
ACCOMACK COUNTY,101 - CHINCOTEAGUE,Proposed Constitutional Amendment,,,No,1059
ACCOMACK COUNTY,101 - CHINCOTEAGUE,Proposed Constitutional Amendment,,,Yes,516
ACCOMACK COUNTY,201 - ATLANTIC,Proposed Constitutional Amendment,,,No,415
ACCOMACK COUNTY,201 - ATLANTIC,Proposed Constitutional Amendment,,,Yes,146
ACCOMACK COUNTY,202 - GREENBACKVILLE,Proposed Constitutional Amendment,,,No,772
ACCOMACK COUNTY,202 - GREENBACKVILLE,Proposed Constitutional Amendment,,,Yes,288
ACCOMACK COUNTY,301 - NEW CHURCH,Proposed Constitutional Amendment,,,No,535
ACCOMACK COUNTY,301 - NEW CHURCH,Proposed Constitutional Amendment,,,Yes,527
ACCOMACK COUNTY,401 - BLOXOM,Proposed Constitutional Amendment,,,No,355
ACCOMACK COUNTY,401 - BLOXOM,Proposed Constitutional Amendment,,,Yes,129
ACCOMACK COUNTY,402 - PARKSLEY,Proposed Constitutional Amendment,,,No,382
ACCOMACK COUNTY,402 - PARKSLEY,Proposed Constitutional Amendment,,,Yes,185
ACCOMACK COUNTY,403 - SAXIS,Proposed Constitutional Amendment,,,No,131
ACCOMACK COUNTY,403 - SAXIS,Proposed Constitutional Amendment,,,Yes,27
ACCOMACK COUNTY,501 - MAPPSVILLE,Proposed Constitutional Amendment,,,No,221
ACCOMACK COUNTY,501 - MAPPSVILLE,Proposed Constitutional Amendment,,,Yes,275
ACCOMACK COUNTY,502 - RUE,Proposed Constitutional Amendment,,,No,121
ACCOMACK COUNTY,502 - RUE,Proposed Constitutional Amendment,,,Yes,323
ACCOMACK COUNTY,601 - ACCOMAC,Proposed Constitutional Amendment,,,No,624
ACCOMACK COUNTY,601 - ACCOMAC,Proposed Constitutional Amendment,,,Yes,446
ACCOMACK COUNTY,602 - TANGIER,Proposed Constitutional Amendment,,,No,115
ACCOMACK COUNTY,602 - TANGIER,Proposed Constitutional Amendment,,,Yes,14
ACCOMACK COUNTY,701 - NANDUA,Proposed Constitutional Amendment,,,No,895
ACCOMACK COUNTY,701 - NANDUA,Proposed Constitutional Amendment,,,Yes,726
ACCOMACK COUNTY,801 - BOBTOWN,Proposed Constitutional Amendment,,,No,368
ACCOMACK COUNTY,801 - BOBTOWN,Proposed Constitutional Amendment,,,Yes,158
ACCOMACK COUNTY,802 - MELFA,Proposed Constitutional Amendment,,,No,282
ACCOMACK COUNTY,802 - MELFA,Proposed Constitutional Amendment,,,Yes,316
ACCOMACK COUNTY,803 - WACHAPREAGUE,Proposed Constitutional Amendment,,,No,316
ACCOMACK COUNTY,803 - WACHAPREAGUE,Proposed Constitutional Amendment,,,Yes,158
ACCOMACK COUNTY,901 - PAINTER,Proposed Constitutional Amendment,,,No,601
ACCOMACK COUNTY,901 - PAINTER,Proposed Constitutional Amendment,,,Yes,885
ALBEMARLE COUNTY,101 - WOODBROOK,Proposed Constitutional Amendment,,,No,610
ALBEMARLE COUNTY,101 - WOODBROOK,Proposed Constitutional Amendment,,,Yes,1213
ALBEMARLE COUNTY,103 - BRANCHLANDS,Proposed Constitutional Amendment,,,No,172
ALBEMARLE COUNTY,103 - BRANCHLANDS,Proposed Constitutional Amendment,,,Yes,422
ALBEMARLE COUNTY,104 - AGNOR-HURT,Proposed Constitutional Amendment,,,No,324
ALBEMARLE COUNTY,104 - AGNOR-HURT,Proposed Constitutional Amendment,,,Yes,915
ALBEMARLE COUNTY,105 - DUNLORA,Proposed Constitutional Amendment,,,No,551
ALBEMARLE COUNTY,105 - DUNLORA,Proposed Constitutional Amendment,,,Yes,1798
ALBEMARLE COUNTY,106 - NORTHSIDE,Proposed Constitutional Amendment,,,No,728
ALBEMARLE COUNTY,106 - NORTHSIDE,Proposed Constitutional Amendment,,,Yes,1000
ALBEMARLE COUNTY,201 - JACK JOUETT,Proposed Constitutional Amendment,,,No,800
ALBEMARLE COUNTY,201 - JACK JOUETT,Proposed Constitutional Amendment,,,Yes,1365
ALBEMARLE COUNTY,202 - UNIVERSITY,Proposed Constitutional Amendment,,,No,213
ALBEMARLE COUNTY,202 - UNIVERSITY,Proposed Constitutional Amendment,,,Yes,946
ALBEMARLE COUNTY,203 - GEORGETOWN,Proposed Constitutional Amendment,,,No,318
ALBEMARLE COUNTY,203 - GEORGETOWN,Proposed Constitutional Amendment,,,Yes,1114
ALBEMARLE COUNTY,301 - IVY,Proposed Constitutional Amendment,,,No,851
ALBEMARLE COUNTY,301 - IVY,Proposed Constitutional Amendment,,,Yes,1723
ALBEMARLE COUNTY,302 - RED HILL,Proposed Constitutional Amendment,,,No,772
ALBEMARLE COUNTY,302 - RED HILL,Proposed Constitutional Amendment,,,Yes,1184
ALBEMARLE COUNTY,304 - EAST IVY,Proposed Constitutional Amendment,,,No,264
ALBEMARLE COUNTY,304 - EAST IVY,Proposed Constitutional Amendment,,,Yes,440
ALBEMARLE COUNTY,305 - COUNTRY GREEN,Proposed Constitutional Amendment,,,No,551
ALBEMARLE COUNTY,305 - COUNTRY GREEN,Proposed Constitutional Amendment,,,Yes,1355
ALBEMARLE COUNTY,306 - PORTERS,Proposed Constitutional Amendment,,,No,394
ALBEMARLE COUNTY,306 - PORTERS,Proposed Constitutional Amendment,,,Yes,550
ALBEMARLE COUNTY,307 - YELLOW MOUNTAIN,Proposed Constitutional Amendment,,,No,348
ALBEMARLE COUNTY,307 - YELLOW MOUNTAIN,Proposed Constitutional Amendment,,,Yes,452
ALBEMARLE COUNTY,401 - SCOTTSVILLE,Proposed Constitutional Amendment,,,No,648
ALBEMARLE COUNTY,401 - SCOTTSVILLE,Proposed Constitutional Amendment,,,Yes,497
ALBEMARLE COUNTY,402 - MONTICELLO,Proposed Constitutional Amendment,,,No,518
ALBEMARLE COUNTY,402 - MONTICELLO,Proposed Constitutional Amendment,,,Yes,423
ALBEMARLE COUNTY,405 - MOUNTAIN VIEW,Proposed Constitutional Amendment,,,No,579
ALBEMARLE COUNTY,405 - MOUNTAIN VIEW,Proposed Constitutional Amendment,,,Yes,1948
ALBEMARLE COUNTY,406 - STONE ROBINSON,Proposed Constitutional Amendment,,,No,1054
ALBEMARLE COUNTY,406 - STONE ROBINSON,Proposed Constitutional Amendment,,,Yes,1238
ALBEMARLE COUNTY,407 - BISCUIT RUN,Proposed Constitutional Amendment,,,No,225
ALBEMARLE COUNTY,407 - BISCUIT RUN,Proposed Constitutional Amendment,,,Yes,776
ALBEMARLE COUNTY,501 - KESWICK,Proposed Constitutional Amendment,,,No,408
ALBEMARLE COUNTY,501 - KESWICK,Proposed Constitutional Amendment,,,Yes,518
ALBEMARLE COUNTY,502 - STONY POINT,Proposed Constitutional Amendment,,,No,521
ALBEMARLE COUNTY,502 - STONY POINT,Proposed Constitutional Amendment,,,Yes,598
ALBEMARLE COUNTY,503 - HOLLYMEAD,Proposed Constitutional Amendment,,,No,568
ALBEMARLE COUNTY,503 - HOLLYMEAD,Proposed Constitutional Amendment,,,Yes,1316
ALBEMARLE COUNTY,504 - FREE BRIDGE,Proposed Constitutional Amendment,,,No,360
ALBEMARLE COUNTY,504 - FREE BRIDGE,Proposed Constitutional Amendment,,,Yes,1012
ALBEMARLE COUNTY,506 - BAKER-BUTLER,Proposed Constitutional Amendment,,,No,1060
ALBEMARLE COUNTY,506 - BAKER-BUTLER,Proposed Constitutional Amendment,,,Yes,1891
ALBEMARLE COUNTY,507 - PANTOPS,Proposed Constitutional Amendment,,,No,429
ALBEMARLE COUNTY,507 - PANTOPS,Proposed Constitutional Amendment,,,Yes,1010
ALBEMARLE COUNTY,601 - CROZET,Proposed Constitutional Amendment,,,No,924
ALBEMARLE COUNTY,601 - CROZET,Proposed Constitutional Amendment,,,Yes,1531
ALBEMARLE COUNTY,602 - FREE UNION,Proposed Constitutional Amendment,,,No,467
ALBEMARLE COUNTY,602 - FREE UNION,Proposed Constitutional Amendment,,,Yes,491
ALBEMARLE COUNTY,603 - EARLYSVILLE,Proposed Constitutional Amendment,,,No,1041
ALBEMARLE COUNTY,603 - EARLYSVILLE,Proposed Constitutional Amendment,,,Yes,1201
ALBEMARLE COUNTY,604 - BROWNSVILLE,Proposed Constitutional Amendment,,,No,756
ALBEMARLE COUNTY,604 - BROWNSVILLE,Proposed Constitutional Amendment,,,Yes,1359
ALBEMARLE COUNTY,606 - MECHUMS RIVER,Proposed Constitutional Amendment,,,No,854
ALBEMARLE COUNTY,606 - MECHUMS RIVER,Proposed Constitutional Amendment,,,Yes,1750
ALEXANDRIA CITY,101 - OLD TOWN NORTH,Member City Council - Special,ALEXANDRIA CITY,,Alison Virginia O'Connell,316
ALEXANDRIA CITY,101 - OLD TOWN NORTH,Member City Council - Special,ALEXANDRIA CITY,,Frank H. Fannon,621
ALEXANDRIA CITY,101 - OLD TOWN NORTH,Member City Council - Special,ALEXANDRIA CITY,,Sandy O. Marks,800
ALEXANDRIA CITY,101 - OLD TOWN NORTH,Proposed Constitutional Amendment,,,No,488
ALEXANDRIA CITY,101 - OLD TOWN NORTH,Proposed Constitutional Amendment,,,Yes,1508
ALEXANDRIA CITY,102 - OLD TOWN SOUTH,Member City Council - Special,ALEXANDRIA CITY,,Alison Virginia O'Connell,125
ALEXANDRIA CITY,102 - OLD TOWN SOUTH,Member City Council - Special,ALEXANDRIA CITY,,Frank H. Fannon,873
ALEXANDRIA CITY,102 - OLD TOWN SOUTH,Member City Council - Special,ALEXANDRIA CITY,,Sandy O. Marks,606
ALEXANDRIA CITY,102 - OLD TOWN SOUTH,Proposed Constitutional Amendment,,,No,618
ALEXANDRIA CITY,102 - OLD TOWN SOUTH,Proposed Constitutional Amendment,,,Yes,1153
ALEXANDRIA CITY,103 - LYLES CROUCH SCHOOL,Member City Council - Special,ALEXANDRIA CITY,,Alison Virginia O'Connell,274
ALEXANDRIA CITY,103 - LYLES CROUCH SCHOOL,Member City Council - Special,ALEXANDRIA CITY,,Frank H. Fannon,787
ALEXANDRIA CITY,103 - LYLES CROUCH SCHOOL,Member City Council - Special,ALEXANDRIA CITY,,Sandy O. Marks,768
ALEXANDRIA CITY,103 - LYLES CROUCH SCHOOL,Proposed Constitutional Amendment,,,No,582
ALEXANDRIA CITY,103 - LYLES CROUCH SCHOOL,Proposed Constitutional Amendment,,,Yes,1462
ALEXANDRIA CITY,104 - DURANT CENTER,Member City Council - Special,ALEXANDRIA CITY,,Alison Virginia O'Connell,219
ALEXANDRIA CITY,104 - DURANT CENTER,Member City Council - Special,ALEXANDRIA CITY,,Frank H. Fannon,508
ALEXANDRIA CITY,104 - DURANT CENTER,Member City Council - Special,ALEXANDRIA CITY,,Sandy O. Marks,815
ALEXANDRIA CITY,104 - DURANT CENTER,Proposed Constitutional Amendment,,,No,411
ALEXANDRIA CITY,104 - DURANT CENTER,Proposed Constitutional Amendment,,,Yes,1353
ALEXANDRIA CITY,105 - LEE CENTER,Member City Council - Special,ALEXANDRIA CITY,,Alison Virginia O'Connell,211
ALEXANDRIA CITY,105 - LEE CENTER,Member City Council - Special,ALEXANDRIA CITY,,Frank H. Fannon,401
ALEXANDRIA CITY,105 - LEE CENTER,Member City Council - Special,ALEXANDRIA CITY,,Sandy O. Marks,689
ALEXANDRIA CITY,105 - LEE CENTER,Proposed Constitutional Amendment,,,No,350
ALEXANDRIA CITY,105 - LEE CENTER,Proposed Constitutional Amendment,,,Yes,1154
ALEXANDRIA CITY,106 - CORA KELLY,Member City Council - Special,ALEXANDRIA CITY,,Alison Virginia O'Connell,377
ALEXANDRIA CITY,106 - CORA KELLY,Member City Council - Special,ALEXANDRIA CITY,,Frank H. Fannon,310
ALEXANDRIA CITY,106 - CORA KELLY,Member City Council - Special,ALEXANDRIA CITY,,Sandy O. Marks,1157
ALEXANDRIA CITY,106 - CORA KELLY,Proposed Constitutional Amendment,,,No,328
ALEXANDRIA CITY,106 - CORA KELLY,Proposed Constitutional Amendment,,,Yes,1764
ALEXANDRIA CITY,107 - MT VERNON RECREATION CENTER,Member City Council - Special,ALEXANDRIA CITY,,Alison Virginia O'Connell,303
ALEXANDRIA CITY,107 - MT VERNON RECREATION CENTER,Member City Council - Special,ALEXANDRIA CITY,,Frank H. Fannon,602
ALEXANDRIA CITY,107 - MT VERNON RECREATION CENTER,Member City Council - Special,ALEXANDRIA CITY,,Sandy O. Marks,1670
ALEXANDRIA CITY,107 - MT VERNON RECREATION CENTER,Proposed Constitutional Amendment,,,No,438
ALEXANDRIA CITY,107 - MT VERNON RECREATION CENTER,Proposed Constitutional Amendment,,,Yes,2394
ALEXANDRIA CITY,108 - GEORGE WASHINGTON MIDDLE SCH,Member City Council - Special,ALEXANDRIA CITY,,Alison Virginia O'Connell,215
ALEXANDRIA CITY,108 - GEORGE WASHINGTON MIDDLE SCH,Member City Council - Special,ALEXANDRIA CITY,,Frank H. Fannon,724
ALEXANDRIA CITY,108 - GEORGE WASHINGTON MIDDLE SCH,Member City Council - Special,ALEXANDRIA CITY,,Sandy O. Marks,1425
ALEXANDRIA CITY,108 - GEORGE WASHINGTON MIDDLE SCH,Proposed Constitutional Amendment,,,No,504
ALEXANDRIA CITY,108 - GEORGE WASHINGTON MIDDLE SCH,Proposed Constitutional Amendment,,,Yes,2098
ALEXANDRIA CITY,109 - FIRE DEPARTMENT HEADQUARTERS,Member City Council - Special,ALEXANDRIA CITY,,Alison Virginia O'Connell,187
ALEXANDRIA CITY,109 - FIRE DEPARTMENT HEADQUARTERS,Member City Council - Special,ALEXANDRIA CITY,,Frank H. Fannon,391
ALEXANDRIA CITY,109 - FIRE DEPARTMENT HEADQUARTERS,Member City Council - Special,ALEXANDRIA CITY,,Sandy O. Marks,739
ALEXANDRIA CITY,109 - FIRE DEPARTMENT HEADQUARTERS,Proposed Constitutional Amendment,,,No,376
ALEXANDRIA CITY,109 - FIRE DEPARTMENT HEADQUARTERS,Proposed Constitutional Amendment,,,Yes,1200
ALEXANDRIA CITY,110 - CHARLES HOUSTON CENTER,Member City Council - Special,ALEXANDRIA CITY,,Alison Virginia O'Connell,434
ALEXANDRIA CITY,110 - CHARLES HOUSTON CENTER,Member City Council - Special,ALEXANDRIA CITY,,Frank H. Fannon,432
ALEXANDRIA CITY,110 - CHARLES HOUSTON CENTER,Member City Council - Special,ALEXANDRIA CITY,,Sandy O. Marks,1025
ALEXANDRIA CITY,110 - CHARLES HOUSTON CENTER,Proposed Constitutional Amendment,,,No,368
ALEXANDRIA CITY,110 - CHARLES HOUSTON CENTER,Proposed Constitutional Amendment,,,Yes,1822
ALEXANDRIA CITY,111 - POTOMAC YARD,Member City Council - Special,ALEXANDRIA CITY,,Alison Virginia O'Connell,126
ALEXANDRIA CITY,111 - POTOMAC YARD,Member City Council - Special,ALEXANDRIA CITY,,Frank H. Fannon,169
ALEXANDRIA CITY,111 - POTOMAC YARD,Member City Council - Special,ALEXANDRIA CITY,,Sandy O. Marks,539
ALEXANDRIA CITY,111 - POTOMAC YARD,Proposed Constitutional Amendment,,,No,204
ALEXANDRIA CITY,111 - POTOMAC YARD,Proposed Constitutional Amendment,,,Yes,800
ALEXANDRIA CITY,201 - NAOMI L. BROOKS SCHOOL,Member City Council - Special,ALEXANDRIA CITY,,Alison Virginia O'Connell,137
ALEXANDRIA CITY,201 - NAOMI L. BROOKS SCHOOL,Member City Council - Special,ALEXANDRIA CITY,,Frank H. Fannon,648
ALEXANDRIA CITY,201 - NAOMI L. BROOKS SCHOOL,Member City Council - Special,ALEXANDRIA CITY,,Sandy O. Marks,819
ALEXANDRIA CITY,201 - NAOMI L. BROOKS SCHOOL,Proposed Constitutional Amendment,,,No,354
ALEXANDRIA CITY,201 - NAOMI L. BROOKS SCHOOL,Proposed Constitutional Amendment,,,Yes,1385
ALEXANDRIA CITY,202 - TRINITY,Member City Council - Special,ALEXANDRIA CITY,,Alison Virginia O'Connell,106
ALEXANDRIA CITY,202 - TRINITY,Member City Council - Special,ALEXANDRIA CITY,,Frank H. Fannon,817
ALEXANDRIA CITY,202 - TRINITY,Member City Council - Special,ALEXANDRIA CITY,,Sandy O. Marks,742
ALEXANDRIA CITY,202 - TRINITY,Proposed Constitutional Amendment,,,No,544
ALEXANDRIA CITY,202 - TRINITY,Proposed Constitutional Amendment,,,Yes,1268
ALEXANDRIA CITY,203 - CHARLES BARRETT CENTER,Member City Council - Special,ALEXANDRIA CITY,,Alison Virginia O'Connell,264
ALEXANDRIA CITY,203 - CHARLES BARRETT CENTER,Member City Council - Special,ALEXANDRIA CITY,,Frank H. Fannon,382
ALEXANDRIA CITY,203 - CHARLES BARRETT CENTER,Member City Council - Special,ALEXANDRIA CITY,,Sandy O. Marks,775
ALEXANDRIA CITY,203 - CHARLES BARRETT CENTER,Proposed Constitutional Amendment,,,No,354
ALEXANDRIA CITY,203 - CHARLES BARRETT CENTER,Proposed Constitutional Amendment,,,Yes,1290
ALEXANDRIA CITY,204 - NORTH QUAKER,Member City Council - Special,ALEXANDRIA CITY,,Alison Virginia O'Connell,143
ALEXANDRIA CITY,204 - NORTH QUAKER,Member City Council - Special,ALEXANDRIA CITY,,Frank H. Fannon,739
ALEXANDRIA CITY,204 - NORTH QUAKER,Member City Council - Special,ALEXANDRIA CITY,,Sandy O. Marks,880
ALEXANDRIA CITY,204 - NORTH QUAKER,Proposed Constitutional Amendment,,,No,494
ALEXANDRIA CITY,204 - NORTH QUAKER,Proposed Constitutional Amendment,,,Yes,1452
ALEXANDRIA CITY,205 - DOUGLAS MACARTHUR SCHOOL,Member City Council - Special,ALEXANDRIA CITY,,Alison Virginia O'Connell,266
ALEXANDRIA CITY,205 - DOUGLAS MACARTHUR SCHOOL,Member City Council - Special,ALEXANDRIA CITY,,Frank H. Fannon,734
ALEXANDRIA CITY,205 - DOUGLAS MACARTHUR SCHOOL,Member City Council - Special,ALEXANDRIA CITY,,Sandy O. Marks,968
ALEXANDRIA CITY,205 - DOUGLAS MACARTHUR SCHOOL,Proposed Constitutional Amendment,,,No,532
ALEXANDRIA CITY,205 - DOUGLAS MACARTHUR SCHOOL,Proposed Constitutional Amendment,,,Yes,1598
ALEXANDRIA CITY,206 - ALEXANDRIA CITY HIGH SCHOOL,Member City Council - Special,ALEXANDRIA CITY,,Alison Virginia O'Connell,151
ALEXANDRIA CITY,206 - ALEXANDRIA CITY HIGH SCHOOL,Member City Council - Special,ALEXANDRIA CITY,,Frank H. Fannon,593
ALEXANDRIA CITY,206 - ALEXANDRIA CITY HIGH SCHOOL,Member City Council - Special,ALEXANDRIA CITY,,Sandy O. Marks,775
ALEXANDRIA CITY,206 - ALEXANDRIA CITY HIGH SCHOOL,Proposed Constitutional Amendment,,,No,402
ALEXANDRIA CITY,206 - ALEXANDRIA CITY HIGH SCHOOL,Proposed Constitutional Amendment,,,Yes,1268
ALEXANDRIA CITY,207 - BETH EL HEBREW CONGREGATION,Member City Council - Special,ALEXANDRIA CITY,,Alison Virginia O'Connell,239
ALEXANDRIA CITY,207 - BETH EL HEBREW CONGREGATION,Member City Council - Special,ALEXANDRIA CITY,,Frank H. Fannon,790
ALEXANDRIA CITY,207 - BETH EL HEBREW CONGREGATION,Member City Council - Special,ALEXANDRIA CITY,,Sandy O. Marks,952
ALEXANDRIA CITY,207 - BETH EL HEBREW CONGREGATION,Proposed Constitutional Amendment,,,No,526
ALEXANDRIA CITY,207 - BETH EL HEBREW CONGREGATION,Proposed Constitutional Amendment,,,Yes,1624
ALEXANDRIA CITY,208 - NOVA ARTS CENTER,Member City Council - Special,ALEXANDRIA CITY,,Alison Virginia O'Connell,205
ALEXANDRIA CITY,208 - NOVA ARTS CENTER,Member City Council - Special,ALEXANDRIA CITY,,Frank H. Fannon,164
ALEXANDRIA CITY,208 - NOVA ARTS CENTER,Member City Council - Special,ALEXANDRIA CITY,,Sandy O. Marks,712
ALEXANDRIA CITY,208 - NOVA ARTS CENTER,Proposed Constitutional Amendment,,,No,198
ALEXANDRIA CITY,208 - NOVA ARTS CENTER,Proposed Constitutional Amendment,,,Yes,1011
ALEXANDRIA CITY,209 - JAMES K POLK SCHOOL,Member City Council - Special,ALEXANDRIA CITY,,Alison Virginia O'Connell,319
ALEXANDRIA CITY,209 - JAMES K POLK SCHOOL,Member City Council - Special,ALEXANDRIA CITY,,Frank H. Fannon,497
ALEXANDRIA CITY,209 - JAMES K POLK SCHOOL,Member City Council - Special,ALEXANDRIA CITY,,Sandy O. Marks,822
ALEXANDRIA CITY,209 - JAMES K POLK SCHOOL,Proposed Constitutional Amendment,,,No,349
ALEXANDRIA CITY,209 - JAMES K POLK SCHOOL,Proposed Constitutional Amendment,,,Yes,1487
ALEXANDRIA CITY,210 - F.T. DAY SCHOOL,Member City Council - Special,ALEXANDRIA CITY,,Alison Virginia O'Connell,144
ALEXANDRIA CITY,210 - F.T. DAY SCHOOL,Member City Council - Special,ALEXANDRIA CITY,,Frank H. Fannon,159
ALEXANDRIA CITY,210 - F.T. DAY SCHOOL,Member City Council - Special,ALEXANDRIA CITY,,Sandy O. Marks,483
ALEXANDRIA CITY,210 - F.T. DAY SCHOOL,Proposed Constitutional Amendment,,,No,184
ALEXANDRIA CITY,210 - F.T. DAY SCHOOL,Proposed Constitutional Amendment,,,Yes,740
ALEXANDRIA CITY,211 - ALEX RENEW,Member City Council - Special,ALEXANDRIA CITY,,Alison Virginia O'Connell,303
ALEXANDRIA CITY,211 - ALEX RENEW,Member City Council - Special,ALEXANDRIA CITY,,Frank H. Fannon,312
ALEXANDRIA CITY,211 - ALEX RENEW,Member City Council - Special,ALEXANDRIA CITY,,Sandy O. Marks,873
ALEXANDRIA CITY,211 - ALEX RENEW,Proposed Constitutional Amendment,,,No,327
ALEXANDRIA CITY,211 - ALEX RENEW,Proposed Constitutional Amendment,,,Yes,1415
ALEXANDRIA CITY,212 - HOPE WAY,Member City Council - Special,ALEXANDRIA CITY,,Alison Virginia O'Connell,113
ALEXANDRIA CITY,212 - HOPE WAY,Member City Council - Special,ALEXANDRIA CITY,,Frank H. Fannon,232
ALEXANDRIA CITY,212 - HOPE WAY,Member City Council - Special,ALEXANDRIA CITY,,Sandy O. Marks,468
ALEXANDRIA CITY,212 - HOPE WAY,Proposed Constitutional Amendment,,,No,189
ALEXANDRIA CITY,212 - HOPE WAY,Proposed Constitutional Amendment,,,Yes,732
ALEXANDRIA CITY,302 - PATRICK HENRY REC CENTER,Member City Council - Special,ALEXANDRIA CITY,,Alison Virginia O'Connell,181
ALEXANDRIA CITY,302 - PATRICK HENRY REC CENTER,Member City Council - Special,ALEXANDRIA CITY,,Frank H. Fannon,163
ALEXANDRIA CITY,302 - PATRICK HENRY REC CENTER,Member City Council - Special,ALEXANDRIA CITY,,Sandy O. Marks,783
ALEXANDRIA CITY,302 - PATRICK HENRY REC CENTER,Proposed Constitutional Amendment,,,No,151
ALEXANDRIA CITY,302 - PATRICK HENRY REC CENTER,Proposed Constitutional Amendment,,,Yes,1078
ALEXANDRIA CITY,303 - CHARLES E BEATLEY LIBRARY,Member City Council - Special,ALEXANDRIA CITY,,Alison Virginia O'Connell,279
ALEXANDRIA CITY,303 - CHARLES E BEATLEY LIBRARY,Member City Council - Special,ALEXANDRIA CITY,,Frank H. Fannon,224
ALEXANDRIA CITY,303 - CHARLES E BEATLEY LIBRARY,Member City Council - Special,ALEXANDRIA CITY,,Sandy O. Marks,669
ALEXANDRIA CITY,303 - CHARLES E BEATLEY LIBRARY,Proposed Constitutional Amendment,,,No,200
ALEXANDRIA CITY,303 - CHARLES E BEATLEY LIBRARY,Proposed Constitutional Amendment,,,Yes,1067
ALEXANDRIA CITY,304 - TUCKER SCHOOL,Member City Council - Special,ALEXANDRIA CITY,,Alison Virginia O'Connell,267
ALEXANDRIA CITY,304 - TUCKER SCHOOL,Member City Council - Special,ALEXANDRIA CITY,,Frank H. Fannon,197
ALEXANDRIA CITY,304 - TUCKER SCHOOL,Member City Council - Special,ALEXANDRIA CITY,,Sandy O. Marks,687
ALEXANDRIA CITY,304 - TUCKER SCHOOL,Proposed Constitutional Amendment,,,No,214
ALEXANDRIA CITY,304 - TUCKER SCHOOL,Proposed Constitutional Amendment,,,Yes,1060
ALEXANDRIA CITY,305 - JOHN ADAMS SCHOOL,Member City Council - Special,ALEXANDRIA CITY,,Alison Virginia O'Connell,158
ALEXANDRIA CITY,305 - JOHN ADAMS SCHOOL,Member City Council - Special,ALEXANDRIA CITY,,Frank H. Fannon,162
ALEXANDRIA CITY,305 - JOHN ADAMS SCHOOL,Member City Council - Special,ALEXANDRIA CITY,,Sandy O. Marks,589
ALEXANDRIA CITY,305 - JOHN ADAMS SCHOOL,Proposed Constitutional Amendment,,,No,126
ALEXANDRIA CITY,305 - JOHN ADAMS SCHOOL,Proposed Constitutional Amendment,,,Yes,857
ALEXANDRIA CITY,306 - WILLIAM RAMSAY SCHOOL,Member City Council - Special,ALEXANDRIA CITY,,Alison Virginia O'Connell,225
ALEXANDRIA CITY,306 - WILLIAM RAMSAY SCHOOL,Member City Council - Special,ALEXANDRIA CITY,,Frank H. Fannon,215
ALEXANDRIA CITY,306 - WILLIAM RAMSAY SCHOOL,Member City Council - Special,ALEXANDRIA CITY,,Sandy O. Marks,529
ALEXANDRIA CITY,306 - WILLIAM RAMSAY SCHOOL,Proposed Constitutional Amendment,,,No,178
ALEXANDRIA CITY,306 - WILLIAM RAMSAY SCHOOL,Proposed Constitutional Amendment,,,Yes,902
ALEXANDRIA CITY,307 - TUCKER WEST,Member City Council - Special,ALEXANDRIA CITY,,Alison Virginia O'Connell,271
ALEXANDRIA CITY,307 - TUCKER WEST,Member City Council - Special,ALEXANDRIA CITY,,Frank H. Fannon,286
ALEXANDRIA CITY,307 - TUCKER WEST,Member City Council - Special,ALEXANDRIA CITY,,Sandy O. Marks,734
ALEXANDRIA CITY,307 - TUCKER WEST,Proposed Constitutional Amendment,,,No,268
ALEXANDRIA CITY,307 - TUCKER WEST,Proposed Constitutional Amendment,,,Yes,1204
ALEXANDRIA CITY,308 - CAMERON STATION COMMUNITY CTR,Member City Council - Special,ALEXANDRIA CITY,,Alison Virginia O'Connell,303
ALEXANDRIA CITY,308 - CAMERON STATION COMMUNITY CTR,Member City Council - Special,ALEXANDRIA CITY,,Frank H. Fannon,524
ALEXANDRIA CITY,308 - CAMERON STATION COMMUNITY CTR,Member City Council - Special,ALEXANDRIA CITY,,Sandy O. Marks,1085
ALEXANDRIA CITY,308 - CAMERON STATION COMMUNITY CTR,Proposed Constitutional Amendment,,,No,489
ALEXANDRIA CITY,308 - CAMERON STATION COMMUNITY CTR,Proposed Constitutional Amendment,,,Yes,1677
ALEXANDRIA CITY,309 - OLYMPUS CONDO,Member City Council - Special,ALEXANDRIA CITY,,Alison Virginia O'Connell,164
ALEXANDRIA CITY,309 - OLYMPUS CONDO,Member City Council - Special,ALEXANDRIA CITY,,Frank H. Fannon,131
ALEXANDRIA CITY,309 - OLYMPUS CONDO,Member City Council - Special,ALEXANDRIA CITY,,Sandy O. Marks,519
ALEXANDRIA CITY,309 - OLYMPUS CONDO,Proposed Constitutional Amendment,,,No,115
ALEXANDRIA CITY,309 - OLYMPUS CONDO,Proposed Constitutional Amendment,,,Yes,787
ALEXANDRIA CITY,310 - DEL PEPPER CENTER,Member City Council - Special,ALEXANDRIA CITY,,Alison Virginia O'Connell,142
ALEXANDRIA CITY,310 - DEL PEPPER CENTER,Member City Council - Special,ALEXANDRIA CITY,,Frank H. Fannon,103
ALEXANDRIA CITY,310 - DEL PEPPER CENTER,Member City Council - Special,ALEXANDRIA CITY,,Sandy O. Marks,346
ALEXANDRIA CITY,310 - DEL PEPPER CENTER,Proposed Constitutional Amendment,,,No,102
ALEXANDRIA CITY,310 - DEL PEPPER CENTER,Proposed Constitutional Amendment,,,Yes,581
ALLEGHANY COUNTY,101 - ARRITT,Proposed Constitutional Amendment,,,No,496
ALLEGHANY COUNTY,101 - ARRITT,Proposed Constitutional Amendment,,,Yes,91
ALLEGHANY COUNTY,103 - DAMERON,Proposed Constitutional Amendment,,,No,200
ALLEGHANY COUNTY,103 - DAMERON,Proposed Constitutional Amendment,,,Yes,34
ALLEGHANY COUNTY,201 - HUMPBACK BRIDGE,Proposed Constitutional Amendment,,,No,292
ALLEGHANY COUNTY,201 - HUMPBACK BRIDGE,Proposed Constitutional Amendment,,,Yes,71
ALLEGHANY COUNTY,202 - DOLLY ANN,Proposed Constitutional Amendment,,,No,392
ALLEGHANY COUNTY,202 - DOLLY ANN,Proposed Constitutional Amendment,,,Yes,86
ALLEGHANY COUNTY,301 - CALLAGHAN,Proposed Constitutional Amendment,,,No,371
ALLEGHANY COUNTY,301 - CALLAGHAN,Proposed Constitutional Amendment,,,Yes,45
ALLEGHANY COUNTY,302 - GRIFFITH,Proposed Constitutional Amendment,,,No,411
ALLEGHANY COUNTY,302 - GRIFFITH,Proposed Constitutional Amendment,,,Yes,97
ALLEGHANY COUNTY,401 - LOW MOOR,Proposed Constitutional Amendment,,,No,315
ALLEGHANY COUNTY,401 - LOW MOOR,Proposed Constitutional Amendment,,,Yes,86
ALLEGHANY COUNTY,402 - JACKSON HEIGHTS,Proposed Constitutional Amendment,,,No,461
ALLEGHANY COUNTY,402 - JACKSON HEIGHTS,Proposed Constitutional Amendment,,,Yes,102
ALLEGHANY COUNTY,501 - IRON GATE,Proposed Constitutional Amendment,,,No,140
ALLEGHANY COUNTY,501 - IRON GATE,Proposed Constitutional Amendment,,,Yes,50
ALLEGHANY COUNTY,502 - PETERS SWITCH,Proposed Constitutional Amendment,,,No,596
ALLEGHANY COUNTY,502 - PETERS SWITCH,Proposed Constitutional Amendment,,,Yes,122
ALLEGHANY COUNTY,601 - DISTRICT 1,Proposed Constitutional Amendment,,,No,425
ALLEGHANY COUNTY,601 - DISTRICT 1,Proposed Constitutional Amendment,,,Yes,236
ALLEGHANY COUNTY,701 - DISTRICT 2,Proposed Constitutional Amendment,,,No,351
ALLEGHANY COUNTY,701 - DISTRICT 2,Proposed Constitutional Amendment,,,Yes,263
AMELIA COUNTY,101 - NUMBER ONE,Proposed Constitutional Amendment,,,No,814
AMELIA COUNTY,101 - NUMBER ONE,Proposed Constitutional Amendment,,,Yes,249
AMELIA COUNTY,201 - NUMBER TWO,Proposed Constitutional Amendment,,,No,900
AMELIA COUNTY,201 - NUMBER TWO,Proposed Constitutional Amendment,,,Yes,341
AMELIA COUNTY,301 - NUMBER THREE,Proposed Constitutional Amendment,,,No,1002
AMELIA COUNTY,301 - NUMBER THREE,Proposed Constitutional Amendment,,,Yes,248
AMELIA COUNTY,401 - NUMBER FOUR,Proposed Constitutional Amendment,,,No,1029
AMELIA COUNTY,401 - NUMBER FOUR,Proposed Constitutional Amendment,,,Yes,296
AMELIA COUNTY,501 - NUMBER FIVE,Proposed Constitutional Amendment,,,No,944
AMELIA COUNTY,501 - NUMBER FIVE,Proposed Constitutional Amendment,,,Yes,339
AMHERST COUNTY,101 - WRIGHT SHOP,Proposed Constitutional Amendment,,,No,444
AMHERST COUNTY,101 - WRIGHT SHOP,Proposed Constitutional Amendment,,,Yes,389
AMHERST COUNTY,102 - NEW GLASGOW,Proposed Constitutional Amendment,,,No,855
AMHERST COUNTY,102 - NEW GLASGOW,Proposed Constitutional Amendment,,,Yes,306
AMHERST COUNTY,103 - COOLWELL,Proposed Constitutional Amendment,,,No,449
AMHERST COUNTY,103 - COOLWELL,Proposed Constitutional Amendment,,,Yes,95
AMHERST COUNTY,201 - COURT HOUSE,Proposed Constitutional Amendment,,,No,1296
AMHERST COUNTY,201 - COURT HOUSE,Proposed Constitutional Amendment,,,Yes,633
AMHERST COUNTY,202 - TEMPERANCE,Proposed Constitutional Amendment,,,No,647
AMHERST COUNTY,202 - TEMPERANCE,Proposed Constitutional Amendment,,,Yes,137
AMHERST COUNTY,301 - MONROE,Proposed Constitutional Amendment,,,No,530
AMHERST COUNTY,301 - MONROE,Proposed Constitutional Amendment,,,Yes,171
AMHERST COUNTY,302 - ELON,Proposed Constitutional Amendment,,,No,1539
AMHERST COUNTY,302 - ELON,Proposed Constitutional Amendment,,,Yes,401
AMHERST COUNTY,303 - PLEASANT VIEW,Proposed Constitutional Amendment,,,No,401
AMHERST COUNTY,303 - PLEASANT VIEW,Proposed Constitutional Amendment,,,Yes,105
AMHERST COUNTY,401 - AMELON,Proposed Constitutional Amendment,,,No,1289
AMHERST COUNTY,401 - AMELON,Proposed Constitutional Amendment,,,Yes,534
AMHERST COUNTY,402 - LONCO,Proposed Constitutional Amendment,,,No,445
AMHERST COUNTY,402 - LONCO,Proposed Constitutional Amendment,,,Yes,152
AMHERST COUNTY,501 - MADISON,Proposed Constitutional Amendment,,,No,1385
AMHERST COUNTY,501 - MADISON,Proposed Constitutional Amendment,,,Yes,689
APPOMATTOX COUNTY,101 - VERA,Proposed Constitutional Amendment,,,No,449
APPOMATTOX COUNTY,101 - VERA,Proposed Constitutional Amendment,,,Yes,76
APPOMATTOX COUNTY,102 - PAMPLIN,Proposed Constitutional Amendment,,,No,747
APPOMATTOX COUNTY,102 - PAMPLIN,Proposed Constitutional Amendment,,,Yes,208
APPOMATTOX COUNTY,201 - CHAP,Proposed Constitutional Amendment,,,No,222
APPOMATTOX COUNTY,201 - CHAP,Proposed Constitutional Amendment,,,Yes,91
APPOMATTOX COUNTY,202 - SPOUT SPRING,Proposed Constitutional Amendment,,,No,1050
APPOMATTOX COUNTY,202 - SPOUT SPRING,Proposed Constitutional Amendment,,,Yes,168
APPOMATTOX COUNTY,301 - US 460,Proposed Constitutional Amendment,,,No,637
APPOMATTOX COUNTY,301 - US 460,Proposed Constitutional Amendment,,,Yes,105
APPOMATTOX COUNTY,302 - STONEWALL,Proposed Constitutional Amendment,,,No,730
APPOMATTOX COUNTY,302 - STONEWALL,Proposed Constitutional Amendment,,,Yes,188
APPOMATTOX COUNTY,401 - COURTHOUSE,Proposed Constitutional Amendment,,,No,903
APPOMATTOX COUNTY,401 - COURTHOUSE,Proposed Constitutional Amendment,,,Yes,292
APPOMATTOX COUNTY,501 - OAKVILLE,Proposed Constitutional Amendment,,,No,1159
APPOMATTOX COUNTY,501 - OAKVILLE,Proposed Constitutional Amendment,,,Yes,303
ARLINGTON COUNTY,101 - PRECINCT 101,Proposed Constitutional Amendment,,,No,173
ARLINGTON COUNTY,101 - PRECINCT 101,Proposed Constitutional Amendment,,,Yes,953
ARLINGTON COUNTY,102 - PRECINCT 102,Proposed Constitutional Amendment,,,No,289
ARLINGTON COUNTY,102 - PRECINCT 102,Proposed Constitutional Amendment,,,Yes,1523
ARLINGTON COUNTY,103 - PRECINCT 103,Proposed Constitutional Amendment,,,No,314
ARLINGTON COUNTY,103 - PRECINCT 103,Proposed Constitutional Amendment,,,Yes,842
ARLINGTON COUNTY,104 - PRECINCT 104,Proposed Constitutional Amendment,,,No,349
ARLINGTON COUNTY,104 - PRECINCT 104,Proposed Constitutional Amendment,,,Yes,1621
ARLINGTON COUNTY,105 - PRECINCT 105,Proposed Constitutional Amendment,,,No,295
ARLINGTON COUNTY,105 - PRECINCT 105,Proposed Constitutional Amendment,,,Yes,1328
ARLINGTON COUNTY,106 - PRECINCT 106,Proposed Constitutional Amendment,,,No,306
ARLINGTON COUNTY,106 - PRECINCT 106,Proposed Constitutional Amendment,,,Yes,1087
ARLINGTON COUNTY,107 - PRECINCT 107,Proposed Constitutional Amendment,,,No,365
ARLINGTON COUNTY,107 - PRECINCT 107,Proposed Constitutional Amendment,,,Yes,1487
ARLINGTON COUNTY,108 - PRECINCT 108,Proposed Constitutional Amendment,,,No,417
ARLINGTON COUNTY,108 - PRECINCT 108,Proposed Constitutional Amendment,,,Yes,1316
ARLINGTON COUNTY,109 - PRECINCT 109,Proposed Constitutional Amendment,,,No,343
ARLINGTON COUNTY,109 - PRECINCT 109,Proposed Constitutional Amendment,,,Yes,1586
ARLINGTON COUNTY,110 - PRECINCT 110,Proposed Constitutional Amendment,,,No,454
ARLINGTON COUNTY,110 - PRECINCT 110,Proposed Constitutional Amendment,,,Yes,1679
ARLINGTON COUNTY,111 - PRECINCT 111,Proposed Constitutional Amendment,,,No,358
ARLINGTON COUNTY,111 - PRECINCT 111,Proposed Constitutional Amendment,,,Yes,1032
ARLINGTON COUNTY,112 - PRECINCT 112,Proposed Constitutional Amendment,,,No,346
ARLINGTON COUNTY,112 - PRECINCT 112,Proposed Constitutional Amendment,,,Yes,1325
ARLINGTON COUNTY,113 - PRECINCT 113,Proposed Constitutional Amendment,,,No,248
ARLINGTON COUNTY,113 - PRECINCT 113,Proposed Constitutional Amendment,,,Yes,891
ARLINGTON COUNTY,114 - PRECINCT 114,Proposed Constitutional Amendment,,,No,226
ARLINGTON COUNTY,114 - PRECINCT 114,Proposed Constitutional Amendment,,,Yes,1099
ARLINGTON COUNTY,115 - PRECINCT 115,Proposed Constitutional Amendment,,,No,167
ARLINGTON COUNTY,115 - PRECINCT 115,Proposed Constitutional Amendment,,,Yes,777
ARLINGTON COUNTY,116 - PRECINCT 116,Proposed Constitutional Amendment,,,No,390
ARLINGTON COUNTY,116 - PRECINCT 116,Proposed Constitutional Amendment,,,Yes,1551
ARLINGTON COUNTY,117 - PRECINCT 117,Proposed Constitutional Amendment,,,No,419
ARLINGTON COUNTY,117 - PRECINCT 117,Proposed Constitutional Amendment,,,Yes,1703
ARLINGTON COUNTY,118 - PRECINCT 118,Proposed Constitutional Amendment,,,No,486
ARLINGTON COUNTY,118 - PRECINCT 118,Proposed Constitutional Amendment,,,Yes,2258
ARLINGTON COUNTY,119 - PRECINCT 119,Proposed Constitutional Amendment,,,No,452
ARLINGTON COUNTY,119 - PRECINCT 119,Proposed Constitutional Amendment,,,Yes,1661
ARLINGTON COUNTY,120 - PRECINCT 120,Proposed Constitutional Amendment,,,No,492
ARLINGTON COUNTY,120 - PRECINCT 120,Proposed Constitutional Amendment,,,Yes,1395
ARLINGTON COUNTY,121 - PRECINCT 121,Proposed Constitutional Amendment,,,No,174
ARLINGTON COUNTY,121 - PRECINCT 121,Proposed Constitutional Amendment,,,Yes,706
ARLINGTON COUNTY,122 - PRECINCT 122,Proposed Constitutional Amendment,,,No,351
ARLINGTON COUNTY,122 - PRECINCT 122,Proposed Constitutional Amendment,,,Yes,1412
ARLINGTON COUNTY,123 - PRECINCT 123,Proposed Constitutional Amendment,,,No,334
ARLINGTON COUNTY,123 - PRECINCT 123,Proposed Constitutional Amendment,,,Yes,1415
ARLINGTON COUNTY,124 - PRECINCT 124,Proposed Constitutional Amendment,,,No,411
ARLINGTON COUNTY,124 - PRECINCT 124,Proposed Constitutional Amendment,,,Yes,1891
ARLINGTON COUNTY,125 - PRECINCT 125,Proposed Constitutional Amendment,,,No,336
ARLINGTON COUNTY,125 - PRECINCT 125,Proposed Constitutional Amendment,,,Yes,1338
ARLINGTON COUNTY,126 - PRECINCT 126,Proposed Constitutional Amendment,,,No,270
ARLINGTON COUNTY,126 - PRECINCT 126,Proposed Constitutional Amendment,,,Yes,1336
ARLINGTON COUNTY,127 - PRECINCT 127,Proposed Constitutional Amendment,,,No,350
ARLINGTON COUNTY,127 - PRECINCT 127,Proposed Constitutional Amendment,,,Yes,1445
ARLINGTON COUNTY,128 - PRECINCT 128,Proposed Constitutional Amendment,,,No,278
ARLINGTON COUNTY,128 - PRECINCT 128,Proposed Constitutional Amendment,,,Yes,1603
ARLINGTON COUNTY,129 - PRECINCT 129,Proposed Constitutional Amendment,,,No,369
ARLINGTON COUNTY,129 - PRECINCT 129,Proposed Constitutional Amendment,,,Yes,1558
ARLINGTON COUNTY,130 - PRECINCT 130,Proposed Constitutional Amendment,,,No,227
ARLINGTON COUNTY,130 - PRECINCT 130,Proposed Constitutional Amendment,,,Yes,1235
ARLINGTON COUNTY,131 - PRECINCT 131,Proposed Constitutional Amendment,,,No,389
ARLINGTON COUNTY,131 - PRECINCT 131,Proposed Constitutional Amendment,,,Yes,1488
ARLINGTON COUNTY,132 - PRECINCT 132,Proposed Constitutional Amendment,,,No,173
ARLINGTON COUNTY,132 - PRECINCT 132,Proposed Constitutional Amendment,,,Yes,484
ARLINGTON COUNTY,133 - PRECINCT 133,Proposed Constitutional Amendment,,,No,574
ARLINGTON COUNTY,133 - PRECINCT 133,Proposed Constitutional Amendment,,,Yes,1466
ARLINGTON COUNTY,134 - PRECINCT 134,Proposed Constitutional Amendment,,,No,388
ARLINGTON COUNTY,134 - PRECINCT 134,Proposed Constitutional Amendment,,,Yes,1302
ARLINGTON COUNTY,135 - PRECINCT 135,Proposed Constitutional Amendment,,,No,684
ARLINGTON COUNTY,135 - PRECINCT 135,Proposed Constitutional Amendment,,,Yes,1425
ARLINGTON COUNTY,136 - PRECINCT 136,Proposed Constitutional Amendment,,,No,433
ARLINGTON COUNTY,136 - PRECINCT 136,Proposed Constitutional Amendment,,,Yes,1491
ARLINGTON COUNTY,137 - PRECINCT 137,Proposed Constitutional Amendment,,,No,391
ARLINGTON COUNTY,137 - PRECINCT 137,Proposed Constitutional Amendment,,,Yes,1405
ARLINGTON COUNTY,138 - PRECINCT 138,Proposed Constitutional Amendment,,,No,155
ARLINGTON COUNTY,138 - PRECINCT 138,Proposed Constitutional Amendment,,,Yes,993
ARLINGTON COUNTY,139 - PRECINCT 139,Proposed Constitutional Amendment,,,No,182
ARLINGTON COUNTY,139 - PRECINCT 139,Proposed Constitutional Amendment,,,Yes,883
ARLINGTON COUNTY,140 - PRECINCT 140,Proposed Constitutional Amendment,,,No,447
ARLINGTON COUNTY,140 - PRECINCT 140,Proposed Constitutional Amendment,,,Yes,1759
ARLINGTON COUNTY,141 - PRECINCT 141,Proposed Constitutional Amendment,,,No,315
ARLINGTON COUNTY,141 - PRECINCT 141,Proposed Constitutional Amendment,,,Yes,1356
ARLINGTON COUNTY,142 - PRECINCT 142,Proposed Constitutional Amendment,,,No,190
ARLINGTON COUNTY,142 - PRECINCT 142,Proposed Constitutional Amendment,,,Yes,1029
ARLINGTON COUNTY,143 - PRECINCT 143,Proposed Constitutional Amendment,,,No,119
ARLINGTON COUNTY,143 - PRECINCT 143,Proposed Constitutional Amendment,,,Yes,823
ARLINGTON COUNTY,144 - PRECINCT 144,Proposed Constitutional Amendment,,,No,208
ARLINGTON COUNTY,144 - PRECINCT 144,Proposed Constitutional Amendment,,,Yes,874
ARLINGTON COUNTY,145 - PRECINCT 145,Proposed Constitutional Amendment,,,No,222
ARLINGTON COUNTY,145 - PRECINCT 145,Proposed Constitutional Amendment,,,Yes,1037
ARLINGTON COUNTY,146 - PRECINCT 146,Proposed Constitutional Amendment,,,No,377
ARLINGTON COUNTY,146 - PRECINCT 146,Proposed Constitutional Amendment,,,Yes,1433
ARLINGTON COUNTY,147 - PRECINCT 147,Proposed Constitutional Amendment,,,No,191
ARLINGTON COUNTY,147 - PRECINCT 147,Proposed Constitutional Amendment,,,Yes,988
ARLINGTON COUNTY,148 - PRECINCT 148,Proposed Constitutional Amendment,,,No,275
ARLINGTON COUNTY,148 - PRECINCT 148,Proposed Constitutional Amendment,,,Yes,972
ARLINGTON COUNTY,149 - PRECINCT 149,Proposed Constitutional Amendment,,,No,221
ARLINGTON COUNTY,149 - PRECINCT 149,Proposed Constitutional Amendment,,,Yes,929
ARLINGTON COUNTY,150 - PRECINCT 150,Proposed Constitutional Amendment,,,No,277
ARLINGTON COUNTY,150 - PRECINCT 150,Proposed Constitutional Amendment,,,Yes,1158
ARLINGTON COUNTY,151 - PRECINCT 151,Proposed Constitutional Amendment,,,No,86
ARLINGTON COUNTY,151 - PRECINCT 151,Proposed Constitutional Amendment,,,Yes,424
ARLINGTON COUNTY,152 - PRECINCT 152,Proposed Constitutional Amendment,,,No,164
ARLINGTON COUNTY,152 - PRECINCT 152,Proposed Constitutional Amendment,,,Yes,790
ARLINGTON COUNTY,153 - PRECINCT 153,Proposed Constitutional Amendment,,,No,284
ARLINGTON COUNTY,153 - PRECINCT 153,Proposed Constitutional Amendment,,,Yes,1059
ARLINGTON COUNTY,154 - PRECINCT 154,Proposed Constitutional Amendment,,,No,132
ARLINGTON COUNTY,154 - PRECINCT 154,Proposed Constitutional Amendment,,,Yes,602
AUGUSTA COUNTY,101 - JOLIVUE,Proposed Constitutional Amendment,,,No,671
AUGUSTA COUNTY,101 - JOLIVUE,Proposed Constitutional Amendment,,,Yes,291
AUGUSTA COUNTY,102 - STUARTS DRAFT ELEMENTARY,Proposed Constitutional Amendment,,,No,347
AUGUSTA COUNTY,102 - STUARTS DRAFT ELEMENTARY,Proposed Constitutional Amendment,,,Yes,142
AUGUSTA COUNTY,103 - VERONA,Proposed Constitutional Amendment,,,No,967
AUGUSTA COUNTY,103 - VERONA,Proposed Constitutional Amendment,,,Yes,310
AUGUSTA COUNTY,104 - WILSON,Proposed Constitutional Amendment,,,No,847
AUGUSTA COUNTY,104 - WILSON,Proposed Constitutional Amendment,,,Yes,387
AUGUSTA COUNTY,201 - CRIMORA,Proposed Constitutional Amendment,,,No,1534
AUGUSTA COUNTY,201 - CRIMORA,Proposed Constitutional Amendment,,,Yes,338
AUGUSTA COUNTY,202 - NEW HOPE,Proposed Constitutional Amendment,,,No,854
AUGUSTA COUNTY,202 - NEW HOPE,Proposed Constitutional Amendment,,,Yes,186
AUGUSTA COUNTY,203 - WEYERS CAVE,Proposed Constitutional Amendment,,,No,1357
AUGUSTA COUNTY,203 - WEYERS CAVE,Proposed Constitutional Amendment,,,Yes,376
AUGUSTA COUNTY,301 - FORT DEFIANCE,Proposed Constitutional Amendment,,,No,1012
AUGUSTA COUNTY,301 - FORT DEFIANCE,Proposed Constitutional Amendment,,,Yes,294
AUGUSTA COUNTY,302 - NORTH RIVER,Proposed Constitutional Amendment,,,No,898
AUGUSTA COUNTY,302 - NORTH RIVER,Proposed Constitutional Amendment,,,Yes,188
AUGUSTA COUNTY,303 - MOUNT SOLON,Proposed Constitutional Amendment,,,No,856
AUGUSTA COUNTY,303 - MOUNT SOLON,Proposed Constitutional Amendment,,,Yes,109
AUGUSTA COUNTY,304 - ROLLA,Proposed Constitutional Amendment,,,No,1230
AUGUSTA COUNTY,304 - ROLLA,Proposed Constitutional Amendment,,,Yes,425
AUGUSTA COUNTY,401 - BUFFALO GAP,Proposed Constitutional Amendment,,,No,927
AUGUSTA COUNTY,401 - BUFFALO GAP,Proposed Constitutional Amendment,,,Yes,198
AUGUSTA COUNTY,402 - CHURCHVILLE ELEMENTARY,Proposed Constitutional Amendment,,,No,1189
AUGUSTA COUNTY,402 - CHURCHVILLE ELEMENTARY,Proposed Constitutional Amendment,,,Yes,237
AUGUSTA COUNTY,403 - CRAIGSVILLE,Proposed Constitutional Amendment,,,No,630
AUGUSTA COUNTY,403 - CRAIGSVILLE,Proposed Constitutional Amendment,,,Yes,58
AUGUSTA COUNTY,404 - DEERFIELD,Proposed Constitutional Amendment,,,No,282
AUGUSTA COUNTY,404 - DEERFIELD,Proposed Constitutional Amendment,,,Yes,54
AUGUSTA COUNTY,405 - CEDAR GREEN,Proposed Constitutional Amendment,,,No,952
AUGUSTA COUNTY,405 - CEDAR GREEN,Proposed Constitutional Amendment,,,Yes,362
AUGUSTA COUNTY,501 - GREENVILLE,Proposed Constitutional Amendment,,,No,1273
AUGUSTA COUNTY,501 - GREENVILLE,Proposed Constitutional Amendment,,,Yes,276
AUGUSTA COUNTY,502 - MIDDLEBROOK,Proposed Constitutional Amendment,,,No,489
AUGUSTA COUNTY,502 - MIDDLEBROOK,Proposed Constitutional Amendment,,,Yes,106
AUGUSTA COUNTY,503 - SPOTTSWOOD,Proposed Constitutional Amendment,,,No,756
AUGUSTA COUNTY,503 - SPOTTSWOOD,Proposed Constitutional Amendment,,,Yes,118
AUGUSTA COUNTY,504 - WHITE HILL,Proposed Constitutional Amendment,,,No,1663
AUGUSTA COUNTY,504 - WHITE HILL,Proposed Constitutional Amendment,,,Yes,365
AUGUSTA COUNTY,601 - SHERANDO,Proposed Constitutional Amendment,,,No,929
AUGUSTA COUNTY,601 - SHERANDO,Proposed Constitutional Amendment,,,Yes,217
AUGUSTA COUNTY,602 - RIDGEVIEW,Proposed Constitutional Amendment,,,No,1422
AUGUSTA COUNTY,602 - RIDGEVIEW,Proposed Constitutional Amendment,,,Yes,315
AUGUSTA COUNTY,603 - LYNDHURST,Proposed Constitutional Amendment,,,No,702
AUGUSTA COUNTY,603 - LYNDHURST,Proposed Constitutional Amendment,,,Yes,255
AUGUSTA COUNTY,604 - MOUNT VERNON,Proposed Constitutional Amendment,,,No,1026
AUGUSTA COUNTY,604 - MOUNT VERNON,Proposed Constitutional Amendment,,,Yes,331
AUGUSTA COUNTY,801 - DOOMS,Proposed Constitutional Amendment,,,No,988
AUGUSTA COUNTY,801 - DOOMS,Proposed Constitutional Amendment,,,Yes,265
AUGUSTA COUNTY,802 - FISHERSVILLE,Proposed Constitutional Amendment,,,No,1572
AUGUSTA COUNTY,802 - FISHERSVILLE,Proposed Constitutional Amendment,,,Yes,753
AUGUSTA COUNTY,803 - LADD,Proposed Constitutional Amendment,,,No,517
AUGUSTA COUNTY,803 - LADD,Proposed Constitutional Amendment,,,Yes,215
AUGUSTA COUNTY,804 - GOOSE CREEK,Proposed Constitutional Amendment,,,No,763
AUGUSTA COUNTY,804 - GOOSE CREEK,Proposed Constitutional Amendment,,,Yes,285
BATH COUNTY,101 - WARM SPRINGS,Proposed Constitutional Amendment,,,No,256
BATH COUNTY,101 - WARM SPRINGS,Proposed Constitutional Amendment,,,Yes,89
BATH COUNTY,102 - MOUNTAIN GROVE,Proposed Constitutional Amendment,,,No,47
BATH COUNTY,102 - MOUNTAIN GROVE,Proposed Constitutional Amendment,,,Yes,6
BATH COUNTY,201 - HOT SPRINGS,Proposed Constitutional Amendment,,,No,233
BATH COUNTY,201 - HOT SPRINGS,Proposed Constitutional Amendment,,,Yes,72
BATH COUNTY,301 - FAIRVIEW,Proposed Constitutional Amendment,,,No,248
BATH COUNTY,301 - FAIRVIEW,Proposed Constitutional Amendment,,,Yes,35
BATH COUNTY,302 - BURNSVILLE,Proposed Constitutional Amendment,,,No,62
BATH COUNTY,302 - BURNSVILLE,Proposed Constitutional Amendment,,,Yes,8
BATH COUNTY,401 - MILLBORO,Proposed Constitutional Amendment,,,No,368
BATH COUNTY,401 - MILLBORO,Proposed Constitutional Amendment,,,Yes,62
BATH COUNTY,501 - VALLEY SPRINGS,Proposed Constitutional Amendment,,,No,290
BATH COUNTY,501 - VALLEY SPRINGS,Proposed Constitutional Amendment,,,Yes,79
BEDFORD COUNTY,101 - GOODVIEW ELEM SCHOOL,Proposed Constitutional Amendment,,,No,1305
BEDFORD COUNTY,101 - GOODVIEW ELEM SCHOOL,Proposed Constitutional Amendment,,,Yes,286
BEDFORD COUNTY,102 - HARDY VOL FIRE CO,Proposed Constitutional Amendment,,,No,559
BEDFORD COUNTY,102 - HARDY VOL FIRE CO,Proposed Constitutional Amendment,,,Yes,128
BEDFORD COUNTY,103 - CHAMBLISSBURG BAPTIST CHURCH,Proposed Constitutional Amendment,,,No,913
BEDFORD COUNTY,103 - CHAMBLISSBURG BAPTIST CHURCH,Proposed Constitutional Amendment,,,Yes,220
BEDFORD COUNTY,104 - BARNHARDT BAPTIST CHURCH,Proposed Constitutional Amendment,,,No,713
BEDFORD COUNTY,104 - BARNHARDT BAPTIST CHURCH,Proposed Constitutional Amendment,,,Yes,148
BEDFORD COUNTY,105 - DIAMOND HILL BAPTIST CHURCH,Proposed Constitutional Amendment,,,No,655
BEDFORD COUNTY,105 - DIAMOND HILL BAPTIST CHURCH,Proposed Constitutional Amendment,,,Yes,138
BEDFORD COUNTY,201 - BEDFORD CHRISTIAN CHURCH,Proposed Constitutional Amendment,,,No,449
BEDFORD COUNTY,201 - BEDFORD CHRISTIAN CHURCH,Proposed Constitutional Amendment,,,Yes,107
BEDFORD COUNTY,202 - STAUNTON RIVER HIGH SCHOOL,Proposed Constitutional Amendment,,,No,856
BEDFORD COUNTY,202 - STAUNTON RIVER HIGH SCHOOL,Proposed Constitutional Amendment,,,Yes,156
BEDFORD COUNTY,203 - EASTLAKE COMMUNITY CHURCH,Proposed Constitutional Amendment,,,No,1307
BEDFORD COUNTY,203 - EASTLAKE COMMUNITY CHURCH,Proposed Constitutional Amendment,,,Yes,364
BEDFORD COUNTY,204 - HUDDLESTON ELEMENTARY SCHOOL,Proposed Constitutional Amendment,,,No,862
BEDFORD COUNTY,204 - HUDDLESTON ELEMENTARY SCHOOL,Proposed Constitutional Amendment,,,Yes,146
BEDFORD COUNTY,205 - SAUNDERS VOL FIRE CO,Proposed Constitutional Amendment,,,No,1152
BEDFORD COUNTY,205 - SAUNDERS VOL FIRE CO,Proposed Constitutional Amendment,,,Yes,358
BEDFORD COUNTY,301 - NEW LONDON ACADEMY,Proposed Constitutional Amendment,,,No,1571
BEDFORD COUNTY,301 - NEW LONDON ACADEMY,Proposed Constitutional Amendment,,,Yes,319
BEDFORD COUNTY,302 - BEDFORD COUNTY GYM,Proposed Constitutional Amendment,,,No,1124
BEDFORD COUNTY,302 - BEDFORD COUNTY GYM,Proposed Constitutional Amendment,,,Yes,287
BEDFORD COUNTY,303 - FOREST ALLIANCE CHURCH,Proposed Constitutional Amendment,,,No,689
BEDFORD COUNTY,303 - FOREST ALLIANCE CHURCH,Proposed Constitutional Amendment,,,Yes,166
BEDFORD COUNTY,304 - ONE IN CHRIST CHURCH,Proposed Constitutional Amendment,,,No,544
BEDFORD COUNTY,304 - ONE IN CHRIST CHURCH,Proposed Constitutional Amendment,,,Yes,137
BEDFORD COUNTY,305 - FOREST FIRE STATION #2,Proposed Constitutional Amendment,,,No,829
BEDFORD COUNTY,305 - FOREST FIRE STATION #2,Proposed Constitutional Amendment,,,Yes,187
BEDFORD COUNTY,401 - FOREST ELEMENTARY SCHOOL,Proposed Constitutional Amendment,,,No,1576
BEDFORD COUNTY,401 - FOREST ELEMENTARY SCHOOL,Proposed Constitutional Amendment,,,Yes,449
BEDFORD COUNTY,402 - THOMAS JEFFERSON ELEM SCHOOL,Proposed Constitutional Amendment,,,No,1228
BEDFORD COUNTY,402 - THOMAS JEFFERSON ELEM SCHOOL,Proposed Constitutional Amendment,,,Yes,341
BEDFORD COUNTY,403 - PLEASANT VIEW BAPTIST CHURCH,Proposed Constitutional Amendment,,,No,1117
BEDFORD COUNTY,403 - PLEASANT VIEW BAPTIST CHURCH,Proposed Constitutional Amendment,,,Yes,405
BEDFORD COUNTY,404 - FOREST RECREATION CENTER,Proposed Constitutional Amendment,,,No,409
BEDFORD COUNTY,404 - FOREST RECREATION CENTER,Proposed Constitutional Amendment,,,Yes,143
BEDFORD COUNTY,501 - BIG ISLAND ELEMENTARY SCHOOL,Proposed Constitutional Amendment,,,No,793
BEDFORD COUNTY,501 - BIG ISLAND ELEMENTARY SCHOOL,Proposed Constitutional Amendment,,,Yes,165
BEDFORD COUNTY,502 - SUCK SPRING BAPTIST CHURCH,Proposed Constitutional Amendment,,,No,664
BEDFORD COUNTY,502 - SUCK SPRING BAPTIST CHURCH,Proposed Constitutional Amendment,,,Yes,166
BEDFORD COUNTY,503 - BOONSBORO ELEMENTARY SCHOOL,Proposed Constitutional Amendment,,,No,1084
BEDFORD COUNTY,503 - BOONSBORO ELEMENTARY SCHOOL,Proposed Constitutional Amendment,,,Yes,499
BEDFORD COUNTY,504 - BOONSBORO RURITAN CLUB,Proposed Constitutional Amendment,,,No,2045
BEDFORD COUNTY,504 - BOONSBORO RURITAN CLUB,Proposed Constitutional Amendment,,,Yes,557
BEDFORD COUNTY,601 - MONTVALE ELEM SCHOOL,Proposed Constitutional Amendment,,,No,904
BEDFORD COUNTY,601 - MONTVALE ELEM SCHOOL,Proposed Constitutional Amendment,,,Yes,211
BEDFORD COUNTY,602 - SHADY GROVE FIRE DEPARTMENT,Proposed Constitutional Amendment,,,No,1107
BEDFORD COUNTY,602 - SHADY GROVE FIRE DEPARTMENT,Proposed Constitutional Amendment,,,Yes,219
BEDFORD COUNTY,603 - BEDFORD MOOSE LODGE,Proposed Constitutional Amendment,,,No,642
BEDFORD COUNTY,603 - BEDFORD MOOSE LODGE,Proposed Constitutional Amendment,,,Yes,146
BEDFORD COUNTY,604 - BEDFORD ELEMENTARY SCHOOL,Proposed Constitutional Amendment,,,No,1018
BEDFORD COUNTY,604 - BEDFORD ELEMENTARY SCHOOL,Proposed Constitutional Amendment,,,Yes,404
BEDFORD COUNTY,701 - GOODE VOL RESCUE SQUAD,Proposed Constitutional Amendment,,,No,1567
BEDFORD COUNTY,701 - GOODE VOL RESCUE SQUAD,Proposed Constitutional Amendment,,,Yes,331
BEDFORD COUNTY,702 - LIBERTY HIGH SCHOOL,Proposed Constitutional Amendment,,,No,810
BEDFORD COUNTY,702 - LIBERTY HIGH SCHOOL,Proposed Constitutional Amendment,,,Yes,199
BEDFORD COUNTY,703 - THAXTON BAPTIST CHURCH,Proposed Constitutional Amendment,,,No,720
BEDFORD COUNTY,703 - THAXTON BAPTIST CHURCH,Proposed Constitutional Amendment,,,Yes,149
BEDFORD COUNTY,704 - CHURCH OF GOD,Proposed Constitutional Amendment,,,No,982
BEDFORD COUNTY,704 - CHURCH OF GOD,Proposed Constitutional Amendment,,,Yes,478
BEDFORD COUNTY,705 - MOUNTAIN VIEW CHURCH,Proposed Constitutional Amendment,,,No,275
BEDFORD COUNTY,705 - MOUNTAIN VIEW CHURCH,Proposed Constitutional Amendment,,,Yes,85
BLAND COUNTY,101 - BASTIAN,Proposed Constitutional Amendment,,,No,257
BLAND COUNTY,101 - BASTIAN,Proposed Constitutional Amendment,,,Yes,28
BLAND COUNTY,102 - CERES,Proposed Constitutional Amendment,,,No,302
BLAND COUNTY,102 - CERES,Proposed Constitutional Amendment,,,Yes,49
BLAND COUNTY,201 - DAVIS,Proposed Constitutional Amendment,,,No,80
BLAND COUNTY,201 - DAVIS,Proposed Constitutional Amendment,,,Yes,17
BLAND COUNTY,202 - SEDDON,Proposed Constitutional Amendment,,,No,472
BLAND COUNTY,202 - SEDDON,Proposed Constitutional Amendment,,,Yes,74
BLAND COUNTY,301 - HOLLYBROOK,Proposed Constitutional Amendment,,,No,339
BLAND COUNTY,301 - HOLLYBROOK,Proposed Constitutional Amendment,,,Yes,40
BLAND COUNTY,302 - MECHANICSBURG,Proposed Constitutional Amendment,,,No,204
BLAND COUNTY,302 - MECHANICSBURG,Proposed Constitutional Amendment,,,Yes,21
BLAND COUNTY,401 - ROCKY GAP,Proposed Constitutional Amendment,,,No,534
BLAND COUNTY,401 - ROCKY GAP,Proposed Constitutional Amendment,,,Yes,82
BOTETOURT COUNTY,101 - DALEVILLE,Proposed Constitutional Amendment,,,No,1545
BOTETOURT COUNTY,101 - DALEVILLE,Proposed Constitutional Amendment,,,Yes,648
BOTETOURT COUNTY,102 - GREENFIELD,Proposed Constitutional Amendment,,,No,1254
BOTETOURT COUNTY,102 - GREENFIELD,Proposed Constitutional Amendment,,,Yes,448
BOTETOURT COUNTY,201 - BLUE RIDGE,Proposed Constitutional Amendment,,,No,1287
BOTETOURT COUNTY,201 - BLUE RIDGE,Proposed Constitutional Amendment,,,Yes,370
BOTETOURT COUNTY,202 - RAINBOW FOREST,Proposed Constitutional Amendment,,,No,1241
BOTETOURT COUNTY,202 - RAINBOW FOREST,Proposed Constitutional Amendment,,,Yes,396
BOTETOURT COUNTY,301 - BUCHANAN,Proposed Constitutional Amendment,,,No,1235
BOTETOURT COUNTY,301 - BUCHANAN,Proposed Constitutional Amendment,,,Yes,243
BOTETOURT COUNTY,302 - MILL CREEK,Proposed Constitutional Amendment,,,No,1278
BOTETOURT COUNTY,302 - MILL CREEK,Proposed Constitutional Amendment,,,Yes,343
BOTETOURT COUNTY,403 - EAGLE ROCK,Proposed Constitutional Amendment,,,No,858
BOTETOURT COUNTY,403 - EAGLE ROCK,Proposed Constitutional Amendment,,,Yes,199
BOTETOURT COUNTY,406 - FINCASTLE,Proposed Constitutional Amendment,,,No,1763
BOTETOURT COUNTY,406 - FINCASTLE,Proposed Constitutional Amendment,,,Yes,544
BOTETOURT COUNTY,501 - TROUTVILLE,Proposed Constitutional Amendment,,,No,724
BOTETOURT COUNTY,501 - TROUTVILLE,Proposed Constitutional Amendment,,,Yes,217
BOTETOURT COUNTY,502 - CLOVERDALE,Proposed Constitutional Amendment,,,No,1548
BOTETOURT COUNTY,502 - CLOVERDALE,Proposed Constitutional Amendment,,,Yes,599
BRISTOL CITY,001 - FIRST PRECINCT,Proposed Constitutional Amendment,,,No,623
BRISTOL CITY,001 - FIRST PRECINCT,Proposed Constitutional Amendment,,,Yes,232
BRISTOL CITY,002 - SECOND PRECINCT,Proposed Constitutional Amendment,,,No,713
BRISTOL CITY,002 - SECOND PRECINCT,Proposed Constitutional Amendment,,,Yes,392
BRISTOL CITY,003 - THIRD PRECINCT,Proposed Constitutional Amendment,,,No,377
BRISTOL CITY,003 - THIRD PRECINCT,Proposed Constitutional Amendment,,,Yes,239
BRISTOL CITY,004 - FOURTH PRECINCT,Proposed Constitutional Amendment,,,No,892
BRISTOL CITY,004 - FOURTH PRECINCT,Proposed Constitutional Amendment,,,Yes,271
BRISTOL CITY,005 - FIFTH PRECINCT,Proposed Constitutional Amendment,,,No,532
BRISTOL CITY,005 - FIFTH PRECINCT,Proposed Constitutional Amendment,,,Yes,119
BRUNSWICK COUNTY,101 - BRODNAX,Proposed Constitutional Amendment,,,No,113
BRUNSWICK COUNTY,101 - BRODNAX,Proposed Constitutional Amendment,,,Yes,125
BRUNSWICK COUNTY,102 - ROCK STORE,Proposed Constitutional Amendment,,,No,279
BRUNSWICK COUNTY,102 - ROCK STORE,Proposed Constitutional Amendment,,,Yes,151
BRUNSWICK COUNTY,103 - TILLMAN,Proposed Constitutional Amendment,,,No,400
BRUNSWICK COUNTY,103 - TILLMAN,Proposed Constitutional Amendment,,,Yes,211
BRUNSWICK COUNTY,201 - DROMGOOLE,Proposed Constitutional Amendment,,,No,97
BRUNSWICK COUNTY,201 - DROMGOOLE,Proposed Constitutional Amendment,,,Yes,84
BRUNSWICK COUNTY,202 - EDGERTON,Proposed Constitutional Amendment,,,No,154
BRUNSWICK COUNTY,202 - EDGERTON,Proposed Constitutional Amendment,,,Yes,341
BRUNSWICK COUNTY,203 - FITZHUGH,Proposed Constitutional Amendment,,,No,212
BRUNSWICK COUNTY,203 - FITZHUGH,Proposed Constitutional Amendment,,,Yes,242
BRUNSWICK COUNTY,301 - ALBERTA,Proposed Constitutional Amendment,,,No,48
BRUNSWICK COUNTY,301 - ALBERTA,Proposed Constitutional Amendment,,,Yes,45
BRUNSWICK COUNTY,302 - DANIELTOWN,Proposed Constitutional Amendment,,,No,351
BRUNSWICK COUNTY,302 - DANIELTOWN,Proposed Constitutional Amendment,,,Yes,213
BRUNSWICK COUNTY,303 - ELMORE,Proposed Constitutional Amendment,,,No,157
BRUNSWICK COUNTY,303 - ELMORE,Proposed Constitutional Amendment,,,Yes,137
BRUNSWICK COUNTY,304 - SEYMOUR,Proposed Constitutional Amendment,,,No,146
BRUNSWICK COUNTY,304 - SEYMOUR,Proposed Constitutional Amendment,,,Yes,99
BRUNSWICK COUNTY,401 - STURGEON,Proposed Constitutional Amendment,,,No,382
BRUNSWICK COUNTY,401 - STURGEON,Proposed Constitutional Amendment,,,Yes,446
BRUNSWICK COUNTY,402 - KING'S STORE,Proposed Constitutional Amendment,,,No,95
BRUNSWICK COUNTY,402 - KING'S STORE,Proposed Constitutional Amendment,,,Yes,174
BRUNSWICK COUNTY,501 - TOTARO,Proposed Constitutional Amendment,,,No,277
BRUNSWICK COUNTY,501 - TOTARO,Proposed Constitutional Amendment,,,Yes,638
BUCHANAN COUNTY,102 - BLACKEY,Proposed Constitutional Amendment,,,No,184
BUCHANAN COUNTY,102 - BLACKEY,Proposed Constitutional Amendment,,,Yes,17
BUCHANAN COUNTY,103 - HURLEY,Proposed Constitutional Amendment,,,No,437
BUCHANAN COUNTY,103 - HURLEY,Proposed Constitutional Amendment,,,Yes,33
BUCHANAN COUNTY,201 - GRASSY,Proposed Constitutional Amendment,,,No,73
BUCHANAN COUNTY,201 - GRASSY,Proposed Constitutional Amendment,,,Yes,11
BUCHANAN COUNTY,202 - BULL,Proposed Constitutional Amendment,,,No,297
BUCHANAN COUNTY,202 - BULL,Proposed Constitutional Amendment,,,Yes,36
BUCHANAN COUNTY,203 - ROCKLICK,Proposed Constitutional Amendment,,,No,307
BUCHANAN COUNTY,203 - ROCKLICK,Proposed Constitutional Amendment,,,Yes,35
BUCHANAN COUNTY,301 - SLATE,Proposed Constitutional Amendment,,,No,372
BUCHANAN COUNTY,301 - SLATE,Proposed Constitutional Amendment,,,Yes,45
BUCHANAN COUNTY,302 - NORTH GRUNDY,Proposed Constitutional Amendment,,,No,284
BUCHANAN COUNTY,302 - NORTH GRUNDY,Proposed Constitutional Amendment,,,Yes,42
BUCHANAN COUNTY,403 - SOUTH GRUNDY,Proposed Constitutional Amendment,,,No,335
BUCHANAN COUNTY,403 - SOUTH GRUNDY,Proposed Constitutional Amendment,,,Yes,57
BUCHANAN COUNTY,404 - OAKWOOD,Proposed Constitutional Amendment,,,No,52
BUCHANAN COUNTY,404 - OAKWOOD,Proposed Constitutional Amendment,,,Yes,8
BUCHANAN COUNTY,405 - GRUNDY,Proposed Constitutional Amendment,,,No,195
BUCHANAN COUNTY,405 - GRUNDY,Proposed Constitutional Amendment,,,Yes,34
BUCHANAN COUNTY,501 - PRATER,Proposed Constitutional Amendment,,,No,285
BUCHANAN COUNTY,501 - PRATER,Proposed Constitutional Amendment,,,Yes,40
BUCHANAN COUNTY,502 - FOX,Proposed Constitutional Amendment,,,No,87
BUCHANAN COUNTY,502 - FOX,Proposed Constitutional Amendment,,,Yes,21
BUCHANAN COUNTY,503 - VANSANT,Proposed Constitutional Amendment,,,No,302
BUCHANAN COUNTY,503 - VANSANT,Proposed Constitutional Amendment,,,Yes,53
BUCHANAN COUNTY,601 - COUNCIL,Proposed Constitutional Amendment,,,No,235
BUCHANAN COUNTY,601 - COUNCIL,Proposed Constitutional Amendment,,,Yes,33
BUCHANAN COUNTY,602 - GARDEN,Proposed Constitutional Amendment,,,No,335
BUCHANAN COUNTY,602 - GARDEN,Proposed Constitutional Amendment,,,Yes,39
BUCHANAN COUNTY,603 - HURRICANE,Proposed Constitutional Amendment,,,No,172
BUCHANAN COUNTY,603 - HURRICANE,Proposed Constitutional Amendment,,,Yes,40
BUCHANAN COUNTY,701 - WHITEWOOD,Proposed Constitutional Amendment,,,No,365
BUCHANAN COUNTY,701 - WHITEWOOD,Proposed Constitutional Amendment,,,Yes,49
BUCHANAN COUNTY,702 - CONTRARY,Proposed Constitutional Amendment,,,No,330
BUCHANAN COUNTY,702 - CONTRARY,Proposed Constitutional Amendment,,,Yes,37
BUCKINGHAM COUNTY,101 - NEW CANTON,Proposed Constitutional Amendment,,,No,519
BUCKINGHAM COUNTY,101 - NEW CANTON,Proposed Constitutional Amendment,,,Yes,329
BUCKINGHAM COUNTY,201 - WHITE HALL,Proposed Constitutional Amendment,,,No,536
BUCKINGHAM COUNTY,201 - WHITE HALL,Proposed Constitutional Amendment,,,Yes,257
BUCKINGHAM COUNTY,301 - CURDSVILLE,Proposed Constitutional Amendment,,,No,424
BUCKINGHAM COUNTY,301 - CURDSVILLE,Proposed Constitutional Amendment,,,Yes,190
BUCKINGHAM COUNTY,302 - NEW STORE,Proposed Constitutional Amendment,,,No,264
BUCKINGHAM COUNTY,302 - NEW STORE,Proposed Constitutional Amendment,,,Yes,85
BUCKINGHAM COUNTY,401 - MAYSVILLE,Proposed Constitutional Amendment,,,No,591
BUCKINGHAM COUNTY,401 - MAYSVILLE,Proposed Constitutional Amendment,,,Yes,307
BUCKINGHAM COUNTY,501 - WRIGHTS,Proposed Constitutional Amendment,,,No,213
BUCKINGHAM COUNTY,501 - WRIGHTS,Proposed Constitutional Amendment,,,Yes,62
BUCKINGHAM COUNTY,502 - GLENMORE,Proposed Constitutional Amendment,,,No,305
BUCKINGHAM COUNTY,502 - GLENMORE,Proposed Constitutional Amendment,,,Yes,257
BUCKINGHAM COUNTY,601 - SLATE RIVER,Proposed Constitutional Amendment,,,No,323
BUCKINGHAM COUNTY,601 - SLATE RIVER,Proposed Constitutional Amendment,,,Yes,155
BUCKINGHAM COUNTY,602 - GEORGIA CREEK,Proposed Constitutional Amendment,,,No,264
BUCKINGHAM COUNTY,602 - GEORGIA CREEK,Proposed Constitutional Amendment,,,Yes,227
BUCKINGHAM COUNTY,701 - GOLD HILL,Proposed Constitutional Amendment,,,No,387
BUCKINGHAM COUNTY,701 - GOLD HILL,Proposed Constitutional Amendment,,,Yes,235
BUENA VISTA CITY,001 - FIRST WARD,Proposed Constitutional Amendment,,,No,827
BUENA VISTA CITY,001 - FIRST WARD,Proposed Constitutional Amendment,,,Yes,239
BUENA VISTA CITY,002 - SECOND WARD,Proposed Constitutional Amendment,,,No,560
BUENA VISTA CITY,002 - SECOND WARD,Proposed Constitutional Amendment,,,Yes,207
CAMPBELL COUNTY,101 - BROOKVILLE,Proposed Constitutional Amendment,,,No,1329
CAMPBELL COUNTY,101 - BROOKVILLE,Proposed Constitutional Amendment,,,Yes,386
CAMPBELL COUNTY,102 - NEW LONDON,Proposed Constitutional Amendment,,,No,1307
CAMPBELL COUNTY,102 - NEW LONDON,Proposed Constitutional Amendment,,,Yes,312
CAMPBELL COUNTY,201 - WALKER,Proposed Constitutional Amendment,,,No,1053
CAMPBELL COUNTY,201 - WALKER,Proposed Constitutional Amendment,,,Yes,370
CAMPBELL COUNTY,202 - BEDFORD SPRINGS,Proposed Constitutional Amendment,,,No,1311
CAMPBELL COUNTY,202 - BEDFORD SPRINGS,Proposed Constitutional Amendment,,,Yes,352
CAMPBELL COUNTY,301 - EVINGTON,Proposed Constitutional Amendment,,,No,681
CAMPBELL COUNTY,301 - EVINGTON,Proposed Constitutional Amendment,,,Yes,131
CAMPBELL COUNTY,302 - OTTER RIVER,Proposed Constitutional Amendment,,,No,937
CAMPBELL COUNTY,302 - OTTER RIVER,Proposed Constitutional Amendment,,,Yes,221
CAMPBELL COUNTY,303 - ALTAVISTA,Proposed Constitutional Amendment,,,No,712
CAMPBELL COUNTY,303 - ALTAVISTA,Proposed Constitutional Amendment,,,Yes,399
CAMPBELL COUNTY,401 - THREE FORKS,Proposed Constitutional Amendment,,,No,1144
CAMPBELL COUNTY,401 - THREE FORKS,Proposed Constitutional Amendment,,,Yes,212
CAMPBELL COUNTY,402 - COURT HOUSE,Proposed Constitutional Amendment,,,No,1929
CAMPBELL COUNTY,402 - COURT HOUSE,Proposed Constitutional Amendment,,,Yes,441
CAMPBELL COUNTY,501 - SPRING HILL,Proposed Constitutional Amendment,,,No,1361
CAMPBELL COUNTY,501 - SPRING HILL,Proposed Constitutional Amendment,,,Yes,344
CAMPBELL COUNTY,502 - YELLOW BRANCH,Proposed Constitutional Amendment,,,No,922
CAMPBELL COUNTY,502 - YELLOW BRANCH,Proposed Constitutional Amendment,,,Yes,282
CAMPBELL COUNTY,601 - KINGS,Proposed Constitutional Amendment,,,No,953
CAMPBELL COUNTY,601 - KINGS,Proposed Constitutional Amendment,,,Yes,300
CAMPBELL COUNTY,602 - CONCORD,Proposed Constitutional Amendment,,,No,1473
CAMPBELL COUNTY,602 - CONCORD,Proposed Constitutional Amendment,,,Yes,372
CAMPBELL COUNTY,701 - BROOKNEAL,Proposed Constitutional Amendment,,,No,173
CAMPBELL COUNTY,701 - BROOKNEAL,Proposed Constitutional Amendment,,,Yes,94
CAMPBELL COUNTY,702 - GLADYS,Proposed Constitutional Amendment,,,No,1519
CAMPBELL COUNTY,702 - GLADYS,Proposed Constitutional Amendment,,,Yes,480
CAMPBELL COUNTY,703 - MORRIS CHURCH,Proposed Constitutional Amendment,,,No,639
CAMPBELL COUNTY,703 - MORRIS CHURCH,Proposed Constitutional Amendment,,,Yes,160
CAROLINE COUNTY,101 - BOWLING GREEN,Proposed Constitutional Amendment,,,No,929
CAROLINE COUNTY,101 - BOWLING GREEN,Proposed Constitutional Amendment,,,Yes,452
CAROLINE COUNTY,102 - SPARTA,Proposed Constitutional Amendment,,,No,633
CAROLINE COUNTY,102 - SPARTA,Proposed Constitutional Amendment,,,Yes,262
CAROLINE COUNTY,201 - NORTH MADISON,Proposed Constitutional Amendment,,,No,331
CAROLINE COUNTY,201 - NORTH MADISON,Proposed Constitutional Amendment,,,Yes,429
CAROLINE COUNTY,202 - SOUTH MADISON,Proposed Constitutional Amendment,,,No,864
CAROLINE COUNTY,202 - SOUTH MADISON,Proposed Constitutional Amendment,,,Yes,743
CAROLINE COUNTY,301 - PORT ROYAL,Proposed Constitutional Amendment,,,No,338
CAROLINE COUNTY,301 - PORT ROYAL,Proposed Constitutional Amendment,,,Yes,207
CAROLINE COUNTY,302 - WOODFORD,Proposed Constitutional Amendment,,,No,683
CAROLINE COUNTY,302 - WOODFORD,Proposed Constitutional Amendment,,,Yes,370
CAROLINE COUNTY,303 - WRIGHTS CHAPEL,Proposed Constitutional Amendment,,,No,137
CAROLINE COUNTY,303 - WRIGHTS CHAPEL,Proposed Constitutional Amendment,,,Yes,67
CAROLINE COUNTY,401 - DAWN,Proposed Constitutional Amendment,,,No,754
CAROLINE COUNTY,401 - DAWN,Proposed Constitutional Amendment,,,Yes,827
CAROLINE COUNTY,402 - CARMEL CHURCH,Proposed Constitutional Amendment,,,No,242
CAROLINE COUNTY,402 - CARMEL CHURCH,Proposed Constitutional Amendment,,,Yes,269
CAROLINE COUNTY,501 - WEST MATTAPONI,Proposed Constitutional Amendment,,,No,429
CAROLINE COUNTY,501 - WEST MATTAPONI,Proposed Constitutional Amendment,,,Yes,559
CAROLINE COUNTY,502 - MILFORD,Proposed Constitutional Amendment,,,No,512
CAROLINE COUNTY,502 - MILFORD,Proposed Constitutional Amendment,,,Yes,346
CAROLINE COUNTY,601 - CHILESBURG,Proposed Constitutional Amendment,,,No,573
CAROLINE COUNTY,601 - CHILESBURG,Proposed Constitutional Amendment,,,Yes,508
CAROLINE COUNTY,602 - LAKE,Proposed Constitutional Amendment,,,No,480
CAROLINE COUNTY,602 - LAKE,Proposed Constitutional Amendment,,,Yes,344
CARROLL COUNTY,101 - MT BETHEL,Proposed Constitutional Amendment,,,No,345
CARROLL COUNTY,101 - MT BETHEL,Proposed Constitutional Amendment,,,Yes,74
CARROLL COUNTY,102 - ST PAUL,Proposed Constitutional Amendment,,,No,559
CARROLL COUNTY,102 - ST PAUL,Proposed Constitutional Amendment,,,Yes,75
CARROLL COUNTY,103 - LAMBSBURG,Proposed Constitutional Amendment,,,No,299
CARROLL COUNTY,103 - LAMBSBURG,Proposed Constitutional Amendment,,,Yes,38
CARROLL COUNTY,105 - FANCY GAP,Proposed Constitutional Amendment,,,No,547
CARROLL COUNTY,105 - FANCY GAP,Proposed Constitutional Amendment,,,Yes,133
CARROLL COUNTY,201 - HILLSVILLE B,Proposed Constitutional Amendment,,,No,1032
CARROLL COUNTY,201 - HILLSVILLE B,Proposed Constitutional Amendment,,,Yes,264
CARROLL COUNTY,202 - LAUREL FORK,Proposed Constitutional Amendment,,,No,417
CARROLL COUNTY,202 - LAUREL FORK,Proposed Constitutional Amendment,,,Yes,102
CARROLL COUNTY,203 - GLADESBORO,Proposed Constitutional Amendment,,,No,579
CARROLL COUNTY,203 - GLADESBORO,Proposed Constitutional Amendment,,,Yes,131
CARROLL COUNTY,301 - HILLSVILLE C,Proposed Constitutional Amendment,,,No,1177
CARROLL COUNTY,301 - HILLSVILLE C,Proposed Constitutional Amendment,,,Yes,215
CARROLL COUNTY,302 - SYLVATUS,Proposed Constitutional Amendment,,,No,502
CARROLL COUNTY,302 - SYLVATUS,Proposed Constitutional Amendment,,,Yes,87
CARROLL COUNTY,303 - DUGSPUR,Proposed Constitutional Amendment,,,No,276
CARROLL COUNTY,303 - DUGSPUR,Proposed Constitutional Amendment,,,Yes,53
CARROLL COUNTY,401 - OAKLAND,Proposed Constitutional Amendment,,,No,905
CARROLL COUNTY,401 - OAKLAND,Proposed Constitutional Amendment,,,Yes,179
CARROLL COUNTY,402 - WOODLAWN D,Proposed Constitutional Amendment,,,No,1019
CARROLL COUNTY,402 - WOODLAWN D,Proposed Constitutional Amendment,,,Yes,175
CARROLL COUNTY,501 - VAUGHAN,Proposed Constitutional Amendment,,,No,308
CARROLL COUNTY,501 - VAUGHAN,Proposed Constitutional Amendment,,,Yes,31
CARROLL COUNTY,502 - GLADEVILLE,Proposed Constitutional Amendment,,,No,858
CARROLL COUNTY,502 - GLADEVILLE,Proposed Constitutional Amendment,,,Yes,124
CARROLL COUNTY,503 - WOODLAWN E,Proposed Constitutional Amendment,,,No,457
CARROLL COUNTY,503 - WOODLAWN E,Proposed Constitutional Amendment,,,Yes,58
CARROLL COUNTY,504 - LAUREL,Proposed Constitutional Amendment,,,No,469
CARROLL COUNTY,504 - LAUREL,Proposed Constitutional Amendment,,,Yes,77
CHARLES CITY COUNTY,101 - PRECINCT 1-1,Proposed Constitutional Amendment,,,No,555
CHARLES CITY COUNTY,101 - PRECINCT 1-1,Proposed Constitutional Amendment,,,Yes,469
CHARLES CITY COUNTY,201 - PRECINCT 2-1,Proposed Constitutional Amendment,,,No,423
CHARLES CITY COUNTY,201 - PRECINCT 2-1,Proposed Constitutional Amendment,,,Yes,522
CHARLES CITY COUNTY,301 - PRECINCT 3-1,Proposed Constitutional Amendment,,,No,486
CHARLES CITY COUNTY,301 - PRECINCT 3-1,Proposed Constitutional Amendment,,,Yes,540
CHARLOTTE COUNTY,101 - COUNTY SEAT,Proposed Constitutional Amendment,,,No,511
CHARLOTTE COUNTY,101 - COUNTY SEAT,Proposed Constitutional Amendment,,,Yes,212
CHARLOTTE COUNTY,201 - RED OAK WYLLIESBURG,Proposed Constitutional Amendment,,,No,478
CHARLOTTE COUNTY,201 - RED OAK WYLLIESBURG,Proposed Constitutional Amendment,,,Yes,211
CHARLOTTE COUNTY,302 - DRAKES BRANCH,Proposed Constitutional Amendment,,,No,408
CHARLOTTE COUNTY,302 - DRAKES BRANCH,Proposed Constitutional Amendment,,,Yes,165
CHARLOTTE COUNTY,401 - KEYSVILLE,Proposed Constitutional Amendment,,,No,419
CHARLOTTE COUNTY,401 - KEYSVILLE,Proposed Constitutional Amendment,,,Yes,178
CHARLOTTE COUNTY,501 - CULLEN/RED HOUSE,Proposed Constitutional Amendment,,,No,418
CHARLOTTE COUNTY,501 - CULLEN/RED HOUSE,Proposed Constitutional Amendment,,,Yes,156
CHARLOTTE COUNTY,602 - PHENIX,Proposed Constitutional Amendment,,,No,592
CHARLOTTE COUNTY,602 - PHENIX,Proposed Constitutional Amendment,,,Yes,167
CHARLOTTE COUNTY,702 - BACON/SAXE,Proposed Constitutional Amendment,,,No,436
CHARLOTTE COUNTY,702 - BACON/SAXE,Proposed Constitutional Amendment,,,Yes,203
CHARLOTTESVILLE CITY,101 - KEY RECREATION,Proposed Constitutional Amendment,,,No,322
CHARLOTTESVILLE CITY,101 - KEY RECREATION,Proposed Constitutional Amendment,,,Yes,2193
CHARLOTTESVILLE CITY,102 - SUMMIT,Proposed Constitutional Amendment,,,No,266
CHARLOTTESVILLE CITY,102 - SUMMIT,Proposed Constitutional Amendment,,,Yes,1838
CHARLOTTESVILLE CITY,201 - CARVER,Proposed Constitutional Amendment,,,No,130
CHARLOTTESVILLE CITY,201 - CARVER,Proposed Constitutional Amendment,,,Yes,1203
CHARLOTTESVILLE CITY,202 - TRAILBLAZER,Proposed Constitutional Amendment,,,No,175
CHARLOTTESVILLE CITY,202 - TRAILBLAZER,Proposed Constitutional Amendment,,,Yes,845
CHARLOTTESVILLE CITY,301 - JACKSON-VIA,Proposed Constitutional Amendment,,,No,297
CHARLOTTESVILLE CITY,301 - JACKSON-VIA,Proposed Constitutional Amendment,,,Yes,1665
CHARLOTTESVILLE CITY,302 - TALL OAKS,Proposed Constitutional Amendment,,,No,238
CHARLOTTESVILLE CITY,302 - TALL OAKS,Proposed Constitutional Amendment,,,Yes,1310
CHARLOTTESVILLE CITY,303 - CHARLOTTESVILLE MIDDLE,Proposed Constitutional Amendment,,,No,132
CHARLOTTESVILLE CITY,303 - CHARLOTTESVILLE MIDDLE,Proposed Constitutional Amendment,,,Yes,1110
CHARLOTTESVILLE CITY,401 - CHARLOTTESVILLE HIGH SCHOOL,Proposed Constitutional Amendment,,,No,444
CHARLOTTESVILLE CITY,401 - CHARLOTTESVILLE HIGH SCHOOL,Proposed Constitutional Amendment,,,Yes,2045
CHARLOTTESVILLE CITY,402 - WALKER,Proposed Constitutional Amendment,,,No,291
CHARLOTTESVILLE CITY,402 - WALKER,Proposed Constitutional Amendment,,,Yes,1227
CHESAPEAKE CITY,001 - GREAT BRIDGE,Proposed Constitutional Amendment,,,No,931
CHESAPEAKE CITY,001 - GREAT BRIDGE,Proposed Constitutional Amendment,,,Yes,554
CHESAPEAKE CITY,002 - BETHEL,Proposed Constitutional Amendment,,,No,1314
CHESAPEAKE CITY,002 - BETHEL,Proposed Constitutional Amendment,,,Yes,349
CHESAPEAKE CITY,003 - CAMELOT,Proposed Constitutional Amendment,,,No,116
CHESAPEAKE CITY,003 - CAMELOT,Proposed Constitutional Amendment,,,Yes,1022
CHESAPEAKE CITY,004 - CHURCHLAND,Proposed Constitutional Amendment,,,No,962
CHESAPEAKE CITY,004 - CHURCHLAND,Proposed Constitutional Amendment,,,Yes,591
CHESAPEAKE CITY,005 - CRESTWOOD,Proposed Constitutional Amendment,,,No,175
CHESAPEAKE CITY,005 - CRESTWOOD,Proposed Constitutional Amendment,,,Yes,1029
CHESAPEAKE CITY,006 - DEEP CREEK,Proposed Constitutional Amendment,,,No,604
CHESAPEAKE CITY,006 - DEEP CREEK,Proposed Constitutional Amendment,,,Yes,729
CHESAPEAKE CITY,007 - GREENBRIER,Proposed Constitutional Amendment,,,No,811
CHESAPEAKE CITY,007 - GREENBRIER,Proposed Constitutional Amendment,,,Yes,625
CHESAPEAKE CITY,008 - SOUTH NORFOLK RECREATION,Proposed Constitutional Amendment,,,No,649
CHESAPEAKE CITY,008 - SOUTH NORFOLK RECREATION,Proposed Constitutional Amendment,,,Yes,825
CHESAPEAKE CITY,009 - BELLS MILL,Proposed Constitutional Amendment,,,No,1490
CHESAPEAKE CITY,009 - BELLS MILL,Proposed Constitutional Amendment,,,Yes,727
CHESAPEAKE CITY,010 - OSCAR SMITH,Proposed Constitutional Amendment,,,No,306
CHESAPEAKE CITY,010 - OSCAR SMITH,Proposed Constitutional Amendment,,,Yes,336
CHESAPEAKE CITY,011 - GENEVA PARK,Proposed Constitutional Amendment,,,No,460
CHESAPEAKE CITY,011 - GENEVA PARK,Proposed Constitutional Amendment,,,Yes,407
CHESAPEAKE CITY,012 - GEORGETOWN,Proposed Constitutional Amendment,,,No,147
CHESAPEAKE CITY,012 - GEORGETOWN,Proposed Constitutional Amendment,,,Yes,1013
CHESAPEAKE CITY,013 - GILMERTON,Proposed Constitutional Amendment,,,No,625
CHESAPEAKE CITY,013 - GILMERTON,Proposed Constitutional Amendment,,,Yes,601
CHESAPEAKE CITY,014 - GRASSFIELD,Proposed Constitutional Amendment,,,No,1358
CHESAPEAKE CITY,014 - GRASSFIELD,Proposed Constitutional Amendment,,,Yes,1031
CHESAPEAKE CITY,015 - GREENBRIER MIDDLE SCHOOL,Proposed Constitutional Amendment,,,No,554
CHESAPEAKE CITY,015 - GREENBRIER MIDDLE SCHOOL,Proposed Constitutional Amendment,,,Yes,990
CHESAPEAKE CITY,016 - HICKORY GROVE,Proposed Constitutional Amendment,,,No,1256
CHESAPEAKE CITY,016 - HICKORY GROVE,Proposed Constitutional Amendment,,,Yes,472
CHESAPEAKE CITY,017 - INDIAN CREEK,Proposed Constitutional Amendment,,,No,999
CHESAPEAKE CITY,017 - INDIAN CREEK,Proposed Constitutional Amendment,,,Yes,310
CHESAPEAKE CITY,018 - INDIAN RIVER,Proposed Constitutional Amendment,,,No,350
CHESAPEAKE CITY,018 - INDIAN RIVER,Proposed Constitutional Amendment,,,Yes,670
CHESAPEAKE CITY,019 - JOLLIFF,Proposed Constitutional Amendment,,,No,673
CHESAPEAKE CITY,019 - JOLLIFF,Proposed Constitutional Amendment,,,Yes,410
CHESAPEAKE CITY,020 - E W CHITTUM,Proposed Constitutional Amendment,,,No,921
CHESAPEAKE CITY,020 - E W CHITTUM,Proposed Constitutional Amendment,,,Yes,815
CHESAPEAKE CITY,021 - FELLOWSHIP,Proposed Constitutional Amendment,,,No,761
CHESAPEAKE CITY,021 - FELLOWSHIP,Proposed Constitutional Amendment,,,Yes,847
CHESAPEAKE CITY,022 - NORFOLK HIGHLANDS,Proposed Constitutional Amendment,,,No,482
CHESAPEAKE CITY,022 - NORFOLK HIGHLANDS,Proposed Constitutional Amendment,,,Yes,338
CHESAPEAKE CITY,023 - OAK GROVE,Proposed Constitutional Amendment,,,No,680
CHESAPEAKE CITY,023 - OAK GROVE,Proposed Constitutional Amendment,,,Yes,896
CHESAPEAKE CITY,024 - OAKLETTE,Proposed Constitutional Amendment,,,No,466
CHESAPEAKE CITY,024 - OAKLETTE,Proposed Constitutional Amendment,,,Yes,624
CHESAPEAKE CITY,025 - ST JULIANS,Proposed Constitutional Amendment,,,No,326
CHESAPEAKE CITY,025 - ST JULIANS,Proposed Constitutional Amendment,,,Yes,720
CHESAPEAKE CITY,026 - JOHNSON PARK,Proposed Constitutional Amendment,,,No,186
CHESAPEAKE CITY,026 - JOHNSON PARK,Proposed Constitutional Amendment,,,Yes,359
CHESAPEAKE CITY,027 - SILVERWOOD,Proposed Constitutional Amendment,,,No,692
CHESAPEAKE CITY,027 - SILVERWOOD,Proposed Constitutional Amendment,,,Yes,718
CHESAPEAKE CITY,028 - SUNRAY I,Proposed Constitutional Amendment,,,No,180
CHESAPEAKE CITY,028 - SUNRAY I,Proposed Constitutional Amendment,,,Yes,108
CHESAPEAKE CITY,029 - TANGLEWOOD,Proposed Constitutional Amendment,,,No,723
CHESAPEAKE CITY,029 - TANGLEWOOD,Proposed Constitutional Amendment,,,Yes,445
CHESAPEAKE CITY,030 - SOUTH NORFOLK,Proposed Constitutional Amendment,,,No,38
CHESAPEAKE CITY,030 - SOUTH NORFOLK,Proposed Constitutional Amendment,,,Yes,487
CHESAPEAKE CITY,031 - CARVER SCHOOL,Proposed Constitutional Amendment,,,No,196
CHESAPEAKE CITY,031 - CARVER SCHOOL,Proposed Constitutional Amendment,,,Yes,1001
CHESAPEAKE CITY,032 - PROVIDENCE,Proposed Constitutional Amendment,,,No,130
CHESAPEAKE CITY,032 - PROVIDENCE,Proposed Constitutional Amendment,,,Yes,1301
CHESAPEAKE CITY,033 - WESTOVER,Proposed Constitutional Amendment,,,No,440
CHESAPEAKE CITY,033 - WESTOVER,Proposed Constitutional Amendment,,,Yes,286
CHESAPEAKE CITY,034 - HICKORY MIDDLE SCHOOL,Proposed Constitutional Amendment,,,No,1535
CHESAPEAKE CITY,034 - HICKORY MIDDLE SCHOOL,Proposed Constitutional Amendment,,,Yes,694
CHESAPEAKE CITY,035 - TAYLOR ROAD,Proposed Constitutional Amendment,,,No,261
CHESAPEAKE CITY,035 - TAYLOR ROAD,Proposed Constitutional Amendment,,,Yes,621
CHESAPEAKE CITY,036 - GREAT BRIDGE BAPTIST CHURCH,Proposed Constitutional Amendment,,,No,951
CHESAPEAKE CITY,036 - GREAT BRIDGE BAPTIST CHURCH,Proposed Constitutional Amendment,,,Yes,525
CHESAPEAKE CITY,037 - BRIDGETOWN,Proposed Constitutional Amendment,,,No,1082
CHESAPEAKE CITY,037 - BRIDGETOWN,Proposed Constitutional Amendment,,,Yes,765
CHESAPEAKE CITY,038 - BAILEY CREEK,Proposed Constitutional Amendment,,,No,924
CHESAPEAKE CITY,038 - BAILEY CREEK,Proposed Constitutional Amendment,,,Yes,447
CHESAPEAKE CITY,039 - LAKE DRUMMOND,Proposed Constitutional Amendment,,,No,609
CHESAPEAKE CITY,039 - LAKE DRUMMOND,Proposed Constitutional Amendment,,,Yes,526
CHESAPEAKE CITY,041 - JOHN T WEST,Proposed Constitutional Amendment,,,No,1146
CHESAPEAKE CITY,041 - JOHN T WEST,Proposed Constitutional Amendment,,,Yes,1303
CHESAPEAKE CITY,042 - PARKWAYS,Proposed Constitutional Amendment,,,No,441
CHESAPEAKE CITY,042 - PARKWAYS,Proposed Constitutional Amendment,,,Yes,869
CHESAPEAKE CITY,043 - PLEASANT CROSSING,Proposed Constitutional Amendment,,,No,1051
CHESAPEAKE CITY,043 - PLEASANT CROSSING,Proposed Constitutional Amendment,,,Yes,477
CHESAPEAKE CITY,044 - NANSEMOND,Proposed Constitutional Amendment,,,No,477
CHESAPEAKE CITY,044 - NANSEMOND,Proposed Constitutional Amendment,,,Yes,842
CHESAPEAKE CITY,045 - SUNRAY II,Proposed Constitutional Amendment,,,No,167
CHESAPEAKE CITY,045 - SUNRAY II,Proposed Constitutional Amendment,,,Yes,205
CHESAPEAKE CITY,046 - BELLS MILL II,Proposed Constitutional Amendment,,,No,789
CHESAPEAKE CITY,046 - BELLS MILL II,Proposed Constitutional Amendment,,,Yes,649
CHESAPEAKE CITY,048 - JOLLIFF MIDDLE SCHOOL,Proposed Constitutional Amendment,,,No,184
CHESAPEAKE CITY,048 - JOLLIFF MIDDLE SCHOOL,Proposed Constitutional Amendment,,,Yes,1498
CHESAPEAKE CITY,049 - WATERWAY,Proposed Constitutional Amendment,,,No,767
CHESAPEAKE CITY,049 - WATERWAY,Proposed Constitutional Amendment,,,Yes,925
CHESAPEAKE CITY,050 - RIVER WALK,Proposed Constitutional Amendment,,,No,602
CHESAPEAKE CITY,050 - RIVER WALK,Proposed Constitutional Amendment,,,Yes,895
CHESAPEAKE CITY,051 - COOPERS WAY,Proposed Constitutional Amendment,,,No,1641
CHESAPEAKE CITY,051 - COOPERS WAY,Proposed Constitutional Amendment,,,Yes,951
CHESAPEAKE CITY,052 - SHIPYARD ROAD,Proposed Constitutional Amendment,,,No,570
CHESAPEAKE CITY,052 - SHIPYARD ROAD,Proposed Constitutional Amendment,,,Yes,800
CHESAPEAKE CITY,053 - FAIRWAYS,Proposed Constitutional Amendment,,,No,684
CHESAPEAKE CITY,053 - FAIRWAYS,Proposed Constitutional Amendment,,,Yes,786
CHESAPEAKE CITY,054 - PUGHSVILLE,Proposed Constitutional Amendment,,,No,376
CHESAPEAKE CITY,054 - PUGHSVILLE,Proposed Constitutional Amendment,,,Yes,937
CHESAPEAKE CITY,055 - GEORGETOWN EAST,Proposed Constitutional Amendment,,,No,212
CHESAPEAKE CITY,055 - GEORGETOWN EAST,Proposed Constitutional Amendment,,,Yes,800
CHESAPEAKE CITY,056 - GREEN TREE,Proposed Constitutional Amendment,,,No,518
CHESAPEAKE CITY,056 - GREEN TREE,Proposed Constitutional Amendment,,,Yes,719
CHESAPEAKE CITY,057 - CYPRESS,Proposed Constitutional Amendment,,,No,422
CHESAPEAKE CITY,057 - CYPRESS,Proposed Constitutional Amendment,,,Yes,755
CHESAPEAKE CITY,058 - EXPRESSWAY,Proposed Constitutional Amendment,,,No,162
CHESAPEAKE CITY,058 - EXPRESSWAY,Proposed Constitutional Amendment,,,Yes,377
CHESAPEAKE CITY,059 - CLEARFIELD,Proposed Constitutional Amendment,,,No,700
CHESAPEAKE CITY,059 - CLEARFIELD,Proposed Constitutional Amendment,,,Yes,793
CHESAPEAKE CITY,060 - PARKER ROAD,Proposed Constitutional Amendment,,,No,1052
CHESAPEAKE CITY,060 - PARKER ROAD,Proposed Constitutional Amendment,,,Yes,592
CHESAPEAKE CITY,061 - CENTERVILLE,Proposed Constitutional Amendment,,,No,1414
CHESAPEAKE CITY,061 - CENTERVILLE,Proposed Constitutional Amendment,,,Yes,622
CHESAPEAKE CITY,062 - FENTRESS,Proposed Constitutional Amendment,,,No,1044
CHESAPEAKE CITY,062 - FENTRESS,Proposed Constitutional Amendment,,,Yes,553
CHESAPEAKE CITY,063 - POPLAR BRANCH,Proposed Constitutional Amendment,,,No,816
CHESAPEAKE CITY,063 - POPLAR BRANCH,Proposed Constitutional Amendment,,,Yes,333
CHESAPEAKE CITY,064 - DEEP CREEK II,Proposed Constitutional Amendment,,,No,749
CHESAPEAKE CITY,064 - DEEP CREEK II,Proposed Constitutional Amendment,,,Yes,1002
CHESAPEAKE CITY,065 - WATERWAY II,Proposed Constitutional Amendment,,,No,943
CHESAPEAKE CITY,065 - WATERWAY II,Proposed Constitutional Amendment,,,Yes,868
CHESAPEAKE CITY,066 - FAIRWAYS II,Proposed Constitutional Amendment,,,No,276
CHESAPEAKE CITY,066 - FAIRWAYS II,Proposed Constitutional Amendment,,,Yes,429
CHESTERFIELD COUNTY,101 - BELLWOOD,Proposed Constitutional Amendment,,,No,439
CHESTERFIELD COUNTY,101 - BELLWOOD,Proposed Constitutional Amendment,,,Yes,619
CHESTERFIELD COUNTY,102 - SOUTH CHESTER,Proposed Constitutional Amendment,,,No,861
CHESTERFIELD COUNTY,102 - SOUTH CHESTER,Proposed Constitutional Amendment,,,Yes,848
CHESTERFIELD COUNTY,103 - ENON,Proposed Constitutional Amendment,,,No,1448
CHESTERFIELD COUNTY,103 - ENON,Proposed Constitutional Amendment,,,Yes,1464
CHESTERFIELD COUNTY,104 - NORTH CHESTER,Proposed Constitutional Amendment,,,No,1173
CHESTERFIELD COUNTY,104 - NORTH CHESTER,Proposed Constitutional Amendment,,,Yes,1112
CHESTERFIELD COUNTY,105 - DREWRYS BLUFF,Proposed Constitutional Amendment,,,No,367
CHESTERFIELD COUNTY,105 - DREWRYS BLUFF,Proposed Constitutional Amendment,,,Yes,710
CHESTERFIELD COUNTY,106 - HARROWGATE,Proposed Constitutional Amendment,,,No,1093
CHESTERFIELD COUNTY,106 - HARROWGATE,Proposed Constitutional Amendment,,,Yes,1517
CHESTERFIELD COUNTY,108 - ECOFF,Proposed Constitutional Amendment,,,No,1831
CHESTERFIELD COUNTY,108 - ECOFF,Proposed Constitutional Amendment,,,Yes,1546
CHESTERFIELD COUNTY,109 - ELIZABETH SCOTT,Proposed Constitutional Amendment,,,No,1312
CHESTERFIELD COUNTY,109 - ELIZABETH SCOTT,Proposed Constitutional Amendment,,,Yes,1607
CHESTERFIELD COUNTY,110 - DUTCH GAP,Proposed Constitutional Amendment,,,No,634
CHESTERFIELD COUNTY,110 - DUTCH GAP,Proposed Constitutional Amendment,,,Yes,677
CHESTERFIELD COUNTY,111 - IRON BRIDGE,Proposed Constitutional Amendment,,,No,1041
CHESTERFIELD COUNTY,111 - IRON BRIDGE,Proposed Constitutional Amendment,,,Yes,812
CHESTERFIELD COUNTY,112 - CARVER,Proposed Constitutional Amendment,,,No,745
CHESTERFIELD COUNTY,112 - CARVER,Proposed Constitutional Amendment,,,Yes,916
CHESTERFIELD COUNTY,113 - IRON BRIDGE NORTH,Proposed Constitutional Amendment,,,No,802
CHESTERFIELD COUNTY,113 - IRON BRIDGE NORTH,Proposed Constitutional Amendment,,,Yes,1129
CHESTERFIELD COUNTY,115 - CRESTHILL,Proposed Constitutional Amendment,,,No,868
CHESTERFIELD COUNTY,115 - CRESTHILL,Proposed Constitutional Amendment,,,Yes,1067
CHESTERFIELD COUNTY,201 - GATES,Proposed Constitutional Amendment,,,No,350
CHESTERFIELD COUNTY,201 - GATES,Proposed Constitutional Amendment,,,Yes,222
CHESTERFIELD COUNTY,202 - BEULAH,Proposed Constitutional Amendment,,,No,649
CHESTERFIELD COUNTY,202 - BEULAH,Proposed Constitutional Amendment,,,Yes,1564
CHESTERFIELD COUNTY,203 - BIRD,Proposed Constitutional Amendment,,,No,620
CHESTERFIELD COUNTY,203 - BIRD,Proposed Constitutional Amendment,,,Yes,1105
CHESTERFIELD COUNTY,205 - FALLING CREEK,Proposed Constitutional Amendment,,,No,440
CHESTERFIELD COUNTY,205 - FALLING CREEK,Proposed Constitutional Amendment,,,Yes,1233
CHESTERFIELD COUNTY,207 - CHIPPENHAM,Proposed Constitutional Amendment,,,No,459
CHESTERFIELD COUNTY,207 - CHIPPENHAM,Proposed Constitutional Amendment,,,Yes,1718
CHESTERFIELD COUNTY,208 - MEADOWBROOK,Proposed Constitutional Amendment,,,No,449
CHESTERFIELD COUNTY,208 - MEADOWBROOK,Proposed Constitutional Amendment,,,Yes,1381
CHESTERFIELD COUNTY,209 - SALEM CHURCH,Proposed Constitutional Amendment,,,No,803
CHESTERFIELD COUNTY,209 - SALEM CHURCH,Proposed Constitutional Amendment,,,Yes,1016
CHESTERFIELD COUNTY,210 - FIVE FORKS,Proposed Constitutional Amendment,,,No,835
CHESTERFIELD COUNTY,210 - FIVE FORKS,Proposed Constitutional Amendment,,,Yes,1980
CHESTERFIELD COUNTY,211 - NASH,Proposed Constitutional Amendment,,,No,2036
CHESTERFIELD COUNTY,211 - NASH,Proposed Constitutional Amendment,,,Yes,1437
CHESTERFIELD COUNTY,213 - SOUTHSIDE,Proposed Constitutional Amendment,,,No,234
CHESTERFIELD COUNTY,213 - SOUTHSIDE,Proposed Constitutional Amendment,,,Yes,857
CHESTERFIELD COUNTY,218 - NEW MANCHESTER,Proposed Constitutional Amendment,,,No,417
CHESTERFIELD COUNTY,218 - NEW MANCHESTER,Proposed Constitutional Amendment,,,Yes,558
CHESTERFIELD COUNTY,219 - GATES EAST,Proposed Constitutional Amendment,,,No,398
CHESTERFIELD COUNTY,219 - GATES EAST,Proposed Constitutional Amendment,,,Yes,463
CHESTERFIELD COUNTY,220 - FALLING CREEK EAST,Proposed Constitutional Amendment,,,No,58
CHESTERFIELD COUNTY,220 - FALLING CREEK EAST,Proposed Constitutional Amendment,,,Yes,120
CHESTERFIELD COUNTY,221 - OXBRIDGE,Proposed Constitutional Amendment,,,No,1071
CHESTERFIELD COUNTY,221 - OXBRIDGE,Proposed Constitutional Amendment,,,Yes,1363
CHESTERFIELD COUNTY,222 - TURNER,Proposed Constitutional Amendment,,,No,270
CHESTERFIELD COUNTY,222 - TURNER,Proposed Constitutional Amendment,,,Yes,1049
CHESTERFIELD COUNTY,301 - ETTRICK,Proposed Constitutional Amendment,,,No,461
CHESTERFIELD COUNTY,301 - ETTRICK,Proposed Constitutional Amendment,,,Yes,1606
CHESTERFIELD COUNTY,303 - MATOACA,Proposed Constitutional Amendment,,,No,1340
CHESTERFIELD COUNTY,303 - MATOACA,Proposed Constitutional Amendment,,,Yes,1179
CHESTERFIELD COUNTY,304 - WINFREES STORE,Proposed Constitutional Amendment,,,No,1212
CHESTERFIELD COUNTY,304 - WINFREES STORE,Proposed Constitutional Amendment,,,Yes,529
CHESTERFIELD COUNTY,305 - BEACH,Proposed Constitutional Amendment,,,No,641
CHESTERFIELD COUNTY,305 - BEACH,Proposed Constitutional Amendment,,,Yes,205
CHESTERFIELD COUNTY,306 - WINTERPOCK,Proposed Constitutional Amendment,,,No,1965
CHESTERFIELD COUNTY,306 - WINTERPOCK,Proposed Constitutional Amendment,,,Yes,661
CHESTERFIELD COUNTY,307 - COSBY,Proposed Constitutional Amendment,,,No,1015
CHESTERFIELD COUNTY,307 - COSBY,Proposed Constitutional Amendment,,,Yes,1150
CHESTERFIELD COUNTY,309 - SKINQUARTER,Proposed Constitutional Amendment,,,No,1328
CHESTERFIELD COUNTY,309 - SKINQUARTER,Proposed Constitutional Amendment,,,Yes,1027
CHESTERFIELD COUNTY,313 - WOOLRIDGE SOUTH,Proposed Constitutional Amendment,,,No,1113
CHESTERFIELD COUNTY,313 - WOOLRIDGE SOUTH,Proposed Constitutional Amendment,,,Yes,1083
CHESTERFIELD COUNTY,314 - LONGHOUSE,Proposed Constitutional Amendment,,,No,987
CHESTERFIELD COUNTY,314 - LONGHOUSE,Proposed Constitutional Amendment,,,Yes,447
CHESTERFIELD COUNTY,315 - BAILEY BRIDGE,Proposed Constitutional Amendment,,,No,1533
CHESTERFIELD COUNTY,315 - BAILEY BRIDGE,Proposed Constitutional Amendment,,,Yes,889
CHESTERFIELD COUNTY,316 - SPRING RUN,Proposed Constitutional Amendment,,,No,1000
CHESTERFIELD COUNTY,316 - SPRING RUN,Proposed Constitutional Amendment,,,Yes,963
CHESTERFIELD COUNTY,319 - MAGNOLIA,Proposed Constitutional Amendment,,,No,2340
CHESTERFIELD COUNTY,319 - MAGNOLIA,Proposed Constitutional Amendment,,,Yes,2004
CHESTERFIELD COUNTY,320 - DRY CREEK,Proposed Constitutional Amendment,,,No,1789
CHESTERFIELD COUNTY,320 - DRY CREEK,Proposed Constitutional Amendment,,,Yes,1843
CHESTERFIELD COUNTY,321 - CLAYPOINT,Proposed Constitutional Amendment,,,No,687
CHESTERFIELD COUNTY,321 - CLAYPOINT,Proposed Constitutional Amendment,,,Yes,723
CHESTERFIELD COUNTY,322 - HENSLEY,Proposed Constitutional Amendment,,,No,1548
CHESTERFIELD COUNTY,322 - HENSLEY,Proposed Constitutional Amendment,,,Yes,1461
CHESTERFIELD COUNTY,401 - HARBOUR POINTE,Proposed Constitutional Amendment,,,No,644
CHESTERFIELD COUNTY,401 - HARBOUR POINTE,Proposed Constitutional Amendment,,,Yes,727
CHESTERFIELD COUNTY,402 - GENITO,Proposed Constitutional Amendment,,,No,824
CHESTERFIELD COUNTY,402 - GENITO,Proposed Constitutional Amendment,,,Yes,995
CHESTERFIELD COUNTY,403 - BRANDERMILL,Proposed Constitutional Amendment,,,No,1047
CHESTERFIELD COUNTY,403 - BRANDERMILL,Proposed Constitutional Amendment,,,Yes,1242
CHESTERFIELD COUNTY,404 - PROVIDENCE,Proposed Constitutional Amendment,,,No,717
CHESTERFIELD COUNTY,404 - PROVIDENCE,Proposed Constitutional Amendment,,,Yes,1145
CHESTERFIELD COUNTY,405 - LA PRADE,Proposed Constitutional Amendment,,,No,963
CHESTERFIELD COUNTY,405 - LA PRADE,Proposed Constitutional Amendment,,,Yes,1122
CHESTERFIELD COUNTY,408 - REAMS,Proposed Constitutional Amendment,,,No,350
CHESTERFIELD COUNTY,408 - REAMS,Proposed Constitutional Amendment,,,Yes,694
CHESTERFIELD COUNTY,410 - WAGSTAFF,Proposed Constitutional Amendment,,,No,141
CHESTERFIELD COUNTY,410 - WAGSTAFF,Proposed Constitutional Amendment,,,Yes,241
CHESTERFIELD COUNTY,411 - SWIFT CREEK,Proposed Constitutional Amendment,,,No,943
CHESTERFIELD COUNTY,411 - SWIFT CREEK,Proposed Constitutional Amendment,,,Yes,1067
CHESTERFIELD COUNTY,412 - CLOVER HILL,Proposed Constitutional Amendment,,,No,1154
CHESTERFIELD COUNTY,412 - CLOVER HILL,Proposed Constitutional Amendment,,,Yes,1228
CHESTERFIELD COUNTY,413 - SHENANDOAH,Proposed Constitutional Amendment,,,No,656
CHESTERFIELD COUNTY,413 - SHENANDOAH,Proposed Constitutional Amendment,,,Yes,969
CHESTERFIELD COUNTY,414 - CRENSHAW,Proposed Constitutional Amendment,,,No,1420
CHESTERFIELD COUNTY,414 - CRENSHAW,Proposed Constitutional Amendment,,,Yes,1476
CHESTERFIELD COUNTY,415 - EVERGREEN,Proposed Constitutional Amendment,,,No,1031
CHESTERFIELD COUNTY,415 - EVERGREEN,Proposed Constitutional Amendment,,,Yes,1167
CHESTERFIELD COUNTY,418 - WOOLRIDGE NORTH,Proposed Constitutional Amendment,,,No,731
CHESTERFIELD COUNTY,418 - WOOLRIDGE NORTH,Proposed Constitutional Amendment,,,Yes,730
CHESTERFIELD COUNTY,419 - NORTH COURTHOUSE,Proposed Constitutional Amendment,,,No,478
CHESTERFIELD COUNTY,419 - NORTH COURTHOUSE,Proposed Constitutional Amendment,,,Yes,792
CHESTERFIELD COUNTY,420 - NEW TOMAHAWK,Proposed Constitutional Amendment,,,No,1078
CHESTERFIELD COUNTY,420 - NEW TOMAHAWK,Proposed Constitutional Amendment,,,Yes,1024
CHESTERFIELD COUNTY,421 - LUCKS LANE,Proposed Constitutional Amendment,,,No,1541
CHESTERFIELD COUNTY,421 - LUCKS LANE,Proposed Constitutional Amendment,,,Yes,1573
CHESTERFIELD COUNTY,422 - OTTERDALE,Proposed Constitutional Amendment,,,No,1277
CHESTERFIELD COUNTY,422 - OTTERDALE,Proposed Constitutional Amendment,,,Yes,1644
CHESTERFIELD COUNTY,503 - MIDLOTHIAN,Proposed Constitutional Amendment,,,No,1284
CHESTERFIELD COUNTY,503 - MIDLOTHIAN,Proposed Constitutional Amendment,,,Yes,1313
CHESTERFIELD COUNTY,504 - ROBIOUS,Proposed Constitutional Amendment,,,No,1731
CHESTERFIELD COUNTY,504 - ROBIOUS,Proposed Constitutional Amendment,,,Yes,1720
CHESTERFIELD COUNTY,505 - BON AIR,Proposed Constitutional Amendment,,,No,852
CHESTERFIELD COUNTY,505 - BON AIR,Proposed Constitutional Amendment,,,Yes,1352
CHESTERFIELD COUNTY,506 - GREENFIELD,Proposed Constitutional Amendment,,,No,752
CHESTERFIELD COUNTY,506 - GREENFIELD,Proposed Constitutional Amendment,,,Yes,1159
CHESTERFIELD COUNTY,507 - SALISBURY,Proposed Constitutional Amendment,,,No,1606
CHESTERFIELD COUNTY,507 - SALISBURY,Proposed Constitutional Amendment,,,Yes,1197
CHESTERFIELD COUNTY,508 - BELGRADE,Proposed Constitutional Amendment,,,No,960
CHESTERFIELD COUNTY,508 - BELGRADE,Proposed Constitutional Amendment,,,Yes,1155
CHESTERFIELD COUNTY,509 - CRANBECK,Proposed Constitutional Amendment,,,No,439
CHESTERFIELD COUNTY,509 - CRANBECK,Proposed Constitutional Amendment,,,Yes,754
CHESTERFIELD COUNTY,510 - SYCAMORE,Proposed Constitutional Amendment,,,No,537
CHESTERFIELD COUNTY,510 - SYCAMORE,Proposed Constitutional Amendment,,,Yes,455
CHESTERFIELD COUNTY,511 - BLACK HEATH,Proposed Constitutional Amendment,,,No,752
CHESTERFIELD COUNTY,511 - BLACK HEATH,Proposed Constitutional Amendment,,,Yes,675
CHESTERFIELD COUNTY,513 - BEAUFONT,Proposed Constitutional Amendment,,,No,199
CHESTERFIELD COUNTY,513 - BEAUFONT,Proposed Constitutional Amendment,,,Yes,611
CHESTERFIELD COUNTY,514 - WATKINS,Proposed Constitutional Amendment,,,No,1317
CHESTERFIELD COUNTY,514 - WATKINS,Proposed Constitutional Amendment,,,Yes,1235
CHESTERFIELD COUNTY,515 - DAVIS,Proposed Constitutional Amendment,,,No,263
CHESTERFIELD COUNTY,515 - DAVIS,Proposed Constitutional Amendment,,,Yes,1166
CHESTERFIELD COUNTY,516 - POCOSHOCK NORTH,Proposed Constitutional Amendment,,,No,177
CHESTERFIELD COUNTY,516 - POCOSHOCK NORTH,Proposed Constitutional Amendment,,,Yes,393
CHESTERFIELD COUNTY,517 - ROSELAND,Proposed Constitutional Amendment,,,No,1070
CHESTERFIELD COUNTY,517 - ROSELAND,Proposed Constitutional Amendment,,,Yes,857
CHESTERFIELD COUNTY,518 - MIDLOTHIAN NORTH,Proposed Constitutional Amendment,,,No,1376
CHESTERFIELD COUNTY,518 - MIDLOTHIAN NORTH,Proposed Constitutional Amendment,,,Yes,1177
CHESTERFIELD COUNTY,519 - BUFORD,Proposed Constitutional Amendment,,,No,52
CHESTERFIELD COUNTY,519 - BUFORD,Proposed Constitutional Amendment,,,Yes,137
CHESTERFIELD COUNTY,520 - WALTON PARK,Proposed Constitutional Amendment,,,No,654
CHESTERFIELD COUNTY,520 - WALTON PARK,Proposed Constitutional Amendment,,,Yes,687
CHESTERFIELD COUNTY,521 - ROCKAWAY,Proposed Constitutional Amendment,,,No,942
CHESTERFIELD COUNTY,521 - ROCKAWAY,Proposed Constitutional Amendment,,,Yes,1526
CLARKE COUNTY,101 - RUSSELL,Proposed Constitutional Amendment,,,No,1055
CLARKE COUNTY,101 - RUSSELL,Proposed Constitutional Amendment,,,Yes,475
CLARKE COUNTY,201 - BERRYVILLE,Proposed Constitutional Amendment,,,No,724
CLARKE COUNTY,201 - BERRYVILLE,Proposed Constitutional Amendment,,,Yes,615
CLARKE COUNTY,301 - MILLWOOD,Proposed Constitutional Amendment,,,No,704
CLARKE COUNTY,301 - MILLWOOD,Proposed Constitutional Amendment,,,Yes,474
CLARKE COUNTY,302 - PINE GROVE,Proposed Constitutional Amendment,,,No,292
CLARKE COUNTY,302 - PINE GROVE,Proposed Constitutional Amendment,,,Yes,182
CLARKE COUNTY,401 - WHITE POST,Proposed Constitutional Amendment,,,No,857
CLARKE COUNTY,401 - WHITE POST,Proposed Constitutional Amendment,,,Yes,547
CLARKE COUNTY,501 - BUCKMARSH,Proposed Constitutional Amendment,,,No,596
CLARKE COUNTY,501 - BUCKMARSH,Proposed Constitutional Amendment,,,Yes,365
CLARKE COUNTY,502 - BLUE RIDGE,Proposed Constitutional Amendment,,,No,261
CLARKE COUNTY,502 - BLUE RIDGE,Proposed Constitutional Amendment,,,Yes,156
COLONIAL HEIGHTS CITY,001 - FIRST,Proposed Constitutional Amendment,,,No,499
COLONIAL HEIGHTS CITY,001 - FIRST,Proposed Constitutional Amendment,,,Yes,292
COLONIAL HEIGHTS CITY,002 - SECOND,Proposed Constitutional Amendment,,,No,624
COLONIAL HEIGHTS CITY,002 - SECOND,Proposed Constitutional Amendment,,,Yes,357
COLONIAL HEIGHTS CITY,003 - THIRD,Proposed Constitutional Amendment,,,No,773
COLONIAL HEIGHTS CITY,003 - THIRD,Proposed Constitutional Amendment,,,Yes,422
COLONIAL HEIGHTS CITY,004 - FOURTH,Proposed Constitutional Amendment,,,No,1055
COLONIAL HEIGHTS CITY,004 - FOURTH,Proposed Constitutional Amendment,,,Yes,513
COLONIAL HEIGHTS CITY,005 - FIFTH,Proposed Constitutional Amendment,,,No,1227
COLONIAL HEIGHTS CITY,005 - FIFTH,Proposed Constitutional Amendment,,,Yes,420
COVINGTON CITY,101 - PRECINCT 1-1,Proposed Constitutional Amendment,,,No,176
COVINGTON CITY,101 - PRECINCT 1-1,Proposed Constitutional Amendment,,,Yes,98
COVINGTON CITY,201 - PRECINCT 2-1,Proposed Constitutional Amendment,,,No,169
COVINGTON CITY,201 - PRECINCT 2-1,Proposed Constitutional Amendment,,,Yes,109
COVINGTON CITY,301 - PRECINCT 3-1,Proposed Constitutional Amendment,,,No,106
COVINGTON CITY,301 - PRECINCT 3-1,Proposed Constitutional Amendment,,,Yes,132
COVINGTON CITY,401 - PRECINCT 4-1,Proposed Constitutional Amendment,,,No,310
COVINGTON CITY,401 - PRECINCT 4-1,Proposed Constitutional Amendment,,,Yes,104
COVINGTON CITY,501 - PRECINCT 5-1,Proposed Constitutional Amendment,,,No,312
COVINGTON CITY,501 - PRECINCT 5-1,Proposed Constitutional Amendment,,,Yes,67
CRAIG COUNTY,101 - COURT HOUSE,Proposed Constitutional Amendment,,,No,341
CRAIG COUNTY,101 - COURT HOUSE,Proposed Constitutional Amendment,,,Yes,56
CRAIG COUNTY,201 - AMMENDALE PRECINCT,Proposed Constitutional Amendment,,,No,418
CRAIG COUNTY,201 - AMMENDALE PRECINCT,Proposed Constitutional Amendment,,,Yes,62
CRAIG COUNTY,301 - GIVENS & REYNOLDS STORE,Proposed Constitutional Amendment,,,No,204
CRAIG COUNTY,301 - GIVENS & REYNOLDS STORE,Proposed Constitutional Amendment,,,Yes,77
CRAIG COUNTY,303 - MARSHALLS STORE,Proposed Constitutional Amendment,,,No,184
CRAIG COUNTY,303 - MARSHALLS STORE,Proposed Constitutional Amendment,,,Yes,37
CRAIG COUNTY,401 - BARBOURS CREEK,Proposed Constitutional Amendment,,,No,171
CRAIG COUNTY,401 - BARBOURS CREEK,Proposed Constitutional Amendment,,,Yes,35
CRAIG COUNTY,402 - PAINT BANK,Proposed Constitutional Amendment,,,No,32
CRAIG COUNTY,402 - PAINT BANK,Proposed Constitutional Amendment,,,Yes,10
CRAIG COUNTY,403 - CRAIG SPRINGS,Proposed Constitutional Amendment,,,No,193
CRAIG COUNTY,403 - CRAIG SPRINGS,Proposed Constitutional Amendment,,,Yes,34
CRAIG COUNTY,501 - CRAIG CITY,Proposed Constitutional Amendment,,,No,366
CRAIG COUNTY,501 - CRAIG CITY,Proposed Constitutional Amendment,,,Yes,39
CULPEPER COUNTY,101 - WEST FAIRFAX,Proposed Constitutional Amendment,,,No,1083
CULPEPER COUNTY,101 - WEST FAIRFAX,Proposed Constitutional Amendment,,,Yes,1076
CULPEPER COUNTY,201 - EAST FAIRFAX,Proposed Constitutional Amendment,,,No,734
CULPEPER COUNTY,201 - EAST FAIRFAX,Proposed Constitutional Amendment,,,Yes,1026
CULPEPER COUNTY,302 - EGGBORNSVILLE,Proposed Constitutional Amendment,,,No,864
CULPEPER COUNTY,302 - EGGBORNSVILLE,Proposed Constitutional Amendment,,,Yes,281
CULPEPER COUNTY,303 - CARDOVA,Proposed Constitutional Amendment,,,No,725
CULPEPER COUNTY,303 - CARDOVA,Proposed Constitutional Amendment,,,Yes,306
CULPEPER COUNTY,304 - WILLOW SHADE,Proposed Constitutional Amendment,,,No,329
CULPEPER COUNTY,304 - WILLOW SHADE,Proposed Constitutional Amendment,,,Yes,273
CULPEPER COUNTY,401 - ELDORADO,Proposed Constitutional Amendment,,,No,931
CULPEPER COUNTY,401 - ELDORADO,Proposed Constitutional Amendment,,,Yes,370
CULPEPER COUNTY,402 - BROWNS STORE,Proposed Constitutional Amendment,,,No,1481
CULPEPER COUNTY,402 - BROWNS STORE,Proposed Constitutional Amendment,,,Yes,726
CULPEPER COUNTY,501 - JEFFERSONTON,Proposed Constitutional Amendment,,,No,1425
CULPEPER COUNTY,501 - JEFFERSONTON,Proposed Constitutional Amendment,,,Yes,649
CULPEPER COUNTY,502 - RIXEYVILLE,Proposed Constitutional Amendment,,,No,1362
CULPEPER COUNTY,502 - RIXEYVILLE,Proposed Constitutional Amendment,,,Yes,455
CULPEPER COUNTY,601 - MITCHELLS,Proposed Constitutional Amendment,,,No,193
CULPEPER COUNTY,601 - MITCHELLS,Proposed Constitutional Amendment,,,Yes,69
CULPEPER COUNTY,602 - PEARL SAMPLE,Proposed Constitutional Amendment,,,No,1180
CULPEPER COUNTY,602 - PEARL SAMPLE,Proposed Constitutional Amendment,,,Yes,643
CULPEPER COUNTY,603 - SOUTH RIDGE,Proposed Constitutional Amendment,,,No,234
CULPEPER COUNTY,603 - SOUTH RIDGE,Proposed Constitutional Amendment,,,Yes,206
CULPEPER COUNTY,702 - BRANDY STATION,Proposed Constitutional Amendment,,,No,1422
CULPEPER COUNTY,702 - BRANDY STATION,Proposed Constitutional Amendment,,,Yes,681
CULPEPER COUNTY,703 - LIGNUM,Proposed Constitutional Amendment,,,No,596
CULPEPER COUNTY,703 - LIGNUM,Proposed Constitutional Amendment,,,Yes,175
CULPEPER COUNTY,704 - RICHARDSVILLE,Proposed Constitutional Amendment,,,No,429
CULPEPER COUNTY,704 - RICHARDSVILLE,Proposed Constitutional Amendment,,,Yes,96
CUMBERLAND COUNTY,101 - PRECINCT 1,Proposed Constitutional Amendment,,,No,667
CUMBERLAND COUNTY,101 - PRECINCT 1,Proposed Constitutional Amendment,,,Yes,269
CUMBERLAND COUNTY,201 - PRECINCT 2,Proposed Constitutional Amendment,,,No,600
CUMBERLAND COUNTY,201 - PRECINCT 2,Proposed Constitutional Amendment,,,Yes,251
CUMBERLAND COUNTY,301 - PRECINCT 3,Proposed Constitutional Amendment,,,No,406
CUMBERLAND COUNTY,301 - PRECINCT 3,Proposed Constitutional Amendment,,,Yes,381
CUMBERLAND COUNTY,401 - PRECINCT 4,Proposed Constitutional Amendment,,,No,558
CUMBERLAND COUNTY,401 - PRECINCT 4,Proposed Constitutional Amendment,,,Yes,249
CUMBERLAND COUNTY,501 - PRECINCT 5,Proposed Constitutional Amendment,,,No,394
CUMBERLAND COUNTY,501 - PRECINCT 5,Proposed Constitutional Amendment,,,Yes,294
DANVILLE CITY,001 - WARD ONE,Proposed Constitutional Amendment,,,No,66
DANVILLE CITY,001 - WARD ONE,Proposed Constitutional Amendment,,,Yes,254
DANVILLE CITY,002 - WARD TWO,Proposed Constitutional Amendment,,,No,131
DANVILLE CITY,002 - WARD TWO,Proposed Constitutional Amendment,,,Yes,234
DANVILLE CITY,003 - WARD THREE,Proposed Constitutional Amendment,,,No,249
DANVILLE CITY,003 - WARD THREE,Proposed Constitutional Amendment,,,Yes,465
DANVILLE CITY,004 - WARD FOUR,Proposed Constitutional Amendment,,,No,623
DANVILLE CITY,004 - WARD FOUR,Proposed Constitutional Amendment,,,Yes,625
DANVILLE CITY,006 - WARD SIX,Proposed Constitutional Amendment,,,No,56
DANVILLE CITY,006 - WARD SIX,Proposed Constitutional Amendment,,,Yes,274
DANVILLE CITY,007 - WARD SEVEN,Proposed Constitutional Amendment,,,No,102
DANVILLE CITY,007 - WARD SEVEN,Proposed Constitutional Amendment,,,Yes,415
DANVILLE CITY,008 - WARD EIGHT,Proposed Constitutional Amendment,,,No,155
DANVILLE CITY,008 - WARD EIGHT,Proposed Constitutional Amendment,,,Yes,349
DANVILLE CITY,009 - WARD NINE,Proposed Constitutional Amendment,,,No,253
DANVILLE CITY,009 - WARD NINE,Proposed Constitutional Amendment,,,Yes,272
DANVILLE CITY,010 - WARD TEN,Proposed Constitutional Amendment,,,No,298
DANVILLE CITY,010 - WARD TEN,Proposed Constitutional Amendment,,,Yes,413
DANVILLE CITY,011 - WARD ELEVEN,Proposed Constitutional Amendment,,,No,339
DANVILLE CITY,011 - WARD ELEVEN,Proposed Constitutional Amendment,,,Yes,641
DANVILLE CITY,012 - WARD TWELVE,Proposed Constitutional Amendment,,,No,389
DANVILLE CITY,012 - WARD TWELVE,Proposed Constitutional Amendment,,,Yes,684
DANVILLE CITY,013 - WARD THIRTEEN,Proposed Constitutional Amendment,,,No,327
DANVILLE CITY,013 - WARD THIRTEEN,Proposed Constitutional Amendment,,,Yes,593
DANVILLE CITY,014 - WARD FOURTEEN,Proposed Constitutional Amendment,,,No,6
DANVILLE CITY,014 - WARD FOURTEEN,Proposed Constitutional Amendment,,,Yes,108
DANVILLE CITY,015 - WARD FIFTEEN,Proposed Constitutional Amendment,,,No,429
DANVILLE CITY,015 - WARD FIFTEEN,Proposed Constitutional Amendment,,,Yes,428
DANVILLE CITY,016 - WARD SIXTEEN,Proposed Constitutional Amendment,,,No,680
DANVILLE CITY,016 - WARD SIXTEEN,Proposed Constitutional Amendment,,,Yes,399
DANVILLE CITY,017 - WARD SEVENTEEN,Proposed Constitutional Amendment,,,No,723
DANVILLE CITY,017 - WARD SEVENTEEN,Proposed Constitutional Amendment,,,Yes,330
DICKENSON COUNTY,101 - SOUTH CLINTWOOD,Proposed Constitutional Amendment,,,No,721
DICKENSON COUNTY,101 - SOUTH CLINTWOOD,Proposed Constitutional Amendment,,,Yes,174
DICKENSON COUNTY,201 - NORA,Proposed Constitutional Amendment,,,No,261
DICKENSON COUNTY,201 - NORA,Proposed Constitutional Amendment,,,Yes,42
DICKENSON COUNTY,202 - FRYING PAN,Proposed Constitutional Amendment,,,No,93
DICKENSON COUNTY,202 - FRYING PAN,Proposed Constitutional Amendment,,,Yes,17
DICKENSON COUNTY,203 - CLINCHCO,Proposed Constitutional Amendment,,,No,301
DICKENSON COUNTY,203 - CLINCHCO,Proposed Constitutional Amendment,,,Yes,61
DICKENSON COUNTY,301 - WEST DANTE,Proposed Constitutional Amendment,,,No,144
DICKENSON COUNTY,301 - WEST DANTE,Proposed Constitutional Amendment,,,Yes,16
DICKENSON COUNTY,302 - HERALD,Proposed Constitutional Amendment,,,No,283
DICKENSON COUNTY,302 - HERALD,Proposed Constitutional Amendment,,,Yes,21
DICKENSON COUNTY,303 - RIDGE,Proposed Constitutional Amendment,,,No,250
DICKENSON COUNTY,303 - RIDGE,Proposed Constitutional Amendment,,,Yes,35
DICKENSON COUNTY,304 - LONGS FORK,Proposed Constitutional Amendment,,,No,212
DICKENSON COUNTY,304 - LONGS FORK,Proposed Constitutional Amendment,,,Yes,24
DICKENSON COUNTY,401 - HAYSI-COLLEY,Proposed Constitutional Amendment,,,No,578
DICKENSON COUNTY,401 - HAYSI-COLLEY,Proposed Constitutional Amendment,,,Yes,141
DICKENSON COUNTY,501 - TARPON,Proposed Constitutional Amendment,,,No,137
DICKENSON COUNTY,501 - TARPON,Proposed Constitutional Amendment,,,Yes,46
DICKENSON COUNTY,502 - NORTH CLINTWOOD,Proposed Constitutional Amendment,,,No,599
DICKENSON COUNTY,502 - NORTH CLINTWOOD,Proposed Constitutional Amendment,,,Yes,137
DINWIDDIE COUNTY,101 - WHITE OAK,Proposed Constitutional Amendment,,,No,385
DINWIDDIE COUNTY,101 - WHITE OAK,Proposed Constitutional Amendment,,,Yes,82
DINWIDDIE COUNTY,102 - ROCKY RUN,Proposed Constitutional Amendment,,,No,608
DINWIDDIE COUNTY,102 - ROCKY RUN,Proposed Constitutional Amendment,,,Yes,177
DINWIDDIE COUNTY,103 - CHURCH ROAD,Proposed Constitutional Amendment,,,No,998
DINWIDDIE COUNTY,103 - CHURCH ROAD,Proposed Constitutional Amendment,,,Yes,172
DINWIDDIE COUNTY,201 - ROHOIC,Proposed Constitutional Amendment,,,No,221
DINWIDDIE COUNTY,201 - ROHOIC,Proposed Constitutional Amendment,,,Yes,327
DINWIDDIE COUNTY,202 - SUTHERLAND,Proposed Constitutional Amendment,,,No,967
DINWIDDIE COUNTY,202 - SUTHERLAND,Proposed Constitutional Amendment,,,Yes,553
DINWIDDIE COUNTY,301 - REAMS,Proposed Constitutional Amendment,,,No,368
DINWIDDIE COUNTY,301 - REAMS,Proposed Constitutional Amendment,,,Yes,131
DINWIDDIE COUNTY,302 - NEW HOPE,Proposed Constitutional Amendment,,,No,557
DINWIDDIE COUNTY,302 - NEW HOPE,Proposed Constitutional Amendment,,,Yes,272
DINWIDDIE COUNTY,303 - LITTLE ZION,Proposed Constitutional Amendment,,,No,722
DINWIDDIE COUNTY,303 - LITTLE ZION,Proposed Constitutional Amendment,,,Yes,505
DINWIDDIE COUNTY,401 - DINWIDDIE,Proposed Constitutional Amendment,,,No,832
DINWIDDIE COUNTY,401 - DINWIDDIE,Proposed Constitutional Amendment,,,Yes,414
DINWIDDIE COUNTY,402 - MCKENNEY,Proposed Constitutional Amendment,,,No,461
DINWIDDIE COUNTY,402 - MCKENNEY,Proposed Constitutional Amendment,,,Yes,243
DINWIDDIE COUNTY,403 - CHERRY HILL,Proposed Constitutional Amendment,,,No,252
DINWIDDIE COUNTY,403 - CHERRY HILL,Proposed Constitutional Amendment,,,Yes,185
DINWIDDIE COUNTY,501 - EDGEHILL,Proposed Constitutional Amendment,,,No,121
DINWIDDIE COUNTY,501 - EDGEHILL,Proposed Constitutional Amendment,,,Yes,311
DINWIDDIE COUNTY,502 - CHESDIN,Proposed Constitutional Amendment,,,No,506
DINWIDDIE COUNTY,502 - CHESDIN,Proposed Constitutional Amendment,,,Yes,734
EMPORIA CITY,101 - PRECINCT 1-1,Proposed Constitutional Amendment,,,No,109
EMPORIA CITY,101 - PRECINCT 1-1,Proposed Constitutional Amendment,,,Yes,170
EMPORIA CITY,201 - PRECINCT 2-1,Proposed Constitutional Amendment,,,No,19
EMPORIA CITY,201 - PRECINCT 2-1,Proposed Constitutional Amendment,,,Yes,149
EMPORIA CITY,301 - PRECINCT 3-1,Proposed Constitutional Amendment,,,No,139
EMPORIA CITY,301 - PRECINCT 3-1,Proposed Constitutional Amendment,,,Yes,125
EMPORIA CITY,401 - PRECINCT 4-1,Proposed Constitutional Amendment,,,No,107
EMPORIA CITY,401 - PRECINCT 4-1,Proposed Constitutional Amendment,,,Yes,126
EMPORIA CITY,501 - PRECINCT 5-1,Proposed Constitutional Amendment,,,No,4
EMPORIA CITY,501 - PRECINCT 5-1,Proposed Constitutional Amendment,,,Yes,138
EMPORIA CITY,601 - DISTRICT 6,Proposed Constitutional Amendment,,,No,168
EMPORIA CITY,601 - DISTRICT 6,Proposed Constitutional Amendment,,,Yes,126
EMPORIA CITY,701 - DISTRICT 7,Proposed Constitutional Amendment,,,No,29
EMPORIA CITY,701 - DISTRICT 7,Proposed Constitutional Amendment,,,Yes,110
ESSEX COUNTY,101 - GREATER TAPPAHANNOCK,Proposed Constitutional Amendment,,,No,464
ESSEX COUNTY,101 - GREATER TAPPAHANNOCK,Proposed Constitutional Amendment,,,Yes,473
ESSEX COUNTY,201 - NORTH,Proposed Constitutional Amendment,,,No,556
ESSEX COUNTY,201 - NORTH,Proposed Constitutional Amendment,,,Yes,561
ESSEX COUNTY,301 - SOUTH,Proposed Constitutional Amendment,,,No,861
ESSEX COUNTY,301 - SOUTH,Proposed Constitutional Amendment,,,Yes,399
ESSEX COUNTY,401 - CENTRAL,Proposed Constitutional Amendment,,,No,699
ESSEX COUNTY,401 - CENTRAL,Proposed Constitutional Amendment,,,Yes,461
FAIRFAX CITY,001 - ONE,Proposed Constitutional Amendment,,,No,420
FAIRFAX CITY,001 - ONE,Proposed Constitutional Amendment,,,Yes,852
FAIRFAX CITY,002 - TWO,Proposed Constitutional Amendment,,,No,595
FAIRFAX CITY,002 - TWO,Proposed Constitutional Amendment,,,Yes,1162
FAIRFAX CITY,003 - THREE,Proposed Constitutional Amendment,,,No,660
FAIRFAX CITY,003 - THREE,Proposed Constitutional Amendment,,,Yes,1353
FAIRFAX CITY,004 - FOUR,Proposed Constitutional Amendment,,,No,510
FAIRFAX CITY,004 - FOUR,Proposed Constitutional Amendment,,,Yes,1059
FAIRFAX CITY,005 - FIVE,Proposed Constitutional Amendment,,,No,435
FAIRFAX CITY,005 - FIVE,Proposed Constitutional Amendment,,,Yes,904
FAIRFAX CITY,006 - SIX,Proposed Constitutional Amendment,,,No,420
FAIRFAX CITY,006 - SIX,Proposed Constitutional Amendment,,,Yes,874
FAIRFAX COUNTY,104 - CHAPEL,Proposed Constitutional Amendment,,,No,499
FAIRFAX COUNTY,104 - CHAPEL,Proposed Constitutional Amendment,,,Yes,1019
FAIRFAX COUNTY,105 - FAIRVIEW,Proposed Constitutional Amendment,,,No,850
FAIRFAX COUNTY,105 - FAIRVIEW,Proposed Constitutional Amendment,,,Yes,1928
FAIRFAX COUNTY,106 - HERITAGE,Proposed Constitutional Amendment,,,No,373
FAIRFAX COUNTY,106 - HERITAGE,Proposed Constitutional Amendment,,,Yes,1052
FAIRFAX COUNTY,108 - KINGS PARK,Proposed Constitutional Amendment,,,No,583
FAIRFAX COUNTY,108 - KINGS PARK,Proposed Constitutional Amendment,,,Yes,1247
FAIRFAX COUNTY,109 - LITTLE RUN,Proposed Constitutional Amendment,,,No,290
FAIRFAX COUNTY,109 - LITTLE RUN,Proposed Constitutional Amendment,,,Yes,611
FAIRFAX COUNTY,110 - NORTH SPRINGFIELD,Proposed Constitutional Amendment,,,No,681
FAIRFAX COUNTY,110 - NORTH SPRINGFIELD,Proposed Constitutional Amendment,,,Yes,1458
FAIRFAX COUNTY,113 - CANTERBURY,Proposed Constitutional Amendment,,,No,689
FAIRFAX COUNTY,113 - CANTERBURY,Proposed Constitutional Amendment,,,Yes,1573
FAIRFAX COUNTY,114 - OLDE CREEK,Proposed Constitutional Amendment,,,No,440
FAIRFAX COUNTY,114 - OLDE CREEK,Proposed Constitutional Amendment,,,Yes,892
FAIRFAX COUNTY,115 - RAVENSWORTH,Proposed Constitutional Amendment,,,No,357
FAIRFAX COUNTY,115 - RAVENSWORTH,Proposed Constitutional Amendment,,,Yes,646
FAIRFAX COUNTY,116 - WAKEFIELD,Proposed Constitutional Amendment,,,No,417
FAIRFAX COUNTY,116 - WAKEFIELD,Proposed Constitutional Amendment,,,Yes,1011
FAIRFAX COUNTY,117 - WOODSON #1,Proposed Constitutional Amendment,,,No,321
FAIRFAX COUNTY,117 - WOODSON #1,Proposed Constitutional Amendment,,,Yes,667
FAIRFAX COUNTY,118 - LAKE BRADDOCK,Proposed Constitutional Amendment,,,No,603
FAIRFAX COUNTY,118 - LAKE BRADDOCK,Proposed Constitutional Amendment,,,Yes,1579
FAIRFAX COUNTY,119 - LAUREL,Proposed Constitutional Amendment,,,No,728
FAIRFAX COUNTY,119 - LAUREL,Proposed Constitutional Amendment,,,Yes,1585
FAIRFAX COUNTY,120 - SIDEBURN #1,Proposed Constitutional Amendment,,,No,243
FAIRFAX COUNTY,120 - SIDEBURN #1,Proposed Constitutional Amendment,,,Yes,396
FAIRFAX COUNTY,121 - VILLA,Proposed Constitutional Amendment,,,No,413
FAIRFAX COUNTY,121 - VILLA,Proposed Constitutional Amendment,,,Yes,791
FAIRFAX COUNTY,123 - ROBINSON,Proposed Constitutional Amendment,,,No,817
FAIRFAX COUNTY,123 - ROBINSON,Proposed Constitutional Amendment,,,Yes,2051
FAIRFAX COUNTY,125 - SIGNAL HILL,Proposed Constitutional Amendment,,,No,633
FAIRFAX COUNTY,125 - SIGNAL HILL,Proposed Constitutional Amendment,,,Yes,1325
FAIRFAX COUNTY,126 - BONNIE BRAE,Proposed Constitutional Amendment,,,No,406
FAIRFAX COUNTY,126 - BONNIE BRAE,Proposed Constitutional Amendment,,,Yes,993
FAIRFAX COUNTY,127 - BURKE CENTRE,Proposed Constitutional Amendment,,,No,715
FAIRFAX COUNTY,127 - BURKE CENTRE,Proposed Constitutional Amendment,,,Yes,1721
FAIRFAX COUNTY,128 - CARDINAL,Proposed Constitutional Amendment,,,No,407
FAIRFAX COUNTY,128 - CARDINAL,Proposed Constitutional Amendment,,,Yes,872
FAIRFAX COUNTY,129 - KEENE MILL,Proposed Constitutional Amendment,,,No,334
FAIRFAX COUNTY,129 - KEENE MILL,Proposed Constitutional Amendment,,,Yes,763
FAIRFAX COUNTY,130 - TERRA CENTRE,Proposed Constitutional Amendment,,,No,434
FAIRFAX COUNTY,130 - TERRA CENTRE,Proposed Constitutional Amendment,,,Yes,957
FAIRFAX COUNTY,131 - EAGLE VIEW #1,Proposed Constitutional Amendment,,,No,200
FAIRFAX COUNTY,131 - EAGLE VIEW #1,Proposed Constitutional Amendment,,,Yes,541
FAIRFAX COUNTY,132 - MONUMENT,Proposed Constitutional Amendment,,,No,491
FAIRFAX COUNTY,132 - MONUMENT,Proposed Constitutional Amendment,,,Yes,1484
FAIRFAX COUNTY,134 - UNIVERSITY,Proposed Constitutional Amendment,,,No,60
FAIRFAX COUNTY,134 - UNIVERSITY,Proposed Constitutional Amendment,,,Yes,560
FAIRFAX COUNTY,135 - IRVING,Proposed Constitutional Amendment,,,No,531
FAIRFAX COUNTY,135 - IRVING,Proposed Constitutional Amendment,,,Yes,1144
FAIRFAX COUNTY,136 - WOODSON #2,Proposed Constitutional Amendment,,,No,210
FAIRFAX COUNTY,136 - WOODSON #2,Proposed Constitutional Amendment,,,Yes,413
FAIRFAX COUNTY,137 - SIDEBURN #2,Proposed Constitutional Amendment,,,No,464
FAIRFAX COUNTY,137 - SIDEBURN #2,Proposed Constitutional Amendment,,,Yes,812
FAIRFAX COUNTY,138 - EAGLE VIEW #2,Proposed Constitutional Amendment,,,No,447
FAIRFAX COUNTY,138 - EAGLE VIEW #2,Proposed Constitutional Amendment,,,Yes,671
FAIRFAX COUNTY,201 - ARMSTRONG,Proposed Constitutional Amendment,,,No,503
FAIRFAX COUNTY,201 - ARMSTRONG,Proposed Constitutional Amendment,,,Yes,1697
FAIRFAX COUNTY,202 - FLINT HILL #1,Proposed Constitutional Amendment,,,No,353
FAIRFAX COUNTY,202 - FLINT HILL #1,Proposed Constitutional Amendment,,,Yes,565
FAIRFAX COUNTY,203 - FLORIS,Proposed Constitutional Amendment,,,No,719
FAIRFAX COUNTY,203 - FLORIS,Proposed Constitutional Amendment,,,Yes,1516
FAIRFAX COUNTY,204 - MADISON,Proposed Constitutional Amendment,,,No,131
FAIRFAX COUNTY,204 - MADISON,Proposed Constitutional Amendment,,,Yes,348
FAIRFAX COUNTY,208 - RESTON #1,Proposed Constitutional Amendment,,,No,458
FAIRFAX COUNTY,208 - RESTON #1,Proposed Constitutional Amendment,,,Yes,1759
FAIRFAX COUNTY,209 - RESTON #2,Proposed Constitutional Amendment,,,No,456
FAIRFAX COUNTY,209 - RESTON #2,Proposed Constitutional Amendment,,,Yes,1781
FAIRFAX COUNTY,213 - VIENNA #1,Proposed Constitutional Amendment,,,No,787
FAIRFAX COUNTY,213 - VIENNA #1,Proposed Constitutional Amendment,,,Yes,1749
FAIRFAX COUNTY,214 - VIENNA #2,Proposed Constitutional Amendment,,,No,620
FAIRFAX COUNTY,214 - VIENNA #2,Proposed Constitutional Amendment,,,Yes,1460
FAIRFAX COUNTY,216 - VIENNA #4,Proposed Constitutional Amendment,,,No,259
FAIRFAX COUNTY,216 - VIENNA #4,Proposed Constitutional Amendment,,,Yes,637
FAIRFAX COUNTY,218 - VIENNA #6,Proposed Constitutional Amendment,,,No,392
FAIRFAX COUNTY,218 - VIENNA #6,Proposed Constitutional Amendment,,,Yes,1035
FAIRFAX COUNTY,219 - WESTBRIAR #1,Proposed Constitutional Amendment,,,No,286
FAIRFAX COUNTY,219 - WESTBRIAR #1,Proposed Constitutional Amendment,,,Yes,662
FAIRFAX COUNTY,220 - DOGWOOD,Proposed Constitutional Amendment,,,No,538
FAIRFAX COUNTY,220 - DOGWOOD,Proposed Constitutional Amendment,,,Yes,1728
FAIRFAX COUNTY,221 - HUNTERS WOODS,Proposed Constitutional Amendment,,,No,510
FAIRFAX COUNTY,221 - HUNTERS WOODS,Proposed Constitutional Amendment,,,Yes,1366
FAIRFAX COUNTY,222 - RESTON #3,Proposed Constitutional Amendment,,,No,246
FAIRFAX COUNTY,222 - RESTON #3,Proposed Constitutional Amendment,,,Yes,1087
FAIRFAX COUNTY,223 - GLADE,Proposed Constitutional Amendment,,,No,468
FAIRFAX COUNTY,223 - GLADE,Proposed Constitutional Amendment,,,Yes,1793
FAIRFAX COUNTY,224 - SOUTH LAKES,Proposed Constitutional Amendment,,,No,544
FAIRFAX COUNTY,224 - SOUTH LAKES,Proposed Constitutional Amendment,,,Yes,2095
FAIRFAX COUNTY,225 - HUGHES,Proposed Constitutional Amendment,,,No,426
FAIRFAX COUNTY,225 - HUGHES,Proposed Constitutional Amendment,,,Yes,1593
FAIRFAX COUNTY,226 - WOLFTRAP,Proposed Constitutional Amendment,,,No,716
FAIRFAX COUNTY,226 - WOLFTRAP,Proposed Constitutional Amendment,,,Yes,1460
FAIRFAX COUNTY,227 - SUNRISE VALLEY #1,Proposed Constitutional Amendment,,,No,369
FAIRFAX COUNTY,227 - SUNRISE VALLEY #1,Proposed Constitutional Amendment,,,Yes,973
FAIRFAX COUNTY,229 - FOX MILL #1,Proposed Constitutional Amendment,,,No,848
FAIRFAX COUNTY,229 - FOX MILL #1,Proposed Constitutional Amendment,,,Yes,1669
FAIRFAX COUNTY,233 - NORTH POINT,Proposed Constitutional Amendment,,,No,522
FAIRFAX COUNTY,233 - NORTH POINT,Proposed Constitutional Amendment,,,Yes,981
FAIRFAX COUNTY,234 - ALDRIN,Proposed Constitutional Amendment,,,No,421
FAIRFAX COUNTY,234 - ALDRIN,Proposed Constitutional Amendment,,,Yes,1335
FAIRFAX COUNTY,235 - FRYING PAN,Proposed Constitutional Amendment,,,No,408
FAIRFAX COUNTY,235 - FRYING PAN,Proposed Constitutional Amendment,,,Yes,1231
FAIRFAX COUNTY,236 - STUART,Proposed Constitutional Amendment,,,No,222
FAIRFAX COUNTY,236 - STUART,Proposed Constitutional Amendment,,,Yes,613
FAIRFAX COUNTY,237 - MCNAIR,Proposed Constitutional Amendment,,,No,375
FAIRFAX COUNTY,237 - MCNAIR,Proposed Constitutional Amendment,,,Yes,1473
FAIRFAX COUNTY,238 - CAMERON GLEN,Proposed Constitutional Amendment,,,No,651
FAIRFAX COUNTY,238 - CAMERON GLEN,Proposed Constitutional Amendment,,,Yes,1679
FAIRFAX COUNTY,240 - COLVIN,Proposed Constitutional Amendment,,,No,502
FAIRFAX COUNTY,240 - COLVIN,Proposed Constitutional Amendment,,,Yes,889
FAIRFAX COUNTY,241 - FLINT HILL #2,Proposed Constitutional Amendment,,,No,305
FAIRFAX COUNTY,241 - FLINT HILL #2,Proposed Constitutional Amendment,,,Yes,636
FAIRFAX COUNTY,242 - WESTBRIAR #2,Proposed Constitutional Amendment,,,No,367
FAIRFAX COUNTY,242 - WESTBRIAR #2,Proposed Constitutional Amendment,,,Yes,689
FAIRFAX COUNTY,243 - SUNRISE VALLEY #2,Proposed Constitutional Amendment,,,No,217
FAIRFAX COUNTY,243 - SUNRISE VALLEY #2,Proposed Constitutional Amendment,,,Yes,400
FAIRFAX COUNTY,244 - FOX MILL #2,Proposed Constitutional Amendment,,,No,144
FAIRFAX COUNTY,244 - FOX MILL #2,Proposed Constitutional Amendment,,,Yes,191
FAIRFAX COUNTY,245 - PINEY RUN,Proposed Constitutional Amendment,,,No,212
FAIRFAX COUNTY,245 - PINEY RUN,Proposed Constitutional Amendment,,,Yes,368
FAIRFAX COUNTY,301 - CHAIN BRIDGE,Proposed Constitutional Amendment,,,No,718
FAIRFAX COUNTY,301 - CHAIN BRIDGE,Proposed Constitutional Amendment,,,Yes,1223
FAIRFAX COUNTY,302 - CHESTERBROOK,Proposed Constitutional Amendment,,,No,553
FAIRFAX COUNTY,302 - CHESTERBROOK,Proposed Constitutional Amendment,,,Yes,1124
FAIRFAX COUNTY,303 - CHURCHILL,Proposed Constitutional Amendment,,,No,348
FAIRFAX COUNTY,303 - CHURCHILL,Proposed Constitutional Amendment,,,Yes,577
FAIRFAX COUNTY,304 - COOPER,Proposed Constitutional Amendment,,,No,473
FAIRFAX COUNTY,304 - COOPER,Proposed Constitutional Amendment,,,Yes,687
FAIRFAX COUNTY,305 - EL NIDO,Proposed Constitutional Amendment,,,No,423
FAIRFAX COUNTY,305 - EL NIDO,Proposed Constitutional Amendment,,,Yes,975
FAIRFAX COUNTY,306 - GREAT FALLS,Proposed Constitutional Amendment,,,No,536
FAIRFAX COUNTY,306 - GREAT FALLS,Proposed Constitutional Amendment,,,Yes,641
FAIRFAX COUNTY,307 - HAYCOCK,Proposed Constitutional Amendment,,,No,717
FAIRFAX COUNTY,307 - HAYCOCK,Proposed Constitutional Amendment,,,Yes,1828
FAIRFAX COUNTY,309 - KENMORE,Proposed Constitutional Amendment,,,No,802
FAIRFAX COUNTY,309 - KENMORE,Proposed Constitutional Amendment,,,Yes,1221
FAIRFAX COUNTY,310 - KIRBY,Proposed Constitutional Amendment,,,No,386
FAIRFAX COUNTY,310 - KIRBY,Proposed Constitutional Amendment,,,Yes,863
FAIRFAX COUNTY,311 - LANGLEY,Proposed Constitutional Amendment,,,No,498
FAIRFAX COUNTY,311 - LANGLEY,Proposed Constitutional Amendment,,,Yes,699
FAIRFAX COUNTY,312 - LONGFELLOW,Proposed Constitutional Amendment,,,No,427
FAIRFAX COUNTY,312 - LONGFELLOW,Proposed Constitutional Amendment,,,Yes,1104
FAIRFAX COUNTY,314 - MCLEAN,Proposed Constitutional Amendment,,,No,491
FAIRFAX COUNTY,314 - MCLEAN,Proposed Constitutional Amendment,,,Yes,984
FAIRFAX COUNTY,315 - PIMMIT,Proposed Constitutional Amendment,,,No,533
FAIRFAX COUNTY,315 - PIMMIT,Proposed Constitutional Amendment,,,Yes,1315
FAIRFAX COUNTY,316 - SALONA,Proposed Constitutional Amendment,,,No,540
FAIRFAX COUNTY,316 - SALONA,Proposed Constitutional Amendment,,,Yes,1053
FAIRFAX COUNTY,317 - WESTHAMPTON,Proposed Constitutional Amendment,,,No,198
FAIRFAX COUNTY,317 - WESTHAMPTON,Proposed Constitutional Amendment,,,Yes,408
FAIRFAX COUNTY,318 - WESTMORELAND,Proposed Constitutional Amendment,,,No,271
FAIRFAX COUNTY,318 - WESTMORELAND,Proposed Constitutional Amendment,,,Yes,673
FAIRFAX COUNTY,319 - HERNDON #1,Proposed Constitutional Amendment,,,No,657
FAIRFAX COUNTY,319 - HERNDON #1,Proposed Constitutional Amendment,,,Yes,1582
FAIRFAX COUNTY,320 - HERNDON #2,Proposed Constitutional Amendment,,,No,539
FAIRFAX COUNTY,320 - HERNDON #2,Proposed Constitutional Amendment,,,Yes,1626
FAIRFAX COUNTY,321 - CLEARVIEW,Proposed Constitutional Amendment,,,No,820
FAIRFAX COUNTY,321 - CLEARVIEW,Proposed Constitutional Amendment,,,Yes,1635
FAIRFAX COUNTY,322 - FORESTVILLE,Proposed Constitutional Amendment,,,No,845
FAIRFAX COUNTY,322 - FORESTVILLE,Proposed Constitutional Amendment,,,Yes,944
FAIRFAX COUNTY,323 - SHOUSE,Proposed Constitutional Amendment,,,No,423
FAIRFAX COUNTY,323 - SHOUSE,Proposed Constitutional Amendment,,,Yes,869
FAIRFAX COUNTY,324 - HERNDON #3,Proposed Constitutional Amendment,,,No,527
FAIRFAX COUNTY,324 - HERNDON #3,Proposed Constitutional Amendment,,,Yes,1351
FAIRFAX COUNTY,325 - HUTCHISON,Proposed Constitutional Amendment,,,No,152
FAIRFAX COUNTY,325 - HUTCHISON,Proposed Constitutional Amendment,,,Yes,772
FAIRFAX COUNTY,327 - SUGARLAND,Proposed Constitutional Amendment,,,No,719
FAIRFAX COUNTY,327 - SUGARLAND,Proposed Constitutional Amendment,,,Yes,1317
FAIRFAX COUNTY,328 - HICKORY,Proposed Constitutional Amendment,,,No,823
FAIRFAX COUNTY,328 - HICKORY,Proposed Constitutional Amendment,,,Yes,1085
FAIRFAX COUNTY,329 - SENECA,Proposed Constitutional Amendment,,,No,868
FAIRFAX COUNTY,329 - SENECA,Proposed Constitutional Amendment,,,Yes,1033
FAIRFAX COUNTY,331 - SPRING HILL,Proposed Constitutional Amendment,,,No,473
FAIRFAX COUNTY,331 - SPRING HILL,Proposed Constitutional Amendment,,,Yes,810
FAIRFAX COUNTY,332 - COATES,Proposed Constitutional Amendment,,,No,561
FAIRFAX COUNTY,332 - COATES,Proposed Constitutional Amendment,,,Yes,1914
FAIRFAX COUNTY,401 - BUSH HILL,Proposed Constitutional Amendment,,,No,570
FAIRFAX COUNTY,401 - BUSH HILL,Proposed Constitutional Amendment,,,Yes,1488
FAIRFAX COUNTY,402 - CAMERON,Proposed Constitutional Amendment,,,No,165
FAIRFAX COUNTY,402 - CAMERON,Proposed Constitutional Amendment,,,Yes,457
FAIRFAX COUNTY,403 - FORESTDALE,Proposed Constitutional Amendment,,,No,157
FAIRFAX COUNTY,403 - FORESTDALE,Proposed Constitutional Amendment,,,Yes,490
FAIRFAX COUNTY,404 - EDISON #1,Proposed Constitutional Amendment,,,No,271
FAIRFAX COUNTY,404 - EDISON #1,Proposed Constitutional Amendment,,,Yes,783
FAIRFAX COUNTY,405 - GROVETON,Proposed Constitutional Amendment,,,No,196
FAIRFAX COUNTY,405 - GROVETON,Proposed Constitutional Amendment,,,Yes,665
FAIRFAX COUNTY,406 - HAYFIELD,Proposed Constitutional Amendment,,,No,505
FAIRFAX COUNTY,406 - HAYFIELD,Proposed Constitutional Amendment,,,Yes,975
FAIRFAX COUNTY,408 - MOUNT EAGLE,Proposed Constitutional Amendment,,,No,262
FAIRFAX COUNTY,408 - MOUNT EAGLE,Proposed Constitutional Amendment,,,Yes,1178
FAIRFAX COUNTY,409 - PIONEER,Proposed Constitutional Amendment,,,No,430
FAIRFAX COUNTY,409 - PIONEER,Proposed Constitutional Amendment,,,Yes,1250
FAIRFAX COUNTY,410 - ROSE HILL,Proposed Constitutional Amendment,,,No,721
FAIRFAX COUNTY,410 - ROSE HILL,Proposed Constitutional Amendment,,,Yes,1802
FAIRFAX COUNTY,411 - VIRGINIA HILLS,Proposed Constitutional Amendment,,,No,309
FAIRFAX COUNTY,411 - VIRGINIA HILLS,Proposed Constitutional Amendment,,,Yes,924
FAIRFAX COUNTY,413 - FAIRFIELD,Proposed Constitutional Amendment,,,No,163
FAIRFAX COUNTY,413 - FAIRFIELD,Proposed Constitutional Amendment,,,Yes,888
FAIRFAX COUNTY,415 - CRESTWOOD,Proposed Constitutional Amendment,,,No,424
FAIRFAX COUNTY,415 - CRESTWOOD,Proposed Constitutional Amendment,,,Yes,839
FAIRFAX COUNTY,417 - GARFIELD,Proposed Constitutional Amendment,,,No,513
FAIRFAX COUNTY,417 - GARFIELD,Proposed Constitutional Amendment,,,Yes,1214
FAIRFAX COUNTY,418 - LYNBROOK #1,Proposed Constitutional Amendment,,,No,245
FAIRFAX COUNTY,418 - LYNBROOK #1,Proposed Constitutional Amendment,,,Yes,588
FAIRFAX COUNTY,419 - LANE,Proposed Constitutional Amendment,,,No,313
FAIRFAX COUNTY,419 - LANE,Proposed Constitutional Amendment,,,Yes,970
FAIRFAX COUNTY,420 - VILLAGES,Proposed Constitutional Amendment,,,No,641
FAIRFAX COUNTY,420 - VILLAGES,Proposed Constitutional Amendment,,,Yes,1898
FAIRFAX COUNTY,421 - KINGSTOWNE,Proposed Constitutional Amendment,,,No,447
FAIRFAX COUNTY,421 - KINGSTOWNE,Proposed Constitutional Amendment,,,Yes,1362
FAIRFAX COUNTY,422 - VAN DORN,Proposed Constitutional Amendment,,,No,430
FAIRFAX COUNTY,422 - VAN DORN,Proposed Constitutional Amendment,,,Yes,1502
FAIRFAX COUNTY,423 - CLERMONT,Proposed Constitutional Amendment,,,No,464
FAIRFAX COUNTY,423 - CLERMONT,Proposed Constitutional Amendment,,,Yes,1175
FAIRFAX COUNTY,424 - HUNTLEY,Proposed Constitutional Amendment,,,No,426
FAIRFAX COUNTY,424 - HUNTLEY,Proposed Constitutional Amendment,,,Yes,1215
FAIRFAX COUNTY,426 - GREENSPRING,Proposed Constitutional Amendment,,,No,325
FAIRFAX COUNTY,426 - GREENSPRING,Proposed Constitutional Amendment,,,Yes,1009
FAIRFAX COUNTY,427 - ISLAND CREEK,Proposed Constitutional Amendment,,,No,387
FAIRFAX COUNTY,427 - ISLAND CREEK,Proposed Constitutional Amendment,,,Yes,1221
FAIRFAX COUNTY,428 - PINEWOOD,Proposed Constitutional Amendment,,,No,232
FAIRFAX COUNTY,428 - PINEWOOD,Proposed Constitutional Amendment,,,Yes,1178
FAIRFAX COUNTY,429 - HYBLA VALLEY,Proposed Constitutional Amendment,,,No,210
FAIRFAX COUNTY,429 - HYBLA VALLEY,Proposed Constitutional Amendment,,,Yes,1068
FAIRFAX COUNTY,431 - WEST SPRINGFIELD,Proposed Constitutional Amendment,,,No,534
FAIRFAX COUNTY,431 - WEST SPRINGFIELD,Proposed Constitutional Amendment,,,Yes,1266
FAIRFAX COUNTY,432 - EDISON #2,Proposed Constitutional Amendment,,,No,350
FAIRFAX COUNTY,432 - EDISON #2,Proposed Constitutional Amendment,,,Yes,1305
FAIRFAX COUNTY,433 - LYNBROOK #2,Proposed Constitutional Amendment,,,No,20
FAIRFAX COUNTY,433 - LYNBROOK #2,Proposed Constitutional Amendment,,,Yes,45
FAIRFAX COUNTY,501 - BAILEYS,Proposed Constitutional Amendment,,,No,350
FAIRFAX COUNTY,501 - BAILEYS,Proposed Constitutional Amendment,,,Yes,1400
FAIRFAX COUNTY,502 - BARCROFT,Proposed Constitutional Amendment,,,No,263
FAIRFAX COUNTY,502 - BARCROFT,Proposed Constitutional Amendment,,,Yes,688
FAIRFAX COUNTY,503 - BELVEDERE,Proposed Constitutional Amendment,,,No,241
FAIRFAX COUNTY,503 - BELVEDERE,Proposed Constitutional Amendment,,,Yes,769
FAIRFAX COUNTY,504 - BRISTOW,Proposed Constitutional Amendment,,,No,282
FAIRFAX COUNTY,504 - BRISTOW,Proposed Constitutional Amendment,,,Yes,737
FAIRFAX COUNTY,505 - GLEN FOREST,Proposed Constitutional Amendment,,,No,270
FAIRFAX COUNTY,505 - GLEN FOREST,Proposed Constitutional Amendment,,,Yes,1030
FAIRFAX COUNTY,506 - HOLMES,Proposed Constitutional Amendment,,,No,67
FAIRFAX COUNTY,506 - HOLMES,Proposed Constitutional Amendment,,,Yes,190
FAIRFAX COUNTY,507 - LINCOLNIA,Proposed Constitutional Amendment,,,No,354
FAIRFAX COUNTY,507 - LINCOLNIA,Proposed Constitutional Amendment,,,Yes,1246
FAIRFAX COUNTY,508 - MASONVILLE,Proposed Constitutional Amendment,,,No,356
FAIRFAX COUNTY,508 - MASONVILLE,Proposed Constitutional Amendment,,,Yes,825
FAIRFAX COUNTY,509 - PLAZA,Proposed Constitutional Amendment,,,No,65
FAIRFAX COUNTY,509 - PLAZA,Proposed Constitutional Amendment,,,Yes,412
FAIRFAX COUNTY,510 - PARKLAWN,Proposed Constitutional Amendment,,,No,334
FAIRFAX COUNTY,510 - PARKLAWN,Proposed Constitutional Amendment,,,Yes,808
FAIRFAX COUNTY,511 - RAVENWOOD,Proposed Constitutional Amendment,,,No,261
FAIRFAX COUNTY,511 - RAVENWOOD,Proposed Constitutional Amendment,,,Yes,779
FAIRFAX COUNTY,512 - SLEEPY HOLLOW,Proposed Constitutional Amendment,,,No,519
FAIRFAX COUNTY,512 - SLEEPY HOLLOW,Proposed Constitutional Amendment,,,Yes,1347
FAIRFAX COUNTY,513 - SAINT ALBANS,Proposed Constitutional Amendment,,,No,427
FAIRFAX COUNTY,513 - SAINT ALBANS,Proposed Constitutional Amendment,,,Yes,1018
FAIRFAX COUNTY,514 - CROSSROADS,Proposed Constitutional Amendment,,,No,77
FAIRFAX COUNTY,514 - CROSSROADS,Proposed Constitutional Amendment,,,Yes,534
FAIRFAX COUNTY,515 - WESTLAWN,Proposed Constitutional Amendment,,,No,200
FAIRFAX COUNTY,515 - WESTLAWN,Proposed Constitutional Amendment,,,Yes,696
FAIRFAX COUNTY,516 - WEYANOKE,Proposed Constitutional Amendment,,,No,376
FAIRFAX COUNTY,516 - WEYANOKE,Proposed Constitutional Amendment,,,Yes,1118
FAIRFAX COUNTY,517 - WILLSTON,Proposed Constitutional Amendment,,,No,165
FAIRFAX COUNTY,517 - WILLSTON,Proposed Constitutional Amendment,,,Yes,487
FAIRFAX COUNTY,518 - COLUMBIA,Proposed Constitutional Amendment,,,No,374
FAIRFAX COUNTY,518 - COLUMBIA,Proposed Constitutional Amendment,,,Yes,807
FAIRFAX COUNTY,520 - SKYLINE,Proposed Constitutional Amendment,,,No,177
FAIRFAX COUNTY,520 - SKYLINE,Proposed Constitutional Amendment,,,Yes,926
FAIRFAX COUNTY,521 - BROOK HILL,Proposed Constitutional Amendment,,,No,368
FAIRFAX COUNTY,521 - BROOK HILL,Proposed Constitutional Amendment,,,Yes,658
FAIRFAX COUNTY,522 - CAMELOT,Proposed Constitutional Amendment,,,No,430
FAIRFAX COUNTY,522 - CAMELOT,Proposed Constitutional Amendment,,,Yes,907
FAIRFAX COUNTY,523 - POE,Proposed Constitutional Amendment,,,No,416
FAIRFAX COUNTY,523 - POE,Proposed Constitutional Amendment,,,Yes,1002
FAIRFAX COUNTY,525 - WALNUT HILL,Proposed Constitutional Amendment,,,No,559
FAIRFAX COUNTY,525 - WALNUT HILL,Proposed Constitutional Amendment,,,Yes,1284
FAIRFAX COUNTY,526 - BREN MAR,Proposed Constitutional Amendment,,,No,379
FAIRFAX COUNTY,526 - BREN MAR,Proposed Constitutional Amendment,,,Yes,1430
FAIRFAX COUNTY,527 - EDSALL,Proposed Constitutional Amendment,,,No,328
FAIRFAX COUNTY,527 - EDSALL,Proposed Constitutional Amendment,,,Yes,709
FAIRFAX COUNTY,528 - RIDGELEA,Proposed Constitutional Amendment,,,No,108
FAIRFAX COUNTY,528 - RIDGELEA,Proposed Constitutional Amendment,,,Yes,248
FAIRFAX COUNTY,530 - TRIPPS,Proposed Constitutional Amendment,,,No,158
FAIRFAX COUNTY,530 - TRIPPS,Proposed Constitutional Amendment,,,Yes,638
FAIRFAX COUNTY,535 - FORT BUFFALO,Proposed Constitutional Amendment,,,No,212
FAIRFAX COUNTY,535 - FORT BUFFALO,Proposed Constitutional Amendment,,,Yes,727
FAIRFAX COUNTY,536 - WOODBURN,Proposed Constitutional Amendment,,,No,543
FAIRFAX COUNTY,536 - WOODBURN,Proposed Constitutional Amendment,,,Yes,1328
FAIRFAX COUNTY,601 - BELLE HAVEN,Proposed Constitutional Amendment,,,No,521
FAIRFAX COUNTY,601 - BELLE HAVEN,Proposed Constitutional Amendment,,,Yes,874
FAIRFAX COUNTY,602 - BELLEVIEW,Proposed Constitutional Amendment,,,No,386
FAIRFAX COUNTY,602 - BELLEVIEW,Proposed Constitutional Amendment,,,Yes,851
FAIRFAX COUNTY,604 - BUCKNELL,Proposed Constitutional Amendment,,,No,421
FAIRFAX COUNTY,604 - BUCKNELL,Proposed Constitutional Amendment,,,Yes,1438
FAIRFAX COUNTY,605 - FORT HUNT,Proposed Constitutional Amendment,,,No,581
FAIRFAX COUNTY,605 - FORT HUNT,Proposed Constitutional Amendment,,,Yes,992
FAIRFAX COUNTY,606 - HOLLIN HALL,Proposed Constitutional Amendment,,,No,639
FAIRFAX COUNTY,606 - HOLLIN HALL,Proposed Constitutional Amendment,,,Yes,1248
FAIRFAX COUNTY,607 - HUNTINGTON,Proposed Constitutional Amendment,,,No,204
FAIRFAX COUNTY,607 - HUNTINGTON,Proposed Constitutional Amendment,,,Yes,937
FAIRFAX COUNTY,608 - KIRKSIDE,Proposed Constitutional Amendment,,,No,310
FAIRFAX COUNTY,608 - KIRKSIDE,Proposed Constitutional Amendment,,,Yes,1041
FAIRFAX COUNTY,609 - MARLAN,Proposed Constitutional Amendment,,,No,537
FAIRFAX COUNTY,609 - MARLAN,Proposed Constitutional Amendment,,,Yes,952
FAIRFAX COUNTY,610 - SHERWOOD,Proposed Constitutional Amendment,,,No,315
FAIRFAX COUNTY,610 - SHERWOOD,Proposed Constitutional Amendment,,,Yes,861
FAIRFAX COUNTY,611 - STRATFORD,Proposed Constitutional Amendment,,,No,733
FAIRFAX COUNTY,611 - STRATFORD,Proposed Constitutional Amendment,,,Yes,1335
FAIRFAX COUNTY,612 - WAYNEWOOD,Proposed Constitutional Amendment,,,No,330
FAIRFAX COUNTY,612 - WAYNEWOOD,Proposed Constitutional Amendment,,,Yes,579
FAIRFAX COUNTY,613 - WESTGATE,Proposed Constitutional Amendment,,,No,1007
FAIRFAX COUNTY,613 - WESTGATE,Proposed Constitutional Amendment,,,Yes,1155
FAIRFAX COUNTY,614 - RIVERSIDE,Proposed Constitutional Amendment,,,No,498
FAIRFAX COUNTY,614 - RIVERSIDE,Proposed Constitutional Amendment,,,Yes,845
FAIRFAX COUNTY,615 - WOODLEY,Proposed Constitutional Amendment,,,No,528
FAIRFAX COUNTY,615 - WOODLEY,Proposed Constitutional Amendment,,,Yes,1118
FAIRFAX COUNTY,616 - GUNSTON,Proposed Constitutional Amendment,,,No,629
FAIRFAX COUNTY,616 - GUNSTON,Proposed Constitutional Amendment,,,Yes,563
FAIRFAX COUNTY,617 - LORTON,Proposed Constitutional Amendment,,,No,329
FAIRFAX COUNTY,617 - LORTON,Proposed Constitutional Amendment,,,Yes,1430
FAIRFAX COUNTY,618 - NEWINGTON #1,Proposed Constitutional Amendment,,,No,434
FAIRFAX COUNTY,618 - NEWINGTON #1,Proposed Constitutional Amendment,,,Yes,815
FAIRFAX COUNTY,621 - GROSVENOR,Proposed Constitutional Amendment,,,No,229
FAIRFAX COUNTY,621 - GROSVENOR,Proposed Constitutional Amendment,,,Yes,827
FAIRFAX COUNTY,622 - LORTON STATION,Proposed Constitutional Amendment,,,No,358
FAIRFAX COUNTY,622 - LORTON STATION,Proposed Constitutional Amendment,,,Yes,1401
FAIRFAX COUNTY,623 - ALBAN,Proposed Constitutional Amendment,,,No,401
FAIRFAX COUNTY,623 - ALBAN,Proposed Constitutional Amendment,,,Yes,1034
FAIRFAX COUNTY,627 - WOODLAWN #1,Proposed Constitutional Amendment,,,No,246
FAIRFAX COUNTY,627 - WOODLAWN #1,Proposed Constitutional Amendment,,,Yes,601
FAIRFAX COUNTY,628 - LAUREL HILL #1,Proposed Constitutional Amendment,,,No,368
FAIRFAX COUNTY,628 - LAUREL HILL #1,Proposed Constitutional Amendment,,,Yes,1167
FAIRFAX COUNTY,629 - SOUTH COUNTY,Proposed Constitutional Amendment,,,No,428
FAIRFAX COUNTY,629 - SOUTH COUNTY,Proposed Constitutional Amendment,,,Yes,940
FAIRFAX COUNTY,630 - ARMY,Proposed Constitutional Amendment,,,No,374
FAIRFAX COUNTY,630 - ARMY,Proposed Constitutional Amendment,,,Yes,894
FAIRFAX COUNTY,631 - POHICK CREEK,Proposed Constitutional Amendment,,,No,344
FAIRFAX COUNTY,631 - POHICK CREEK,Proposed Constitutional Amendment,,,Yes,829
FAIRFAX COUNTY,632 - HALLEY #1,Proposed Constitutional Amendment,,,No,300
FAIRFAX COUNTY,632 - HALLEY #1,Proposed Constitutional Amendment,,,Yes,330
FAIRFAX COUNTY,633 - HALLEY #2,Proposed Constitutional Amendment,,,No,74
FAIRFAX COUNTY,633 - HALLEY #2,Proposed Constitutional Amendment,,,Yes,93
FAIRFAX COUNTY,634 - NEWINGTON #2,Proposed Constitutional Amendment,,,No,380
FAIRFAX COUNTY,634 - NEWINGTON #2,Proposed Constitutional Amendment,,,Yes,1147
FAIRFAX COUNTY,635 - WOODLAWN #2,Proposed Constitutional Amendment,,,No,164
FAIRFAX COUNTY,635 - WOODLAWN #2,Proposed Constitutional Amendment,,,Yes,712
FAIRFAX COUNTY,636 - LAUREL HILL #2,Proposed Constitutional Amendment,,,No,125
FAIRFAX COUNTY,636 - LAUREL HILL #2,Proposed Constitutional Amendment,,,Yes,513
FAIRFAX COUNTY,637 - MONTEBELLO,Proposed Constitutional Amendment,,,No,219
FAIRFAX COUNTY,637 - MONTEBELLO,Proposed Constitutional Amendment,,,Yes,617
FAIRFAX COUNTY,701 - BLAKE,Proposed Constitutional Amendment,,,No,597
FAIRFAX COUNTY,701 - BLAKE,Proposed Constitutional Amendment,,,Yes,1752
FAIRFAX COUNTY,704 - FREEDOM HILL,Proposed Constitutional Amendment,,,No,379
FAIRFAX COUNTY,704 - FREEDOM HILL,Proposed Constitutional Amendment,,,Yes,976
FAIRFAX COUNTY,705 - GRAHAM-GREENWAY,Proposed Constitutional Amendment,,,No,451
FAIRFAX COUNTY,705 - GRAHAM-GREENWAY,Proposed Constitutional Amendment,,,Yes,1503
FAIRFAX COUNTY,707 - MANTUA,Proposed Constitutional Amendment,,,No,435
FAIRFAX COUNTY,707 - MANTUA,Proposed Constitutional Amendment,,,Yes,1066
FAIRFAX COUNTY,708 - MARSHALL,Proposed Constitutional Amendment,,,No,424
FAIRFAX COUNTY,708 - MARSHALL,Proposed Constitutional Amendment,,,Yes,1456
FAIRFAX COUNTY,709 - MOSBY #1,Proposed Constitutional Amendment,,,No,307
FAIRFAX COUNTY,709 - MOSBY #1,Proposed Constitutional Amendment,,,Yes,857
FAIRFAX COUNTY,710 - PINE SPRING,Proposed Constitutional Amendment,,,No,297
FAIRFAX COUNTY,710 - PINE SPRING,Proposed Constitutional Amendment,,,Yes,879
FAIRFAX COUNTY,711 - PRICE,Proposed Constitutional Amendment,,,No,368
FAIRFAX COUNTY,711 - PRICE,Proposed Constitutional Amendment,,,Yes,832
FAIRFAX COUNTY,712 - SHREVE,Proposed Constitutional Amendment,,,No,419
FAIRFAX COUNTY,712 - SHREVE,Proposed Constitutional Amendment,,,Yes,1308
FAIRFAX COUNTY,713 - TIMBER LANE,Proposed Constitutional Amendment,,,No,397
FAIRFAX COUNTY,713 - TIMBER LANE,Proposed Constitutional Amendment,,,Yes,1275
FAIRFAX COUNTY,714 - WALKER,Proposed Constitutional Amendment,,,No,545
FAIRFAX COUNTY,714 - WALKER,Proposed Constitutional Amendment,,,Yes,1341
FAIRFAX COUNTY,718 - PINE RIDGE,Proposed Constitutional Amendment,,,No,399
FAIRFAX COUNTY,718 - PINE RIDGE,Proposed Constitutional Amendment,,,Yes,896
FAIRFAX COUNTY,720 - THOREAU,Proposed Constitutional Amendment,,,No,519
FAIRFAX COUNTY,720 - THOREAU,Proposed Constitutional Amendment,,,Yes,1348
FAIRFAX COUNTY,721 - MERRIFIELD,Proposed Constitutional Amendment,,,No,331
FAIRFAX COUNTY,721 - MERRIFIELD,Proposed Constitutional Amendment,,,Yes,1473
FAIRFAX COUNTY,723 - GALLOWS EAST,Proposed Constitutional Amendment,,,No,223
FAIRFAX COUNTY,723 - GALLOWS EAST,Proposed Constitutional Amendment,,,Yes,814
FAIRFAX COUNTY,726 - MAGARITY,Proposed Constitutional Amendment,,,No,541
FAIRFAX COUNTY,726 - MAGARITY,Proposed Constitutional Amendment,,,Yes,1521
FAIRFAX COUNTY,727 - OAKTON,Proposed Constitutional Amendment,,,No,574
FAIRFAX COUNTY,727 - OAKTON,Proposed Constitutional Amendment,,,Yes,1028
FAIRFAX COUNTY,729 - NOTTOWAY,Proposed Constitutional Amendment,,,No,493
FAIRFAX COUNTY,729 - NOTTOWAY,Proposed Constitutional Amendment,,,Yes,1564
FAIRFAX COUNTY,731 - TYSONS,Proposed Constitutional Amendment,,,No,301
FAIRFAX COUNTY,731 - TYSONS,Proposed Constitutional Amendment,,,Yes,851
FAIRFAX COUNTY,732 - OAKTREE CROSSING,Proposed Constitutional Amendment,,,No,846
FAIRFAX COUNTY,732 - OAKTREE CROSSING,Proposed Constitutional Amendment,,,Yes,1344
FAIRFAX COUNTY,733 - KILMER,Proposed Constitutional Amendment,,,No,563
FAIRFAX COUNTY,733 - KILMER,Proposed Constitutional Amendment,,,Yes,1824
FAIRFAX COUNTY,734 - HUNTERS BRANCH,Proposed Constitutional Amendment,,,No,382
FAIRFAX COUNTY,734 - HUNTERS BRANCH,Proposed Constitutional Amendment,,,Yes,1214
FAIRFAX COUNTY,735 - ROTONDA,Proposed Constitutional Amendment,,,No,214
FAIRFAX COUNTY,735 - ROTONDA,Proposed Constitutional Amendment,,,Yes,459
FAIRFAX COUNTY,736 - BEDFORD,Proposed Constitutional Amendment,,,No,31
FAIRFAX COUNTY,736 - BEDFORD,Proposed Constitutional Amendment,,,Yes,131
FAIRFAX COUNTY,737 - MOSBY #2,Proposed Constitutional Amendment,,,No,111
FAIRFAX COUNTY,737 - MOSBY #2,Proposed Constitutional Amendment,,,Yes,362
FAIRFAX COUNTY,738 - JONES BRANCH,Proposed Constitutional Amendment,,,No,208
FAIRFAX COUNTY,738 - JONES BRANCH,Proposed Constitutional Amendment,,,Yes,578
FAIRFAX COUNTY,801 - BURKE #1,Proposed Constitutional Amendment,,,No,398
FAIRFAX COUNTY,801 - BURKE #1,Proposed Constitutional Amendment,,,Yes,996
FAIRFAX COUNTY,802 - CEDAR LAKE,Proposed Constitutional Amendment,,,No,215
FAIRFAX COUNTY,802 - CEDAR LAKE,Proposed Constitutional Amendment,,,Yes,545
FAIRFAX COUNTY,803 - CLIFTON SOUTH,Proposed Constitutional Amendment,,,No,808
FAIRFAX COUNTY,803 - CLIFTON SOUTH,Proposed Constitutional Amendment,,,Yes,748
FAIRFAX COUNTY,804 - COLCHESTER,Proposed Constitutional Amendment,,,No,562
FAIRFAX COUNTY,804 - COLCHESTER,Proposed Constitutional Amendment,,,Yes,600
FAIRFAX COUNTY,805 - FAIRFAX STATION,Proposed Constitutional Amendment,,,No,446
FAIRFAX COUNTY,805 - FAIRFAX STATION,Proposed Constitutional Amendment,,,Yes,587
FAIRFAX COUNTY,806 - SYDENSTRICKER,Proposed Constitutional Amendment,,,No,650
FAIRFAX COUNTY,806 - SYDENSTRICKER,Proposed Constitutional Amendment,,,Yes,1225
FAIRFAX COUNTY,807 - HUNT VALLEY,Proposed Constitutional Amendment,,,No,508
FAIRFAX COUNTY,807 - HUNT VALLEY,Proposed Constitutional Amendment,,,Yes,969
FAIRFAX COUNTY,811 - POHICK,Proposed Constitutional Amendment,,,No,269
FAIRFAX COUNTY,811 - POHICK,Proposed Constitutional Amendment,,,Yes,762
FAIRFAX COUNTY,812 - VALLEY,Proposed Constitutional Amendment,,,No,550
FAIRFAX COUNTY,812 - VALLEY,Proposed Constitutional Amendment,,,Yes,1193
FAIRFAX COUNTY,815 - WOODYARD,Proposed Constitutional Amendment,,,No,409
FAIRFAX COUNTY,815 - WOODYARD,Proposed Constitutional Amendment,,,Yes,529
FAIRFAX COUNTY,824 - ORANGE,Proposed Constitutional Amendment,,,No,836
FAIRFAX COUNTY,824 - ORANGE,Proposed Constitutional Amendment,,,Yes,1674
FAIRFAX COUNTY,825 - CHERRY RUN,Proposed Constitutional Amendment,,,No,592
FAIRFAX COUNTY,825 - CHERRY RUN,Proposed Constitutional Amendment,,,Yes,1223
FAIRFAX COUNTY,833 - WHITE OAKS,Proposed Constitutional Amendment,,,No,519
FAIRFAX COUNTY,833 - WHITE OAKS,Proposed Constitutional Amendment,,,Yes,1229
FAIRFAX COUNTY,838 - SANGSTER,Proposed Constitutional Amendment,,,No,590
FAIRFAX COUNTY,838 - SANGSTER,Proposed Constitutional Amendment,,,Yes,917
FAIRFAX COUNTY,839 - SILVERBROOK,Proposed Constitutional Amendment,,,No,886
FAIRFAX COUNTY,839 - SILVERBROOK,Proposed Constitutional Amendment,,,Yes,1298
FAIRFAX COUNTY,841 - POPES HEAD,Proposed Constitutional Amendment,,,No,450
FAIRFAX COUNTY,841 - POPES HEAD,Proposed Constitutional Amendment,,,Yes,527
FAIRFAX COUNTY,842 - PARKWAY,Proposed Constitutional Amendment,,,No,572
FAIRFAX COUNTY,842 - PARKWAY,Proposed Constitutional Amendment,,,Yes,789
FAIRFAX COUNTY,843 - FAIR LAKES,Proposed Constitutional Amendment,,,No,464
FAIRFAX COUNTY,843 - FAIR LAKES,Proposed Constitutional Amendment,,,Yes,1237
FAIRFAX COUNTY,844 - CENTERPOINTE,Proposed Constitutional Amendment,,,No,340
FAIRFAX COUNTY,844 - CENTERPOINTE,Proposed Constitutional Amendment,,,Yes,956
FAIRFAX COUNTY,845 - FOUNTAINHEAD,Proposed Constitutional Amendment,,,No,1007
FAIRFAX COUNTY,845 - FOUNTAINHEAD,Proposed Constitutional Amendment,,,Yes,1176
FAIRFAX COUNTY,846 - GREENBRIAR EAST,Proposed Constitutional Amendment,,,No,519
FAIRFAX COUNTY,846 - GREENBRIAR EAST,Proposed Constitutional Amendment,,,Yes,1208
FAIRFAX COUNTY,847 - GREENBRIAR WEST,Proposed Constitutional Amendment,,,No,447
FAIRFAX COUNTY,847 - GREENBRIAR WEST,Proposed Constitutional Amendment,,,Yes,885
FAIRFAX COUNTY,848 - FAIR OAKS,Proposed Constitutional Amendment,,,No,545
FAIRFAX COUNTY,848 - FAIR OAKS,Proposed Constitutional Amendment,,,Yes,1253
FAIRFAX COUNTY,849 - NEWGATE NORTH,Proposed Constitutional Amendment,,,No,630
FAIRFAX COUNTY,849 - NEWGATE NORTH,Proposed Constitutional Amendment,,,Yes,1029
FAIRFAX COUNTY,850 - SOUTH RUN,Proposed Constitutional Amendment,,,No,762
FAIRFAX COUNTY,850 - SOUTH RUN,Proposed Constitutional Amendment,,,Yes,1117
FAIRFAX COUNTY,851 - WILLOW SPRINGS #1,Proposed Constitutional Amendment,,,No,249
FAIRFAX COUNTY,851 - WILLOW SPRINGS #1,Proposed Constitutional Amendment,,,Yes,436
FAIRFAX COUNTY,854 - NEWGATE SOUTH,Proposed Constitutional Amendment,,,No,720
FAIRFAX COUNTY,854 - NEWGATE SOUTH,Proposed Constitutional Amendment,,,Yes,964
FAIRFAX COUNTY,855 - SARATOGA,Proposed Constitutional Amendment,,,No,641
FAIRFAX COUNTY,855 - SARATOGA,Proposed Constitutional Amendment,,,Yes,1270
FAIRFAX COUNTY,856 - PENDERBROOK,Proposed Constitutional Amendment,,,No,580
FAIRFAX COUNTY,856 - PENDERBROOK,Proposed Constitutional Amendment,,,Yes,1290
FAIRFAX COUNTY,857 - ISLAND POND,Proposed Constitutional Amendment,,,No,32
FAIRFAX COUNTY,857 - ISLAND POND,Proposed Constitutional Amendment,,,Yes,58
FAIRFAX COUNTY,858 - CLIFTON TOWN,Proposed Constitutional Amendment,,,No,67
FAIRFAX COUNTY,858 - CLIFTON TOWN,Proposed Constitutional Amendment,,,Yes,62
FAIRFAX COUNTY,859 - LIBERTY,Proposed Constitutional Amendment,,,No,675
FAIRFAX COUNTY,859 - LIBERTY,Proposed Constitutional Amendment,,,Yes,601
FAIRFAX COUNTY,860 - SANDY RUN,Proposed Constitutional Amendment,,,No,359
FAIRFAX COUNTY,860 - SANDY RUN,Proposed Constitutional Amendment,,,Yes,358
FAIRFAX COUNTY,861 - BURKE #2,Proposed Constitutional Amendment,,,No,382
FAIRFAX COUNTY,861 - BURKE #2,Proposed Constitutional Amendment,,,Yes,776
FAIRFAX COUNTY,862 - WILLOW SPRINGS #2,Proposed Constitutional Amendment,,,No,300
FAIRFAX COUNTY,862 - WILLOW SPRINGS #2,Proposed Constitutional Amendment,,,Yes,603
FAIRFAX COUNTY,901 - CENTRE RIDGE,Proposed Constitutional Amendment,,,No,439
FAIRFAX COUNTY,901 - CENTRE RIDGE,Proposed Constitutional Amendment,,,Yes,1067
FAIRFAX COUNTY,902 - BROOKFIELD,Proposed Constitutional Amendment,,,No,619
FAIRFAX COUNTY,902 - BROOKFIELD,Proposed Constitutional Amendment,,,Yes,1300
FAIRFAX COUNTY,903 - CUB RUN,Proposed Constitutional Amendment,,,No,936
FAIRFAX COUNTY,903 - CUB RUN,Proposed Constitutional Amendment,,,Yes,1632
FAIRFAX COUNTY,904 - STONECROFT,Proposed Constitutional Amendment,,,No,404
FAIRFAX COUNTY,904 - STONECROFT,Proposed Constitutional Amendment,,,Yes,607
FAIRFAX COUNTY,905 - FRANKLIN,Proposed Constitutional Amendment,,,No,539
FAIRFAX COUNTY,905 - FRANKLIN,Proposed Constitutional Amendment,,,Yes,1192
FAIRFAX COUNTY,908 - HIDDEN MEADOW,Proposed Constitutional Amendment,,,No,490
FAIRFAX COUNTY,908 - HIDDEN MEADOW,Proposed Constitutional Amendment,,,Yes,947
FAIRFAX COUNTY,909 - OAK HILL,Proposed Constitutional Amendment,,,No,419
FAIRFAX COUNTY,909 - OAK HILL,Proposed Constitutional Amendment,,,Yes,880
FAIRFAX COUNTY,910 - LONDON TOWNE,Proposed Constitutional Amendment,,,No,575
FAIRFAX COUNTY,910 - LONDON TOWNE,Proposed Constitutional Amendment,,,Yes,1302
FAIRFAX COUNTY,911 - NAVY,Proposed Constitutional Amendment,,,No,725
FAIRFAX COUNTY,911 - NAVY,Proposed Constitutional Amendment,,,Yes,1447
FAIRFAX COUNTY,913 - ROCKY RUN,Proposed Constitutional Amendment,,,No,943
FAIRFAX COUNTY,913 - ROCKY RUN,Proposed Constitutional Amendment,,,Yes,1781
FAIRFAX COUNTY,914 - VALE,Proposed Constitutional Amendment,,,No,587
FAIRFAX COUNTY,914 - VALE,Proposed Constitutional Amendment,,,Yes,1009
FAIRFAX COUNTY,915 - VIRGINIA RUN,Proposed Constitutional Amendment,,,No,824
FAIRFAX COUNTY,915 - VIRGINIA RUN,Proposed Constitutional Amendment,,,Yes,899
FAIRFAX COUNTY,916 - WAPLES MILL,Proposed Constitutional Amendment,,,No,1048
FAIRFAX COUNTY,916 - WAPLES MILL,Proposed Constitutional Amendment,,,Yes,1631
FAIRFAX COUNTY,917 - STONE,Proposed Constitutional Amendment,,,No,552
FAIRFAX COUNTY,917 - STONE,Proposed Constitutional Amendment,,,Yes,1305
FAIRFAX COUNTY,918 - CENTREVILLE,Proposed Constitutional Amendment,,,No,646
FAIRFAX COUNTY,918 - CENTREVILLE,Proposed Constitutional Amendment,,,Yes,1503
FAIRFAX COUNTY,919 - GREEN TRAILS,Proposed Constitutional Amendment,,,No,628
FAIRFAX COUNTY,919 - GREEN TRAILS,Proposed Constitutional Amendment,,,Yes,1537
FAIRFAX COUNTY,920 - CHANTILLY,Proposed Constitutional Amendment,,,No,353
FAIRFAX COUNTY,920 - CHANTILLY,Proposed Constitutional Amendment,,,Yes,689
FAIRFAX COUNTY,921 - DEER PARK,Proposed Constitutional Amendment,,,No,734
FAIRFAX COUNTY,921 - DEER PARK,Proposed Constitutional Amendment,,,Yes,1136
FAIRFAX COUNTY,923 - BULL RUN,Proposed Constitutional Amendment,,,No,698
FAIRFAX COUNTY,923 - BULL RUN,Proposed Constitutional Amendment,,,Yes,817
FAIRFAX COUNTY,924 - SPINDLE,Proposed Constitutional Amendment,,,No,258
FAIRFAX COUNTY,924 - SPINDLE,Proposed Constitutional Amendment,,,Yes,630
FAIRFAX COUNTY,925 - OLD MILL,Proposed Constitutional Amendment,,,No,301
FAIRFAX COUNTY,925 - OLD MILL,Proposed Constitutional Amendment,,,Yes,650
FAIRFAX COUNTY,926 - POWELL,Proposed Constitutional Amendment,,,No,592
FAIRFAX COUNTY,926 - POWELL,Proposed Constitutional Amendment,,,Yes,1313
FAIRFAX COUNTY,927 - ARMFIELD,Proposed Constitutional Amendment,,,No,375
FAIRFAX COUNTY,927 - ARMFIELD,Proposed Constitutional Amendment,,,Yes,1028
FAIRFAX COUNTY,928 - POPLAR TREE,Proposed Constitutional Amendment,,,No,596
FAIRFAX COUNTY,928 - POPLAR TREE,Proposed Constitutional Amendment,,,Yes,1060
FAIRFAX COUNTY,929 - DIFFICULT RUN,Proposed Constitutional Amendment,,,No,142
FAIRFAX COUNTY,929 - DIFFICULT RUN,Proposed Constitutional Amendment,,,Yes,174
FAIRFAX COUNTY,931 - CARSON,Proposed Constitutional Amendment,,,No,319
FAIRFAX COUNTY,931 - CARSON,Proposed Constitutional Amendment,,,Yes,917
FAIRFAX COUNTY,934 - FOX VALLEY,Proposed Constitutional Amendment,,,No,201
FAIRFAX COUNTY,934 - FOX VALLEY,Proposed Constitutional Amendment,,,Yes,513
FAIRFAX COUNTY,935 - ROBINSON MILL,Proposed Constitutional Amendment,,,No,85
FAIRFAX COUNTY,935 - ROBINSON MILL,Proposed Constitutional Amendment,,,Yes,233
FALLS CHURCH CITY,001 - FIRST WARD,Proposed Constitutional Amendment,,,No,428
FALLS CHURCH CITY,001 - FIRST WARD,Proposed Constitutional Amendment,,,Yes,1688
FALLS CHURCH CITY,002 - SECOND WARD,Proposed Constitutional Amendment,,,No,399
FALLS CHURCH CITY,002 - SECOND WARD,Proposed Constitutional Amendment,,,Yes,1675
FALLS CHURCH CITY,003 - THIRD WARD,Proposed Constitutional Amendment,,,No,434
FALLS CHURCH CITY,003 - THIRD WARD,Proposed Constitutional Amendment,,,Yes,1946
FAUQUIER COUNTY,101 - KETTLE RUN,Proposed Constitutional Amendment,,,No,777
FAUQUIER COUNTY,101 - KETTLE RUN,Proposed Constitutional Amendment,,,Yes,292
FAUQUIER COUNTY,102 - CATLETT,Proposed Constitutional Amendment,,,No,1471
FAUQUIER COUNTY,102 - CATLETT,Proposed Constitutional Amendment,,,Yes,442
FAUQUIER COUNTY,103 - CASANOVA,Proposed Constitutional Amendment,,,No,1374
FAUQUIER COUNTY,103 - CASANOVA,Proposed Constitutional Amendment,,,Yes,753
FAUQUIER COUNTY,104 - LOIS,Proposed Constitutional Amendment,,,No,669
FAUQUIER COUNTY,104 - LOIS,Proposed Constitutional Amendment,,,Yes,221
FAUQUIER COUNTY,105 - OPAL,Proposed Constitutional Amendment,,,No,717
FAUQUIER COUNTY,105 - OPAL,Proposed Constitutional Amendment,,,Yes,242
FAUQUIER COUNTY,201 - WARD 1,Proposed Constitutional Amendment,,,No,440
FAUQUIER COUNTY,201 - WARD 1,Proposed Constitutional Amendment,,,Yes,409
FAUQUIER COUNTY,202 - WARD 2,Proposed Constitutional Amendment,,,No,326
FAUQUIER COUNTY,202 - WARD 2,Proposed Constitutional Amendment,,,Yes,374
FAUQUIER COUNTY,203 - WARD 3,Proposed Constitutional Amendment,,,No,405
FAUQUIER COUNTY,203 - WARD 3,Proposed Constitutional Amendment,,,Yes,367
FAUQUIER COUNTY,204 - WARD 4,Proposed Constitutional Amendment,,,No,489
FAUQUIER COUNTY,204 - WARD 4,Proposed Constitutional Amendment,,,Yes,341
FAUQUIER COUNTY,205 - WARD 5,Proposed Constitutional Amendment,,,No,409
FAUQUIER COUNTY,205 - WARD 5,Proposed Constitutional Amendment,,,Yes,414
FAUQUIER COUNTY,206 - AIRLIE,Proposed Constitutional Amendment,,,No,1039
FAUQUIER COUNTY,206 - AIRLIE,Proposed Constitutional Amendment,,,Yes,692
FAUQUIER COUNTY,301 - MORRISVILLE,Proposed Constitutional Amendment,,,No,1326
FAUQUIER COUNTY,301 - MORRISVILLE,Proposed Constitutional Amendment,,,Yes,485
FAUQUIER COUNTY,302 - BOTHA,Proposed Constitutional Amendment,,,No,1174
FAUQUIER COUNTY,302 - BOTHA,Proposed Constitutional Amendment,,,Yes,530
FAUQUIER COUNTY,303 - BEALETON,Proposed Constitutional Amendment,,,No,890
FAUQUIER COUNTY,303 - BEALETON,Proposed Constitutional Amendment,,,Yes,608
FAUQUIER COUNTY,304 - REMINGTON,Proposed Constitutional Amendment,,,No,116
FAUQUIER COUNTY,304 - REMINGTON,Proposed Constitutional Amendment,,,Yes,64
FAUQUIER COUNTY,401 - SALEM,Proposed Constitutional Amendment,,,No,1205
FAUQUIER COUNTY,401 - SALEM,Proposed Constitutional Amendment,,,Yes,728
FAUQUIER COUNTY,402 - LEEDS,Proposed Constitutional Amendment,,,No,1232
FAUQUIER COUNTY,402 - LEEDS,Proposed Constitutional Amendment,,,Yes,842
FAUQUIER COUNTY,403 - WATERLOO,Proposed Constitutional Amendment,,,No,1499
FAUQUIER COUNTY,403 - WATERLOO,Proposed Constitutional Amendment,,,Yes,746
FAUQUIER COUNTY,404 - SPRINGS VALLEY,Proposed Constitutional Amendment,,,No,557
FAUQUIER COUNTY,404 - SPRINGS VALLEY,Proposed Constitutional Amendment,,,Yes,346
FAUQUIER COUNTY,501 - HOPEWELL,Proposed Constitutional Amendment,,,No,502
FAUQUIER COUNTY,501 - HOPEWELL,Proposed Constitutional Amendment,,,Yes,356
FAUQUIER COUNTY,502 - NEW BALTIMORE,Proposed Constitutional Amendment,,,No,1534
FAUQUIER COUNTY,502 - NEW BALTIMORE,Proposed Constitutional Amendment,,,Yes,842
FAUQUIER COUNTY,503 - BROAD RUN,Proposed Constitutional Amendment,,,No,1041
FAUQUIER COUNTY,503 - BROAD RUN,Proposed Constitutional Amendment,,,Yes,576
FAUQUIER COUNTY,504 - VINT HILL,Proposed Constitutional Amendment,,,No,1397
FAUQUIER COUNTY,504 - VINT HILL,Proposed Constitutional Amendment,,,Yes,782
FAUQUIER COUNTY,505 - THE PLAINS,Proposed Constitutional Amendment,,,No,41
FAUQUIER COUNTY,505 - THE PLAINS,Proposed Constitutional Amendment,,,Yes,61
FLOYD COUNTY,101 - LOCUST GROVE,Proposed Constitutional Amendment,,,No,1016
FLOYD COUNTY,101 - LOCUST GROVE,Proposed Constitutional Amendment,,,Yes,406
FLOYD COUNTY,201 - LITTLE RIVER,Proposed Constitutional Amendment,,,No,960
FLOYD COUNTY,201 - LITTLE RIVER,Proposed Constitutional Amendment,,,Yes,528
FLOYD COUNTY,301 - COURTHOUSE,Proposed Constitutional Amendment,,,No,842
FLOYD COUNTY,301 - COURTHOUSE,Proposed Constitutional Amendment,,,Yes,494
FLOYD COUNTY,401 - BURKS FORK,Proposed Constitutional Amendment,,,No,1078
FLOYD COUNTY,401 - BURKS FORK,Proposed Constitutional Amendment,,,Yes,391
FLOYD COUNTY,501 - INDIAN VALLEY,Proposed Constitutional Amendment,,,No,1173
FLOYD COUNTY,501 - INDIAN VALLEY,Proposed Constitutional Amendment,,,Yes,296
FLUVANNA COUNTY,101 - PALMYRA,Proposed Constitutional Amendment,,,No,1169
FLUVANNA COUNTY,101 - PALMYRA,Proposed Constitutional Amendment,,,Yes,1246
FLUVANNA COUNTY,201 - COLUMBIA,Proposed Constitutional Amendment,,,No,1345
FLUVANNA COUNTY,201 - COLUMBIA,Proposed Constitutional Amendment,,,Yes,933
FLUVANNA COUNTY,301 - FORK UNION,Proposed Constitutional Amendment,,,No,1412
FLUVANNA COUNTY,301 - FORK UNION,Proposed Constitutional Amendment,,,Yes,981
FLUVANNA COUNTY,401 - CUNNINGHAM,Proposed Constitutional Amendment,,,No,1654
FLUVANNA COUNTY,401 - CUNNINGHAM,Proposed Constitutional Amendment,,,Yes,936
FLUVANNA COUNTY,501 - RIVANNA,Proposed Constitutional Amendment,,,No,1288
FLUVANNA COUNTY,501 - RIVANNA,Proposed Constitutional Amendment,,,Yes,1586
FRANKLIN CITY,101 - PRECINCT 1-1,Proposed Constitutional Amendment,,,No,399
FRANKLIN CITY,101 - PRECINCT 1-1,Proposed Constitutional Amendment,,,Yes,207
FRANKLIN CITY,201 - PRECINCT 2-1,Proposed Constitutional Amendment,,,No,299
FRANKLIN CITY,201 - PRECINCT 2-1,Proposed Constitutional Amendment,,,Yes,246
FRANKLIN CITY,301 - PRECINCT 3-1,Proposed Constitutional Amendment,,,No,34
FRANKLIN CITY,301 - PRECINCT 3-1,Proposed Constitutional Amendment,,,Yes,308
FRANKLIN CITY,401 - PRECINCT 4-1,Proposed Constitutional Amendment,,,No,70
FRANKLIN CITY,401 - PRECINCT 4-1,Proposed Constitutional Amendment,,,Yes,256
FRANKLIN CITY,501 - PRECINCT 5-1,Proposed Constitutional Amendment,,,No,29
FRANKLIN CITY,501 - PRECINCT 5-1,Proposed Constitutional Amendment,,,Yes,289
FRANKLIN CITY,601 - PRECINCT 6-1,Proposed Constitutional Amendment,,,No,241
FRANKLIN CITY,601 - PRECINCT 6-1,Proposed Constitutional Amendment,,,Yes,301
FRANKLIN COUNTY,102 - BURNT CHIMNEY,Proposed Constitutional Amendment,,,No,1780
FRANKLIN COUNTY,102 - BURNT CHIMNEY,Proposed Constitutional Amendment,,,Yes,532
FRANKLIN COUNTY,103 - SCRUGGS,Proposed Constitutional Amendment,,,No,1697
FRANKLIN COUNTY,103 - SCRUGGS,Proposed Constitutional Amendment,,,Yes,573
FRANKLIN COUNTY,201 - GLADE HILL,Proposed Constitutional Amendment,,,No,612
FRANKLIN COUNTY,201 - GLADE HILL,Proposed Constitutional Amendment,,,Yes,110
FRANKLIN COUNTY,202 - PENHOOK,Proposed Constitutional Amendment,,,No,812
FRANKLIN COUNTY,202 - PENHOOK,Proposed Constitutional Amendment,,,Yes,322
FRANKLIN COUNTY,203 - HODGESVILLE,Proposed Constitutional Amendment,,,No,670
FRANKLIN COUNTY,203 - HODGESVILLE,Proposed Constitutional Amendment,,,Yes,142
FRANKLIN COUNTY,204 - DUDLEY,Proposed Constitutional Amendment,,,No,870
FRANKLIN COUNTY,204 - DUDLEY,Proposed Constitutional Amendment,,,Yes,297
FRANKLIN COUNTY,301 - SNOW CREEK,Proposed Constitutional Amendment,,,No,476
FRANKLIN COUNTY,301 - SNOW CREEK,Proposed Constitutional Amendment,,,Yes,115
FRANKLIN COUNTY,302 - FORK MOUNTAIN,Proposed Constitutional Amendment,,,No,452
FRANKLIN COUNTY,302 - FORK MOUNTAIN,Proposed Constitutional Amendment,,,Yes,129
FRANKLIN COUNTY,303 - SONTAG,Proposed Constitutional Amendment,,,No,775
FRANKLIN COUNTY,303 - SONTAG,Proposed Constitutional Amendment,,,Yes,262
FRANKLIN COUNTY,304 - DICKINSON,Proposed Constitutional Amendment,,,No,440
FRANKLIN COUNTY,304 - DICKINSON,Proposed Constitutional Amendment,,,Yes,177
FRANKLIN COUNTY,401 - HENRY,Proposed Constitutional Amendment,,,No,650
FRANKLIN COUNTY,401 - HENRY,Proposed Constitutional Amendment,,,Yes,91
FRANKLIN COUNTY,402 - FERRUM,Proposed Constitutional Amendment,,,No,522
FRANKLIN COUNTY,402 - FERRUM,Proposed Constitutional Amendment,,,Yes,164
FRANKLIN COUNTY,403 - ENDICOTT,Proposed Constitutional Amendment,,,No,407
FRANKLIN COUNTY,403 - ENDICOTT,Proposed Constitutional Amendment,,,Yes,92
FRANKLIN COUNTY,404 - WAIDSBORO,Proposed Constitutional Amendment,,,No,495
FRANKLIN COUNTY,404 - WAIDSBORO,Proposed Constitutional Amendment,,,Yes,122
FRANKLIN COUNTY,502 - CALLAWAY,Proposed Constitutional Amendment,,,No,921
FRANKLIN COUNTY,502 - CALLAWAY,Proposed Constitutional Amendment,,,Yes,217
FRANKLIN COUNTY,503 - BOWMANS,Proposed Constitutional Amendment,,,No,832
FRANKLIN COUNTY,503 - BOWMANS,Proposed Constitutional Amendment,,,Yes,269
FRANKLIN COUNTY,504 - GOGGINSVILLE,Proposed Constitutional Amendment,,,No,919
FRANKLIN COUNTY,504 - GOGGINSVILLE,Proposed Constitutional Amendment,,,Yes,254
FRANKLIN COUNTY,601 - BOONES MILL,Proposed Constitutional Amendment,,,No,1122
FRANKLIN COUNTY,601 - BOONES MILL,Proposed Constitutional Amendment,,,Yes,317
FRANKLIN COUNTY,602 - BONBROOK,Proposed Constitutional Amendment,,,No,931
FRANKLIN COUNTY,602 - BONBROOK,Proposed Constitutional Amendment,,,Yes,212
FRANKLIN COUNTY,603 - COOPERS COVE,Proposed Constitutional Amendment,,,No,625
FRANKLIN COUNTY,603 - COOPERS COVE,Proposed Constitutional Amendment,,,Yes,166
FRANKLIN COUNTY,701 - ROCKY MOUNT EAST,Proposed Constitutional Amendment,,,No,545
FRANKLIN COUNTY,701 - ROCKY MOUNT EAST,Proposed Constitutional Amendment,,,Yes,290
FRANKLIN COUNTY,702 - ROCKY MOUNT WEST,Proposed Constitutional Amendment,,,No,697
FRANKLIN COUNTY,702 - ROCKY MOUNT WEST,Proposed Constitutional Amendment,,,Yes,340
FRANKLIN COUNTY,703 - ROCKY MOUNT SOUTH,Proposed Constitutional Amendment,,,No,476
FRANKLIN COUNTY,703 - ROCKY MOUNT SOUTH,Proposed Constitutional Amendment,,,Yes,300
FREDERICK COUNTY,101 - RUSSELLS,Proposed Constitutional Amendment,,,No,1484
FREDERICK COUNTY,101 - RUSSELLS,Proposed Constitutional Amendment,,,Yes,414
FREDERICK COUNTY,102 - GORE,Proposed Constitutional Amendment,,,No,1423
FREDERICK COUNTY,102 - GORE,Proposed Constitutional Amendment,,,Yes,425
FREDERICK COUNTY,103 - KERNSTOWN,Proposed Constitutional Amendment,,,No,1281
FREDERICK COUNTY,103 - KERNSTOWN,Proposed Constitutional Amendment,,,Yes,638
FREDERICK COUNTY,104 - CEDAR CREEK,Proposed Constitutional Amendment,,,No,513
FREDERICK COUNTY,104 - CEDAR CREEK,Proposed Constitutional Amendment,,,Yes,141
FREDERICK COUNTY,105 - MIDDLETOWN,Proposed Constitutional Amendment,,,No,384
FREDERICK COUNTY,105 - MIDDLETOWN,Proposed Constitutional Amendment,,,Yes,261
FREDERICK COUNTY,201 - GAINESBOROUGH,Proposed Constitutional Amendment,,,No,967
FREDERICK COUNTY,201 - GAINESBOROUGH,Proposed Constitutional Amendment,,,Yes,240
FREDERICK COUNTY,202 - ALBIN,Proposed Constitutional Amendment,,,No,1072
FREDERICK COUNTY,202 - ALBIN,Proposed Constitutional Amendment,,,Yes,420
FREDERICK COUNTY,203 - REDLAND,Proposed Constitutional Amendment,,,No,1451
FREDERICK COUNTY,203 - REDLAND,Proposed Constitutional Amendment,,,Yes,595
FREDERICK COUNTY,204 - NAIN,Proposed Constitutional Amendment,,,No,886
FREDERICK COUNTY,204 - NAIN,Proposed Constitutional Amendment,,,Yes,379
FREDERICK COUNTY,205 - WHITE HALL,Proposed Constitutional Amendment,,,No,700
FREDERICK COUNTY,205 - WHITE HALL,Proposed Constitutional Amendment,,,Yes,256
FREDERICK COUNTY,301 - CLEAR BROOK,Proposed Constitutional Amendment,,,No,1112
FREDERICK COUNTY,301 - CLEAR BROOK,Proposed Constitutional Amendment,,,Yes,302
FREDERICK COUNTY,302 - NEFF'S TOWN,Proposed Constitutional Amendment,,,No,198
FREDERICK COUNTY,302 - NEFF'S TOWN,Proposed Constitutional Amendment,,,Yes,124
FREDERICK COUNTY,303 - JORDAN SPRINGS,Proposed Constitutional Amendment,,,No,1012
FREDERICK COUNTY,303 - JORDAN SPRINGS,Proposed Constitutional Amendment,,,Yes,975
FREDERICK COUNTY,304 - GIBSON SCHOOL,Proposed Constitutional Amendment,,,No,173
FREDERICK COUNTY,304 - GIBSON SCHOOL,Proposed Constitutional Amendment,,,Yes,195
FREDERICK COUNTY,305 - SUNNYSIDE,Proposed Constitutional Amendment,,,No,436
FREDERICK COUNTY,305 - SUNNYSIDE,Proposed Constitutional Amendment,,,Yes,374
FREDERICK COUNTY,401 - ARMEL,Proposed Constitutional Amendment,,,No,804
FREDERICK COUNTY,401 - ARMEL,Proposed Constitutional Amendment,,,Yes,452
FREDERICK COUNTY,402 - SHENANDOAH,Proposed Constitutional Amendment,,,No,1177
FREDERICK COUNTY,402 - SHENANDOAH,Proposed Constitutional Amendment,,,Yes,799
FREDERICK COUNTY,403 - PARKIN'S MILL,Proposed Constitutional Amendment,,,No,912
FREDERICK COUNTY,403 - PARKIN'S MILL,Proposed Constitutional Amendment,,,Yes,551
FREDERICK COUNTY,404 - WHITE OAK SCHOOL,Proposed Constitutional Amendment,,,No,886
FREDERICK COUNTY,404 - WHITE OAK SCHOOL,Proposed Constitutional Amendment,,,Yes,518
FREDERICK COUNTY,501 - STEPHENS CITY,Proposed Constitutional Amendment,,,No,561
FREDERICK COUNTY,501 - STEPHENS CITY,Proposed Constitutional Amendment,,,Yes,338
FREDERICK COUNTY,502 - BASS-HOOVER,Proposed Constitutional Amendment,,,No,729
FREDERICK COUNTY,502 - BASS-HOOVER,Proposed Constitutional Amendment,,,Yes,414
FREDERICK COUNTY,503 - CANTERBURG,Proposed Constitutional Amendment,,,No,1302
FREDERICK COUNTY,503 - CANTERBURG,Proposed Constitutional Amendment,,,Yes,1062
FREDERICK COUNTY,504 - VAUCLUSE SPRING,Proposed Constitutional Amendment,,,No,1020
FREDERICK COUNTY,504 - VAUCLUSE SPRING,Proposed Constitutional Amendment,,,Yes,553
FREDERICK COUNTY,505 - AYLOR,Proposed Constitutional Amendment,,,No,603
FREDERICK COUNTY,505 - AYLOR,Proposed Constitutional Amendment,,,Yes,340
FREDERICK COUNTY,601 - MILLBROOK,Proposed Constitutional Amendment,,,No,816
FREDERICK COUNTY,601 - MILLBROOK,Proposed Constitutional Amendment,,,Yes,500
FREDERICK COUNTY,602 - ASH HOLLOW,Proposed Constitutional Amendment,,,No,780
FREDERICK COUNTY,602 - ASH HOLLOW,Proposed Constitutional Amendment,,,Yes,632
FREDERICK COUNTY,603 - GREENWOOD,Proposed Constitutional Amendment,,,No,1174
FREDERICK COUNTY,603 - GREENWOOD,Proposed Constitutional Amendment,,,Yes,847
FREDERICK COUNTY,604 - CARPERS VALLEY,Proposed Constitutional Amendment,,,No,313
FREDERICK COUNTY,604 - CARPERS VALLEY,Proposed Constitutional Amendment,,,Yes,165
FREDERICK COUNTY,605 - SULPHUR SPRING,Proposed Constitutional Amendment,,,No,124
FREDERICK COUNTY,605 - SULPHUR SPRING,Proposed Constitutional Amendment,,,Yes,49
FREDERICKSBURG CITY,101 - HUGH MERCER,Proposed Constitutional Amendment,,,No,767
FREDERICKSBURG CITY,101 - HUGH MERCER,Proposed Constitutional Amendment,,,Yes,1196
FREDERICKSBURG CITY,201 - DOROTHY HART,Proposed Constitutional Amendment,,,No,717
FREDERICKSBURG CITY,201 - DOROTHY HART,Proposed Constitutional Amendment,,,Yes,1608
FREDERICKSBURG CITY,301 - GLADYS WEST,Proposed Constitutional Amendment,,,No,872
FREDERICKSBURG CITY,301 - GLADYS WEST,Proposed Constitutional Amendment,,,Yes,1470
FREDERICKSBURG CITY,401 - FCPS ADMINISTRATION,Proposed Constitutional Amendment,,,No,296
FREDERICKSBURG CITY,401 - FCPS ADMINISTRATION,Proposed Constitutional Amendment,,,Yes,842
FREDERICKSBURG CITY,402 - V.F.W 3103,Proposed Constitutional Amendment,,,No,305
FREDERICKSBURG CITY,402 - V.F.W 3103,Proposed Constitutional Amendment,,,Yes,622
GALAX CITY,001 - EAST,Proposed Constitutional Amendment,,,No,622
GALAX CITY,001 - EAST,Proposed Constitutional Amendment,,,Yes,212
GALAX CITY,005 - WEST,Proposed Constitutional Amendment,,,No,723
GALAX CITY,005 - WEST,Proposed Constitutional Amendment,,,Yes,254
GILES COUNTY,102 - RICH CREEK,Proposed Constitutional Amendment,,,No,364
GILES COUNTY,102 - RICH CREEK,Proposed Constitutional Amendment,,,Yes,77
GILES COUNTY,103 - NARROWS,Proposed Constitutional Amendment,,,No,1003
GILES COUNTY,103 - NARROWS,Proposed Constitutional Amendment,,,Yes,188
GILES COUNTY,201 - PEARISBURG,Proposed Constitutional Amendment,,,No,1355
GILES COUNTY,201 - PEARISBURG,Proposed Constitutional Amendment,,,Yes,344
GILES COUNTY,202 - STAFFORDSVILLE,Proposed Constitutional Amendment,,,No,249
GILES COUNTY,202 - STAFFORDSVILLE,Proposed Constitutional Amendment,,,Yes,44
GILES COUNTY,203 - WHITE GATE,Proposed Constitutional Amendment,,,No,157
GILES COUNTY,203 - WHITE GATE,Proposed Constitutional Amendment,,,Yes,24
GILES COUNTY,301 - EGGLESTON,Proposed Constitutional Amendment,,,No,385
GILES COUNTY,301 - EGGLESTON,Proposed Constitutional Amendment,,,Yes,155
GILES COUNTY,302 - PEMBROKE,Proposed Constitutional Amendment,,,No,986
GILES COUNTY,302 - PEMBROKE,Proposed Constitutional Amendment,,,Yes,259
GILES COUNTY,303 - NEWPORT,Proposed Constitutional Amendment,,,No,511
GILES COUNTY,303 - NEWPORT,Proposed Constitutional Amendment,,,Yes,248
GLOUCESTER COUNTY,101 - HARCUM,Proposed Constitutional Amendment,,,No,1054
GLOUCESTER COUNTY,101 - HARCUM,Proposed Constitutional Amendment,,,Yes,330
GLOUCESTER COUNTY,102 - SALEM,Proposed Constitutional Amendment,,,No,818
GLOUCESTER COUNTY,102 - SALEM,Proposed Constitutional Amendment,,,Yes,243
GLOUCESTER COUNTY,103 - PEASLEY,Proposed Constitutional Amendment,,,No,778
GLOUCESTER COUNTY,103 - PEASLEY,Proposed Constitutional Amendment,,,Yes,224
GLOUCESTER COUNTY,201 - COURTHOUSE,Proposed Constitutional Amendment,,,No,981
GLOUCESTER COUNTY,201 - COURTHOUSE,Proposed Constitutional Amendment,,,Yes,512
GLOUCESTER COUNTY,202 - BOTETOURT,Proposed Constitutional Amendment,,,No,1408
GLOUCESTER COUNTY,202 - BOTETOURT,Proposed Constitutional Amendment,,,Yes,647
GLOUCESTER COUNTY,301 - WHITE MARSH,Proposed Constitutional Amendment,,,No,1528
GLOUCESTER COUNTY,301 - WHITE MARSH,Proposed Constitutional Amendment,,,Yes,592
GLOUCESTER COUNTY,302 - ROANES,Proposed Constitutional Amendment,,,No,1033
GLOUCESTER COUNTY,302 - ROANES,Proposed Constitutional Amendment,,,Yes,418
GLOUCESTER COUNTY,401 - HAYES,Proposed Constitutional Amendment,,,No,1134
GLOUCESTER COUNTY,401 - HAYES,Proposed Constitutional Amendment,,,Yes,511
GLOUCESTER COUNTY,402 - SARAHS CREEK,Proposed Constitutional Amendment,,,No,942
GLOUCESTER COUNTY,402 - SARAHS CREEK,Proposed Constitutional Amendment,,,Yes,475
GLOUCESTER COUNTY,501 - ACHILLES,Proposed Constitutional Amendment,,,No,1647
GLOUCESTER COUNTY,501 - ACHILLES,Proposed Constitutional Amendment,,,Yes,501
GLOUCESTER COUNTY,502 - WALKER,Proposed Constitutional Amendment,,,No,1033
GLOUCESTER COUNTY,502 - WALKER,Proposed Constitutional Amendment,,,Yes,355
GOOCHLAND COUNTY,101 - FIFE,Proposed Constitutional Amendment,,,No,772
GOOCHLAND COUNTY,101 - FIFE,Proposed Constitutional Amendment,,,Yes,361
GOOCHLAND COUNTY,102 - HADENSVILLE,Proposed Constitutional Amendment,,,No,970
GOOCHLAND COUNTY,102 - HADENSVILLE,Proposed Constitutional Amendment,,,Yes,489
GOOCHLAND COUNTY,201 - THREE SQUARE,Proposed Constitutional Amendment,,,No,758
GOOCHLAND COUNTY,201 - THREE SQUARE,Proposed Constitutional Amendment,,,Yes,522
GOOCHLAND COUNTY,202 - SANDY HOOK,Proposed Constitutional Amendment,,,No,855
GOOCHLAND COUNTY,202 - SANDY HOOK,Proposed Constitutional Amendment,,,Yes,526
GOOCHLAND COUNTY,301 - BEAVERDAM,Proposed Constitutional Amendment,,,No,1065
GOOCHLAND COUNTY,301 - BEAVERDAM,Proposed Constitutional Amendment,,,Yes,578
GOOCHLAND COUNTY,302 - RANDOLPH,Proposed Constitutional Amendment,,,No,681
GOOCHLAND COUNTY,302 - RANDOLPH,Proposed Constitutional Amendment,,,Yes,474
GOOCHLAND COUNTY,401 - SHALLOW WELL,Proposed Constitutional Amendment,,,No,578
GOOCHLAND COUNTY,401 - SHALLOW WELL,Proposed Constitutional Amendment,,,Yes,216
GOOCHLAND COUNTY,402 - CENTERVILLE,Proposed Constitutional Amendment,,,No,1428
GOOCHLAND COUNTY,402 - CENTERVILLE,Proposed Constitutional Amendment,,,Yes,790
GOOCHLAND COUNTY,403 - WEST CREEK,Proposed Constitutional Amendment,,,No,519
GOOCHLAND COUNTY,403 - WEST CREEK,Proposed Constitutional Amendment,,,Yes,636
GOOCHLAND COUNTY,501 - MANAKIN,Proposed Constitutional Amendment,,,No,1119
GOOCHLAND COUNTY,501 - MANAKIN,Proposed Constitutional Amendment,,,Yes,521
GOOCHLAND COUNTY,502 - BLAIR,Proposed Constitutional Amendment,,,No,1334
GOOCHLAND COUNTY,502 - BLAIR,Proposed Constitutional Amendment,,,Yes,832
GRAYSON COUNTY,101 - BRIDLE CREEK,Proposed Constitutional Amendment,,,No,328
GRAYSON COUNTY,101 - BRIDLE CREEK,Proposed Constitutional Amendment,,,Yes,87
GRAYSON COUNTY,102 - FLATRIDGE,Proposed Constitutional Amendment,,,No,132
GRAYSON COUNTY,102 - FLATRIDGE,Proposed Constitutional Amendment,,,Yes,26
GRAYSON COUNTY,103 - GRANT,Proposed Constitutional Amendment,,,No,224
GRAYSON COUNTY,103 - GRANT,Proposed Constitutional Amendment,,,Yes,70
GRAYSON COUNTY,104 - MOUTH OF WILSON,Proposed Constitutional Amendment,,,No,127
GRAYSON COUNTY,104 - MOUTH OF WILSON,Proposed Constitutional Amendment,,,Yes,33
GRAYSON COUNTY,105 - MOUNT ROGERS,Proposed Constitutional Amendment,,,No,153
GRAYSON COUNTY,105 - MOUNT ROGERS,Proposed Constitutional Amendment,,,Yes,23
GRAYSON COUNTY,106 - RUGBY,Proposed Constitutional Amendment,,,No,152
GRAYSON COUNTY,106 - RUGBY,Proposed Constitutional Amendment,,,Yes,20
GRAYSON COUNTY,107 - TROUTDALE,Proposed Constitutional Amendment,,,No,92
GRAYSON COUNTY,107 - TROUTDALE,Proposed Constitutional Amendment,,,Yes,10
GRAYSON COUNTY,108 - COMERS ROCK,Proposed Constitutional Amendment,,,No,124
GRAYSON COUNTY,108 - COMERS ROCK,Proposed Constitutional Amendment,,,Yes,32
GRAYSON COUNTY,202 - ELK CREEK,Proposed Constitutional Amendment,,,No,406
GRAYSON COUNTY,202 - ELK CREEK,Proposed Constitutional Amendment,,,Yes,70
GRAYSON COUNTY,203 - INDEPENDENCE,Proposed Constitutional Amendment,,,No,832
GRAYSON COUNTY,203 - INDEPENDENCE,Proposed Constitutional Amendment,,,Yes,162
GRAYSON COUNTY,301 - BAYWOOD,Proposed Constitutional Amendment,,,No,568
GRAYSON COUNTY,301 - BAYWOOD,Proposed Constitutional Amendment,,,Yes,92
GRAYSON COUNTY,302 - FAIRVIEW,Proposed Constitutional Amendment,,,No,749
GRAYSON COUNTY,302 - FAIRVIEW,Proposed Constitutional Amendment,,,Yes,130
GRAYSON COUNTY,401 - FRIES,Proposed Constitutional Amendment,,,No,297
GRAYSON COUNTY,401 - FRIES,Proposed Constitutional Amendment,,,Yes,78
GRAYSON COUNTY,402 - PROVIDENCE,Proposed Constitutional Amendment,,,No,690
GRAYSON COUNTY,402 - PROVIDENCE,Proposed Constitutional Amendment,,,Yes,112
GRAYSON COUNTY,403 - OLDTOWN,Proposed Constitutional Amendment,,,No,248
GRAYSON COUNTY,403 - OLDTOWN,Proposed Constitutional Amendment,,,Yes,66
GREENE COUNTY,101 - DYKE,Proposed Constitutional Amendment,,,No,632
GREENE COUNTY,101 - DYKE,Proposed Constitutional Amendment,,,Yes,200
GREENE COUNTY,102 - SWIFT RUN,Proposed Constitutional Amendment,,,No,882
GREENE COUNTY,102 - SWIFT RUN,Proposed Constitutional Amendment,,,Yes,393
GREENE COUNTY,201 - RUCKERSVILLE,Proposed Constitutional Amendment,,,No,1176
GREENE COUNTY,201 - RUCKERSVILLE,Proposed Constitutional Amendment,,,Yes,855
GREENE COUNTY,301 - STANARDSVILLE,Proposed Constitutional Amendment,,,No,1588
GREENE COUNTY,301 - STANARDSVILLE,Proposed Constitutional Amendment,,,Yes,626
GREENE COUNTY,302 - STANARDSVILLE TOWN,Proposed Constitutional Amendment,,,No,55
GREENE COUNTY,302 - STANARDSVILLE TOWN,Proposed Constitutional Amendment,,,Yes,43
GREENE COUNTY,401 - MIDWAY,Proposed Constitutional Amendment,,,No,1458
GREENE COUNTY,401 - MIDWAY,Proposed Constitutional Amendment,,,Yes,1051
GREENSVILLE COUNTY,101 - PRECINCT 1-A,Proposed Constitutional Amendment,,,No,114
GREENSVILLE COUNTY,101 - PRECINCT 1-A,Proposed Constitutional Amendment,,,Yes,153
GREENSVILLE COUNTY,102 - PRECINCT 1-B,Proposed Constitutional Amendment,,,No,95
GREENSVILLE COUNTY,102 - PRECINCT 1-B,Proposed Constitutional Amendment,,,Yes,53
GREENSVILLE COUNTY,103 - PRECINCT 1-C,Proposed Constitutional Amendment,,,No,92
GREENSVILLE COUNTY,103 - PRECINCT 1-C,Proposed Constitutional Amendment,,,Yes,222
GREENSVILLE COUNTY,201 - PRECINCT 2-A,Proposed Constitutional Amendment,,,No,119
GREENSVILLE COUNTY,201 - PRECINCT 2-A,Proposed Constitutional Amendment,,,Yes,243
GREENSVILLE COUNTY,202 - PRECINCT 2-B,Proposed Constitutional Amendment,,,No,338
GREENSVILLE COUNTY,202 - PRECINCT 2-B,Proposed Constitutional Amendment,,,Yes,209
GREENSVILLE COUNTY,302 - PRECINCT 3-A,Proposed Constitutional Amendment,,,No,152
GREENSVILLE COUNTY,302 - PRECINCT 3-A,Proposed Constitutional Amendment,,,Yes,452
GREENSVILLE COUNTY,401 - PRECINCT 4-A,Proposed Constitutional Amendment,,,No,182
GREENSVILLE COUNTY,401 - PRECINCT 4-A,Proposed Constitutional Amendment,,,Yes,49
GREENSVILLE COUNTY,402 - PRECINCT 4-B,Proposed Constitutional Amendment,,,No,167
GREENSVILLE COUNTY,402 - PRECINCT 4-B,Proposed Constitutional Amendment,,,Yes,203
GREENSVILLE COUNTY,403 - PRECINCT 4-C,Proposed Constitutional Amendment,,,No,206
GREENSVILLE COUNTY,403 - PRECINCT 4-C,Proposed Constitutional Amendment,,,Yes,93
HALIFAX COUNTY,101 - CHILDREY,Proposed Constitutional Amendment,,,No,378
HALIFAX COUNTY,101 - CHILDREY,Proposed Constitutional Amendment,,,Yes,216
HALIFAX COUNTY,102 - LIBERTY,Proposed Constitutional Amendment,,,No,218
HALIFAX COUNTY,102 - LIBERTY,Proposed Constitutional Amendment,,,Yes,108
HALIFAX COUNTY,103 - REPUBLICAN GROVE,Proposed Constitutional Amendment,,,No,443
HALIFAX COUNTY,103 - REPUBLICAN GROVE,Proposed Constitutional Amendment,,,Yes,248
HALIFAX COUNTY,201 - CLAYS MILL,Proposed Constitutional Amendment,,,No,335
HALIFAX COUNTY,201 - CLAYS MILL,Proposed Constitutional Amendment,,,Yes,113
HALIFAX COUNTY,202 - CROSSROADS,Proposed Constitutional Amendment,,,No,291
HALIFAX COUNTY,202 - CROSSROADS,Proposed Constitutional Amendment,,,Yes,143
HALIFAX COUNTY,203 - CLOVER,Proposed Constitutional Amendment,,,No,406
HALIFAX COUNTY,203 - CLOVER,Proposed Constitutional Amendment,,,Yes,273
HALIFAX COUNTY,302 - MEADVILLE,Proposed Constitutional Amendment,,,No,103
HALIFAX COUNTY,302 - MEADVILLE,Proposed Constitutional Amendment,,,Yes,147
HALIFAX COUNTY,304 - VERNON HILL,Proposed Constitutional Amendment,,,No,350
HALIFAX COUNTY,304 - VERNON HILL,Proposed Constitutional Amendment,,,Yes,155
HALIFAX COUNTY,305 - SINAI,Proposed Constitutional Amendment,,,No,400
HALIFAX COUNTY,305 - SINAI,Proposed Constitutional Amendment,,,Yes,423
HALIFAX COUNTY,401 - COURTHOUSE,Proposed Constitutional Amendment,,,No,459
HALIFAX COUNTY,401 - COURTHOUSE,Proposed Constitutional Amendment,,,Yes,363
HALIFAX COUNTY,403 - CENTER,Proposed Constitutional Amendment,,,No,566
HALIFAX COUNTY,403 - CENTER,Proposed Constitutional Amendment,,,Yes,268
HALIFAX COUNTY,502 - DAN RIVER,Proposed Constitutional Amendment,,,No,646
HALIFAX COUNTY,502 - DAN RIVER,Proposed Constitutional Amendment,,,Yes,351
HALIFAX COUNTY,503 - SCOTTSBURG,Proposed Constitutional Amendment,,,No,452
HALIFAX COUNTY,503 - SCOTTSBURG,Proposed Constitutional Amendment,,,Yes,83
HALIFAX COUNTY,601 - BLACK WALNUT,Proposed Constitutional Amendment,,,No,454
HALIFAX COUNTY,601 - BLACK WALNUT,Proposed Constitutional Amendment,,,Yes,205
HALIFAX COUNTY,603 - MT CARMEL,Proposed Constitutional Amendment,,,No,564
HALIFAX COUNTY,603 - MT CARMEL,Proposed Constitutional Amendment,,,Yes,336
HALIFAX COUNTY,605 - UNION,Proposed Constitutional Amendment,,,No,213
HALIFAX COUNTY,605 - UNION,Proposed Constitutional Amendment,,,Yes,81
HALIFAX COUNTY,701 - HYCO,Proposed Constitutional Amendment,,,No,711
HALIFAX COUNTY,701 - HYCO,Proposed Constitutional Amendment,,,Yes,199
HALIFAX COUNTY,702 - MIDWAY,Proposed Constitutional Amendment,,,No,533
HALIFAX COUNTY,702 - MIDWAY,Proposed Constitutional Amendment,,,Yes,94
HALIFAX COUNTY,703 - VIRGILINA,Proposed Constitutional Amendment,,,No,363
HALIFAX COUNTY,703 - VIRGILINA,Proposed Constitutional Amendment,,,Yes,50
HALIFAX COUNTY,801 - SOUTH BOSTON,Proposed Constitutional Amendment,,,No,385
HALIFAX COUNTY,801 - SOUTH BOSTON,Proposed Constitutional Amendment,,,Yes,720
HAMPTON CITY,101 - ABERDEEN,Proposed Constitutional Amendment,,,No,195
HAMPTON CITY,101 - ABERDEEN,Proposed Constitutional Amendment,,,Yes,1206
HAMPTON CITY,102 - BASSETTE,Proposed Constitutional Amendment,,,No,137
HAMPTON CITY,102 - BASSETTE,Proposed Constitutional Amendment,,,Yes,1144
HAMPTON CITY,103 - CITY HALL,Proposed Constitutional Amendment,,,No,151
HAMPTON CITY,103 - CITY HALL,Proposed Constitutional Amendment,,,Yes,735
HAMPTON CITY,104 - COOPER,Proposed Constitutional Amendment,,,No,255
HAMPTON CITY,104 - COOPER,Proposed Constitutional Amendment,,,Yes,1566
HAMPTON CITY,105 - EAST HAMPTON,Proposed Constitutional Amendment,,,No,221
HAMPTON CITY,105 - EAST HAMPTON,Proposed Constitutional Amendment,,,Yes,483
HAMPTON CITY,106 - ARMSTRONG,Proposed Constitutional Amendment,,,No,454
HAMPTON CITY,106 - ARMSTRONG,Proposed Constitutional Amendment,,,Yes,1062
HAMPTON CITY,107 - LINDSAY,Proposed Constitutional Amendment,,,No,213
HAMPTON CITY,107 - LINDSAY,Proposed Constitutional Amendment,,,Yes,1113
HAMPTON CITY,108 - THOMAS,Proposed Constitutional Amendment,,,No,219
HAMPTON CITY,108 - THOMAS,Proposed Constitutional Amendment,,,Yes,1305
HAMPTON CITY,109 - PHENIX,Proposed Constitutional Amendment,,,No,158
HAMPTON CITY,109 - PHENIX,Proposed Constitutional Amendment,,,Yes,1416
HAMPTON CITY,110 - PHOEBUS,Proposed Constitutional Amendment,,,No,136
HAMPTON CITY,110 - PHOEBUS,Proposed Constitutional Amendment,,,Yes,232
HAMPTON CITY,111 - HAMPTON LIBRARY,Proposed Constitutional Amendment,,,No,232
HAMPTON CITY,111 - HAMPTON LIBRARY,Proposed Constitutional Amendment,,,Yes,378
HAMPTON CITY,112 - SMITH,Proposed Constitutional Amendment,,,No,517
HAMPTON CITY,112 - SMITH,Proposed Constitutional Amendment,,,Yes,1369
HAMPTON CITY,113 - HAMPTON UNIVERSITY,Proposed Constitutional Amendment,,,No,14
HAMPTON CITY,113 - HAMPTON UNIVERSITY,Proposed Constitutional Amendment,,,Yes,499
HAMPTON CITY,115 - WYTHE,Proposed Constitutional Amendment,,,No,379
HAMPTON CITY,115 - WYTHE,Proposed Constitutional Amendment,,,Yes,622
HAMPTON CITY,116 - JONES,Proposed Constitutional Amendment,,,No,151
HAMPTON CITY,116 - JONES,Proposed Constitutional Amendment,,,Yes,538
HAMPTON CITY,117 - KECOUGHTAN,Proposed Constitutional Amendment,,,No,304
HAMPTON CITY,117 - KECOUGHTAN,Proposed Constitutional Amendment,,,Yes,835
HAMPTON CITY,118 - MALLORY,Proposed Constitutional Amendment,,,No,203
HAMPTON CITY,118 - MALLORY,Proposed Constitutional Amendment,,,Yes,1396
HAMPTON CITY,201 - PATRICK,Proposed Constitutional Amendment,,,No,793
HAMPTON CITY,201 - PATRICK,Proposed Constitutional Amendment,,,Yes,901
HAMPTON CITY,202 - BRYAN,Proposed Constitutional Amendment,,,No,671
HAMPTON CITY,202 - BRYAN,Proposed Constitutional Amendment,,,Yes,979
HAMPTON CITY,203 - BURBANK,Proposed Constitutional Amendment,,,No,439
HAMPTON CITY,203 - BURBANK,Proposed Constitutional Amendment,,,Yes,753
HAMPTON CITY,204 - FORREST,Proposed Constitutional Amendment,,,No,418
HAMPTON CITY,204 - FORREST,Proposed Constitutional Amendment,,,Yes,876
HAMPTON CITY,205 - ASBURY,Proposed Constitutional Amendment,,,No,1392
HAMPTON CITY,205 - ASBURY,Proposed Constitutional Amendment,,,Yes,1037
HAMPTON CITY,208 - KRAFT,Proposed Constitutional Amendment,,,No,826
HAMPTON CITY,208 - KRAFT,Proposed Constitutional Amendment,,,Yes,1469
HAMPTON CITY,209 - LANGLEY,Proposed Constitutional Amendment,,,No,541
HAMPTON CITY,209 - LANGLEY,Proposed Constitutional Amendment,,,Yes,821
HAMPTON CITY,210 - MACHEN,Proposed Constitutional Amendment,,,No,526
HAMPTON CITY,210 - MACHEN,Proposed Constitutional Amendment,,,Yes,1838
HAMPTON CITY,212 - BETHEL,Proposed Constitutional Amendment,,,No,526
HAMPTON CITY,212 - BETHEL,Proposed Constitutional Amendment,,,Yes,1997
HAMPTON CITY,213 - PHILLIPS,Proposed Constitutional Amendment,,,No,1068
HAMPTON CITY,213 - PHILLIPS,Proposed Constitutional Amendment,,,Yes,1196
HAMPTON CITY,214 - JACKSON,Proposed Constitutional Amendment,,,No,610
HAMPTON CITY,214 - JACKSON,Proposed Constitutional Amendment,,,Yes,1038
HAMPTON CITY,215 - PEAKE,Proposed Constitutional Amendment,,,No,79
HAMPTON CITY,215 - PEAKE,Proposed Constitutional Amendment,,,Yes,330
HAMPTON CITY,216 - SANDY BOTTOM,Proposed Constitutional Amendment,,,No,333
HAMPTON CITY,216 - SANDY BOTTOM,Proposed Constitutional Amendment,,,Yes,732
HAMPTON CITY,217 - SYMS,Proposed Constitutional Amendment,,,No,372
HAMPTON CITY,217 - SYMS,Proposed Constitutional Amendment,,,Yes,383
HANOVER COUNTY,101 - ASHLAND,Proposed Constitutional Amendment,,,No,544
HANOVER COUNTY,101 - ASHLAND,Proposed Constitutional Amendment,,,Yes,630
HANOVER COUNTY,104 - SLIDING HILL,Proposed Constitutional Amendment,,,No,790
HANOVER COUNTY,104 - SLIDING HILL,Proposed Constitutional Amendment,,,Yes,577
HANOVER COUNTY,105 - BERKLEY,Proposed Constitutional Amendment,,,No,548
HANOVER COUNTY,105 - BERKLEY,Proposed Constitutional Amendment,,,Yes,767
HANOVER COUNTY,106 - KERSEY CREEK,Proposed Constitutional Amendment,,,No,493
HANOVER COUNTY,106 - KERSEY CREEK,Proposed Constitutional Amendment,,,Yes,303
HANOVER COUNTY,108 - HONEY MEADOWS,Proposed Constitutional Amendment,,,No,1152
HANOVER COUNTY,108 - HONEY MEADOWS,Proposed Constitutional Amendment,,,Yes,958
HANOVER COUNTY,201 - BEAVERDAM,Proposed Constitutional Amendment,,,No,1590
HANOVER COUNTY,201 - BEAVERDAM,Proposed Constitutional Amendment,,,Yes,423
HANOVER COUNTY,202 - BLUNTS,Proposed Constitutional Amendment,,,No,615
HANOVER COUNTY,202 - BLUNTS,Proposed Constitutional Amendment,,,Yes,293
HANOVER COUNTY,203 - WILMINGTON PARISH,Proposed Constitutional Amendment,,,No,1318
HANOVER COUNTY,203 - WILMINGTON PARISH,Proposed Constitutional Amendment,,,Yes,593
HANOVER COUNTY,206 - COURTHOUSE,Proposed Constitutional Amendment,,,No,982
HANOVER COUNTY,206 - COURTHOUSE,Proposed Constitutional Amendment,,,Yes,655
HANOVER COUNTY,208 - OAK KNOLL,Proposed Constitutional Amendment,,,No,1005
HANOVER COUNTY,208 - OAK KNOLL,Proposed Constitutional Amendment,,,Yes,383
HANOVER COUNTY,210 - OAK HILL,Proposed Constitutional Amendment,,,No,447
HANOVER COUNTY,210 - OAK HILL,Proposed Constitutional Amendment,,,Yes,269
HANOVER COUNTY,301 - CLAY,Proposed Constitutional Amendment,,,No,1161
HANOVER COUNTY,301 - CLAY,Proposed Constitutional Amendment,,,Yes,521
HANOVER COUNTY,303 - SHADY GROVE,Proposed Constitutional Amendment,,,No,1191
HANOVER COUNTY,303 - SHADY GROVE,Proposed Constitutional Amendment,,,Yes,591
HANOVER COUNTY,304 - ATLEE,Proposed Constitutional Amendment,,,No,1207
HANOVER COUNTY,304 - ATLEE,Proposed Constitutional Amendment,,,Yes,790
HANOVER COUNTY,305 - COOL SPRING,Proposed Constitutional Amendment,,,No,1086
HANOVER COUNTY,305 - COOL SPRING,Proposed Constitutional Amendment,,,Yes,606
HANOVER COUNTY,306 - RUTLAND,Proposed Constitutional Amendment,,,No,856
HANOVER COUNTY,306 - RUTLAND,Proposed Constitutional Amendment,,,Yes,621
HANOVER COUNTY,401 - BATTLEFIELD,Proposed Constitutional Amendment,,,No,1458
HANOVER COUNTY,401 - BATTLEFIELD,Proposed Constitutional Amendment,,,Yes,454
HANOVER COUNTY,403 - COLD HARBOR,Proposed Constitutional Amendment,,,No,1643
HANOVER COUNTY,403 - COLD HARBOR,Proposed Constitutional Amendment,,,Yes,686
HANOVER COUNTY,404 - BLACK CREEK,Proposed Constitutional Amendment,,,No,1042
HANOVER COUNTY,404 - BLACK CREEK,Proposed Constitutional Amendment,,,Yes,201
HANOVER COUNTY,405 - PEBBLE CREEK,Proposed Constitutional Amendment,,,No,706
HANOVER COUNTY,405 - PEBBLE CREEK,Proposed Constitutional Amendment,,,Yes,403
HANOVER COUNTY,407 - OLD CHURCH,Proposed Constitutional Amendment,,,No,1081
HANOVER COUNTY,407 - OLD CHURCH,Proposed Constitutional Amendment,,,Yes,291
HANOVER COUNTY,502 - RURAL POINT,Proposed Constitutional Amendment,,,No,1319
HANOVER COUNTY,502 - RURAL POINT,Proposed Constitutional Amendment,,,Yes,636
HANOVER COUNTY,503 - NEWMAN,Proposed Constitutional Amendment,,,No,786
HANOVER COUNTY,503 - NEWMAN,Proposed Constitutional Amendment,,,Yes,505
HANOVER COUNTY,504 - STUDLEY,Proposed Constitutional Amendment,,,No,1060
HANOVER COUNTY,504 - STUDLEY,Proposed Constitutional Amendment,,,Yes,242
HANOVER COUNTY,505 - TOTOPOTOMOY,Proposed Constitutional Amendment,,,No,348
HANOVER COUNTY,505 - TOTOPOTOMOY,Proposed Constitutional Amendment,,,Yes,87
HANOVER COUNTY,506 - GEORGETOWN,Proposed Constitutional Amendment,,,No,1197
HANOVER COUNTY,506 - GEORGETOWN,Proposed Constitutional Amendment,,,Yes,470
HANOVER COUNTY,507 - LAUREL MEADOW,Proposed Constitutional Amendment,,,No,1092
HANOVER COUNTY,507 - LAUREL MEADOW,Proposed Constitutional Amendment,,,Yes,499
HANOVER COUNTY,601 - VILLAGE,Proposed Constitutional Amendment,,,No,1383
HANOVER COUNTY,601 - VILLAGE,Proposed Constitutional Amendment,,,Yes,720
HANOVER COUNTY,602 - LEE DAVIS,Proposed Constitutional Amendment,,,No,1115
HANOVER COUNTY,602 - LEE DAVIS,Proposed Constitutional Amendment,,,Yes,541
HANOVER COUNTY,603 - MECHANICSVILLE,Proposed Constitutional Amendment,,,No,993
HANOVER COUNTY,603 - MECHANICSVILLE,Proposed Constitutional Amendment,,,Yes,632
HANOVER COUNTY,604 - HANOVER GROVE,Proposed Constitutional Amendment,,,No,1135
HANOVER COUNTY,604 - HANOVER GROVE,Proposed Constitutional Amendment,,,Yes,555
HANOVER COUNTY,701 - FARRINGTON,Proposed Constitutional Amendment,,,No,1219
HANOVER COUNTY,701 - FARRINGTON,Proposed Constitutional Amendment,,,Yes,521
HANOVER COUNTY,702 - MONTPELIER,Proposed Constitutional Amendment,,,No,1322
HANOVER COUNTY,702 - MONTPELIER,Proposed Constitutional Amendment,,,Yes,585
HANOVER COUNTY,703 - ROCKVILLE,Proposed Constitutional Amendment,,,No,1238
HANOVER COUNTY,703 - ROCKVILLE,Proposed Constitutional Amendment,,,Yes,536
HANOVER COUNTY,704 - ELMONT,Proposed Constitutional Amendment,,,No,1371
HANOVER COUNTY,704 - ELMONT,Proposed Constitutional Amendment,,,Yes,984
HANOVER COUNTY,705 - SOUTH ANNA,Proposed Constitutional Amendment,,,No,713
HANOVER COUNTY,705 - SOUTH ANNA,Proposed Constitutional Amendment,,,Yes,284
HARRISONBURG CITY,101 - NORTHEAST,Proposed Constitutional Amendment,,,No,424
HARRISONBURG CITY,101 - NORTHEAST,Proposed Constitutional Amendment,,,Yes,895
HARRISONBURG CITY,102 - EAST CENTRAL,Proposed Constitutional Amendment,,,No,328
HARRISONBURG CITY,102 - EAST CENTRAL,Proposed Constitutional Amendment,,,Yes,797
HARRISONBURG CITY,103 - SOUTHEAST,Proposed Constitutional Amendment,,,No,421
HARRISONBURG CITY,103 - SOUTHEAST,Proposed Constitutional Amendment,,,Yes,772
HARRISONBURG CITY,104 - EAST,Proposed Constitutional Amendment,,,No,484
HARRISONBURG CITY,104 - EAST,Proposed Constitutional Amendment,,,Yes,747
HARRISONBURG CITY,105 - SOUTH EAST CENTRAL,Proposed Constitutional Amendment,,,No,117
HARRISONBURG CITY,105 - SOUTH EAST CENTRAL,Proposed Constitutional Amendment,,,Yes,441
HARRISONBURG CITY,201 - NORTHWEST,Proposed Constitutional Amendment,,,No,756
HARRISONBURG CITY,201 - NORTHWEST,Proposed Constitutional Amendment,,,Yes,1169
HARRISONBURG CITY,202 - SOUTHWEST,Proposed Constitutional Amendment,,,No,570
HARRISONBURG CITY,202 - SOUTHWEST,Proposed Constitutional Amendment,,,Yes,971
HARRISONBURG CITY,203 - WEST,Proposed Constitutional Amendment,,,No,628
HARRISONBURG CITY,203 - WEST,Proposed Constitutional Amendment,,,Yes,1217
HENRICO COUNTY,101 - COALPIT,Proposed Constitutional Amendment,,,No,1031
HENRICO COUNTY,101 - COALPIT,Proposed Constitutional Amendment,,,Yes,1354
HENRICO COUNTY,102 - DUMBARTON,Proposed Constitutional Amendment,,,No,436
HENRICO COUNTY,102 - DUMBARTON,Proposed Constitutional Amendment,,,Yes,1218
HENRICO COUNTY,103 - GLEN ALLEN,Proposed Constitutional Amendment,,,No,1411
HENRICO COUNTY,103 - GLEN ALLEN,Proposed Constitutional Amendment,,,Yes,1410
HENRICO COUNTY,104 - GREENDALE,Proposed Constitutional Amendment,,,No,303
HENRICO COUNTY,104 - GREENDALE,Proposed Constitutional Amendment,,,Yes,466
HENRICO COUNTY,105 - HERMITAGE,Proposed Constitutional Amendment,,,No,717
HENRICO COUNTY,105 - HERMITAGE,Proposed Constitutional Amendment,,,Yes,1184
HENRICO COUNTY,106 - HOLLADAY,Proposed Constitutional Amendment,,,No,392
HENRICO COUNTY,106 - HOLLADAY,Proposed Constitutional Amendment,,,Yes,509
HENRICO COUNTY,107 - HUNGARY CREEK,Proposed Constitutional Amendment,,,No,1167
HENRICO COUNTY,107 - HUNGARY CREEK,Proposed Constitutional Amendment,,,Yes,1290
HENRICO COUNTY,108 - HUNTON,Proposed Constitutional Amendment,,,No,348
HENRICO COUNTY,108 - HUNTON,Proposed Constitutional Amendment,,,Yes,292
HENRICO COUNTY,109 - JOHNSON,Proposed Constitutional Amendment,,,No,410
HENRICO COUNTY,109 - JOHNSON,Proposed Constitutional Amendment,,,Yes,852
HENRICO COUNTY,110 - LONGAN,Proposed Constitutional Amendment,,,No,827
HENRICO COUNTY,110 - LONGAN,Proposed Constitutional Amendment,,,Yes,1139
HENRICO COUNTY,111 - MAUDE TREVVETT,Proposed Constitutional Amendment,,,No,574
HENRICO COUNTY,111 - MAUDE TREVVETT,Proposed Constitutional Amendment,,,Yes,1326
HENRICO COUNTY,112 - MONUMENT HILLS,Proposed Constitutional Amendment,,,No,275
HENRICO COUNTY,112 - MONUMENT HILLS,Proposed Constitutional Amendment,,,Yes,339
HENRICO COUNTY,113 - SPRINGFIELD,Proposed Constitutional Amendment,,,No,873
HENRICO COUNTY,113 - SPRINGFIELD,Proposed Constitutional Amendment,,,Yes,1157
HENRICO COUNTY,114 - STAPLES MILL,Proposed Constitutional Amendment,,,No,985
HENRICO COUNTY,114 - STAPLES MILL,Proposed Constitutional Amendment,,,Yes,1093
HENRICO COUNTY,115 - WESTWOOD,Proposed Constitutional Amendment,,,No,505
HENRICO COUNTY,115 - WESTWOOD,Proposed Constitutional Amendment,,,Yes,821
HENRICO COUNTY,201 - AZALEA,Proposed Constitutional Amendment,,,No,140
HENRICO COUNTY,201 - AZALEA,Proposed Constitutional Amendment,,,Yes,1365
HENRICO COUNTY,202 - BELMONT,Proposed Constitutional Amendment,,,No,549
HENRICO COUNTY,202 - BELMONT,Proposed Constitutional Amendment,,,Yes,1561
HENRICO COUNTY,203 - BROOKLAND,Proposed Constitutional Amendment,,,No,311
HENRICO COUNTY,203 - BROOKLAND,Proposed Constitutional Amendment,,,Yes,446
HENRICO COUNTY,204 - CANTERBURY,Proposed Constitutional Amendment,,,No,224
HENRICO COUNTY,204 - CANTERBURY,Proposed Constitutional Amendment,,,Yes,397
HENRICO COUNTY,205 - CENTRAL GARDENS,Proposed Constitutional Amendment,,,No,88
HENRICO COUNTY,205 - CENTRAL GARDENS,Proposed Constitutional Amendment,,,Yes,1286
HENRICO COUNTY,206 - CHAMBERLAYNE,Proposed Constitutional Amendment,,,No,397
HENRICO COUNTY,206 - CHAMBERLAYNE,Proposed Constitutional Amendment,,,Yes,1269
HENRICO COUNTY,207 - EASTBOURNE,Proposed Constitutional Amendment,,,No,49
HENRICO COUNTY,207 - EASTBOURNE,Proposed Constitutional Amendment,,,Yes,638
HENRICO COUNTY,209 - FAIRFIELD,Proposed Constitutional Amendment,,,No,51
HENRICO COUNTY,209 - FAIRFIELD,Proposed Constitutional Amendment,,,Yes,860
HENRICO COUNTY,210 - GLEN LEA,Proposed Constitutional Amendment,,,No,153
HENRICO COUNTY,210 - GLEN LEA,Proposed Constitutional Amendment,,,Yes,1121
HENRICO COUNTY,211 - GREENWOOD,Proposed Constitutional Amendment,,,No,55
HENRICO COUNTY,211 - GREENWOOD,Proposed Constitutional Amendment,,,Yes,454
HENRICO COUNTY,212 - HIGHLAND GARDENS,Proposed Constitutional Amendment,,,No,69
HENRICO COUNTY,212 - HIGHLAND GARDENS,Proposed Constitutional Amendment,,,Yes,724
HENRICO COUNTY,214 - HUNGARY,Proposed Constitutional Amendment,,,No,196
HENRICO COUNTY,214 - HUNGARY,Proposed Constitutional Amendment,,,Yes,785
HENRICO COUNTY,215 - LAKESIDE,Proposed Constitutional Amendment,,,No,722
HENRICO COUNTY,215 - LAKESIDE,Proposed Constitutional Amendment,,,Yes,1551
HENRICO COUNTY,216 - LONGDALE,Proposed Constitutional Amendment,,,No,520
HENRICO COUNTY,216 - LONGDALE,Proposed Constitutional Amendment,,,Yes,1248
HENRICO COUNTY,217 - MAPLEWOOD,Proposed Constitutional Amendment,,,No,81
HENRICO COUNTY,217 - MAPLEWOOD,Proposed Constitutional Amendment,,,Yes,1650
HENRICO COUNTY,218 - MOODY,Proposed Constitutional Amendment,,,No,216
HENRICO COUNTY,218 - MOODY,Proposed Constitutional Amendment,,,Yes,343
HENRICO COUNTY,219 - MOUNTAIN,Proposed Constitutional Amendment,,,No,152
HENRICO COUNTY,219 - MOUNTAIN,Proposed Constitutional Amendment,,,Yes,325
HENRICO COUNTY,220 - NORTH PARK,Proposed Constitutional Amendment,,,No,269
HENRICO COUNTY,220 - NORTH PARK,Proposed Constitutional Amendment,,,Yes,306
HENRICO COUNTY,222 - RANDOLPH,Proposed Constitutional Amendment,,,No,39
HENRICO COUNTY,222 - RANDOLPH,Proposed Constitutional Amendment,,,Yes,150
HENRICO COUNTY,223 - RATCLIFFE,Proposed Constitutional Amendment,,,No,136
HENRICO COUNTY,223 - RATCLIFFE,Proposed Constitutional Amendment,,,Yes,1706
HENRICO COUNTY,225 - WILDER,Proposed Constitutional Amendment,,,No,215
HENRICO COUNTY,225 - WILDER,Proposed Constitutional Amendment,,,Yes,1078
HENRICO COUNTY,226 - YELLOW TAVERN,Proposed Constitutional Amendment,,,No,628
HENRICO COUNTY,226 - YELLOW TAVERN,Proposed Constitutional Amendment,,,Yes,1539
HENRICO COUNTY,301 - CAUSEWAY,Proposed Constitutional Amendment,,,No,625
HENRICO COUNTY,301 - CAUSEWAY,Proposed Constitutional Amendment,,,Yes,880
HENRICO COUNTY,302 - CEDARFIELD,Proposed Constitutional Amendment,,,No,788
HENRICO COUNTY,302 - CEDARFIELD,Proposed Constitutional Amendment,,,Yes,919
HENRICO COUNTY,303 - COLONIAL TRAIL,Proposed Constitutional Amendment,,,No,532
HENRICO COUNTY,303 - COLONIAL TRAIL,Proposed Constitutional Amendment,,,Yes,931
HENRICO COUNTY,304 - INNSBROOK,Proposed Constitutional Amendment,,,No,393
HENRICO COUNTY,304 - INNSBROOK,Proposed Constitutional Amendment,,,Yes,786
HENRICO COUNTY,305 - JACKSON DAVIS,Proposed Constitutional Amendment,,,No,462
HENRICO COUNTY,305 - JACKSON DAVIS,Proposed Constitutional Amendment,,,Yes,571
HENRICO COUNTY,306 - NUCKOLS FARM,Proposed Constitutional Amendment,,,No,1182
HENRICO COUNTY,306 - NUCKOLS FARM,Proposed Constitutional Amendment,,,Yes,1249
HENRICO COUNTY,307 - POCAHONTAS,Proposed Constitutional Amendment,,,No,689
HENRICO COUNTY,307 - POCAHONTAS,Proposed Constitutional Amendment,,,Yes,1010
HENRICO COUNTY,308 - RIDGE,Proposed Constitutional Amendment,,,No,370
HENRICO COUNTY,308 - RIDGE,Proposed Constitutional Amendment,,,Yes,443
HENRICO COUNTY,309 - RIVERS EDGE,Proposed Constitutional Amendment,,,No,902
HENRICO COUNTY,309 - RIVERS EDGE,Proposed Constitutional Amendment,,,Yes,1135
HENRICO COUNTY,310 - SADLER,Proposed Constitutional Amendment,,,No,801
HENRICO COUNTY,310 - SADLER,Proposed Constitutional Amendment,,,Yes,1167
HENRICO COUNTY,311 - SHADY GROVE,Proposed Constitutional Amendment,,,No,995
HENRICO COUNTY,311 - SHADY GROVE,Proposed Constitutional Amendment,,,Yes,1112
HENRICO COUNTY,312 - SHORT PUMP,Proposed Constitutional Amendment,,,No,597
HENRICO COUNTY,312 - SHORT PUMP,Proposed Constitutional Amendment,,,Yes,843
HENRICO COUNTY,313 - STONEY RUN,Proposed Constitutional Amendment,,,No,1102
HENRICO COUNTY,313 - STONEY RUN,Proposed Constitutional Amendment,,,Yes,1343
HENRICO COUNTY,314 - THREE CHOPT,Proposed Constitutional Amendment,,,No,641
HENRICO COUNTY,314 - THREE CHOPT,Proposed Constitutional Amendment,,,Yes,760
HENRICO COUNTY,315 - TUCKER,Proposed Constitutional Amendment,,,No,401
HENRICO COUNTY,315 - TUCKER,Proposed Constitutional Amendment,,,Yes,1258
HENRICO COUNTY,401 - CRESTVIEW,Proposed Constitutional Amendment,,,No,496
HENRICO COUNTY,401 - CRESTVIEW,Proposed Constitutional Amendment,,,Yes,862
HENRICO COUNTY,402 - DERBYSHIRE,Proposed Constitutional Amendment,,,No,736
HENRICO COUNTY,402 - DERBYSHIRE,Proposed Constitutional Amendment,,,Yes,651
HENRICO COUNTY,403 - FREEMAN,Proposed Constitutional Amendment,,,No,547
HENRICO COUNTY,403 - FREEMAN,Proposed Constitutional Amendment,,,Yes,745
HENRICO COUNTY,404 - GAYTON,Proposed Constitutional Amendment,,,No,1071
HENRICO COUNTY,404 - GAYTON,Proposed Constitutional Amendment,,,Yes,1123
HENRICO COUNTY,405 - GODWIN,Proposed Constitutional Amendment,,,No,673
HENRICO COUNTY,405 - GODWIN,Proposed Constitutional Amendment,,,Yes,912
HENRICO COUNTY,406 - LAKEWOOD,Proposed Constitutional Amendment,,,No,685
HENRICO COUNTY,406 - LAKEWOOD,Proposed Constitutional Amendment,,,Yes,681
HENRICO COUNTY,407 - LAUDERDALE,Proposed Constitutional Amendment,,,No,645
HENRICO COUNTY,407 - LAUDERDALE,Proposed Constitutional Amendment,,,Yes,791
HENRICO COUNTY,408 - MAYBEURY,Proposed Constitutional Amendment,,,No,850
HENRICO COUNTY,408 - MAYBEURY,Proposed Constitutional Amendment,,,Yes,787
HENRICO COUNTY,409 - MOORELAND,Proposed Constitutional Amendment,,,No,690
HENRICO COUNTY,409 - MOORELAND,Proposed Constitutional Amendment,,,Yes,383
HENRICO COUNTY,410 - PEMBERTON,Proposed Constitutional Amendment,,,No,551
HENRICO COUNTY,410 - PEMBERTON,Proposed Constitutional Amendment,,,Yes,877
HENRICO COUNTY,411 - PINCHBECK,Proposed Constitutional Amendment,,,No,719
HENRICO COUNTY,411 - PINCHBECK,Proposed Constitutional Amendment,,,Yes,1016
HENRICO COUNTY,412 - QUIOCCASIN,Proposed Constitutional Amendment,,,No,695
HENRICO COUNTY,412 - QUIOCCASIN,Proposed Constitutional Amendment,,,Yes,1091
HENRICO COUNTY,413 - RIDGEFIELD,Proposed Constitutional Amendment,,,No,913
HENRICO COUNTY,413 - RIDGEFIELD,Proposed Constitutional Amendment,,,Yes,1086
HENRICO COUNTY,414 - ROLLINGWOOD,Proposed Constitutional Amendment,,,No,629
HENRICO COUNTY,414 - ROLLINGWOOD,Proposed Constitutional Amendment,,,Yes,733
HENRICO COUNTY,415 - SKIPWITH,Proposed Constitutional Amendment,,,No,335
HENRICO COUNTY,415 - SKIPWITH,Proposed Constitutional Amendment,,,Yes,609
HENRICO COUNTY,416 - SPOTTSWOOD,Proposed Constitutional Amendment,,,No,326
HENRICO COUNTY,416 - SPOTTSWOOD,Proposed Constitutional Amendment,,,Yes,418
HENRICO COUNTY,417 - TUCKAHOE,Proposed Constitutional Amendment,,,No,1473
HENRICO COUNTY,417 - TUCKAHOE,Proposed Constitutional Amendment,,,Yes,1035
HENRICO COUNTY,418 - WELBORNE,Proposed Constitutional Amendment,,,No,464
HENRICO COUNTY,418 - WELBORNE,Proposed Constitutional Amendment,,,Yes,662
HENRICO COUNTY,419 - WEST END,Proposed Constitutional Amendment,,,No,782
HENRICO COUNTY,419 - WEST END,Proposed Constitutional Amendment,,,Yes,881
HENRICO COUNTY,501 - ADAMS,Proposed Constitutional Amendment,,,No,164
HENRICO COUNTY,501 - ADAMS,Proposed Constitutional Amendment,,,Yes,1249
HENRICO COUNTY,502 - ANTIOCH,Proposed Constitutional Amendment,,,No,894
HENRICO COUNTY,502 - ANTIOCH,Proposed Constitutional Amendment,,,Yes,372
HENRICO COUNTY,503 - CEDAR FORK,Proposed Constitutional Amendment,,,No,119
HENRICO COUNTY,503 - CEDAR FORK,Proposed Constitutional Amendment,,,Yes,909
HENRICO COUNTY,504 - CHICKAHOMINY,Proposed Constitutional Amendment,,,No,665
HENRICO COUNTY,504 - CHICKAHOMINY,Proposed Constitutional Amendment,,,Yes,792
HENRICO COUNTY,505 - DONAHOE,Proposed Constitutional Amendment,,,No,306
HENRICO COUNTY,505 - DONAHOE,Proposed Constitutional Amendment,,,Yes,797
HENRICO COUNTY,506 - DOREY,Proposed Constitutional Amendment,,,No,752
HENRICO COUNTY,506 - DOREY,Proposed Constitutional Amendment,,,Yes,1375
HENRICO COUNTY,507 - EANES,Proposed Constitutional Amendment,,,No,346
HENRICO COUNTY,507 - EANES,Proposed Constitutional Amendment,,,Yes,1412
HENRICO COUNTY,508 - ELKO,Proposed Constitutional Amendment,,,No,388
HENRICO COUNTY,508 - ELKO,Proposed Constitutional Amendment,,,Yes,113
HENRICO COUNTY,509 - HIGHLAND SPRINGS,Proposed Constitutional Amendment,,,No,202
HENRICO COUNTY,509 - HIGHLAND SPRINGS,Proposed Constitutional Amendment,,,Yes,833
HENRICO COUNTY,510 - LABURNUM,Proposed Constitutional Amendment,,,No,256
HENRICO COUNTY,510 - LABURNUM,Proposed Constitutional Amendment,,,Yes,830
HENRICO COUNTY,511 - MEHFOUD,Proposed Constitutional Amendment,,,No,363
HENRICO COUNTY,511 - MEHFOUD,Proposed Constitutional Amendment,,,Yes,974
HENRICO COUNTY,512 - MONTROSE,Proposed Constitutional Amendment,,,No,173
HENRICO COUNTY,512 - MONTROSE,Proposed Constitutional Amendment,,,Yes,1215
HENRICO COUNTY,513 - NINE MILE,Proposed Constitutional Amendment,,,No,194
HENRICO COUNTY,513 - NINE MILE,Proposed Constitutional Amendment,,,Yes,445
HENRICO COUNTY,514 - PLEASANTS,Proposed Constitutional Amendment,,,No,173
HENRICO COUNTY,514 - PLEASANTS,Proposed Constitutional Amendment,,,Yes,1465
HENRICO COUNTY,515 - ROLFE,Proposed Constitutional Amendment,,,No,180
HENRICO COUNTY,515 - ROLFE,Proposed Constitutional Amendment,,,Yes,1887
HENRICO COUNTY,516 - SANDSTON,Proposed Constitutional Amendment,,,No,667
HENRICO COUNTY,516 - SANDSTON,Proposed Constitutional Amendment,,,Yes,518
HENRICO COUNTY,517 - SULLIVANS,Proposed Constitutional Amendment,,,No,505
HENRICO COUNTY,517 - SULLIVANS,Proposed Constitutional Amendment,,,Yes,1695
HENRICO COUNTY,518 - TOWN HALL,Proposed Constitutional Amendment,,,No,373
HENRICO COUNTY,518 - TOWN HALL,Proposed Constitutional Amendment,,,Yes,274
HENRICO COUNTY,519 - WHITLOCKS,Proposed Constitutional Amendment,,,No,800
HENRICO COUNTY,519 - WHITLOCKS,Proposed Constitutional Amendment,,,Yes,697
HENRY COUNTY,101 - BASSETT #2,Proposed Constitutional Amendment,,,No,233
HENRY COUNTY,101 - BASSETT #2,Proposed Constitutional Amendment,,,Yes,140
HENRY COUNTY,102 - GUNVILLE,Proposed Constitutional Amendment,,,No,695
HENRY COUNTY,102 - GUNVILLE,Proposed Constitutional Amendment,,,Yes,129
HENRY COUNTY,103 - SCOTT'S TANYARD,Proposed Constitutional Amendment,,,No,1089
HENRY COUNTY,103 - SCOTT'S TANYARD,Proposed Constitutional Amendment,,,Yes,249
HENRY COUNTY,201 - FIELDALE,Proposed Constitutional Amendment,,,No,308
HENRY COUNTY,201 - FIELDALE,Proposed Constitutional Amendment,,,Yes,129
HENRY COUNTY,202 - HORSEPASTURE #1,Proposed Constitutional Amendment,,,No,628
HENRY COUNTY,202 - HORSEPASTURE #1,Proposed Constitutional Amendment,,,Yes,245
HENRY COUNTY,203-HORSEPASTURE #2,Proposed Constitutional Amendment,,,No,223
HENRY COUNTY,203-HORSEPASTURE #2,Proposed Constitutional Amendment,,,Yes,449
HENRY COUNTY,204 - SPENCER,Proposed Constitutional Amendment,,,No,678
HENRY COUNTY,204 - SPENCER,Proposed Constitutional Amendment,,,Yes,186
HENRY COUNTY,302 - AXTON,Proposed Constitutional Amendment,,,No,321
HENRY COUNTY,302 - AXTON,Proposed Constitutional Amendment,,,Yes,238
HENRY COUNTY,303 - IRISBURG,Proposed Constitutional Amendment,,,No,593
HENRY COUNTY,303 - IRISBURG,Proposed Constitutional Amendment,,,Yes,367
HENRY COUNTY,304 - MOUNT OLIVET,Proposed Constitutional Amendment,,,No,546
HENRY COUNTY,304 - MOUNT OLIVET,Proposed Constitutional Amendment,,,Yes,535
HENRY COUNTY,305 - MOUNTAIN VALLEY,Proposed Constitutional Amendment,,,No,351
HENRY COUNTY,305 - MOUNTAIN VALLEY,Proposed Constitutional Amendment,,,Yes,190
HENRY COUNTY,401 - COLLINSVILLE #1,Proposed Constitutional Amendment,,,No,427
HENRY COUNTY,401 - COLLINSVILLE #1,Proposed Constitutional Amendment,,,Yes,151
HENRY COUNTY,402 - DANIELS CREEK,Proposed Constitutional Amendment,,,No,382
HENRY COUNTY,402 - DANIELS CREEK,Proposed Constitutional Amendment,,,Yes,174
HENRY COUNTY,404 - COLLINSVILLE #2,Proposed Constitutional Amendment,,,No,698
HENRY COUNTY,404 - COLLINSVILLE #2,Proposed Constitutional Amendment,,,Yes,294
HENRY COUNTY,405 - MOUNTAIN VIEW,Proposed Constitutional Amendment,,,No,204
HENRY COUNTY,405 - MOUNTAIN VIEW,Proposed Constitutional Amendment,,,Yes,183
HENRY COUNTY,501 - BASSETT #1,Proposed Constitutional Amendment,,,No,251
HENRY COUNTY,501 - BASSETT #1,Proposed Constitutional Amendment,,,Yes,162
HENRY COUNTY,502 - FIGSBORO,Proposed Constitutional Amendment,,,No,517
HENRY COUNTY,502 - FIGSBORO,Proposed Constitutional Amendment,,,Yes,148
HENRY COUNTY,503 - STANLEYTOWN,Proposed Constitutional Amendment,,,No,853
HENRY COUNTY,503 - STANLEYTOWN,Proposed Constitutional Amendment,,,Yes,158
HENRY COUNTY,504 - OAK LEVEL,Proposed Constitutional Amendment,,,No,245
HENRY COUNTY,504 - OAK LEVEL,Proposed Constitutional Amendment,,,Yes,68
HENRY COUNTY,505 - DYERS STORE,Proposed Constitutional Amendment,,,No,455
HENRY COUNTY,505 - DYERS STORE,Proposed Constitutional Amendment,,,Yes,165
HENRY COUNTY,601 - FONTAINE,Proposed Constitutional Amendment,,,No,704
HENRY COUNTY,601 - FONTAINE,Proposed Constitutional Amendment,,,Yes,251
HENRY COUNTY,602 - HILLCREST,Proposed Constitutional Amendment,,,No,177
HENRY COUNTY,602 - HILLCREST,Proposed Constitutional Amendment,,,Yes,106
HENRY COUNTY,603 - RIDGEWAY #1,Proposed Constitutional Amendment,,,No,711
HENRY COUNTY,603 - RIDGEWAY #1,Proposed Constitutional Amendment,,,Yes,209
HENRY COUNTY,604 - RIDGEWAY #2,Proposed Constitutional Amendment,,,No,592
HENRY COUNTY,604 - RIDGEWAY #2,Proposed Constitutional Amendment,,,Yes,188
HIGHLAND COUNTY,001 - MONTEREY,Proposed Constitutional Amendment,,,No,271
HIGHLAND COUNTY,001 - MONTEREY,Proposed Constitutional Amendment,,,Yes,91
HIGHLAND COUNTY,003 - WILSONS MILL,Proposed Constitutional Amendment,,,No,66
HIGHLAND COUNTY,003 - WILSONS MILL,Proposed Constitutional Amendment,,,Yes,13
HIGHLAND COUNTY,005 - BLUE GRASS,Proposed Constitutional Amendment,,,No,169
HIGHLAND COUNTY,005 - BLUE GRASS,Proposed Constitutional Amendment,,,Yes,61
HIGHLAND COUNTY,007 - MILL GAP,Proposed Constitutional Amendment,,,No,99
HIGHLAND COUNTY,007 - MILL GAP,Proposed Constitutional Amendment,,,Yes,41
HIGHLAND COUNTY,008 - MCDOWELL,Proposed Constitutional Amendment,,,No,273
HIGHLAND COUNTY,008 - MCDOWELL,Proposed Constitutional Amendment,,,Yes,63
HOPEWELL CITY,101 - WARD ONE,Proposed Constitutional Amendment,,,No,300
HOPEWELL CITY,101 - WARD ONE,Proposed Constitutional Amendment,,,Yes,354
HOPEWELL CITY,201 - WARD TWO,Proposed Constitutional Amendment,,,No,92
HOPEWELL CITY,201 - WARD TWO,Proposed Constitutional Amendment,,,Yes,463
HOPEWELL CITY,301 - WARD THREE,Proposed Constitutional Amendment,,,No,652
HOPEWELL CITY,301 - WARD THREE,Proposed Constitutional Amendment,,,Yes,448
HOPEWELL CITY,401 - WARD FOUR,Proposed Constitutional Amendment,,,No,561
HOPEWELL CITY,401 - WARD FOUR,Proposed Constitutional Amendment,,,Yes,673
HOPEWELL CITY,501 - WARD FIVE,Proposed Constitutional Amendment,,,No,488
HOPEWELL CITY,501 - WARD FIVE,Proposed Constitutional Amendment,,,Yes,373
HOPEWELL CITY,601 - WARD SIX,Proposed Constitutional Amendment,,,No,167
HOPEWELL CITY,601 - WARD SIX,Proposed Constitutional Amendment,,,Yes,491
HOPEWELL CITY,701 - WARD SEVEN,Proposed Constitutional Amendment,,,No,264
HOPEWELL CITY,701 - WARD SEVEN,Proposed Constitutional Amendment,,,Yes,449
ISLE OF WIGHT COUNTY,101 - PAGAN RIVER,Proposed Constitutional Amendment,,,No,1244
ISLE OF WIGHT COUNTY,101 - PAGAN RIVER,Proposed Constitutional Amendment,,,Yes,690
ISLE OF WIGHT COUNTY,102 - CYPRESS CREEK A,Proposed Constitutional Amendment,,,No,1258
ISLE OF WIGHT COUNTY,102 - CYPRESS CREEK A,Proposed Constitutional Amendment,,,Yes,795
ISLE OF WIGHT COUNTY,103 - CYPRESS CREEK B,Proposed Constitutional Amendment,,,No,76
ISLE OF WIGHT COUNTY,103 - CYPRESS CREEK B,Proposed Constitutional Amendment,,,Yes,42
ISLE OF WIGHT COUNTY,201 - BARTLETT,Proposed Constitutional Amendment,,,No,1058
ISLE OF WIGHT COUNTY,201 - BARTLETT,Proposed Constitutional Amendment,,,Yes,953
ISLE OF WIGHT COUNTY,202 - NIKE PARK A,Proposed Constitutional Amendment,,,No,1118
ISLE OF WIGHT COUNTY,202 - NIKE PARK A,Proposed Constitutional Amendment,,,Yes,624
ISLE OF WIGHT COUNTY,203 - NIKE PARK B,Proposed Constitutional Amendment,,,No,101
ISLE OF WIGHT COUNTY,203 - NIKE PARK B,Proposed Constitutional Amendment,,,Yes,62
ISLE OF WIGHT COUNTY,301 - RUSHMERE,Proposed Constitutional Amendment,,,No,396
ISLE OF WIGHT COUNTY,301 - RUSHMERE,Proposed Constitutional Amendment,,,Yes,562
ISLE OF WIGHT COUNTY,302 - PONS,Proposed Constitutional Amendment,,,No,572
ISLE OF WIGHT COUNTY,302 - PONS,Proposed Constitutional Amendment,,,Yes,778
ISLE OF WIGHT COUNTY,303 - BENNS CHURCH,Proposed Constitutional Amendment,,,No,300
ISLE OF WIGHT COUNTY,303 - BENNS CHURCH,Proposed Constitutional Amendment,,,Yes,563
ISLE OF WIGHT COUNTY,304 - NEW TOWNE,Proposed Constitutional Amendment,,,No,73
ISLE OF WIGHT COUNTY,304 - NEW TOWNE,Proposed Constitutional Amendment,,,Yes,157
ISLE OF WIGHT COUNTY,401 - BOWLING GREEN,Proposed Constitutional Amendment,,,No,849
ISLE OF WIGHT COUNTY,401 - BOWLING GREEN,Proposed Constitutional Amendment,,,Yes,232
ISLE OF WIGHT COUNTY,402 - WINDSOR,Proposed Constitutional Amendment,,,No,971
ISLE OF WIGHT COUNTY,402 - WINDSOR,Proposed Constitutional Amendment,,,Yes,441
ISLE OF WIGHT COUNTY,403 - CEDAR GROVE,Proposed Constitutional Amendment,,,No,703
ISLE OF WIGHT COUNTY,403 - CEDAR GROVE,Proposed Constitutional Amendment,,,Yes,364
ISLE OF WIGHT COUNTY,501 - WALTERS,Proposed Constitutional Amendment,,,No,577
ISLE OF WIGHT COUNTY,501 - WALTERS,Proposed Constitutional Amendment,,,Yes,140
ISLE OF WIGHT COUNTY,502 - BEAVER DAM,Proposed Constitutional Amendment,,,No,477
ISLE OF WIGHT COUNTY,502 - BEAVER DAM,Proposed Constitutional Amendment,,,Yes,298
ISLE OF WIGHT COUNTY,503 - FIRE TOWER,Proposed Constitutional Amendment,,,No,842
ISLE OF WIGHT COUNTY,503 - FIRE TOWER,Proposed Constitutional Amendment,,,Yes,256
ISLE OF WIGHT COUNTY,504 - BETHANY CHURCH,Proposed Constitutional Amendment,,,No,651
ISLE OF WIGHT COUNTY,504 - BETHANY CHURCH,Proposed Constitutional Amendment,,,Yes,185
JAMES CITY COUNTY,101 - BERKELEY A,Proposed Constitutional Amendment,,,No,1458
JAMES CITY COUNTY,101 - BERKELEY A,Proposed Constitutional Amendment,,,Yes,1487
JAMES CITY COUNTY,102 - BERKELEY B,Proposed Constitutional Amendment,,,No,950
JAMES CITY COUNTY,102 - BERKELEY B,Proposed Constitutional Amendment,,,Yes,987
JAMES CITY COUNTY,103 - BERKELEY C,Proposed Constitutional Amendment,,,No,1240
JAMES CITY COUNTY,103 - BERKELEY C,Proposed Constitutional Amendment,,,Yes,886
JAMES CITY COUNTY,104- BERKELEY D,Proposed Constitutional Amendment,,,No,376
JAMES CITY COUNTY,104- BERKELEY D,Proposed Constitutional Amendment,,,Yes,486
JAMES CITY COUNTY,201 - JAMESTOWN A,Proposed Constitutional Amendment,,,No,619
JAMES CITY COUNTY,201 - JAMESTOWN A,Proposed Constitutional Amendment,,,Yes,778
JAMES CITY COUNTY,202 - JAMESTOWN B,Proposed Constitutional Amendment,,,No,599
JAMES CITY COUNTY,202 - JAMESTOWN B,Proposed Constitutional Amendment,,,Yes,1114
JAMES CITY COUNTY,203 - JAMESTOWN C,Proposed Constitutional Amendment,,,No,888
JAMES CITY COUNTY,203 - JAMESTOWN C,Proposed Constitutional Amendment,,,Yes,932
JAMES CITY COUNTY,204 - JAMESTOWN D,Proposed Constitutional Amendment,,,No,1389
JAMES CITY COUNTY,204 - JAMESTOWN D,Proposed Constitutional Amendment,,,Yes,1338
JAMES CITY COUNTY,301 - POWHATAN A,Proposed Constitutional Amendment,,,No,1454
JAMES CITY COUNTY,301 - POWHATAN A,Proposed Constitutional Amendment,,,Yes,1362
JAMES CITY COUNTY,302 - POWHATAN B,Proposed Constitutional Amendment,,,No,328
JAMES CITY COUNTY,302 - POWHATAN B,Proposed Constitutional Amendment,,,Yes,440
JAMES CITY COUNTY,303 - POWHATAN C,Proposed Constitutional Amendment,,,No,1316
JAMES CITY COUNTY,303 - POWHATAN C,Proposed Constitutional Amendment,,,Yes,564
JAMES CITY COUNTY,304 - POWHATAN D,Proposed Constitutional Amendment,,,No,809
JAMES CITY COUNTY,304 - POWHATAN D,Proposed Constitutional Amendment,,,Yes,1172
JAMES CITY COUNTY,401 - STONEHOUSE A,Proposed Constitutional Amendment,,,No,1298
JAMES CITY COUNTY,401 - STONEHOUSE A,Proposed Constitutional Amendment,,,Yes,1218
JAMES CITY COUNTY,402 - STONEHOUSE B,Proposed Constitutional Amendment,,,No,1743
JAMES CITY COUNTY,402 - STONEHOUSE B,Proposed Constitutional Amendment,,,Yes,1901
JAMES CITY COUNTY,403 - STONEHOUSE C,Proposed Constitutional Amendment,,,No,1532
JAMES CITY COUNTY,403 - STONEHOUSE C,Proposed Constitutional Amendment,,,Yes,1247
JAMES CITY COUNTY,501 - ROBERTS A,Proposed Constitutional Amendment,,,No,267
JAMES CITY COUNTY,501 - ROBERTS A,Proposed Constitutional Amendment,,,Yes,565
JAMES CITY COUNTY,502 - ROBERTS B,Proposed Constitutional Amendment,,,No,1588
JAMES CITY COUNTY,502 - ROBERTS B,Proposed Constitutional Amendment,,,Yes,1366
JAMES CITY COUNTY,503 - ROBERTS C,Proposed Constitutional Amendment,,,No,1405
JAMES CITY COUNTY,503 - ROBERTS C,Proposed Constitutional Amendment,,,Yes,1677
KING & QUEEN COUNTY,101 - OWENTON,Proposed Constitutional Amendment,,,No,349
KING & QUEEN COUNTY,101 - OWENTON,Proposed Constitutional Amendment,,,Yes,299
KING & QUEEN COUNTY,201 - CLARKS,Proposed Constitutional Amendment,,,No,456
KING & QUEEN COUNTY,201 - CLARKS,Proposed Constitutional Amendment,,,Yes,166
KING & QUEEN COUNTY,301 - SHACKLEFORDS,Proposed Constitutional Amendment,,,No,409
KING & QUEEN COUNTY,301 - SHACKLEFORDS,Proposed Constitutional Amendment,,,Yes,198
KING & QUEEN COUNTY,401 - COURTHOUSE,Proposed Constitutional Amendment,,,No,412
KING & QUEEN COUNTY,401 - COURTHOUSE,Proposed Constitutional Amendment,,,Yes,262
KING & QUEEN COUNTY,501 - OLDMILL,Proposed Constitutional Amendment,,,No,463
KING & QUEEN COUNTY,501 - OLDMILL,Proposed Constitutional Amendment,,,Yes,145
KING GEORGE COUNTY,101 - COURTHOUSE,Proposed Constitutional Amendment,,,No,1129
KING GEORGE COUNTY,101 - COURTHOUSE,Proposed Constitutional Amendment,,,Yes,770
KING GEORGE COUNTY,102 - PASSAPATANZY,Proposed Constitutional Amendment,,,No,771
KING GEORGE COUNTY,102 - PASSAPATANZY,Proposed Constitutional Amendment,,,Yes,333
KING GEORGE COUNTY,201 - MONROE,Proposed Constitutional Amendment,,,No,2073
KING GEORGE COUNTY,201 - MONROE,Proposed Constitutional Amendment,,,Yes,911
KING GEORGE COUNTY,301 - DAHLGREN,Proposed Constitutional Amendment,,,No,1390
KING GEORGE COUNTY,301 - DAHLGREN,Proposed Constitutional Amendment,,,Yes,883
KING GEORGE COUNTY,401 - SHILOH,Proposed Constitutional Amendment,,,No,1956
KING GEORGE COUNTY,401 - SHILOH,Proposed Constitutional Amendment,,,Yes,925
KING WILLIAM COUNTY,101 - WEST POINT,Proposed Constitutional Amendment,,,No,896
KING WILLIAM COUNTY,101 - WEST POINT,Proposed Constitutional Amendment,,,Yes,461
KING WILLIAM COUNTY,201 - SWEET HALL,Proposed Constitutional Amendment,,,No,489
KING WILLIAM COUNTY,201 - SWEET HALL,Proposed Constitutional Amendment,,,Yes,162
KING WILLIAM COUNTY,202 - COURTHOUSE,Proposed Constitutional Amendment,,,No,914
KING WILLIAM COUNTY,202 - COURTHOUSE,Proposed Constitutional Amendment,,,Yes,366
KING WILLIAM COUNTY,301 - AYLETT,Proposed Constitutional Amendment,,,No,1332
KING WILLIAM COUNTY,301 - AYLETT,Proposed Constitutional Amendment,,,Yes,396
KING WILLIAM COUNTY,401 - MANQUIN,Proposed Constitutional Amendment,,,No,1331
KING WILLIAM COUNTY,401 - MANQUIN,Proposed Constitutional Amendment,,,Yes,470
KING WILLIAM COUNTY,501 - MANGOHICK,Proposed Constitutional Amendment,,,No,1344
KING WILLIAM COUNTY,501 - MANGOHICK,Proposed Constitutional Amendment,,,Yes,552
LANCASTER COUNTY,101 - PRECINCT 1-1,Proposed Constitutional Amendment,,,No,758
LANCASTER COUNTY,101 - PRECINCT 1-1,Proposed Constitutional Amendment,,,Yes,376
LANCASTER COUNTY,201 - PRECINCT 2-1,Proposed Constitutional Amendment,,,No,446
LANCASTER COUNTY,201 - PRECINCT 2-1,Proposed Constitutional Amendment,,,Yes,494
LANCASTER COUNTY,301 - PRECINCT 3-1,Proposed Constitutional Amendment,,,No,608
LANCASTER COUNTY,301 - PRECINCT 3-1,Proposed Constitutional Amendment,,,Yes,320
LANCASTER COUNTY,302 - PRECINCT 3-2,Proposed Constitutional Amendment,,,No,324
LANCASTER COUNTY,302 - PRECINCT 3-2,Proposed Constitutional Amendment,,,Yes,119
LANCASTER COUNTY,401 - PRECINCT 4-1,Proposed Constitutional Amendment,,,No,477
LANCASTER COUNTY,401 - PRECINCT 4-1,Proposed Constitutional Amendment,,,Yes,593
LANCASTER COUNTY,501 - PRECINCT 5-1,Proposed Constitutional Amendment,,,No,836
LANCASTER COUNTY,501 - PRECINCT 5-1,Proposed Constitutional Amendment,,,Yes,460
LEE COUNTY,101 - ELYDALE,Proposed Constitutional Amendment,,,No,223
LEE COUNTY,101 - ELYDALE,Proposed Constitutional Amendment,,,Yes,50
LEE COUNTY,102 - EWING,Proposed Constitutional Amendment,,,No,254
LEE COUNTY,102 - EWING,Proposed Constitutional Amendment,,,Yes,34
LEE COUNTY,103 - ROSE HILL,Proposed Constitutional Amendment,,,No,530
LEE COUNTY,103 - ROSE HILL,Proposed Constitutional Amendment,,,Yes,63
LEE COUNTY,201 - BLACKWATER,Proposed Constitutional Amendment,,,No,120
LEE COUNTY,201 - BLACKWATER,Proposed Constitutional Amendment,,,Yes,15
LEE COUNTY,202 - FLATWOODS,Proposed Constitutional Amendment,,,No,461
LEE COUNTY,202 - FLATWOODS,Proposed Constitutional Amendment,,,Yes,58
LEE COUNTY,203 - JONESVILLE,Proposed Constitutional Amendment,,,No,811
LEE COUNTY,203 - JONESVILLE,Proposed Constitutional Amendment,,,Yes,111
LEE COUNTY,301 - BEN HUR,Proposed Constitutional Amendment,,,No,550
LEE COUNTY,301 - BEN HUR,Proposed Constitutional Amendment,,,Yes,79
LEE COUNTY,302 - WOODWAY,Proposed Constitutional Amendment,,,No,302
LEE COUNTY,302 - WOODWAY,Proposed Constitutional Amendment,,,Yes,30
LEE COUNTY,401 - STICKLEYVILLE,Proposed Constitutional Amendment,,,No,444
LEE COUNTY,401 - STICKLEYVILLE,Proposed Constitutional Amendment,,,Yes,50
LEE COUNTY,402 - JASPER,Proposed Constitutional Amendment,,,No,226
LEE COUNTY,402 - JASPER,Proposed Constitutional Amendment,,,Yes,22
LEE COUNTY,403 - SEMINARY,Proposed Constitutional Amendment,,,No,319
LEE COUNTY,403 - SEMINARY,Proposed Constitutional Amendment,,,Yes,21
LEE COUNTY,404 - DRYDEN,Proposed Constitutional Amendment,,,No,486
LEE COUNTY,404 - DRYDEN,Proposed Constitutional Amendment,,,Yes,50
LEE COUNTY,501 - SAINT CHARLES,Proposed Constitutional Amendment,,,No,174
LEE COUNTY,501 - SAINT CHARLES,Proposed Constitutional Amendment,,,Yes,26
LEE COUNTY,502 - PENNINGTON,Proposed Constitutional Amendment,,,No,563
LEE COUNTY,502 - PENNINGTON,Proposed Constitutional Amendment,,,Yes,72
LEE COUNTY,503 - ROBBINS CHAPEL,Proposed Constitutional Amendment,,,No,68
LEE COUNTY,503 - ROBBINS CHAPEL,Proposed Constitutional Amendment,,,Yes,7
LEE COUNTY,504 - KEOKEE,Proposed Constitutional Amendment,,,No,94
LEE COUNTY,504 - KEOKEE,Proposed Constitutional Amendment,,,Yes,8
LEXINGTON CITY,001 - LEXINGTON,Proposed Constitutional Amendment,,,No,736
LEXINGTON CITY,001 - LEXINGTON,Proposed Constitutional Amendment,,,Yes,1179
LOUDOUN COUNTY,107 - LITTLE RIVER,Proposed Constitutional Amendment,,,No,652
LOUDOUN COUNTY,107 - LITTLE RIVER,Proposed Constitutional Amendment,,,Yes,1083
LOUDOUN COUNTY,108 - MERCER,Proposed Constitutional Amendment,,,No,511
LOUDOUN COUNTY,108 - MERCER,Proposed Constitutional Amendment,,,Yes,958
LOUDOUN COUNTY,112 - FREEDOM,Proposed Constitutional Amendment,,,No,352
LOUDOUN COUNTY,112 - FREEDOM,Proposed Constitutional Amendment,,,Yes,853
LOUDOUN COUNTY,114 - DULLES SOUTH,Proposed Constitutional Amendment,,,No,427
LOUDOUN COUNTY,114 - DULLES SOUTH,Proposed Constitutional Amendment,,,Yes,862
LOUDOUN COUNTY,119 - ARCOLA,Proposed Constitutional Amendment,,,No,611
LOUDOUN COUNTY,119 - ARCOLA,Proposed Constitutional Amendment,,,Yes,1384
LOUDOUN COUNTY,120 - LUNSFORD,Proposed Constitutional Amendment,,,No,571
LOUDOUN COUNTY,120 - LUNSFORD,Proposed Constitutional Amendment,,,Yes,1126
LOUDOUN COUNTY,121 - TOWN HALL,Proposed Constitutional Amendment,,,No,347
LOUDOUN COUNTY,121 - TOWN HALL,Proposed Constitutional Amendment,,,Yes,618
LOUDOUN COUNTY,122 - HUTCHISON FARM,Proposed Constitutional Amendment,,,No,599
LOUDOUN COUNTY,122 - HUTCHISON FARM,Proposed Constitutional Amendment,,,Yes,1099
LOUDOUN COUNTY,123 - CARDINAL RIDGE,Proposed Constitutional Amendment,,,No,361
LOUDOUN COUNTY,123 - CARDINAL RIDGE,Proposed Constitutional Amendment,,,Yes,633
LOUDOUN COUNTY,124 - LIBERTY,Proposed Constitutional Amendment,,,No,389
LOUDOUN COUNTY,124 - LIBERTY,Proposed Constitutional Amendment,,,Yes,755
LOUDOUN COUNTY,126-GOSHEN POST,Proposed Constitutional Amendment,,,No,500
LOUDOUN COUNTY,126-GOSHEN POST,Proposed Constitutional Amendment,,,Yes,1040
LOUDOUN COUNTY,207 - RIVER BEND,Proposed Constitutional Amendment,,,No,427
LOUDOUN COUNTY,207 - RIVER BEND,Proposed Constitutional Amendment,,,Yes,681
LOUDOUN COUNTY,208 - ALGONKIAN,Proposed Constitutional Amendment,,,No,437
LOUDOUN COUNTY,208 - ALGONKIAN,Proposed Constitutional Amendment,,,Yes,676
LOUDOUN COUNTY,209 - POTOMAC FALLS,Proposed Constitutional Amendment,,,No,670
LOUDOUN COUNTY,209 - POTOMAC FALLS,Proposed Constitutional Amendment,,,Yes,1260
LOUDOUN COUNTY,210 - CASCADES,Proposed Constitutional Amendment,,,No,586
LOUDOUN COUNTY,210 - CASCADES,Proposed Constitutional Amendment,,,Yes,1096
LOUDOUN COUNTY,213 - COUNTRYSIDE,Proposed Constitutional Amendment,,,No,216
LOUDOUN COUNTY,213 - COUNTRYSIDE,Proposed Constitutional Amendment,,,Yes,439
LOUDOUN COUNTY,214 - SUGARLAND NORTH,Proposed Constitutional Amendment,,,No,655
LOUDOUN COUNTY,214 - SUGARLAND NORTH,Proposed Constitutional Amendment,,,Yes,934
LOUDOUN COUNTY,215 - SUGARLAND SOUTH,Proposed Constitutional Amendment,,,No,565
LOUDOUN COUNTY,215 - SUGARLAND SOUTH,Proposed Constitutional Amendment,,,Yes,1043
LOUDOUN COUNTY,216 - LOWES ISLAND,Proposed Constitutional Amendment,,,No,612
LOUDOUN COUNTY,216 - LOWES ISLAND,Proposed Constitutional Amendment,,,Yes,840
LOUDOUN COUNTY,217 - SOUTH BANK,Proposed Constitutional Amendment,,,No,709
LOUDOUN COUNTY,217 - SOUTH BANK,Proposed Constitutional Amendment,,,Yes,1016
LOUDOUN COUNTY,218 - UNIVERSITY CENTER,Proposed Constitutional Amendment,,,No,346
LOUDOUN COUNTY,218 - UNIVERSITY CENTER,Proposed Constitutional Amendment,,,Yes,747
LOUDOUN COUNTY,219 - GALILEE CHURCH,Proposed Constitutional Amendment,,,No,475
LOUDOUN COUNTY,219 - GALILEE CHURCH,Proposed Constitutional Amendment,,,Yes,734
LOUDOUN COUNTY,220 - MIRROR RIDGE,Proposed Constitutional Amendment,,,No,408
LOUDOUN COUNTY,220 - MIRROR RIDGE,Proposed Constitutional Amendment,,,Yes,900
LOUDOUN COUNTY,221 - SENECA,Proposed Constitutional Amendment,,,No,579
LOUDOUN COUNTY,221 - SENECA,Proposed Constitutional Amendment,,,Yes,804
LOUDOUN COUNTY,307 - MIDDLEBURG,Proposed Constitutional Amendment,,,No,356
LOUDOUN COUNTY,307 - MIDDLEBURG,Proposed Constitutional Amendment,,,Yes,425
LOUDOUN COUNTY,308 - ST LOUIS,Proposed Constitutional Amendment,,,No,404
LOUDOUN COUNTY,308 - ST LOUIS,Proposed Constitutional Amendment,,,Yes,462
LOUDOUN COUNTY,309 - ALDIE,Proposed Constitutional Amendment,,,No,321
LOUDOUN COUNTY,309 - ALDIE,Proposed Constitutional Amendment,,,Yes,278
LOUDOUN COUNTY,312 - BRIAR WOODS,Proposed Constitutional Amendment,,,No,289
LOUDOUN COUNTY,312 - BRIAR WOODS,Proposed Constitutional Amendment,,,Yes,755
LOUDOUN COUNTY,313 - PINEBROOK,Proposed Constitutional Amendment,,,No,371
LOUDOUN COUNTY,313 - PINEBROOK,Proposed Constitutional Amendment,,,Yes,741
LOUDOUN COUNTY,314 - LEGACY,Proposed Constitutional Amendment,,,No,473
LOUDOUN COUNTY,314 - LEGACY,Proposed Constitutional Amendment,,,Yes,1033
LOUDOUN COUNTY,319 - JOHN CHAMPE,Proposed Constitutional Amendment,,,No,283
LOUDOUN COUNTY,319 - JOHN CHAMPE,Proposed Constitutional Amendment,,,Yes,582
LOUDOUN COUNTY,321 - BRAMBLETON MIDDLE,Proposed Constitutional Amendment,,,No,454
LOUDOUN COUNTY,321 - BRAMBLETON MIDDLE,Proposed Constitutional Amendment,,,Yes,1265
LOUDOUN COUNTY,322 - BUFFALO TRAIL,Proposed Constitutional Amendment,,,No,414
LOUDOUN COUNTY,322 - BUFFALO TRAIL,Proposed Constitutional Amendment,,,Yes,907
LOUDOUN COUNTY,323 - SYCOLIN CREEK,Proposed Constitutional Amendment,,,No,819
LOUDOUN COUNTY,323 - SYCOLIN CREEK,Proposed Constitutional Amendment,,,Yes,680
LOUDOUN COUNTY,324 - MADISON,Proposed Constitutional Amendment,,,No,278
LOUDOUN COUNTY,324 - MADISON,Proposed Constitutional Amendment,,,Yes,691
LOUDOUN COUNTY,325 - CREIGHTON,Proposed Constitutional Amendment,,,No,611
LOUDOUN COUNTY,325 - CREIGHTON,Proposed Constitutional Amendment,,,Yes,1547
LOUDOUN COUNTY,326 - INDEPENDENCE,Proposed Constitutional Amendment,,,No,769
LOUDOUN COUNTY,326 - INDEPENDENCE,Proposed Constitutional Amendment,,,Yes,966
LOUDOUN COUNTY,327 - WILLARD,Proposed Constitutional Amendment,,,No,471
LOUDOUN COUNTY,327 - WILLARD,Proposed Constitutional Amendment,,,Yes,431
LOUDOUN COUNTY,328 - HOVATTER,Proposed Constitutional Amendment,,,No,469
LOUDOUN COUNTY,328 - HOVATTER,Proposed Constitutional Amendment,,,Yes,716
LOUDOUN COUNTY,329 - LIGHTRIDGE,Proposed Constitutional Amendment,,,No,726
LOUDOUN COUNTY,329 - LIGHTRIDGE,Proposed Constitutional Amendment,,,Yes,984
LOUDOUN COUNTY,401 - WEST LOVETTSVILLE,Proposed Constitutional Amendment,,,No,1325
LOUDOUN COUNTY,401 - WEST LOVETTSVILLE,Proposed Constitutional Amendment,,,Yes,1052
LOUDOUN COUNTY,402 - WATERFORD,Proposed Constitutional Amendment,,,No,937
LOUDOUN COUNTY,402 - WATERFORD,Proposed Constitutional Amendment,,,Yes,803
LOUDOUN COUNTY,403 - LUCKETTS,Proposed Constitutional Amendment,,,No,745
LOUDOUN COUNTY,403 - LUCKETTS,Proposed Constitutional Amendment,,,Yes,731
LOUDOUN COUNTY,409 - CLARKES GAP,Proposed Constitutional Amendment,,,No,1050
LOUDOUN COUNTY,409 - CLARKES GAP,Proposed Constitutional Amendment,,,Yes,837
LOUDOUN COUNTY,411 - EAST LOVETTSVILLE,Proposed Constitutional Amendment,,,No,895
LOUDOUN COUNTY,411 - EAST LOVETTSVILLE,Proposed Constitutional Amendment,,,Yes,639
LOUDOUN COUNTY,413 - TUSCARORA,Proposed Constitutional Amendment,,,No,460
LOUDOUN COUNTY,413 - TUSCARORA,Proposed Constitutional Amendment,,,Yes,423
LOUDOUN COUNTY,416 - HAMILTON,Proposed Constitutional Amendment,,,No,885
LOUDOUN COUNTY,416 - HAMILTON,Proposed Constitutional Amendment,,,Yes,807
LOUDOUN COUNTY,421 - BETWEEN THE HILLS,Proposed Constitutional Amendment,,,No,137
LOUDOUN COUNTY,421 - BETWEEN THE HILLS,Proposed Constitutional Amendment,,,Yes,98
LOUDOUN COUNTY,423 - SIMPSON,Proposed Constitutional Amendment,,,No,240
LOUDOUN COUNTY,423 - SIMPSON,Proposed Constitutional Amendment,,,Yes,128
LOUDOUN COUNTY,424 - PURCELLVILLE,Proposed Constitutional Amendment,,,No,1071
LOUDOUN COUNTY,424 - PURCELLVILLE,Proposed Constitutional Amendment,,,Yes,1091
LOUDOUN COUNTY,425 - ROUND HILL,Proposed Constitutional Amendment,,,No,1043
LOUDOUN COUNTY,425 - ROUND HILL,Proposed Constitutional Amendment,,,Yes,779
LOUDOUN COUNTY,426 - HILLSBORO,Proposed Constitutional Amendment,,,No,985
LOUDOUN COUNTY,426 - HILLSBORO,Proposed Constitutional Amendment,,,Yes,700
LOUDOUN COUNTY,427 - PHILOMONT,Proposed Constitutional Amendment,,,No,918
LOUDOUN COUNTY,427 - PHILOMONT,Proposed Constitutional Amendment,,,Yes,655
LOUDOUN COUNTY,428 - MOUNTAIN VIEW,Proposed Constitutional Amendment,,,No,1138
LOUDOUN COUNTY,428 - MOUNTAIN VIEW,Proposed Constitutional Amendment,,,Yes,1057
LOUDOUN COUNTY,429 - ROUND HILL ELEMENTARY,Proposed Constitutional Amendment,,,No,1215
LOUDOUN COUNTY,429 - ROUND HILL ELEMENTARY,Proposed Constitutional Amendment,,,Yes,922
LOUDOUN COUNTY,430 - HARMONY,Proposed Constitutional Amendment,,,No,512
LOUDOUN COUNTY,430 - HARMONY,Proposed Constitutional Amendment,,,Yes,371
LOUDOUN COUNTY,501 - WEST LEESBURG,Proposed Constitutional Amendment,,,No,611
LOUDOUN COUNTY,501 - WEST LEESBURG,Proposed Constitutional Amendment,,,Yes,1034
LOUDOUN COUNTY,502 - EAST LEESBURG,Proposed Constitutional Amendment,,,No,485
LOUDOUN COUNTY,502 - EAST LEESBURG,Proposed Constitutional Amendment,,,Yes,1024
LOUDOUN COUNTY,503 - DRY MILL,Proposed Constitutional Amendment,,,No,408
LOUDOUN COUNTY,503 - DRY MILL,Proposed Constitutional Amendment,,,Yes,684
LOUDOUN COUNTY,504 - SMARTS MILL,Proposed Constitutional Amendment,,,No,698
LOUDOUN COUNTY,504 - SMARTS MILL,Proposed Constitutional Amendment,,,Yes,1123
LOUDOUN COUNTY,505 - COOL SPRING,Proposed Constitutional Amendment,,,No,757
LOUDOUN COUNTY,505 - COOL SPRING,Proposed Constitutional Amendment,,,Yes,1083
LOUDOUN COUNTY,506 - DOUGLASS,Proposed Constitutional Amendment,,,No,288
LOUDOUN COUNTY,506 - DOUGLASS,Proposed Constitutional Amendment,,,Yes,587
LOUDOUN COUNTY,507 - GREENWAY,Proposed Constitutional Amendment,,,No,375
LOUDOUN COUNTY,507 - GREENWAY,Proposed Constitutional Amendment,,,Yes,518
LOUDOUN COUNTY,508 - BALLS BLUFF,Proposed Constitutional Amendment,,,No,664
LOUDOUN COUNTY,508 - BALLS BLUFF,Proposed Constitutional Amendment,,,Yes,989
LOUDOUN COUNTY,509 - TOLBERT,Proposed Constitutional Amendment,,,No,678
LOUDOUN COUNTY,509 - TOLBERT,Proposed Constitutional Amendment,,,Yes,1365
LOUDOUN COUNTY,510 - HERITAGE,Proposed Constitutional Amendment,,,No,497
LOUDOUN COUNTY,510 - HERITAGE,Proposed Constitutional Amendment,,,Yes,603
LOUDOUN COUNTY,511 - EVERGREEN,Proposed Constitutional Amendment,,,No,838
LOUDOUN COUNTY,511 - EVERGREEN,Proposed Constitutional Amendment,,,Yes,1169
LOUDOUN COUNTY,512 - RIVER CREEK,Proposed Constitutional Amendment,,,No,707
LOUDOUN COUNTY,512 - RIVER CREEK,Proposed Constitutional Amendment,,,Yes,672
LOUDOUN COUNTY,513 - RED ROCK,Proposed Constitutional Amendment,,,No,434
LOUDOUN COUNTY,513 - RED ROCK,Proposed Constitutional Amendment,,,Yes,639
LOUDOUN COUNTY,615 - HILLSIDE,Proposed Constitutional Amendment,,,No,800
LOUDOUN COUNTY,615 - HILLSIDE,Proposed Constitutional Amendment,,,Yes,1392
LOUDOUN COUNTY,616 - EAGLE RIDGE,Proposed Constitutional Amendment,,,No,617
LOUDOUN COUNTY,616 - EAGLE RIDGE,Proposed Constitutional Amendment,,,Yes,1225
LOUDOUN COUNTY,620 - RUSSELL BRANCH,Proposed Constitutional Amendment,,,No,450
LOUDOUN COUNTY,620 - RUSSELL BRANCH,Proposed Constitutional Amendment,,,Yes,887
LOUDOUN COUNTY,621 - DOMINION TRAIL,Proposed Constitutional Amendment,,,No,685
LOUDOUN COUNTY,621 - DOMINION TRAIL,Proposed Constitutional Amendment,,,Yes,1264
LOUDOUN COUNTY,622 - FARMWELL STATION,Proposed Constitutional Amendment,,,No,589
LOUDOUN COUNTY,622 - FARMWELL STATION,Proposed Constitutional Amendment,,,Yes,1251
LOUDOUN COUNTY,623 - WELLER,Proposed Constitutional Amendment,,,No,791
LOUDOUN COUNTY,623 - WELLER,Proposed Constitutional Amendment,,,Yes,1482
LOUDOUN COUNTY,625 - MILL RUN,Proposed Constitutional Amendment,,,No,557
LOUDOUN COUNTY,625 - MILL RUN,Proposed Constitutional Amendment,,,Yes,962
LOUDOUN COUNTY,626 - ASHBY PONDS,Proposed Constitutional Amendment,,,No,536
LOUDOUN COUNTY,626 - ASHBY PONDS,Proposed Constitutional Amendment,,,Yes,1117
LOUDOUN COUNTY,627 - ASHBROOK,Proposed Constitutional Amendment,,,No,333
LOUDOUN COUNTY,627 - ASHBROOK,Proposed Constitutional Amendment,,,Yes,660
LOUDOUN COUNTY,628 - MOOREFIELD STATION,Proposed Constitutional Amendment,,,No,340
LOUDOUN COUNTY,628 - MOOREFIELD STATION,Proposed Constitutional Amendment,,,Yes,843
LOUDOUN COUNTY,629 - DISCOVERY,Proposed Constitutional Amendment,,,No,207
LOUDOUN COUNTY,629 - DISCOVERY,Proposed Constitutional Amendment,,,Yes,450
LOUDOUN COUNTY,630 - CROSON,Proposed Constitutional Amendment,,,No,482
LOUDOUN COUNTY,630 - CROSON,Proposed Constitutional Amendment,,,Yes,1008
LOUDOUN COUNTY,631 - MARBLEHEAD,Proposed Constitutional Amendment,,,No,304
LOUDOUN COUNTY,631 - MARBLEHEAD,Proposed Constitutional Amendment,,,Yes,669
LOUDOUN COUNTY,701 - SULLY,Proposed Constitutional Amendment,,,No,421
LOUDOUN COUNTY,701 - SULLY,Proposed Constitutional Amendment,,,Yes,826
LOUDOUN COUNTY,702 - PARK VIEW,Proposed Constitutional Amendment,,,No,521
LOUDOUN COUNTY,702 - PARK VIEW,Proposed Constitutional Amendment,,,Yes,1108
LOUDOUN COUNTY,703 - ROLLING RIDGE,Proposed Constitutional Amendment,,,No,337
LOUDOUN COUNTY,703 - ROLLING RIDGE,Proposed Constitutional Amendment,,,Yes,919
LOUDOUN COUNTY,705 - FOREST GROVE,Proposed Constitutional Amendment,,,No,495
LOUDOUN COUNTY,705 - FOREST GROVE,Proposed Constitutional Amendment,,,Yes,892
LOUDOUN COUNTY,707 - CLAUDE MOORE PARK,Proposed Constitutional Amendment,,,No,163
LOUDOUN COUNTY,707 - CLAUDE MOORE PARK,Proposed Constitutional Amendment,,,Yes,381
LOUDOUN COUNTY,710 - STERLING,Proposed Constitutional Amendment,,,No,310
LOUDOUN COUNTY,710 - STERLING,Proposed Constitutional Amendment,,,Yes,598
LOUDOUN COUNTY,711 - GUILFORD,Proposed Constitutional Amendment,,,No,234
LOUDOUN COUNTY,711 - GUILFORD,Proposed Constitutional Amendment,,,Yes,578
LOUDOUN COUNTY,712 - STONE HILL,Proposed Constitutional Amendment,,,No,244
LOUDOUN COUNTY,712 - STONE HILL,Proposed Constitutional Amendment,,,Yes,849
LOUDOUN COUNTY,713 - CARTER,Proposed Constitutional Amendment,,,No,103
LOUDOUN COUNTY,713 - CARTER,Proposed Constitutional Amendment,,,Yes,294
LOUDOUN COUNTY,714 - ROCK RIDGE,Proposed Constitutional Amendment,,,No,357
LOUDOUN COUNTY,714 - ROCK RIDGE,Proposed Constitutional Amendment,,,Yes,1010
LOUDOUN COUNTY,715 - OAK GROVE,Proposed Constitutional Amendment,,,No,132
LOUDOUN COUNTY,715 - OAK GROVE,Proposed Constitutional Amendment,,,Yes,466
LOUDOUN COUNTY,716 - RIDGETOP,Proposed Constitutional Amendment,,,No,160
LOUDOUN COUNTY,716 - RIDGETOP,Proposed Constitutional Amendment,,,Yes,498
LOUDOUN COUNTY,808 - STONE BRIDGE,Proposed Constitutional Amendment,,,No,745
LOUDOUN COUNTY,808 - STONE BRIDGE,Proposed Constitutional Amendment,,,Yes,1237
LOUDOUN COUNTY,810 - CEDAR LANE,Proposed Constitutional Amendment,,,No,544
LOUDOUN COUNTY,810 - CEDAR LANE,Proposed Constitutional Amendment,,,Yes,1024
LOUDOUN COUNTY,813 - SELDENS LANDING,Proposed Constitutional Amendment,,,No,442
LOUDOUN COUNTY,813 - SELDENS LANDING,Proposed Constitutional Amendment,,,Yes,791
LOUDOUN COUNTY,814 - NEWTON - LEE,Proposed Constitutional Amendment,,,No,882
LOUDOUN COUNTY,814 - NEWTON - LEE,Proposed Constitutional Amendment,,,Yes,1081
LOUDOUN COUNTY,815 - BELMONT RIDGE,Proposed Constitutional Amendment,,,No,831
LOUDOUN COUNTY,815 - BELMONT RIDGE,Proposed Constitutional Amendment,,,Yes,1313
LOUDOUN COUNTY,817 - SANDERS CORNER,Proposed Constitutional Amendment,,,No,623
LOUDOUN COUNTY,817 - SANDERS CORNER,Proposed Constitutional Amendment,,,Yes,952
LOUDOUN COUNTY,818 - EAST BROAD RUN,Proposed Constitutional Amendment,,,No,367
LOUDOUN COUNTY,818 - EAST BROAD RUN,Proposed Constitutional Amendment,,,Yes,792
LOUDOUN COUNTY,819 - WEST BROAD RUN,Proposed Constitutional Amendment,,,No,501
LOUDOUN COUNTY,819 - WEST BROAD RUN,Proposed Constitutional Amendment,,,Yes,710
LOUDOUN COUNTY,820 - BELMONT STATION,Proposed Constitutional Amendment,,,No,505
LOUDOUN COUNTY,820 - BELMONT STATION,Proposed Constitutional Amendment,,,Yes,811
LOUDOUN COUNTY,822 - RIVERSIDE,Proposed Constitutional Amendment,,,No,543
LOUDOUN COUNTY,822 - RIVERSIDE,Proposed Constitutional Amendment,,,Yes,760
LOUDOUN COUNTY,823 - HARPER PARK,Proposed Constitutional Amendment,,,No,563
LOUDOUN COUNTY,823 - HARPER PARK,Proposed Constitutional Amendment,,,Yes,823
LOUDOUN COUNTY,824 - GOOSE CREEK,Proposed Constitutional Amendment,,,No,199
LOUDOUN COUNTY,824 - GOOSE CREEK,Proposed Constitutional Amendment,,,Yes,351
LOUDOUN COUNTY,825 - WAXPOOL,Proposed Constitutional Amendment,,,No,479
LOUDOUN COUNTY,825 - WAXPOOL,Proposed Constitutional Amendment,,,Yes,926
LOUISA COUNTY,101 - GREEN SPRINGS #1,Proposed Constitutional Amendment,,,No,1279
LOUISA COUNTY,101 - GREEN SPRINGS #1,Proposed Constitutional Amendment,,,Yes,1049
LOUISA COUNTY,102 - GREEN SPRINGS #2,Proposed Constitutional Amendment,,,No,522
LOUISA COUNTY,102 - GREEN SPRINGS #2,Proposed Constitutional Amendment,,,Yes,308
LOUISA COUNTY,201 - LOUISA #1,Proposed Constitutional Amendment,,,No,637
LOUISA COUNTY,201 - LOUISA #1,Proposed Constitutional Amendment,,,Yes,426
LOUISA COUNTY,202 - LOUISA #2,Proposed Constitutional Amendment,,,No,653
LOUISA COUNTY,202 - LOUISA #2,Proposed Constitutional Amendment,,,Yes,344
LOUISA COUNTY,203 - LOUISA #3,Proposed Constitutional Amendment,,,No,132
LOUISA COUNTY,203 - LOUISA #3,Proposed Constitutional Amendment,,,Yes,51
LOUISA COUNTY,301 - PATRICK HENRY #1,Proposed Constitutional Amendment,,,No,656
LOUISA COUNTY,301 - PATRICK HENRY #1,Proposed Constitutional Amendment,,,Yes,743
LOUISA COUNTY,302 - PATRICK HENRY #2,Proposed Constitutional Amendment,,,No,642
LOUISA COUNTY,302 - PATRICK HENRY #2,Proposed Constitutional Amendment,,,Yes,322
LOUISA COUNTY,401 - MINERAL,Proposed Constitutional Amendment,,,No,1944
LOUISA COUNTY,401 - MINERAL,Proposed Constitutional Amendment,,,Yes,773
LOUISA COUNTY,501 - CUCKOO #1,Proposed Constitutional Amendment,,,No,402
LOUISA COUNTY,501 - CUCKOO #1,Proposed Constitutional Amendment,,,Yes,243
LOUISA COUNTY,502 - CUCKOO #2,Proposed Constitutional Amendment,,,No,563
LOUISA COUNTY,502 - CUCKOO #2,Proposed Constitutional Amendment,,,Yes,202
LOUISA COUNTY,503 - CUCKOO #3,Proposed Constitutional Amendment,,,No,1084
LOUISA COUNTY,503 - CUCKOO #3,Proposed Constitutional Amendment,,,Yes,382
LOUISA COUNTY,601 - JACKSON,Proposed Constitutional Amendment,,,No,1704
LOUISA COUNTY,601 - JACKSON,Proposed Constitutional Amendment,,,Yes,514
LOUISA COUNTY,701 - MOUNTAIN ROAD #1,Proposed Constitutional Amendment,,,No,889
LOUISA COUNTY,701 - MOUNTAIN ROAD #1,Proposed Constitutional Amendment,,,Yes,308
LOUISA COUNTY,702 - MOUNTAIN ROAD #2,Proposed Constitutional Amendment,,,No,847
LOUISA COUNTY,702 - MOUNTAIN ROAD #2,Proposed Constitutional Amendment,,,Yes,445
LUNENBURG COUNTY,101 - PLYMOUTH,Proposed Constitutional Amendment,,,No,361
LUNENBURG COUNTY,101 - PLYMOUTH,Proposed Constitutional Amendment,,,Yes,146
LUNENBURG COUNTY,201 - BROWNS STORE,Proposed Constitutional Amendment,,,No,334
LUNENBURG COUNTY,201 - BROWNS STORE,Proposed Constitutional Amendment,,,Yes,236
LUNENBURG COUNTY,301 - ROSEBUD,Proposed Constitutional Amendment,,,No,210
LUNENBURG COUNTY,301 - ROSEBUD,Proposed Constitutional Amendment,,,Yes,60
LUNENBURG COUNTY,302 - FLAT ROCK,Proposed Constitutional Amendment,,,No,262
LUNENBURG COUNTY,302 - FLAT ROCK,Proposed Constitutional Amendment,,,Yes,110
LUNENBURG COUNTY,401 - ARROWHEAD GUN CLUB,Proposed Constitutional Amendment,,,No,182
LUNENBURG COUNTY,401 - ARROWHEAD GUN CLUB,Proposed Constitutional Amendment,,,Yes,41
LUNENBURG COUNTY,402 - PLEASANT GROVE,Proposed Constitutional Amendment,,,No,324
LUNENBURG COUNTY,402 - PLEASANT GROVE,Proposed Constitutional Amendment,,,Yes,118
LUNENBURG COUNTY,501 - REEDY CREEK,Proposed Constitutional Amendment,,,No,190
LUNENBURG COUNTY,501 - REEDY CREEK,Proposed Constitutional Amendment,,,Yes,154
LUNENBURG COUNTY,502 - PEOPLES COMMUNITY CENTER,Proposed Constitutional Amendment,,,No,174
LUNENBURG COUNTY,502 - PEOPLES COMMUNITY CENTER,Proposed Constitutional Amendment,,,Yes,217
LUNENBURG COUNTY,601 - HOUNDS CREEK,Proposed Constitutional Amendment,,,No,361
LUNENBURG COUNTY,601 - HOUNDS CREEK,Proposed Constitutional Amendment,,,Yes,254
LUNENBURG COUNTY,701 - MEHERRIN FIRE DEPARTMENT,Proposed Constitutional Amendment,,,No,205
LUNENBURG COUNTY,701 - MEHERRIN FIRE DEPARTMENT,Proposed Constitutional Amendment,,,Yes,111
LUNENBURG COUNTY,702 - VICTORIA PUBLIC LIBRARY,Proposed Constitutional Amendment,,,No,248
LUNENBURG COUNTY,702 - VICTORIA PUBLIC LIBRARY,Proposed Constitutional Amendment,,,Yes,100
LYNCHBURG CITY,101 - FIRST WARD FIRST PRECINCT,Proposed Constitutional Amendment,,,No,1199
LYNCHBURG CITY,101 - FIRST WARD FIRST PRECINCT,Proposed Constitutional Amendment,,,Yes,963
LYNCHBURG CITY,102 - FIRST WARD SECOND PRECINCT,Proposed Constitutional Amendment,,,No,1367
LYNCHBURG CITY,102 - FIRST WARD SECOND PRECINCT,Proposed Constitutional Amendment,,,Yes,931
LYNCHBURG CITY,103 - FIRST WARD THIRD PRECINCT,Proposed Constitutional Amendment,,,No,895
LYNCHBURG CITY,103 - FIRST WARD THIRD PRECINCT,Proposed Constitutional Amendment,,,Yes,765
LYNCHBURG CITY,104 - FIRST WARD FOURTH PRECINCT,Proposed Constitutional Amendment,,,No,262
LYNCHBURG CITY,104 - FIRST WARD FOURTH PRECINCT,Proposed Constitutional Amendment,,,Yes,391
LYNCHBURG CITY,105 - FIRST WARD FIFTH PRECINCT,Proposed Constitutional Amendment,,,No,444
LYNCHBURG CITY,105 - FIRST WARD FIFTH PRECINCT,Proposed Constitutional Amendment,,,Yes,629
LYNCHBURG CITY,201 - SECOND WARD FIRST PRECINCT,Proposed Constitutional Amendment,,,No,546
LYNCHBURG CITY,201 - SECOND WARD FIRST PRECINCT,Proposed Constitutional Amendment,,,Yes,1259
LYNCHBURG CITY,202 - SECOND WARD SECOND PRECINCT,Proposed Constitutional Amendment,,,No,424
LYNCHBURG CITY,202 - SECOND WARD SECOND PRECINCT,Proposed Constitutional Amendment,,,Yes,981
LYNCHBURG CITY,203 - SECOND WARD THIRD PRECINCT,Proposed Constitutional Amendment,,,No,149
LYNCHBURG CITY,203 - SECOND WARD THIRD PRECINCT,Proposed Constitutional Amendment,,,Yes,295
LYNCHBURG CITY,204 - SECOND WARD FOURTH PRECINCT,Proposed Constitutional Amendment,,,No,240
LYNCHBURG CITY,204 - SECOND WARD FOURTH PRECINCT,Proposed Constitutional Amendment,,,Yes,188
LYNCHBURG CITY,301 - THIRD WARD FIRST PRECINCT,Proposed Constitutional Amendment,,,No,342
LYNCHBURG CITY,301 - THIRD WARD FIRST PRECINCT,Proposed Constitutional Amendment,,,Yes,277
LYNCHBURG CITY,302 - THIRD WARD SECOND PRECINCT,Proposed Constitutional Amendment,,,No,1777
LYNCHBURG CITY,302 - THIRD WARD SECOND PRECINCT,Proposed Constitutional Amendment,,,Yes,40
LYNCHBURG CITY,303 - THIRD WARD THIRD PRECINCT,Proposed Constitutional Amendment,,,No,468
LYNCHBURG CITY,303 - THIRD WARD THIRD PRECINCT,Proposed Constitutional Amendment,,,Yes,309
LYNCHBURG CITY,304 - THIRD WARD FOURTH PRECINCT,Proposed Constitutional Amendment,,,No,569
LYNCHBURG CITY,304 - THIRD WARD FOURTH PRECINCT,Proposed Constitutional Amendment,,,Yes,317
LYNCHBURG CITY,305 - THIRD WARD FIFTH PRECINCT,Proposed Constitutional Amendment,,,No,1301
LYNCHBURG CITY,305 - THIRD WARD FIFTH PRECINCT,Proposed Constitutional Amendment,,,Yes,597
LYNCHBURG CITY,401 - FOURTH WARD FIRST PRECINCT,Proposed Constitutional Amendment,,,No,1760
LYNCHBURG CITY,401 - FOURTH WARD FIRST PRECINCT,Proposed Constitutional Amendment,,,Yes,899
LYNCHBURG CITY,402 - FOURTH WARD SECOND PRECINCT,Proposed Constitutional Amendment,,,No,524
LYNCHBURG CITY,402 - FOURTH WARD SECOND PRECINCT,Proposed Constitutional Amendment,,,Yes,389
LYNCHBURG CITY,403 - FOURTH WARD THIRD PRECINCT,Proposed Constitutional Amendment,,,No,887
LYNCHBURG CITY,403 - FOURTH WARD THIRD PRECINCT,Proposed Constitutional Amendment,,,Yes,694
LYNCHBURG CITY,404 - FOURTH WARD FOURTH PRECINCT,Proposed Constitutional Amendment,,,No,1032
LYNCHBURG CITY,404 - FOURTH WARD FOURTH PRECINCT,Proposed Constitutional Amendment,,,Yes,916
MADISON COUNTY,001 - OAK PARK,Proposed Constitutional Amendment,,,No,443
MADISON COUNTY,001 - OAK PARK,Proposed Constitutional Amendment,,,Yes,251
MADISON COUNTY,002 - RADIANT,Proposed Constitutional Amendment,,,No,713
MADISON COUNTY,002 - RADIANT,Proposed Constitutional Amendment,,,Yes,344
MADISON COUNTY,003 - ROCHELLE,Proposed Constitutional Amendment,,,No,416
MADISON COUNTY,003 - ROCHELLE,Proposed Constitutional Amendment,,,Yes,144
MADISON COUNTY,004 - GRAVES MILL/WOLFTOWN,Proposed Constitutional Amendment,,,No,504
MADISON COUNTY,004 - GRAVES MILL/WOLFTOWN,Proposed Constitutional Amendment,,,Yes,203
MADISON COUNTY,005 - MADISON,Proposed Constitutional Amendment,,,No,749
MADISON COUNTY,005 - MADISON,Proposed Constitutional Amendment,,,Yes,355
MADISON COUNTY,006 - ETLAN,Proposed Constitutional Amendment,,,No,256
MADISON COUNTY,006 - ETLAN,Proposed Constitutional Amendment,,,Yes,102
MADISON COUNTY,007 - BRIGHTWOOD,Proposed Constitutional Amendment,,,No,928
MADISON COUNTY,007 - BRIGHTWOOD,Proposed Constitutional Amendment,,,Yes,296
MADISON COUNTY,008 - CRIGLERSVILLE,Proposed Constitutional Amendment,,,No,369
MADISON COUNTY,008 - CRIGLERSVILLE,Proposed Constitutional Amendment,,,Yes,164
MANASSAS CITY,001 - DEAN,Proposed Constitutional Amendment,,,No,508
MANASSAS CITY,001 - DEAN,Proposed Constitutional Amendment,,,Yes,1106
MANASSAS CITY,002 - WEEMS,Proposed Constitutional Amendment,,,No,609
MANASSAS CITY,002 - WEEMS,Proposed Constitutional Amendment,,,Yes,1089
MANASSAS CITY,003 - METZ,Proposed Constitutional Amendment,,,No,788
MANASSAS CITY,003 - METZ,Proposed Constitutional Amendment,,,Yes,1161
MANASSAS CITY,004 - HAYDON,Proposed Constitutional Amendment,,,No,656
MANASSAS CITY,004 - HAYDON,Proposed Constitutional Amendment,,,Yes,1080
MANASSAS CITY,005 - BALDWIN,Proposed Constitutional Amendment,,,No,627
MANASSAS CITY,005 - BALDWIN,Proposed Constitutional Amendment,,,Yes,1028
MANASSAS CITY,006 - ROUND,Proposed Constitutional Amendment,,,No,749
MANASSAS CITY,006 - ROUND,Proposed Constitutional Amendment,,,Yes,959
MANASSAS PARK CITY,001 - PRECINCT ONE,Proposed Constitutional Amendment,,,No,373
MANASSAS PARK CITY,001 - PRECINCT ONE,Proposed Constitutional Amendment,,,Yes,931
MANASSAS PARK CITY,002 - PRECINCT TWO,Proposed Constitutional Amendment,,,No,336
MANASSAS PARK CITY,002 - PRECINCT TWO,Proposed Constitutional Amendment,,,Yes,585
MANASSAS PARK CITY,003 - PRECINCT THREE,Proposed Constitutional Amendment,,,No,465
MANASSAS PARK CITY,003 - PRECINCT THREE,Proposed Constitutional Amendment,,,Yes,778
MARTINSVILLE CITY,001 - PRECINCT #1,Proposed Constitutional Amendment,,,No,21
MARTINSVILLE CITY,001 - PRECINCT #1,Proposed Constitutional Amendment,,,Yes,294
MARTINSVILLE CITY,002 - PRECINCT #2,Proposed Constitutional Amendment,,,No,342
MARTINSVILLE CITY,002 - PRECINCT #2,Proposed Constitutional Amendment,,,Yes,428
MARTINSVILLE CITY,003 - PRECINCT #3,Proposed Constitutional Amendment,,,No,139
MARTINSVILLE CITY,003 - PRECINCT #3,Proposed Constitutional Amendment,,,Yes,258
MARTINSVILLE CITY,004 - PRECINCT #4,Proposed Constitutional Amendment,,,No,219
MARTINSVILLE CITY,004 - PRECINCT #4,Proposed Constitutional Amendment,,,Yes,470
MARTINSVILLE CITY,005 - PRECINCT #5,Proposed Constitutional Amendment,,,No,734
MARTINSVILLE CITY,005 - PRECINCT #5,Proposed Constitutional Amendment,,,Yes,457
MARTINSVILLE CITY,006 - PRECINCT #6,Proposed Constitutional Amendment,,,No,4
MARTINSVILLE CITY,006 - PRECINCT #6,Proposed Constitutional Amendment,,,Yes,172
MATHEWS COUNTY,001 - CHESAPEAKE,Proposed Constitutional Amendment,,,No,761
MATHEWS COUNTY,001 - CHESAPEAKE,Proposed Constitutional Amendment,,,Yes,259
MATHEWS COUNTY,002 - WESTVILLE,Proposed Constitutional Amendment,,,No,1212
MATHEWS COUNTY,002 - WESTVILLE,Proposed Constitutional Amendment,,,Yes,497
MATHEWS COUNTY,003 - PIANKATANK,Proposed Constitutional Amendment,,,No,1453
MATHEWS COUNTY,003 - PIANKATANK,Proposed Constitutional Amendment,,,Yes,520
MECKLENBURG COUNTY,101 - PALMER SPRINGS,Proposed Constitutional Amendment,,,No,212
MECKLENBURG COUNTY,101 - PALMER SPRINGS,Proposed Constitutional Amendment,,,Yes,200
MECKLENBURG COUNTY,102 - ANTIOCH CHURCH,Proposed Constitutional Amendment,,,No,167
MECKLENBURG COUNTY,102 - ANTIOCH CHURCH,Proposed Constitutional Amendment,,,Yes,34
MECKLENBURG COUNTY,103 - CLARKSVILLE SOUTH,Proposed Constitutional Amendment,,,No,318
MECKLENBURG COUNTY,103 - CLARKSVILLE SOUTH,Proposed Constitutional Amendment,,,Yes,303
MECKLENBURG COUNTY,201 - CHASE CITY,Proposed Constitutional Amendment,,,No,375
MECKLENBURG COUNTY,201 - CHASE CITY,Proposed Constitutional Amendment,,,Yes,382
MECKLENBURG COUNTY,202 - BLUESTONE,Proposed Constitutional Amendment,,,No,107
MECKLENBURG COUNTY,202 - BLUESTONE,Proposed Constitutional Amendment,,,Yes,75
MECKLENBURG COUNTY,301 - BRACEY,Proposed Constitutional Amendment,,,No,722
MECKLENBURG COUNTY,301 - BRACEY,Proposed Constitutional Amendment,,,Yes,174
MECKLENBURG COUNTY,302 - LACROSSE,Proposed Constitutional Amendment,,,No,290
MECKLENBURG COUNTY,302 - LACROSSE,Proposed Constitutional Amendment,,,Yes,178
MECKLENBURG COUNTY,401 - SOUTH HILL WEST,Proposed Constitutional Amendment,,,No,472
MECKLENBURG COUNTY,401 - SOUTH HILL WEST,Proposed Constitutional Amendment,,,Yes,529
MECKLENBURG COUNTY,501 - SOUTH HILL EAST,Proposed Constitutional Amendment,,,No,710
MECKLENBURG COUNTY,501 - SOUTH HILL EAST,Proposed Constitutional Amendment,,,Yes,419
MECKLENBURG COUNTY,601 - BASKERVILLE,Proposed Constitutional Amendment,,,No,240
MECKLENBURG COUNTY,601 - BASKERVILLE,Proposed Constitutional Amendment,,,Yes,89
MECKLENBURG COUNTY,602 - UNION LEVEL,Proposed Constitutional Amendment,,,No,196
MECKLENBURG COUNTY,602 - UNION LEVEL,Proposed Constitutional Amendment,,,Yes,39
MECKLENBURG COUNTY,603 - SMITH CROSSROADS,Proposed Constitutional Amendment,,,No,246
MECKLENBURG COUNTY,603 - SMITH CROSSROADS,Proposed Constitutional Amendment,,,Yes,103
MECKLENBURG COUNTY,604 - LAKE GASTON,Proposed Constitutional Amendment,,,No,376
MECKLENBURG COUNTY,604 - LAKE GASTON,Proposed Constitutional Amendment,,,Yes,147
MECKLENBURG COUNTY,701 - MIDWAY,Proposed Constitutional Amendment,,,No,222
MECKLENBURG COUNTY,701 - MIDWAY,Proposed Constitutional Amendment,,,Yes,74
MECKLENBURG COUNTY,702 - WILLIAMS GROVE,Proposed Constitutional Amendment,,,No,404
MECKLENBURG COUNTY,702 - WILLIAMS GROVE,Proposed Constitutional Amendment,,,Yes,178
MECKLENBURG COUNTY,703 - CHASE CITY EAST,Proposed Constitutional Amendment,,,No,262
MECKLENBURG COUNTY,703 - CHASE CITY EAST,Proposed Constitutional Amendment,,,Yes,159
MECKLENBURG COUNTY,801 - BOYDTON,Proposed Constitutional Amendment,,,No,226
MECKLENBURG COUNTY,801 - BOYDTON,Proposed Constitutional Amendment,,,Yes,118
MECKLENBURG COUNTY,802 - CLARKSVILLE VFW,Proposed Constitutional Amendment,,,No,542
MECKLENBURG COUNTY,802 - CLARKSVILLE VFW,Proposed Constitutional Amendment,,,Yes,226
MECKLENBURG COUNTY,803 - CHASE CITY WEST,Proposed Constitutional Amendment,,,No,359
MECKLENBURG COUNTY,803 - CHASE CITY WEST,Proposed Constitutional Amendment,,,Yes,88
MECKLENBURG COUNTY,901 - NELSON,Proposed Constitutional Amendment,,,No,166
MECKLENBURG COUNTY,901 - NELSON,Proposed Constitutional Amendment,,,Yes,26
MECKLENBURG COUNTY,902 - BUFFALO JUNCTION,Proposed Constitutional Amendment,,,No,303
MECKLENBURG COUNTY,902 - BUFFALO JUNCTION,Proposed Constitutional Amendment,,,Yes,91
MECKLENBURG COUNTY,903 - CLARKSVILLE NORTH,Proposed Constitutional Amendment,,,No,691
MECKLENBURG COUNTY,903 - CLARKSVILLE NORTH,Proposed Constitutional Amendment,,,Yes,298
MIDDLESEX COUNTY,101 - SALUDA,Proposed Constitutional Amendment,,,No,244
MIDDLESEX COUNTY,101 - SALUDA,Proposed Constitutional Amendment,,,Yes,145
MIDDLESEX COUNTY,102 - URBANNA,Proposed Constitutional Amendment,,,No,425
MIDDLESEX COUNTY,102 - URBANNA,Proposed Constitutional Amendment,,,Yes,223
MIDDLESEX COUNTY,201 - NEW MARKET,Proposed Constitutional Amendment,,,No,916
MIDDLESEX COUNTY,201 - NEW MARKET,Proposed Constitutional Amendment,,,Yes,311
MIDDLESEX COUNTY,302 - CHURCH VIEW,Proposed Constitutional Amendment,,,No,577
MIDDLESEX COUNTY,302 - CHURCH VIEW,Proposed Constitutional Amendment,,,Yes,399
MIDDLESEX COUNTY,401- HARMONY VILLAGE,Proposed Constitutional Amendment,,,No,617
MIDDLESEX COUNTY,401- HARMONY VILLAGE,Proposed Constitutional Amendment,,,Yes,360
MIDDLESEX COUNTY,501 - WILTON,Proposed Constitutional Amendment,,,No,880
MIDDLESEX COUNTY,501 - WILTON,Proposed Constitutional Amendment,,,Yes,343
MONTGOMERY COUNTY,101 - PRECINCT A-1,Proposed Constitutional Amendment,,,No,670
MONTGOMERY COUNTY,101 - PRECINCT A-1,Proposed Constitutional Amendment,,,Yes,853
MONTGOMERY COUNTY,102 - PRECINCT A-2,Proposed Constitutional Amendment,,,No,313
MONTGOMERY COUNTY,102 - PRECINCT A-2,Proposed Constitutional Amendment,,,Yes,920
MONTGOMERY COUNTY,103 - PRECINCT A-3,Proposed Constitutional Amendment,,,No,23
MONTGOMERY COUNTY,103 - PRECINCT A-3,Proposed Constitutional Amendment,,,Yes,78
MONTGOMERY COUNTY,104 - PRECINCT A-4,Proposed Constitutional Amendment,,,No,358
MONTGOMERY COUNTY,104 - PRECINCT A-4,Proposed Constitutional Amendment,,,Yes,1011
MONTGOMERY COUNTY,105 - PRECINCT A-5,Proposed Constitutional Amendment,,,No,558
MONTGOMERY COUNTY,105 - PRECINCT A-5,Proposed Constitutional Amendment,,,Yes,629
MONTGOMERY COUNTY,201 - PRECINCT B-1,Proposed Constitutional Amendment,,,No,284
MONTGOMERY COUNTY,201 - PRECINCT B-1,Proposed Constitutional Amendment,,,Yes,164
MONTGOMERY COUNTY,202 - PRECINCT B-2,Proposed Constitutional Amendment,,,No,826
MONTGOMERY COUNTY,202 - PRECINCT B-2,Proposed Constitutional Amendment,,,Yes,743
MONTGOMERY COUNTY,203 - PRECINCT B-3,Proposed Constitutional Amendment,,,No,399
MONTGOMERY COUNTY,203 - PRECINCT B-3,Proposed Constitutional Amendment,,,Yes,179
MONTGOMERY COUNTY,204 - PRECINCT B-4,Proposed Constitutional Amendment,,,No,847
MONTGOMERY COUNTY,204 - PRECINCT B-4,Proposed Constitutional Amendment,,,Yes,885
MONTGOMERY COUNTY,205 - PRECINCT B-5,Proposed Constitutional Amendment,,,No,624
MONTGOMERY COUNTY,205 - PRECINCT B-5,Proposed Constitutional Amendment,,,Yes,511
MONTGOMERY COUNTY,301 - PRECINCT C-1,Proposed Constitutional Amendment,,,No,1197
MONTGOMERY COUNTY,301 - PRECINCT C-1,Proposed Constitutional Amendment,,,Yes,389
MONTGOMERY COUNTY,302 - PRECINCT C-2,Proposed Constitutional Amendment,,,No,490
MONTGOMERY COUNTY,302 - PRECINCT C-2,Proposed Constitutional Amendment,,,Yes,271
MONTGOMERY COUNTY,303 - PRECINCT C-3,Proposed Constitutional Amendment,,,No,533
MONTGOMERY COUNTY,303 - PRECINCT C-3,Proposed Constitutional Amendment,,,Yes,170
MONTGOMERY COUNTY,304 - PRECINCT C-4,Proposed Constitutional Amendment,,,No,628
MONTGOMERY COUNTY,304 - PRECINCT C-4,Proposed Constitutional Amendment,,,Yes,520
MONTGOMERY COUNTY,305 - PRECINCT C-5,Proposed Constitutional Amendment,,,No,567
MONTGOMERY COUNTY,305 - PRECINCT C-5,Proposed Constitutional Amendment,,,Yes,374
MONTGOMERY COUNTY,401 - PRECINCT D-1,Proposed Constitutional Amendment,,,No,1271
MONTGOMERY COUNTY,401 - PRECINCT D-1,Proposed Constitutional Amendment,,,Yes,382
MONTGOMERY COUNTY,402 - PRECINCT D-2,Proposed Constitutional Amendment,,,No,1571
MONTGOMERY COUNTY,402 - PRECINCT D-2,Proposed Constitutional Amendment,,,Yes,515
MONTGOMERY COUNTY,403 - PRECINCT D-3,Proposed Constitutional Amendment,,,No,1044
MONTGOMERY COUNTY,403 - PRECINCT D-3,Proposed Constitutional Amendment,,,Yes,657
MONTGOMERY COUNTY,404 - PRECINCT D-4,Proposed Constitutional Amendment,,,No,676
MONTGOMERY COUNTY,404 - PRECINCT D-4,Proposed Constitutional Amendment,,,Yes,183
MONTGOMERY COUNTY,501 - PRECINCT E-1,Proposed Constitutional Amendment,,,No,614
MONTGOMERY COUNTY,501 - PRECINCT E-1,Proposed Constitutional Amendment,,,Yes,784
MONTGOMERY COUNTY,502 - PRECINCT E-2,Proposed Constitutional Amendment,,,No,732
MONTGOMERY COUNTY,502 - PRECINCT E-2,Proposed Constitutional Amendment,,,Yes,441
MONTGOMERY COUNTY,503 - PRECINCT E-3,Proposed Constitutional Amendment,,,No,105
MONTGOMERY COUNTY,503 - PRECINCT E-3,Proposed Constitutional Amendment,,,Yes,577
MONTGOMERY COUNTY,504 - PRECINCT E-4,Proposed Constitutional Amendment,,,No,89
MONTGOMERY COUNTY,504 - PRECINCT E-4,Proposed Constitutional Amendment,,,Yes,195
MONTGOMERY COUNTY,601 - PRECINCT F-1,Proposed Constitutional Amendment,,,No,417
MONTGOMERY COUNTY,601 - PRECINCT F-1,Proposed Constitutional Amendment,,,Yes,1040
MONTGOMERY COUNTY,602 - PRECINCT F-2,Proposed Constitutional Amendment,,,No,326
MONTGOMERY COUNTY,602 - PRECINCT F-2,Proposed Constitutional Amendment,,,Yes,1076
MONTGOMERY COUNTY,603 - PRECINCT F-3,Proposed Constitutional Amendment,,,No,77
MONTGOMERY COUNTY,603 - PRECINCT F-3,Proposed Constitutional Amendment,,,Yes,182
MONTGOMERY COUNTY,701 - PRECINCT G-1,Proposed Constitutional Amendment,,,No,228
MONTGOMERY COUNTY,701 - PRECINCT G-1,Proposed Constitutional Amendment,,,Yes,839
MONTGOMERY COUNTY,702 - PRECINCT G-2,Proposed Constitutional Amendment,,,No,309
MONTGOMERY COUNTY,702 - PRECINCT G-2,Proposed Constitutional Amendment,,,Yes,825
MONTGOMERY COUNTY,703 - PRECINCT G-3,Proposed Constitutional Amendment,,,No,328
MONTGOMERY COUNTY,703 - PRECINCT G-3,Proposed Constitutional Amendment,,,Yes,795
NELSON COUNTY,101 - ROCKFISH,Proposed Constitutional Amendment,,,No,725
NELSON COUNTY,101 - ROCKFISH,Proposed Constitutional Amendment,,,Yes,662
NELSON COUNTY,201 - LOVINGSTON,Proposed Constitutional Amendment,,,No,473
NELSON COUNTY,201 - LOVINGSTON,Proposed Constitutional Amendment,,,Yes,335
NELSON COUNTY,202 - SCHUYLER,Proposed Constitutional Amendment,,,No,325
NELSON COUNTY,202 - SCHUYLER,Proposed Constitutional Amendment,,,Yes,212
NELSON COUNTY,301 - SHIPMAN,Proposed Constitutional Amendment,,,No,626
NELSON COUNTY,301 - SHIPMAN,Proposed Constitutional Amendment,,,Yes,416
NELSON COUNTY,302 - GLADSTONE,Proposed Constitutional Amendment,,,No,135
NELSON COUNTY,302 - GLADSTONE,Proposed Constitutional Amendment,,,Yes,54
NELSON COUNTY,401 - ROSELAND,Proposed Constitutional Amendment,,,No,720
NELSON COUNTY,401 - ROSELAND,Proposed Constitutional Amendment,,,Yes,409
NELSON COUNTY,402 - MONTEBELLO,Proposed Constitutional Amendment,,,No,75
NELSON COUNTY,402 - MONTEBELLO,Proposed Constitutional Amendment,,,Yes,45
NELSON COUNTY,501 - FABER,Proposed Constitutional Amendment,,,No,261
NELSON COUNTY,501 - FABER,Proposed Constitutional Amendment,,,Yes,267
NELSON COUNTY,502 - NELLYSFORD,Proposed Constitutional Amendment,,,No,626
NELSON COUNTY,502 - NELLYSFORD,Proposed Constitutional Amendment,,,Yes,849
NEW KENT COUNTY,102 - TUNSTALL,Proposed Constitutional Amendment,,,No,760
NEW KENT COUNTY,102 - TUNSTALL,Proposed Constitutional Amendment,,,Yes,159
NEW KENT COUNTY,103 - SOUTHERN BRANCH,Proposed Constitutional Amendment,,,No,1038
NEW KENT COUNTY,103 - SOUTHERN BRANCH,Proposed Constitutional Amendment,,,Yes,296
NEW KENT COUNTY,201 - QUINTON,Proposed Constitutional Amendment,,,No,926
NEW KENT COUNTY,201 - QUINTON,Proposed Constitutional Amendment,,,Yes,576
NEW KENT COUNTY,202 - KENTWOOD,Proposed Constitutional Amendment,,,No,686
NEW KENT COUNTY,202 - KENTWOOD,Proposed Constitutional Amendment,,,Yes,182
NEW KENT COUNTY,301 - WATKINS,Proposed Constitutional Amendment,,,No,1385
NEW KENT COUNTY,301 - WATKINS,Proposed Constitutional Amendment,,,Yes,982
NEW KENT COUNTY,302 - CUMBERLAND,Proposed Constitutional Amendment,,,No,716
NEW KENT COUNTY,302 - CUMBERLAND,Proposed Constitutional Amendment,,,Yes,296
NEW KENT COUNTY,401 - PROVIDENCE FORGE,Proposed Constitutional Amendment,,,No,1236
NEW KENT COUNTY,401 - PROVIDENCE FORGE,Proposed Constitutional Amendment,,,Yes,831
NEW KENT COUNTY,403 - MOUNTCASTLE,Proposed Constitutional Amendment,,,No,409
NEW KENT COUNTY,403 - MOUNTCASTLE,Proposed Constitutional Amendment,,,Yes,203
NEW KENT COUNTY,501 - ELTHAM,Proposed Constitutional Amendment,,,No,691
NEW KENT COUNTY,501 - ELTHAM,Proposed Constitutional Amendment,,,Yes,244
NEW KENT COUNTY,502 - CHICKAHOMINY RIVER,Proposed Constitutional Amendment,,,No,1115
NEW KENT COUNTY,502 - CHICKAHOMINY RIVER,Proposed Constitutional Amendment,,,Yes,276
NEWPORT NEWS CITY,101 - DENBIGH,Proposed Constitutional Amendment,,,No,432
NEWPORT NEWS CITY,101 - DENBIGH,Proposed Constitutional Amendment,,,Yes,1237
NEWPORT NEWS CITY,102 - STONEY RUN,Proposed Constitutional Amendment,,,No,361
NEWPORT NEWS CITY,102 - STONEY RUN,Proposed Constitutional Amendment,,,Yes,1311
NEWPORT NEWS CITY,104 - MCINTOSH,Proposed Constitutional Amendment,,,No,267
NEWPORT NEWS CITY,104 - MCINTOSH,Proposed Constitutional Amendment,,,Yes,868
NEWPORT NEWS CITY,106 - RESERVOIR,Proposed Constitutional Amendment,,,No,207
NEWPORT NEWS CITY,106 - RESERVOIR,Proposed Constitutional Amendment,,,Yes,827
NEWPORT NEWS CITY,107 - RICHNECK,Proposed Constitutional Amendment,,,No,729
NEWPORT NEWS CITY,107 - RICHNECK,Proposed Constitutional Amendment,,,Yes,1547
NEWPORT NEWS CITY,108 - KATHERINE JOHNSON,Proposed Constitutional Amendment,,,No,165
NEWPORT NEWS CITY,108 - KATHERINE JOHNSON,Proposed Constitutional Amendment,,,Yes,406
NEWPORT NEWS CITY,109 - WINDSOR,Proposed Constitutional Amendment,,,No,294
NEWPORT NEWS CITY,109 - WINDSOR,Proposed Constitutional Amendment,,,Yes,628
NEWPORT NEWS CITY,110 - GREENWOOD,Proposed Constitutional Amendment,,,No,470
NEWPORT NEWS CITY,110 - GREENWOOD,Proposed Constitutional Amendment,,,Yes,1222
NEWPORT NEWS CITY,111 - STONEYBROOK,Proposed Constitutional Amendment,,,No,578
NEWPORT NEWS CITY,111 - STONEYBROOK,Proposed Constitutional Amendment,,,Yes,1226
NEWPORT NEWS CITY,112 - KNOLLWOOD MEADOWS,Proposed Constitutional Amendment,,,No,964
NEWPORT NEWS CITY,112 - KNOLLWOOD MEADOWS,Proposed Constitutional Amendment,,,Yes,1210
NEWPORT NEWS CITY,113 - SANFORD,Proposed Constitutional Amendment,,,No,446
NEWPORT NEWS CITY,113 - SANFORD,Proposed Constitutional Amendment,,,Yes,386
NEWPORT NEWS CITY,201 - BLAND,Proposed Constitutional Amendment,,,No,80
NEWPORT NEWS CITY,201 - BLAND,Proposed Constitutional Amendment,,,Yes,220
NEWPORT NEWS CITY,202 - BOULEVARD,Proposed Constitutional Amendment,,,No,618
NEWPORT NEWS CITY,202 - BOULEVARD,Proposed Constitutional Amendment,,,Yes,558
NEWPORT NEWS CITY,203 - CHARLES,Proposed Constitutional Amendment,,,No,1095
NEWPORT NEWS CITY,203 - CHARLES,Proposed Constitutional Amendment,,,Yes,1120
NEWPORT NEWS CITY,204 - MARINERS' MUSEUM,Proposed Constitutional Amendment,,,No,361
NEWPORT NEWS CITY,204 - MARINERS' MUSEUM,Proposed Constitutional Amendment,,,Yes,563
NEWPORT NEWS CITY,205 - DEEP CREEK,Proposed Constitutional Amendment,,,No,1038
NEWPORT NEWS CITY,205 - DEEP CREEK,Proposed Constitutional Amendment,,,Yes,796
NEWPORT NEWS CITY,208 - HIDENWOOD,Proposed Constitutional Amendment,,,No,615
NEWPORT NEWS CITY,208 - HIDENWOOD,Proposed Constitutional Amendment,,,Yes,487
NEWPORT NEWS CITY,211 - PALMER,Proposed Constitutional Amendment,,,No,448
NEWPORT NEWS CITY,211 - PALMER,Proposed Constitutional Amendment,,,Yes,954
NEWPORT NEWS CITY,212 - RIVERSIDE,Proposed Constitutional Amendment,,,No,510
NEWPORT NEWS CITY,212 - RIVERSIDE,Proposed Constitutional Amendment,,,Yes,397
NEWPORT NEWS CITY,216 - YATES,Proposed Constitutional Amendment,,,No,717
NEWPORT NEWS CITY,216 - YATES,Proposed Constitutional Amendment,,,Yes,865
NEWPORT NEWS CITY,217 - RIVERVIEW,Proposed Constitutional Amendment,,,No,753
NEWPORT NEWS CITY,217 - RIVERVIEW,Proposed Constitutional Amendment,,,Yes,725
NEWPORT NEWS CITY,218 - KILN CREEK,Proposed Constitutional Amendment,,,No,913
NEWPORT NEWS CITY,218 - KILN CREEK,Proposed Constitutional Amendment,,,Yes,1609
NEWPORT NEWS CITY,219 - DEER PARK,Proposed Constitutional Amendment,,,No,460
NEWPORT NEWS CITY,219 - DEER PARK,Proposed Constitutional Amendment,,,Yes,1282
NEWPORT NEWS CITY,220 -JENKINS,Proposed Constitutional Amendment,,,No,596
NEWPORT NEWS CITY,220 -JENKINS,Proposed Constitutional Amendment,,,Yes,993
NEWPORT NEWS CITY,302 - BRIARFIELD,Proposed Constitutional Amendment,,,No,184
NEWPORT NEWS CITY,302 - BRIARFIELD,Proposed Constitutional Amendment,,,Yes,668
NEWPORT NEWS CITY,303 - CARVER,Proposed Constitutional Amendment,,,No,142
NEWPORT NEWS CITY,303 - CARVER,Proposed Constitutional Amendment,,,Yes,475
NEWPORT NEWS CITY,304 - CHESTNUT,Proposed Constitutional Amendment,,,No,25
NEWPORT NEWS CITY,304 - CHESTNUT,Proposed Constitutional Amendment,,,Yes,381
NEWPORT NEWS CITY,305 - DOWNTOWN,Proposed Constitutional Amendment,,,No,57
NEWPORT NEWS CITY,305 - DOWNTOWN,Proposed Constitutional Amendment,,,Yes,185
NEWPORT NEWS CITY,308 - JEFFERSON,Proposed Constitutional Amendment,,,No,21
NEWPORT NEWS CITY,308 - JEFFERSON,Proposed Constitutional Amendment,,,Yes,307
NEWPORT NEWS CITY,309 - MAGRUDER,Proposed Constitutional Amendment,,,No,21
NEWPORT NEWS CITY,309 - MAGRUDER,Proposed Constitutional Amendment,,,Yes,406
NEWPORT NEWS CITY,310 - MARSHALL,Proposed Constitutional Amendment,,,No,36
NEWPORT NEWS CITY,310 - MARSHALL,Proposed Constitutional Amendment,,,Yes,496
NEWPORT NEWS CITY,311 - NEWMARKET,Proposed Constitutional Amendment,,,No,304
NEWPORT NEWS CITY,311 - NEWMARKET,Proposed Constitutional Amendment,,,Yes,1061
NEWPORT NEWS CITY,312 - NEWSOME PARK,Proposed Constitutional Amendment,,,No,18
NEWPORT NEWS CITY,312 - NEWSOME PARK,Proposed Constitutional Amendment,,,Yes,247
NEWPORT NEWS CITY,313 - REED,Proposed Constitutional Amendment,,,No,59
NEWPORT NEWS CITY,313 - REED,Proposed Constitutional Amendment,,,Yes,813
NEWPORT NEWS CITY,314 - RIVER,Proposed Constitutional Amendment,,,No,236
NEWPORT NEWS CITY,314 - RIVER,Proposed Constitutional Amendment,,,Yes,447
NEWPORT NEWS CITY,315 - SEDGEFIELD,Proposed Constitutional Amendment,,,No,425
NEWPORT NEWS CITY,315 - SEDGEFIELD,Proposed Constitutional Amendment,,,Yes,578
NEWPORT NEWS CITY,316 - SOUTH MORRISON,Proposed Constitutional Amendment,,,No,431
NEWPORT NEWS CITY,316 - SOUTH MORRISON,Proposed Constitutional Amendment,,,Yes,821
NEWPORT NEWS CITY,317 - WASHINGTON,Proposed Constitutional Amendment,,,No,30
NEWPORT NEWS CITY,317 - WASHINGTON,Proposed Constitutional Amendment,,,Yes,418
NEWPORT NEWS CITY,318 - WILSON,Proposed Constitutional Amendment,,,No,46
NEWPORT NEWS CITY,318 - WILSON,Proposed Constitutional Amendment,,,Yes,475
NEWPORT NEWS CITY,319 - SAUNDERS,Proposed Constitutional Amendment,,,No,724
NEWPORT NEWS CITY,319 - SAUNDERS,Proposed Constitutional Amendment,,,Yes,1068
NEWPORT NEWS CITY,320 - WATKINS,Proposed Constitutional Amendment,,,No,1077
NEWPORT NEWS CITY,320 - WATKINS,Proposed Constitutional Amendment,,,Yes,1186
NEWPORT NEWS CITY,321 - HILTON,Proposed Constitutional Amendment,,,No,566
NEWPORT NEWS CITY,321 - HILTON,Proposed Constitutional Amendment,,,Yes,808
NEWPORT NEWS CITY,322 - WARWICK,Proposed Constitutional Amendment,,,No,323
NEWPORT NEWS CITY,322 - WARWICK,Proposed Constitutional Amendment,,,Yes,470
NORFOLK CITY,101 - GRANBY,Proposed Constitutional Amendment,,,No,535
NORFOLK CITY,101 - GRANBY,Proposed Constitutional Amendment,,,Yes,1118
NORFOLK CITY,102 - OCEAN VIEW SCHOOL,Proposed Constitutional Amendment,,,No,308
NORFOLK CITY,102 - OCEAN VIEW SCHOOL,Proposed Constitutional Amendment,,,Yes,406
NORFOLK CITY,103 - NORTHSIDE,Proposed Constitutional Amendment,,,No,495
NORFOLK CITY,103 - NORTHSIDE,Proposed Constitutional Amendment,,,Yes,610
NORFOLK CITY,104 - TITUSTOWN,Proposed Constitutional Amendment,,,No,62
NORFOLK CITY,104 - TITUSTOWN,Proposed Constitutional Amendment,,,Yes,472
NORFOLK CITY,106 - SECOND PRESBYTERIAN,Proposed Constitutional Amendment,,,No,543
NORFOLK CITY,106 - SECOND PRESBYTERIAN,Proposed Constitutional Amendment,,,Yes,948
NORFOLK CITY,107 - WESLEY,Proposed Constitutional Amendment,,,No,323
NORFOLK CITY,107 - WESLEY,Proposed Constitutional Amendment,,,Yes,583
NORFOLK CITY,201 - LARCHMONT SCHOOL,Proposed Constitutional Amendment,,,No,436
NORFOLK CITY,201 - LARCHMONT SCHOOL,Proposed Constitutional Amendment,,,Yes,1048
NORFOLK CITY,203 - GHENT SQUARE,Proposed Constitutional Amendment,,,No,181
NORFOLK CITY,203 - GHENT SQUARE,Proposed Constitutional Amendment,,,Yes,621
NORFOLK CITY,207 - LAMBERT'S POINT,Proposed Constitutional Amendment,,,No,148
NORFOLK CITY,207 - LAMBERT'S POINT,Proposed Constitutional Amendment,,,Yes,1019
NORFOLK CITY,208 - LARCHMONT UMC,Proposed Constitutional Amendment,,,No,390
NORFOLK CITY,208 - LARCHMONT UMC,Proposed Constitutional Amendment,,,Yes,638
NORFOLK CITY,210 - MAURY,Proposed Constitutional Amendment,,,No,311
NORFOLK CITY,210 - MAURY,Proposed Constitutional Amendment,,,Yes,968
NORFOLK CITY,211 - CHRYSLER MUSEUM,Proposed Constitutional Amendment,,,No,539
NORFOLK CITY,211 - CHRYSLER MUSEUM,Proposed Constitutional Amendment,,,Yes,1460
NORFOLK CITY,212 - PARK PLACE,Proposed Constitutional Amendment,,,No,82
NORFOLK CITY,212 - PARK PLACE,Proposed Constitutional Amendment,,,Yes,737
NORFOLK CITY,213 - TAYLOR ELEMENTARY SCHOOL,Proposed Constitutional Amendment,,,No,288
NORFOLK CITY,213 - TAYLOR ELEMENTARY SCHOOL,Proposed Constitutional Amendment,,,Yes,1284
NORFOLK CITY,214 - VIRGINIA ZOO,Proposed Constitutional Amendment,,,No,315
NORFOLK CITY,214 - VIRGINIA ZOO,Proposed Constitutional Amendment,,,Yes,1279
NORFOLK CITY,215 - SUBURBAN PARK,Proposed Constitutional Amendment,,,No,436
NORFOLK CITY,215 - SUBURBAN PARK,Proposed Constitutional Amendment,,,Yes,705
NORFOLK CITY,218 - WILLARD,Proposed Constitutional Amendment,,,No,791
NORFOLK CITY,218 - WILLARD,Proposed Constitutional Amendment,,,Yes,1308
NORFOLK CITY,301 - BALLENTINE,Proposed Constitutional Amendment,,,No,166
NORFOLK CITY,301 - BALLENTINE,Proposed Constitutional Amendment,,,Yes,914
NORFOLK CITY,302 - TANNERS CREEK,Proposed Constitutional Amendment,,,No,130
NORFOLK CITY,302 - TANNERS CREEK,Proposed Constitutional Amendment,,,Yes,525
NORFOLK CITY,303 - BROAD CREEK,Proposed Constitutional Amendment,,,No,94
NORFOLK CITY,303 - BROAD CREEK,Proposed Constitutional Amendment,,,Yes,1197
NORFOLK CITY,304 - COLEMAN PLACE SCHOOL,Proposed Constitutional Amendment,,,No,108
NORFOLK CITY,304 - COLEMAN PLACE SCHOOL,Proposed Constitutional Amendment,,,Yes,479
NORFOLK CITY,305 - LAFAYETTE-WINONA,Proposed Constitutional Amendment,,,No,195
NORFOLK CITY,305 - LAFAYETTE-WINONA,Proposed Constitutional Amendment,,,Yes,784
NORFOLK CITY,306 - LINDENWOOD,Proposed Constitutional Amendment,,,No,75
NORFOLK CITY,306 - LINDENWOOD,Proposed Constitutional Amendment,,,Yes,626
NORFOLK CITY,309 - NORVIEW,Proposed Constitutional Amendment,,,No,416
NORFOLK CITY,309 - NORVIEW,Proposed Constitutional Amendment,,,Yes,1385
NORFOLK CITY,310 - ROSEMONT,Proposed Constitutional Amendment,,,No,118
NORFOLK CITY,310 - ROSEMONT,Proposed Constitutional Amendment,,,Yes,1400
NORFOLK CITY,311 - SHERWOOD,Proposed Constitutional Amendment,,,No,573
NORFOLK CITY,311 - SHERWOOD,Proposed Constitutional Amendment,,,Yes,1284
NORFOLK CITY,313 - UNION CHAPEL,Proposed Constitutional Amendment,,,No,43
NORFOLK CITY,313 - UNION CHAPEL,Proposed Constitutional Amendment,,,Yes,433
NORFOLK CITY,402 - BERKLEY,Proposed Constitutional Amendment,,,No,43
NORFOLK CITY,402 - BERKLEY,Proposed Constitutional Amendment,,,Yes,817
NORFOLK CITY,404 - CAMPOSTELLA,Proposed Constitutional Amendment,,,No,63
NORFOLK CITY,404 - CAMPOSTELLA,Proposed Constitutional Amendment,,,Yes,843
NORFOLK CITY,405 - CHESTERFIELD,Proposed Constitutional Amendment,,,No,73
NORFOLK CITY,405 - CHESTERFIELD,Proposed Constitutional Amendment,,,Yes,1012
NORFOLK CITY,406 - BARRON BLACK,Proposed Constitutional Amendment,,,No,328
NORFOLK CITY,406 - BARRON BLACK,Proposed Constitutional Amendment,,,Yes,509
NORFOLK CITY,408 - EASTSIDE,Proposed Constitutional Amendment,,,No,471
NORFOLK CITY,408 - EASTSIDE,Proposed Constitutional Amendment,,,Yes,814
NORFOLK CITY,409 - FAIRLAWN,Proposed Constitutional Amendment,,,No,330
NORFOLK CITY,409 - FAIRLAWN,Proposed Constitutional Amendment,,,Yes,660
NORFOLK CITY,411 - RUFFNER ACADEMY,Proposed Constitutional Amendment,,,No,32
NORFOLK CITY,411 - RUFFNER ACADEMY,Proposed Constitutional Amendment,,,Yes,419
NORFOLK CITY,412 - INGLESIDE,Proposed Constitutional Amendment,,,No,168
NORFOLK CITY,412 - INGLESIDE,Proposed Constitutional Amendment,,,Yes,870
NORFOLK CITY,413 - POPLAR HALLS,Proposed Constitutional Amendment,,,No,264
NORFOLK CITY,413 - POPLAR HALLS,Proposed Constitutional Amendment,,,Yes,1280
NORFOLK CITY,414 - YOUNG PARK,Proposed Constitutional Amendment,,,No,50
NORFOLK CITY,414 - YOUNG PARK,Proposed Constitutional Amendment,,,Yes,748
NORFOLK CITY,415 - LAKE TAYLOR HIGH SCHOOL,Proposed Constitutional Amendment,,,No,325
NORFOLK CITY,415 - LAKE TAYLOR HIGH SCHOOL,Proposed Constitutional Amendment,,,Yes,668
NORFOLK CITY,501 - BAYVIEW,Proposed Constitutional Amendment,,,No,621
NORFOLK CITY,501 - BAYVIEW,Proposed Constitutional Amendment,,,Yes,791
NORFOLK CITY,503 - EAST OCEAN VIEW,Proposed Constitutional Amendment,,,No,841
NORFOLK CITY,503 - EAST OCEAN VIEW,Proposed Constitutional Amendment,,,Yes,1028
NORFOLK CITY,504 - LARRYMORE,Proposed Constitutional Amendment,,,No,448
NORFOLK CITY,504 - LARRYMORE,Proposed Constitutional Amendment,,,Yes,744
NORFOLK CITY,505 - LITTLE CREEK,Proposed Constitutional Amendment,,,No,408
NORFOLK CITY,505 - LITTLE CREEK,Proposed Constitutional Amendment,,,Yes,454
NORFOLK CITY,506 - OCEAN VIEW GOLF COURSE,Proposed Constitutional Amendment,,,No,551
NORFOLK CITY,506 - OCEAN VIEW GOLF COURSE,Proposed Constitutional Amendment,,,Yes,955
NORFOLK CITY,507 - PRETLOW,Proposed Constitutional Amendment,,,No,484
NORFOLK CITY,507 - PRETLOW,Proposed Constitutional Amendment,,,Yes,730
NORFOLK CITY,509 - TARRALLTON,Proposed Constitutional Amendment,,,No,711
NORFOLK CITY,509 - TARRALLTON,Proposed Constitutional Amendment,,,Yes,613
NORFOLK CITY,510 - THIRD PRESBYTERIAN,Proposed Constitutional Amendment,,,No,759
NORFOLK CITY,510 - THIRD PRESBYTERIAN,Proposed Constitutional Amendment,,,Yes,705
NORFOLK CITY,511 - CROSSROADS,Proposed Constitutional Amendment,,,No,503
NORFOLK CITY,511 - CROSSROADS,Proposed Constitutional Amendment,,,Yes,685
NORFOLK CITY,512 - AZALEA GARDENS,Proposed Constitutional Amendment,,,No,381
NORFOLK CITY,512 - AZALEA GARDENS,Proposed Constitutional Amendment,,,Yes,513
NORTHAMPTON COUNTY,101 - PRECINCT 1-1,Proposed Constitutional Amendment,,,No,781
NORTHAMPTON COUNTY,101 - PRECINCT 1-1,Proposed Constitutional Amendment,,,Yes,665
NORTHAMPTON COUNTY,201 - PRECINCT 2-1,Proposed Constitutional Amendment,,,No,383
NORTHAMPTON COUNTY,201 - PRECINCT 2-1,Proposed Constitutional Amendment,,,Yes,532
NORTHAMPTON COUNTY,301 - PRECINCT 3-1,Proposed Constitutional Amendment,,,No,288
NORTHAMPTON COUNTY,301 - PRECINCT 3-1,Proposed Constitutional Amendment,,,Yes,553
NORTHAMPTON COUNTY,401 - PRECINCT 4-1,Proposed Constitutional Amendment,,,No,576
NORTHAMPTON COUNTY,401 - PRECINCT 4-1,Proposed Constitutional Amendment,,,Yes,540
NORTHAMPTON COUNTY,501 - PRECINCT 5-1,Proposed Constitutional Amendment,,,No,457
NORTHAMPTON COUNTY,501 - PRECINCT 5-1,Proposed Constitutional Amendment,,,Yes,346
NORTHUMBERLAND COUNTY,101 - 1A,Proposed Constitutional Amendment,,,No,725
NORTHUMBERLAND COUNTY,101 - 1A,Proposed Constitutional Amendment,,,Yes,361
NORTHUMBERLAND COUNTY,201 - 2A,Proposed Constitutional Amendment,,,No,827
NORTHUMBERLAND COUNTY,201 - 2A,Proposed Constitutional Amendment,,,Yes,401
NORTHUMBERLAND COUNTY,301 - 3A,Proposed Constitutional Amendment,,,No,378
NORTHUMBERLAND COUNTY,301 - 3A,Proposed Constitutional Amendment,,,Yes,552
NORTHUMBERLAND COUNTY,401 - 4A,Proposed Constitutional Amendment,,,No,1113
NORTHUMBERLAND COUNTY,401 - 4A,Proposed Constitutional Amendment,,,Yes,471
NORTHUMBERLAND COUNTY,501 - 5A,Proposed Constitutional Amendment,,,No,1100
NORTHUMBERLAND COUNTY,501 - 5A,Proposed Constitutional Amendment,,,Yes,480
NORTON CITY,001 - EAST WARD,Proposed Constitutional Amendment,,,No,675
NORTON CITY,001 - EAST WARD,Proposed Constitutional Amendment,,,Yes,217
NOTTOWAY COUNTY,101 - PRECINCT 1-1,Proposed Constitutional Amendment,,,No,624
NOTTOWAY COUNTY,101 - PRECINCT 1-1,Proposed Constitutional Amendment,,,Yes,288
NOTTOWAY COUNTY,201 - PRECINCT 2-1,Proposed Constitutional Amendment,,,No,916
NOTTOWAY COUNTY,201 - PRECINCT 2-1,Proposed Constitutional Amendment,,,Yes,245
NOTTOWAY COUNTY,301 - PRECINCT 3-1,Proposed Constitutional Amendment,,,No,408
NOTTOWAY COUNTY,301 - PRECINCT 3-1,Proposed Constitutional Amendment,,,Yes,372
NOTTOWAY COUNTY,302 - PRECINCT 3-2,Proposed Constitutional Amendment,,,No,134
NOTTOWAY COUNTY,302 - PRECINCT 3-2,Proposed Constitutional Amendment,,,Yes,100
NOTTOWAY COUNTY,401 - PRECINCT 4-1,Proposed Constitutional Amendment,,,No,141
NOTTOWAY COUNTY,401 - PRECINCT 4-1,Proposed Constitutional Amendment,,,Yes,358
NOTTOWAY COUNTY,402 - PRECINCT 4-2,Proposed Constitutional Amendment,,,No,320
NOTTOWAY COUNTY,402 - PRECINCT 4-2,Proposed Constitutional Amendment,,,Yes,115
NOTTOWAY COUNTY,501 - PRECINCT 5-1,Proposed Constitutional Amendment,,,No,704
NOTTOWAY COUNTY,501 - PRECINCT 5-1,Proposed Constitutional Amendment,,,Yes,351
ORANGE COUNTY,101 - ONE WEST,Proposed Constitutional Amendment,,,No,999
ORANGE COUNTY,101 - ONE WEST,Proposed Constitutional Amendment,,,Yes,596
ORANGE COUNTY,102 - ONE EAST,Proposed Constitutional Amendment,,,No,810
ORANGE COUNTY,102 - ONE EAST,Proposed Constitutional Amendment,,,Yes,347
ORANGE COUNTY,103 - ONE TOWN,Proposed Constitutional Amendment,,,No,252
ORANGE COUNTY,103 - ONE TOWN,Proposed Constitutional Amendment,,,Yes,280
ORANGE COUNTY,201 - TWO WEST,Proposed Constitutional Amendment,,,No,1069
ORANGE COUNTY,201 - TWO WEST,Proposed Constitutional Amendment,,,Yes,397
ORANGE COUNTY,202 - TWO EAST,Proposed Constitutional Amendment,,,No,1484
ORANGE COUNTY,202 - TWO EAST,Proposed Constitutional Amendment,,,Yes,356
ORANGE COUNTY,301 - THREE WEST,Proposed Constitutional Amendment,,,No,234
ORANGE COUNTY,301 - THREE WEST,Proposed Constitutional Amendment,,,Yes,135
ORANGE COUNTY,302 - THREE EAST,Proposed Constitutional Amendment,,,No,647
ORANGE COUNTY,302 - THREE EAST,Proposed Constitutional Amendment,,,Yes,238
ORANGE COUNTY,303 - THREE TOWN,Proposed Constitutional Amendment,,,No,773
ORANGE COUNTY,303 - THREE TOWN,Proposed Constitutional Amendment,,,Yes,702
ORANGE COUNTY,401 - FOUR WEST,Proposed Constitutional Amendment,,,No,1259
ORANGE COUNTY,401 - FOUR WEST,Proposed Constitutional Amendment,,,Yes,441
ORANGE COUNTY,402 - FOUR EAST,Proposed Constitutional Amendment,,,No,806
ORANGE COUNTY,402 - FOUR EAST,Proposed Constitutional Amendment,,,Yes,651
ORANGE COUNTY,501 - FIVE SOUTH,Proposed Constitutional Amendment,,,No,918
ORANGE COUNTY,501 - FIVE SOUTH,Proposed Constitutional Amendment,,,Yes,777
ORANGE COUNTY,502 - FIVE NORTH,Proposed Constitutional Amendment,,,No,1208
ORANGE COUNTY,502 - FIVE NORTH,Proposed Constitutional Amendment,,,Yes,956
PAGE COUNTY,101 - WEST LURAY,Proposed Constitutional Amendment,,,No,1337
PAGE COUNTY,101 - WEST LURAY,Proposed Constitutional Amendment,,,Yes,522
PAGE COUNTY,201 - EAST LURAY,Proposed Constitutional Amendment,,,No,1410
PAGE COUNTY,201 - EAST LURAY,Proposed Constitutional Amendment,,,Yes,508
PAGE COUNTY,301 - MARKSVILLE,Proposed Constitutional Amendment,,,No,1767
PAGE COUNTY,301 - MARKSVILLE,Proposed Constitutional Amendment,,,Yes,320
PAGE COUNTY,401 - NEWPORT,Proposed Constitutional Amendment,,,No,1335
PAGE COUNTY,401 - NEWPORT,Proposed Constitutional Amendment,,,Yes,270
PAGE COUNTY,501 - SHENANDOAH,Proposed Constitutional Amendment,,,No,1657
PAGE COUNTY,501 - SHENANDOAH,Proposed Constitutional Amendment,,,Yes,240
PATRICK COUNTY,101 - ARARAT,Proposed Constitutional Amendment,,,No,332
PATRICK COUNTY,101 - ARARAT,Proposed Constitutional Amendment,,,Yes,77
PATRICK COUNTY,102 - CLAUDVILLE,Proposed Constitutional Amendment,,,No,341
PATRICK COUNTY,102 - CLAUDVILLE,Proposed Constitutional Amendment,,,Yes,68
PATRICK COUNTY,103 - WILLIS GAP,Proposed Constitutional Amendment,,,No,414
PATRICK COUNTY,103 - WILLIS GAP,Proposed Constitutional Amendment,,,Yes,46
PATRICK COUNTY,201 - DRY POND,Proposed Constitutional Amendment,,,No,288
PATRICK COUNTY,201 - DRY POND,Proposed Constitutional Amendment,,,Yes,49
PATRICK COUNTY,202 - PATRICK SPRINGS,Proposed Constitutional Amendment,,,No,468
PATRICK COUNTY,202 - PATRICK SPRINGS,Proposed Constitutional Amendment,,,Yes,111
PATRICK COUNTY,203 - RUSSELL CREEK,Proposed Constitutional Amendment,,,No,421
PATRICK COUNTY,203 - RUSSELL CREEK,Proposed Constitutional Amendment,,,Yes,92
PATRICK COUNTY,301 - CRITZ/STELLA,Proposed Constitutional Amendment,,,No,692
PATRICK COUNTY,301 - CRITZ/STELLA,Proposed Constitutional Amendment,,,Yes,178
PATRICK COUNTY,302 - LIBERTY,Proposed Constitutional Amendment,,,No,473
PATRICK COUNTY,302 - LIBERTY,Proposed Constitutional Amendment,,,Yes,46
PATRICK COUNTY,401 - MEADOWS OF DAN,Proposed Constitutional Amendment,,,No,500
PATRICK COUNTY,401 - MEADOWS OF DAN,Proposed Constitutional Amendment,,,Yes,155
PATRICK COUNTY,402 - STUART FAIRGROUNDS,Proposed Constitutional Amendment,,,No,269
PATRICK COUNTY,402 - STUART FAIRGROUNDS,Proposed Constitutional Amendment,,,Yes,73
PATRICK COUNTY,403 - STUART COMMUNITY,Proposed Constitutional Amendment,,,No,266
PATRICK COUNTY,403 - STUART COMMUNITY,Proposed Constitutional Amendment,,,Yes,60
PATRICK COUNTY,502 - ELAMSVILLE,Proposed Constitutional Amendment,,,No,611
PATRICK COUNTY,502 - ELAMSVILLE,Proposed Constitutional Amendment,,,Yes,106
PATRICK COUNTY,503 - WOOLWINE,Proposed Constitutional Amendment,,,No,641
PATRICK COUNTY,503 - WOOLWINE,Proposed Constitutional Amendment,,,Yes,128
PETERSBURG CITY,101 - FIRST WARD FIRST PRECINCT,Proposed Constitutional Amendment,,,No,109
PETERSBURG CITY,101 - FIRST WARD FIRST PRECINCT,Proposed Constitutional Amendment,,,Yes,809
PETERSBURG CITY,201 - SECOND WARD FIRST PRECINCT,Proposed Constitutional Amendment,,,No,140
PETERSBURG CITY,201 - SECOND WARD FIRST PRECINCT,Proposed Constitutional Amendment,,,Yes,1234
PETERSBURG CITY,301 - THIRD WARD FIRST PRECINCT,Proposed Constitutional Amendment,,,No,310
PETERSBURG CITY,301 - THIRD WARD FIRST PRECINCT,Proposed Constitutional Amendment,,,Yes,1406
PETERSBURG CITY,401 - FOURTH WARD FIRST PRECINCT,Proposed Constitutional Amendment,,,No,214
PETERSBURG CITY,401 - FOURTH WARD FIRST PRECINCT,Proposed Constitutional Amendment,,,Yes,914
PETERSBURG CITY,501 - FIFTH WARD FIRST PRECINCT,Proposed Constitutional Amendment,,,No,121
PETERSBURG CITY,501 - FIFTH WARD FIRST PRECINCT,Proposed Constitutional Amendment,,,Yes,898
PETERSBURG CITY,601 - SIXTH WARD FIRST PRECINCT,Proposed Constitutional Amendment,,,No,72
PETERSBURG CITY,601 - SIXTH WARD FIRST PRECINCT,Proposed Constitutional Amendment,,,Yes,962
PETERSBURG CITY,701 - SEVENTH WARD FIRST PRECINCT,Proposed Constitutional Amendment,,,No,141
PETERSBURG CITY,701 - SEVENTH WARD FIRST PRECINCT,Proposed Constitutional Amendment,,,Yes,1164
PITTSYLVANIA COUNTY,103 - TWIN SPRINGS,Proposed Constitutional Amendment,,,No,1650
PITTSYLVANIA COUNTY,103 - TWIN SPRINGS,Proposed Constitutional Amendment,,,Yes,334
PITTSYLVANIA COUNTY,105 - CHATHAM,Proposed Constitutional Amendment,,,No,451
PITTSYLVANIA COUNTY,105 - CHATHAM,Proposed Constitutional Amendment,,,Yes,143
PITTSYLVANIA COUNTY,106 - TUNSTALL,Proposed Constitutional Amendment,,,No,725
PITTSYLVANIA COUNTY,106 - TUNSTALL,Proposed Constitutional Amendment,,,Yes,171
PITTSYLVANIA COUNTY,108 - WEST BLAIRS,Proposed Constitutional Amendment,,,No,353
PITTSYLVANIA COUNTY,108 - WEST BLAIRS,Proposed Constitutional Amendment,,,Yes,141
PITTSYLVANIA COUNTY,201 - CALLANDS,Proposed Constitutional Amendment,,,No,678
PITTSYLVANIA COUNTY,201 - CALLANDS,Proposed Constitutional Amendment,,,Yes,145
PITTSYLVANIA COUNTY,202- BEARSKIN,Proposed Constitutional Amendment,,,No,277
PITTSYLVANIA COUNTY,202- BEARSKIN,Proposed Constitutional Amendment,,,Yes,138
PITTSYLVANIA COUNTY,204 - SANDY LEVEL,Proposed Constitutional Amendment,,,No,440
PITTSYLVANIA COUNTY,204 - SANDY LEVEL,Proposed Constitutional Amendment,,,Yes,114
PITTSYLVANIA COUNTY,206 - CLIMAX,Proposed Constitutional Amendment,,,No,495
PITTSYLVANIA COUNTY,206 - CLIMAX,Proposed Constitutional Amendment,,,Yes,105
PITTSYLVANIA COUNTY,207 - GRETNA,Proposed Constitutional Amendment,,,No,930
PITTSYLVANIA COUNTY,207 - GRETNA,Proposed Constitutional Amendment,,,Yes,210
PITTSYLVANIA COUNTY,301 - CENTRAL,Proposed Constitutional Amendment,,,No,390
PITTSYLVANIA COUNTY,301 - CENTRAL,Proposed Constitutional Amendment,,,Yes,363
PITTSYLVANIA COUNTY,305 - RICEVILLE,Proposed Constitutional Amendment,,,No,331
PITTSYLVANIA COUNTY,305 - RICEVILLE,Proposed Constitutional Amendment,,,Yes,279
PITTSYLVANIA COUNTY,307 - EAST BLAIRS,Proposed Constitutional Amendment,,,No,318
PITTSYLVANIA COUNTY,307 - EAST BLAIRS,Proposed Constitutional Amendment,,,Yes,527
PITTSYLVANIA COUNTY,308 - MT AIRY,Proposed Constitutional Amendment,,,No,274
PITTSYLVANIA COUNTY,308 - MT AIRY,Proposed Constitutional Amendment,,,Yes,233
PITTSYLVANIA COUNTY,309 - EAST GRETNA,Proposed Constitutional Amendment,,,No,250
PITTSYLVANIA COUNTY,309 - EAST GRETNA,Proposed Constitutional Amendment,,,Yes,121
PITTSYLVANIA COUNTY,402 - KEELING,Proposed Constitutional Amendment,,,No,654
PITTSYLVANIA COUNTY,402 - KEELING,Proposed Constitutional Amendment,,,Yes,132
PITTSYLVANIA COUNTY,404 - KENTUCK,Proposed Constitutional Amendment,,,No,1154
PITTSYLVANIA COUNTY,404 - KENTUCK,Proposed Constitutional Amendment,,,Yes,274
PITTSYLVANIA COUNTY,405 - RINGGOLD,Proposed Constitutional Amendment,,,No,1143
PITTSYLVANIA COUNTY,405 - RINGGOLD,Proposed Constitutional Amendment,,,Yes,335
PITTSYLVANIA COUNTY,501 - HURT,Proposed Constitutional Amendment,,,No,928
PITTSYLVANIA COUNTY,501 - HURT,Proposed Constitutional Amendment,,,Yes,306
PITTSYLVANIA COUNTY,502 - MOTLEY SYCAMORE,Proposed Constitutional Amendment,,,No,1247
PITTSYLVANIA COUNTY,502 - MOTLEY SYCAMORE,Proposed Constitutional Amendment,,,Yes,361
PITTSYLVANIA COUNTY,503 - RENAN,Proposed Constitutional Amendment,,,No,516
PITTSYLVANIA COUNTY,503 - RENAN,Proposed Constitutional Amendment,,,Yes,80
PITTSYLVANIA COUNTY,603 - STONY MILL,Proposed Constitutional Amendment,,,No,769
PITTSYLVANIA COUNTY,603 - STONY MILL,Proposed Constitutional Amendment,,,Yes,204
PITTSYLVANIA COUNTY,604 - SWANSONVILLE,Proposed Constitutional Amendment,,,No,469
PITTSYLVANIA COUNTY,604 - SWANSONVILLE,Proposed Constitutional Amendment,,,Yes,130
PITTSYLVANIA COUNTY,605 - WHITMELL,Proposed Constitutional Amendment,,,No,599
PITTSYLVANIA COUNTY,605 - WHITMELL,Proposed Constitutional Amendment,,,Yes,174
PITTSYLVANIA COUNTY,606 - BROSVILLE,Proposed Constitutional Amendment,,,No,470
PITTSYLVANIA COUNTY,606 - BROSVILLE,Proposed Constitutional Amendment,,,Yes,276
PITTSYLVANIA COUNTY,607 - DRY FORK,Proposed Constitutional Amendment,,,No,314
PITTSYLVANIA COUNTY,607 - DRY FORK,Proposed Constitutional Amendment,,,Yes,53
PITTSYLVANIA COUNTY,702 - BACHELORS HALL,Proposed Constitutional Amendment,,,No,894
PITTSYLVANIA COUNTY,702 - BACHELORS HALL,Proposed Constitutional Amendment,,,Yes,149
PITTSYLVANIA COUNTY,703 - FERRY ROAD,Proposed Constitutional Amendment,,,No,151
PITTSYLVANIA COUNTY,703 - FERRY ROAD,Proposed Constitutional Amendment,,,Yes,57
PITTSYLVANIA COUNTY,704 - MT HERMON,Proposed Constitutional Amendment,,,No,1119
PITTSYLVANIA COUNTY,704 - MT HERMON,Proposed Constitutional Amendment,,,Yes,403
PITTSYLVANIA COUNTY,705 - MT CROSS,Proposed Constitutional Amendment,,,No,633
PITTSYLVANIA COUNTY,705 - MT CROSS,Proposed Constitutional Amendment,,,Yes,133
POQUOSON CITY,001 - CENTRAL,Proposed Constitutional Amendment,,,No,1480
POQUOSON CITY,001 - CENTRAL,Proposed Constitutional Amendment,,,Yes,497
POQUOSON CITY,002 - EASTERN,Proposed Constitutional Amendment,,,No,1485
POQUOSON CITY,002 - EASTERN,Proposed Constitutional Amendment,,,Yes,386
POQUOSON CITY,003 - WESTERN,Proposed Constitutional Amendment,,,No,1583
POQUOSON CITY,003 - WESTERN,Proposed Constitutional Amendment,,,Yes,546
PORTSMOUTH CITY,001 - EMANUEL A. M. E. CHURCH,Proposed Constitutional Amendment,,,No,256
PORTSMOUTH CITY,001 - EMANUEL A. M. E. CHURCH,Proposed Constitutional Amendment,,,Yes,761
PORTSMOUTH CITY,005 - CHARLES A. FISHER MEMORIAL ACADEMY,Proposed Constitutional Amendment,,,No,32
PORTSMOUTH CITY,005 - CHARLES A. FISHER MEMORIAL ACADEMY,Proposed Constitutional Amendment,,,Yes,488
PORTSMOUTH CITY,007- PARK VIEW ELEMENTARY SCHOOL,Proposed Constitutional Amendment,,,No,143
PORTSMOUTH CITY,007- PARK VIEW ELEMENTARY SCHOOL,Proposed Constitutional Amendment,,,Yes,533
PORTSMOUTH CITY,009 - THIRD BAPTIST CHURCH,Proposed Constitutional Amendment,,,No,136
PORTSMOUTH CITY,009 - THIRD BAPTIST CHURCH,Proposed Constitutional Amendment,,,Yes,775
PORTSMOUTH CITY,010 - MOUNT HERMON PRESCHOOL CENTER,Proposed Constitutional Amendment,,,No,181
PORTSMOUTH CITY,010 - MOUNT HERMON PRESCHOOL CENTER,Proposed Constitutional Amendment,,,Yes,318
PORTSMOUTH CITY,011 - JOSEPH E. PARKER RECREATION CENTER,Proposed Constitutional Amendment,,,No,29
PORTSMOUTH CITY,011 - JOSEPH E. PARKER RECREATION CENTER,Proposed Constitutional Amendment,,,Yes,591
PORTSMOUTH CITY,013 - ST. MARK MISSIONARY BAPTIST CHURCH,Proposed Constitutional Amendment,,,No,26
PORTSMOUTH CITY,013 - ST. MARK MISSIONARY BAPTIST CHURCH,Proposed Constitutional Amendment,,,Yes,310
PORTSMOUTH CITY,014 - BRIGHTON ELEMENTARY SCHOOL,Proposed Constitutional Amendment,,,No,43
PORTSMOUTH CITY,014 - BRIGHTON ELEMENTARY SCHOOL,Proposed Constitutional Amendment,,,Yes,676
PORTSMOUTH CITY,016 - CRADOCK MIDDLE SCHOOL,Proposed Constitutional Amendment,,,No,176
PORTSMOUTH CITY,016 - CRADOCK MIDDLE SCHOOL,Proposed Constitutional Amendment,,,Yes,475
PORTSMOUTH CITY,017 - VICTORY LIFE FELLOWSHIP,Proposed Constitutional Amendment,,,No,256
PORTSMOUTH CITY,017 - VICTORY LIFE FELLOWSHIP,Proposed Constitutional Amendment,,,Yes,646
PORTSMOUTH CITY,019 - VICTORY ELEMENTARY SCHOOL,Proposed Constitutional Amendment,,,No,166
PORTSMOUTH CITY,019 - VICTORY ELEMENTARY SCHOOL,Proposed Constitutional Amendment,,,Yes,285
PORTSMOUTH CITY,020 - NOBLE STREET BAPTIST CHURCH,Proposed Constitutional Amendment,,,No,160
PORTSMOUTH CITY,020 - NOBLE STREET BAPTIST CHURCH,Proposed Constitutional Amendment,,,Yes,713
PORTSMOUTH CITY,021 - HENDRICKS/KENDALL RECREATION CENTER,Proposed Constitutional Amendment,,,No,38
PORTSMOUTH CITY,021 - HENDRICKS/KENDALL RECREATION CENTER,Proposed Constitutional Amendment,,,Yes,439
PORTSMOUTH CITY,022 - ST. MARK DELIVERANCE CENTER,Proposed Constitutional Amendment,,,No,310
PORTSMOUTH CITY,022 - ST. MARK DELIVERANCE CENTER,Proposed Constitutional Amendment,,,Yes,481
PORTSMOUTH CITY,023 - WESTHAVEN BAPTIST CHURCH,Proposed Constitutional Amendment,,,No,434
PORTSMOUTH CITY,023 - WESTHAVEN BAPTIST CHURCH,Proposed Constitutional Amendment,,,Yes,359
PORTSMOUTH CITY,024 - THE SENIOR STATION,Proposed Constitutional Amendment,,,No,219
PORTSMOUTH CITY,024 - THE SENIOR STATION,Proposed Constitutional Amendment,,,Yes,461
PORTSMOUTH CITY,025 - WATERVIEW ELEMENTARY SCHOOL,Proposed Constitutional Amendment,,,No,358
PORTSMOUTH CITY,025 - WATERVIEW ELEMENTARY SCHOOL,Proposed Constitutional Amendment,,,Yes,607
PORTSMOUTH CITY,026 - WILLIAM E. WATERS MIDDLE SCHOOL,Proposed Constitutional Amendment,,,No,47
PORTSMOUTH CITY,026 - WILLIAM E. WATERS MIDDLE SCHOOL,Proposed Constitutional Amendment,,,Yes,870
PORTSMOUTH CITY,027 - CAVALIER MANOR RECREATION CENTER,Proposed Constitutional Amendment,,,No,35
PORTSMOUTH CITY,027 - CAVALIER MANOR RECREATION CENTER,Proposed Constitutional Amendment,,,Yes,794
PORTSMOUTH CITY,028 - LAKEVIEW ELEMENTARY SCHOOL,Proposed Constitutional Amendment,,,No,84
PORTSMOUTH CITY,028 - LAKEVIEW ELEMENTARY SCHOOL,Proposed Constitutional Amendment,,,Yes,1320
PORTSMOUTH CITY,029 - MANOR HIGH SCHOOL,Proposed Constitutional Amendment,,,No,364
PORTSMOUTH CITY,029 - MANOR HIGH SCHOOL,Proposed Constitutional Amendment,,,Yes,215
PORTSMOUTH CITY,030 - THE RESCUE CHURCH,Proposed Constitutional Amendment,,,No,457
PORTSMOUTH CITY,030 - THE RESCUE CHURCH,Proposed Constitutional Amendment,,,Yes,265
PORTSMOUTH CITY,031 - WEST PARK CHURCH OF CHRIST,Proposed Constitutional Amendment,,,No,391
PORTSMOUTH CITY,031 - WEST PARK CHURCH OF CHRIST,Proposed Constitutional Amendment,,,Yes,719
PORTSMOUTH CITY,032 - HODGES MANOR ELEMENTARY SCHOOL,Proposed Constitutional Amendment,,,No,407
PORTSMOUTH CITY,032 - HODGES MANOR ELEMENTARY SCHOOL,Proposed Constitutional Amendment,,,Yes,400
PORTSMOUTH CITY,033- PINECREST BAPTIST CHURCH,Proposed Constitutional Amendment,,,No,470
PORTSMOUTH CITY,033- PINECREST BAPTIST CHURCH,Proposed Constitutional Amendment,,,Yes,231
PORTSMOUTH CITY,034- CHURCHLAND BRANCH LIBRARY,Proposed Constitutional Amendment,,,No,462
PORTSMOUTH CITY,034- CHURCHLAND BRANCH LIBRARY,Proposed Constitutional Amendment,,,Yes,515
PORTSMOUTH CITY,035 - CHURCHLAND ELEMENTARY SCHOOL,Proposed Constitutional Amendment,,,No,555
PORTSMOUTH CITY,035 - CHURCHLAND ELEMENTARY SCHOOL,Proposed Constitutional Amendment,,,Yes,575
PORTSMOUTH CITY,036 - CHURCHLAND HIGH SCHOOL,Proposed Constitutional Amendment,,,No,813
PORTSMOUTH CITY,036 - CHURCHLAND HIGH SCHOOL,Proposed Constitutional Amendment,,,Yes,1182
PORTSMOUTH CITY,037 - CHURCHLAND MIDDLE SCHOOL,Proposed Constitutional Amendment,,,No,448
PORTSMOUTH CITY,037 - CHURCHLAND MIDDLE SCHOOL,Proposed Constitutional Amendment,,,Yes,1034
PORTSMOUTH CITY,038 - GROVE BAPTIST CHURCH,Proposed Constitutional Amendment,,,No,201
PORTSMOUTH CITY,038 - GROVE BAPTIST CHURCH,Proposed Constitutional Amendment,,,Yes,1106
PORTSMOUTH CITY,039 - CHURCHLAND PRIMARY AND INTERMEDIATE SCHOOL,Proposed Constitutional Amendment,,,No,437
PORTSMOUTH CITY,039 - CHURCHLAND PRIMARY AND INTERMEDIATE SCHOOL,Proposed Constitutional Amendment,,,Yes,1456
POWHATAN COUNTY,101 - SUBLETTS,Proposed Constitutional Amendment,,,No,1192
POWHATAN COUNTY,101 - SUBLETTS,Proposed Constitutional Amendment,,,Yes,413
POWHATAN COUNTY,102 - MANAKIN,Proposed Constitutional Amendment,,,No,964
POWHATAN COUNTY,102 - MANAKIN,Proposed Constitutional Amendment,,,Yes,450
POWHATAN COUNTY,103 - FLAT ROCK,Proposed Constitutional Amendment,,,No,475
POWHATAN COUNTY,103 - FLAT ROCK,Proposed Constitutional Amendment,,,Yes,126
POWHATAN COUNTY,201 - POWHATAN STATION,Proposed Constitutional Amendment,,,No,1002
POWHATAN COUNTY,201 - POWHATAN STATION,Proposed Constitutional Amendment,,,Yes,236
POWHATAN COUNTY,202 - GRACELAND,Proposed Constitutional Amendment,,,No,1347
POWHATAN COUNTY,202 - GRACELAND,Proposed Constitutional Amendment,,,Yes,369
POWHATAN COUNTY,301 - BETHESDA,Proposed Constitutional Amendment,,,No,1318
POWHATAN COUNTY,301 - BETHESDA,Proposed Constitutional Amendment,,,Yes,434
POWHATAN COUNTY,302 - LEE'S LANDING,Proposed Constitutional Amendment,,,No,1170
POWHATAN COUNTY,302 - LEE'S LANDING,Proposed Constitutional Amendment,,,Yes,447
POWHATAN COUNTY,401 - POWHATAN COURTHOUSE,Proposed Constitutional Amendment,,,No,1825
POWHATAN COUNTY,401 - POWHATAN COURTHOUSE,Proposed Constitutional Amendment,,,Yes,513
POWHATAN COUNTY,402 - MT ZION,Proposed Constitutional Amendment,,,No,735
POWHATAN COUNTY,402 - MT ZION,Proposed Constitutional Amendment,,,Yes,194
POWHATAN COUNTY,501 - SMITH CROSS ROADS,Proposed Constitutional Amendment,,,No,935
POWHATAN COUNTY,501 - SMITH CROSS ROADS,Proposed Constitutional Amendment,,,Yes,442
POWHATAN COUNTY,502 - PINEVILLE,Proposed Constitutional Amendment,,,No,518
POWHATAN COUNTY,502 - PINEVILLE,Proposed Constitutional Amendment,,,Yes,259
POWHATAN COUNTY,503 - TOBACCOVILLE,Proposed Constitutional Amendment,,,No,611
POWHATAN COUNTY,503 - TOBACCOVILLE,Proposed Constitutional Amendment,,,Yes,118
PRINCE EDWARD COUNTY,101 - FARMVILLE,Proposed Constitutional Amendment,,,No,480
PRINCE EDWARD COUNTY,101 - FARMVILLE,Proposed Constitutional Amendment,,,Yes,449
PRINCE EDWARD COUNTY,201 - LOCKETT,Proposed Constitutional Amendment,,,No,674
PRINCE EDWARD COUNTY,201 - LOCKETT,Proposed Constitutional Amendment,,,Yes,438
PRINCE EDWARD COUNTY,301 - LEIGH,Proposed Constitutional Amendment,,,No,450
PRINCE EDWARD COUNTY,301 - LEIGH,Proposed Constitutional Amendment,,,Yes,312
PRINCE EDWARD COUNTY,302 - MT PLEASANT,Proposed Constitutional Amendment,,,No,169
PRINCE EDWARD COUNTY,302 - MT PLEASANT,Proposed Constitutional Amendment,,,Yes,157
PRINCE EDWARD COUNTY,401 - HAMPDEN,Proposed Constitutional Amendment,,,No,464
PRINCE EDWARD COUNTY,401 - HAMPDEN,Proposed Constitutional Amendment,,,Yes,334
PRINCE EDWARD COUNTY,501 - DARLINGTON HTS,Proposed Constitutional Amendment,,,No,371
PRINCE EDWARD COUNTY,501 - DARLINGTON HTS,Proposed Constitutional Amendment,,,Yes,174
PRINCE EDWARD COUNTY,502 - BUFFALO HTS,Proposed Constitutional Amendment,,,No,176
PRINCE EDWARD COUNTY,502 - BUFFALO HTS,Proposed Constitutional Amendment,,,Yes,132
PRINCE EDWARD COUNTY,601 - PROSPECT,Proposed Constitutional Amendment,,,No,562
PRINCE EDWARD COUNTY,601 - PROSPECT,Proposed Constitutional Amendment,,,Yes,526
PRINCE EDWARD COUNTY,701 - WEST END,Proposed Constitutional Amendment,,,No,341
PRINCE EDWARD COUNTY,701 - WEST END,Proposed Constitutional Amendment,,,Yes,409
PRINCE EDWARD COUNTY,801 - CENTER,Proposed Constitutional Amendment,,,No,77
PRINCE EDWARD COUNTY,801 - CENTER,Proposed Constitutional Amendment,,,Yes,243
PRINCE GEORGE COUNTY,101 - RICHARD BLAND,Proposed Constitutional Amendment,,,No,531
PRINCE GEORGE COUNTY,101 - RICHARD BLAND,Proposed Constitutional Amendment,,,Yes,274
PRINCE GEORGE COUNTY,102 - TEMPLETON,Proposed Constitutional Amendment,,,No,1895
PRINCE GEORGE COUNTY,102 - TEMPLETON,Proposed Constitutional Amendment,,,Yes,498
PRINCE GEORGE COUNTY,103 - UNION BRANCH,Proposed Constitutional Amendment,,,No,797
PRINCE GEORGE COUNTY,103 - UNION BRANCH,Proposed Constitutional Amendment,,,Yes,527
PRINCE GEORGE COUNTY,104 - RIVES,Proposed Constitutional Amendment,,,No,357
PRINCE GEORGE COUNTY,104 - RIVES,Proposed Constitutional Amendment,,,Yes,408
PRINCE GEORGE COUNTY,105 - HARRISON,Proposed Constitutional Amendment,,,No,488
PRINCE GEORGE COUNTY,105 - HARRISON,Proposed Constitutional Amendment,,,Yes,92
PRINCE GEORGE COUNTY,201 - BLAND,Proposed Constitutional Amendment,,,No,1373
PRINCE GEORGE COUNTY,201 - BLAND,Proposed Constitutional Amendment,,,Yes,853
PRINCE GEORGE COUNTY,202 - BLACKWATER,Proposed Constitutional Amendment,,,No,984
PRINCE GEORGE COUNTY,202 - BLACKWATER,Proposed Constitutional Amendment,,,Yes,452
PRINCE GEORGE COUNTY,203 - BRANDON,Proposed Constitutional Amendment,,,No,450
PRINCE GEORGE COUNTY,203 - BRANDON,Proposed Constitutional Amendment,,,Yes,154
PRINCE GEORGE COUNTY,204 - COURTS,Proposed Constitutional Amendment,,,No,753
PRINCE GEORGE COUNTY,204 - COURTS,Proposed Constitutional Amendment,,,Yes,888
PRINCE GEORGE COUNTY,205 - JEFFERSON PARK,Proposed Constitutional Amendment,,,No,329
PRINCE GEORGE COUNTY,205 - JEFFERSON PARK,Proposed Constitutional Amendment,,,Yes,548
PRINCE WILLIAM COUNTY,101 - BRENTSVILLE,Proposed Constitutional Amendment,,,No,1324
PRINCE WILLIAM COUNTY,101 - BRENTSVILLE,Proposed Constitutional Amendment,,,Yes,574
PRINCE WILLIAM COUNTY,102 - CEDAR POINT,Proposed Constitutional Amendment,,,No,651
PRINCE WILLIAM COUNTY,102 - CEDAR POINT,Proposed Constitutional Amendment,,,Yes,803
PRINCE WILLIAM COUNTY,103 - GLENKIRK,Proposed Constitutional Amendment,,,No,837
PRINCE WILLIAM COUNTY,103 - GLENKIRK,Proposed Constitutional Amendment,,,Yes,1053
PRINCE WILLIAM COUNTY,104 - NOKESVILLE,Proposed Constitutional Amendment,,,No,1306
PRINCE WILLIAM COUNTY,104 - NOKESVILLE,Proposed Constitutional Amendment,,,Yes,938
PRINCE WILLIAM COUNTY,105 - PINEY BRANCH,Proposed Constitutional Amendment,,,No,697
PRINCE WILLIAM COUNTY,105 - PINEY BRANCH,Proposed Constitutional Amendment,,,Yes,890
PRINCE WILLIAM COUNTY,106 - UNITY REED,Proposed Constitutional Amendment,,,No,112
PRINCE WILLIAM COUNTY,106 - UNITY REED,Proposed Constitutional Amendment,,,Yes,291
PRINCE WILLIAM COUNTY,107 - MARSTELLER,Proposed Constitutional Amendment,,,No,834
PRINCE WILLIAM COUNTY,107 - MARSTELLER,Proposed Constitutional Amendment,,,Yes,1169
PRINCE WILLIAM COUNTY,108 - VICTORY,Proposed Constitutional Amendment,,,No,693
PRINCE WILLIAM COUNTY,108 - VICTORY,Proposed Constitutional Amendment,,,Yes,1080
PRINCE WILLIAM COUNTY,109 - CHRIS YUNG,Proposed Constitutional Amendment,,,No,631
PRINCE WILLIAM COUNTY,109 - CHRIS YUNG,Proposed Constitutional Amendment,,,Yes,1014
PRINCE WILLIAM COUNTY,110 - BUCKLAND MILLS,Proposed Constitutional Amendment,,,No,787
PRINCE WILLIAM COUNTY,110 - BUCKLAND MILLS,Proposed Constitutional Amendment,,,Yes,1034
PRINCE WILLIAM COUNTY,111 - LIMESTONE,Proposed Constitutional Amendment,,,No,907
PRINCE WILLIAM COUNTY,111 - LIMESTONE,Proposed Constitutional Amendment,,,Yes,1165
PRINCE WILLIAM COUNTY,112 - BURKE-NICKENS,Proposed Constitutional Amendment,,,No,1076
PRINCE WILLIAM COUNTY,112 - BURKE-NICKENS,Proposed Constitutional Amendment,,,Yes,1312
PRINCE WILLIAM COUNTY,113 - LAKES,Proposed Constitutional Amendment,,,No,734
PRINCE WILLIAM COUNTY,113 - LAKES,Proposed Constitutional Amendment,,,Yes,952
PRINCE WILLIAM COUNTY,114 - BRISTOW RUN,Proposed Constitutional Amendment,,,No,962
PRINCE WILLIAM COUNTY,114 - BRISTOW RUN,Proposed Constitutional Amendment,,,Yes,1225
PRINCE WILLIAM COUNTY,201 - HYLTON,Proposed Constitutional Amendment,,,No,454
PRINCE WILLIAM COUNTY,201 - HYLTON,Proposed Constitutional Amendment,,,Yes,1013
PRINCE WILLIAM COUNTY,202 - WEST GATE,Proposed Constitutional Amendment,,,No,191
PRINCE WILLIAM COUNTY,202 - WEST GATE,Proposed Constitutional Amendment,,,Yes,504
PRINCE WILLIAM COUNTY,203 - BENNETT,Proposed Constitutional Amendment,,,No,867
PRINCE WILLIAM COUNTY,203 - BENNETT,Proposed Constitutional Amendment,,,Yes,1280
PRINCE WILLIAM COUNTY,204 - ELLIS,Proposed Constitutional Amendment,,,No,382
PRINCE WILLIAM COUNTY,204 - ELLIS,Proposed Constitutional Amendment,,,Yes,603
PRINCE WILLIAM COUNTY,205 - BUCKHALL,Proposed Constitutional Amendment,,,No,683
PRINCE WILLIAM COUNTY,205 - BUCKHALL,Proposed Constitutional Amendment,,,Yes,714
PRINCE WILLIAM COUNTY,206 - COLES,Proposed Constitutional Amendment,,,No,991
PRINCE WILLIAM COUNTY,206 - COLES,Proposed Constitutional Amendment,,,Yes,996
PRINCE WILLIAM COUNTY,207 - SPRIGGS,Proposed Constitutional Amendment,,,No,581
PRINCE WILLIAM COUNTY,207 - SPRIGGS,Proposed Constitutional Amendment,,,Yes,1075
PRINCE WILLIAM COUNTY,208 - COLGAN,Proposed Constitutional Amendment,,,No,562
PRINCE WILLIAM COUNTY,208 - COLGAN,Proposed Constitutional Amendment,,,Yes,534
PRINCE WILLIAM COUNTY,209 - INDEPENDENT HILL,Proposed Constitutional Amendment,,,No,950
PRINCE WILLIAM COUNTY,209 - INDEPENDENT HILL,Proposed Constitutional Amendment,,,Yes,553
PRINCE WILLIAM COUNTY,210 - YATES FORD,Proposed Constitutional Amendment,,,No,1033
PRINCE WILLIAM COUNTY,210 - YATES FORD,Proposed Constitutional Amendment,,,Yes,969
PRINCE WILLIAM COUNTY,211 - SIGNAL HILL,Proposed Constitutional Amendment,,,No,325
PRINCE WILLIAM COUNTY,211 - SIGNAL HILL,Proposed Constitutional Amendment,,,Yes,636
PRINCE WILLIAM COUNTY,212 - YORKSHIRE,Proposed Constitutional Amendment,,,No,409
PRINCE WILLIAM COUNTY,212 - YORKSHIRE,Proposed Constitutional Amendment,,,Yes,670
PRINCE WILLIAM COUNTY,213 - PARKSIDE,Proposed Constitutional Amendment,,,No,360
PRINCE WILLIAM COUNTY,213 - PARKSIDE,Proposed Constitutional Amendment,,,Yes,568
PRINCE WILLIAM COUNTY,214 - LUCASVILLE,Proposed Constitutional Amendment,,,No,954
PRINCE WILLIAM COUNTY,214 - LUCASVILLE,Proposed Constitutional Amendment,,,Yes,785
PRINCE WILLIAM COUNTY,215 - SAUNDERS,Proposed Constitutional Amendment,,,No,391
PRINCE WILLIAM COUNTY,215 - SAUNDERS,Proposed Constitutional Amendment,,,Yes,1057
PRINCE WILLIAM COUNTY,301 - DUMFRIES,Proposed Constitutional Amendment,,,No,279
PRINCE WILLIAM COUNTY,301 - DUMFRIES,Proposed Constitutional Amendment,,,Yes,880
PRINCE WILLIAM COUNTY,302 - POTOMAC,Proposed Constitutional Amendment,,,No,191
PRINCE WILLIAM COUNTY,302 - POTOMAC,Proposed Constitutional Amendment,,,Yes,1180
PRINCE WILLIAM COUNTY,303 - GRAHAM PARK,Proposed Constitutional Amendment,,,No,195
PRINCE WILLIAM COUNTY,303 - GRAHAM PARK,Proposed Constitutional Amendment,,,Yes,664
PRINCE WILLIAM COUNTY,304 - QUANTICO,Proposed Constitutional Amendment,,,No,77
PRINCE WILLIAM COUNTY,304 - QUANTICO,Proposed Constitutional Amendment,,,Yes,81
PRINCE WILLIAM COUNTY,305 - FOREST PARK,Proposed Constitutional Amendment,,,No,599
PRINCE WILLIAM COUNTY,305 - FOREST PARK,Proposed Constitutional Amendment,,,Yes,1003
PRINCE WILLIAM COUNTY,306 - FOUR SEASONS,Proposed Constitutional Amendment,,,No,615
PRINCE WILLIAM COUNTY,306 - FOUR SEASONS,Proposed Constitutional Amendment,,,Yes,1105
PRINCE WILLIAM COUNTY,307 - HENDERSON,Proposed Constitutional Amendment,,,No,571
PRINCE WILLIAM COUNTY,307 - HENDERSON,Proposed Constitutional Amendment,,,Yes,893
PRINCE WILLIAM COUNTY,308 - MONTCLAIR,Proposed Constitutional Amendment,,,No,393
PRINCE WILLIAM COUNTY,308 - MONTCLAIR,Proposed Constitutional Amendment,,,Yes,597
PRINCE WILLIAM COUNTY,309 - ASHLAND,Proposed Constitutional Amendment,,,No,527
PRINCE WILLIAM COUNTY,309 - ASHLAND,Proposed Constitutional Amendment,,,Yes,832
PRINCE WILLIAM COUNTY,310 - PW FOREST PARK,Proposed Constitutional Amendment,,,No,371
PRINCE WILLIAM COUNTY,310 - PW FOREST PARK,Proposed Constitutional Amendment,,,Yes,967
PRINCE WILLIAM COUNTY,311 - SWANS CREEK,Proposed Constitutional Amendment,,,No,336
PRINCE WILLIAM COUNTY,311 - SWANS CREEK,Proposed Constitutional Amendment,,,Yes,1100
PRINCE WILLIAM COUNTY,312 - TRIANGLE,Proposed Constitutional Amendment,,,No,446
PRINCE WILLIAM COUNTY,312 - TRIANGLE,Proposed Constitutional Amendment,,,Yes,1172
PRINCE WILLIAM COUNTY,313 - CARDINAL,Proposed Constitutional Amendment,,,No,498
PRINCE WILLIAM COUNTY,313 - CARDINAL,Proposed Constitutional Amendment,,,Yes,1176
PRINCE WILLIAM COUNTY,314 - CABIN BRANCH,Proposed Constitutional Amendment,,,No,455
PRINCE WILLIAM COUNTY,314 - CABIN BRANCH,Proposed Constitutional Amendment,,,Yes,924
PRINCE WILLIAM COUNTY,315 - WILLIAMS,Proposed Constitutional Amendment,,,No,197
PRINCE WILLIAM COUNTY,315 - WILLIAMS,Proposed Constitutional Amendment,,,Yes,1145
PRINCE WILLIAM COUNTY,316 - POTOMAC SHORES,Proposed Constitutional Amendment,,,No,414
PRINCE WILLIAM COUNTY,316 - POTOMAC SHORES,Proposed Constitutional Amendment,,,Yes,1461
PRINCE WILLIAM COUNTY,401 - EVERGREEN,Proposed Constitutional Amendment,,,No,1175
PRINCE WILLIAM COUNTY,401 - EVERGREEN,Proposed Constitutional Amendment,,,Yes,785
PRINCE WILLIAM COUNTY,402 - GRAVELY,Proposed Constitutional Amendment,,,No,1512
PRINCE WILLIAM COUNTY,402 - GRAVELY,Proposed Constitutional Amendment,,,Yes,1031
PRINCE WILLIAM COUNTY,403 - BULL RUN,Proposed Constitutional Amendment,,,No,740
PRINCE WILLIAM COUNTY,403 - BULL RUN,Proposed Constitutional Amendment,,,Yes,937
PRINCE WILLIAM COUNTY,404 - UNITY BRAXTON,Proposed Constitutional Amendment,,,No,235
PRINCE WILLIAM COUNTY,404 - UNITY BRAXTON,Proposed Constitutional Amendment,,,Yes,486
PRINCE WILLIAM COUNTY,405 - BEN LOMOND,Proposed Constitutional Amendment,,,No,296
PRINCE WILLIAM COUNTY,405 - BEN LOMOND,Proposed Constitutional Amendment,,,Yes,795
PRINCE WILLIAM COUNTY,406 - ALVEY,Proposed Constitutional Amendment,,,No,1057
PRINCE WILLIAM COUNTY,406 - ALVEY,Proposed Constitutional Amendment,,,Yes,1078
PRINCE WILLIAM COUNTY,407 - HERITAGE HUNT,Proposed Constitutional Amendment,,,No,1270
PRINCE WILLIAM COUNTY,407 - HERITAGE HUNT,Proposed Constitutional Amendment,,,Yes,1488
PRINCE WILLIAM COUNTY,408 - SUDLEY,Proposed Constitutional Amendment,,,No,390
PRINCE WILLIAM COUNTY,408 - SUDLEY,Proposed Constitutional Amendment,,,Yes,502
PRINCE WILLIAM COUNTY,409 - TYLER,Proposed Constitutional Amendment,,,No,1018
PRINCE WILLIAM COUNTY,409 - TYLER,Proposed Constitutional Amendment,,,Yes,1503
PRINCE WILLIAM COUNTY,410 - MOUNTAIN VIEW,Proposed Constitutional Amendment,,,No,1033
PRINCE WILLIAM COUNTY,410 - MOUNTAIN VIEW,Proposed Constitutional Amendment,,,Yes,1109
PRINCE WILLIAM COUNTY,411 - MULLEN,Proposed Constitutional Amendment,,,No,282
PRINCE WILLIAM COUNTY,411 - MULLEN,Proposed Constitutional Amendment,,,Yes,880
PRINCE WILLIAM COUNTY,412 - CATHARPIN,Proposed Constitutional Amendment,,,No,885
PRINCE WILLIAM COUNTY,412 - CATHARPIN,Proposed Constitutional Amendment,,,Yes,520
PRINCE WILLIAM COUNTY,413 - REAGAN,Proposed Constitutional Amendment,,,No,994
PRINCE WILLIAM COUNTY,413 - REAGAN,Proposed Constitutional Amendment,,,Yes,963
PRINCE WILLIAM COUNTY,414 - SEYMOUR,Proposed Constitutional Amendment,,,No,300
PRINCE WILLIAM COUNTY,414 - SEYMOUR,Proposed Constitutional Amendment,,,Yes,648
PRINCE WILLIAM COUNTY,501 - SPRINGWOODS,Proposed Constitutional Amendment,,,No,565
PRINCE WILLIAM COUNTY,501 - SPRINGWOODS,Proposed Constitutional Amendment,,,Yes,1252
PRINCE WILLIAM COUNTY,502 - OCCOQUAN,Proposed Constitutional Amendment,,,No,445
PRINCE WILLIAM COUNTY,502 - OCCOQUAN,Proposed Constitutional Amendment,,,Yes,965
PRINCE WILLIAM COUNTY,503 - MOHICAN,Proposed Constitutional Amendment,,,No,266
PRINCE WILLIAM COUNTY,503 - MOHICAN,Proposed Constitutional Amendment,,,Yes,661
PRINCE WILLIAM COUNTY,504 - ROCKLEDGE,Proposed Constitutional Amendment,,,No,435
PRINCE WILLIAM COUNTY,504 - ROCKLEDGE,Proposed Constitutional Amendment,,,Yes,864
PRINCE WILLIAM COUNTY,505 - LAKE RIDGE,Proposed Constitutional Amendment,,,No,643
PRINCE WILLIAM COUNTY,505 - LAKE RIDGE,Proposed Constitutional Amendment,,,Yes,1270
PRINCE WILLIAM COUNTY,506 - OLD BRIDGE,Proposed Constitutional Amendment,,,No,418
PRINCE WILLIAM COUNTY,506 - OLD BRIDGE,Proposed Constitutional Amendment,,,Yes,850
PRINCE WILLIAM COUNTY,507 - CHINN,Proposed Constitutional Amendment,,,No,435
PRINCE WILLIAM COUNTY,507 - CHINN,Proposed Constitutional Amendment,,,Yes,1279
PRINCE WILLIAM COUNTY,508 - PURCELL,Proposed Constitutional Amendment,,,No,891
PRINCE WILLIAM COUNTY,508 - PURCELL,Proposed Constitutional Amendment,,,Yes,930
PRINCE WILLIAM COUNTY,509 - MC COART,Proposed Constitutional Amendment,,,No,981
PRINCE WILLIAM COUNTY,509 - MC COART,Proposed Constitutional Amendment,,,Yes,1149
PRINCE WILLIAM COUNTY,510 - COUNTY CENTER,Proposed Constitutional Amendment,,,No,58
PRINCE WILLIAM COUNTY,510 - COUNTY CENTER,Proposed Constitutional Amendment,,,Yes,315
PRINCE WILLIAM COUNTY,511 - WESTRIDGE,Proposed Constitutional Amendment,,,No,661
PRINCE WILLIAM COUNTY,511 - WESTRIDGE,Proposed Constitutional Amendment,,,Yes,1377
PRINCE WILLIAM COUNTY,512 - YORK,Proposed Constitutional Amendment,,,No,214
PRINCE WILLIAM COUNTY,512 - YORK,Proposed Constitutional Amendment,,,Yes,837
PRINCE WILLIAM COUNTY,513 - WOODBRIDGE,Proposed Constitutional Amendment,,,No,757
PRINCE WILLIAM COUNTY,513 - WOODBRIDGE,Proposed Constitutional Amendment,,,Yes,1218
PRINCE WILLIAM COUNTY,514 - ANTIETAM,Proposed Constitutional Amendment,,,No,630
PRINCE WILLIAM COUNTY,514 - ANTIETAM,Proposed Constitutional Amendment,,,Yes,1165
PRINCE WILLIAM COUNTY,515 - MARSHALL,Proposed Constitutional Amendment,,,No,811
PRINCE WILLIAM COUNTY,515 - MARSHALL,Proposed Constitutional Amendment,,,Yes,765
PRINCE WILLIAM COUNTY,516 - KERRYDALE,Proposed Constitutional Amendment,,,No,166
PRINCE WILLIAM COUNTY,516 - KERRYDALE,Proposed Constitutional Amendment,,,Yes,437
PRINCE WILLIAM COUNTY,601 - DALE,Proposed Constitutional Amendment,,,No,233
PRINCE WILLIAM COUNTY,601 - DALE,Proposed Constitutional Amendment,,,Yes,837
PRINCE WILLIAM COUNTY,602 - BEVILLE,Proposed Constitutional Amendment,,,No,399
PRINCE WILLIAM COUNTY,602 - BEVILLE,Proposed Constitutional Amendment,,,Yes,1244
PRINCE WILLIAM COUNTY,603 - HAMPTON,Proposed Constitutional Amendment,,,No,350
PRINCE WILLIAM COUNTY,603 - HAMPTON,Proposed Constitutional Amendment,,,Yes,917
PRINCE WILLIAM COUNTY,604 - GAR-FIELD,Proposed Constitutional Amendment,,,No,228
PRINCE WILLIAM COUNTY,604 - GAR-FIELD,Proposed Constitutional Amendment,,,Yes,849
PRINCE WILLIAM COUNTY,605 - MINNIEVILLE,Proposed Constitutional Amendment,,,No,247
PRINCE WILLIAM COUNTY,605 - MINNIEVILLE,Proposed Constitutional Amendment,,,Yes,537
PRINCE WILLIAM COUNTY,606 - BEL AIR,Proposed Constitutional Amendment,,,No,375
PRINCE WILLIAM COUNTY,606 - BEL AIR,Proposed Constitutional Amendment,,,Yes,837
PRINCE WILLIAM COUNTY,607 - HILLENDALE,Proposed Constitutional Amendment,,,No,254
PRINCE WILLIAM COUNTY,607 - HILLENDALE,Proposed Constitutional Amendment,,,Yes,660
PRINCE WILLIAM COUNTY,608 - ENTERPRISE,Proposed Constitutional Amendment,,,No,478
PRINCE WILLIAM COUNTY,608 - ENTERPRISE,Proposed Constitutional Amendment,,,Yes,1203
PRINCE WILLIAM COUNTY,609 - KING,Proposed Constitutional Amendment,,,No,296
PRINCE WILLIAM COUNTY,609 - KING,Proposed Constitutional Amendment,,,Yes,790
PRINCE WILLIAM COUNTY,610 - FITZGERALD,Proposed Constitutional Amendment,,,No,302
PRINCE WILLIAM COUNTY,610 - FITZGERALD,Proposed Constitutional Amendment,,,Yes,1089
PRINCE WILLIAM COUNTY,611 - NEABSCO,Proposed Constitutional Amendment,,,No,327
PRINCE WILLIAM COUNTY,611 - NEABSCO,Proposed Constitutional Amendment,,,Yes,1043
PRINCE WILLIAM COUNTY,612 - ELM FARM,Proposed Constitutional Amendment,,,No,276
PRINCE WILLIAM COUNTY,612 - ELM FARM,Proposed Constitutional Amendment,,,Yes,609
PRINCE WILLIAM COUNTY,613 - HOADLY,Proposed Constitutional Amendment,,,No,82
PRINCE WILLIAM COUNTY,613 - HOADLY,Proposed Constitutional Amendment,,,Yes,310
PRINCE WILLIAM COUNTY,614 - ROSA PARKS,Proposed Constitutional Amendment,,,No,406
PRINCE WILLIAM COUNTY,614 - ROSA PARKS,Proposed Constitutional Amendment,,,Yes,1041
PRINCE WILLIAM COUNTY,615 - COMMONS,Proposed Constitutional Amendment,,,No,12
PRINCE WILLIAM COUNTY,615 - COMMONS,Proposed Constitutional Amendment,,,Yes,134
PRINCE WILLIAM COUNTY,616 - MARKHAM,Proposed Constitutional Amendment,,,No,45
PRINCE WILLIAM COUNTY,616 - MARKHAM,Proposed Constitutional Amendment,,,Yes,325
PRINCE WILLIAM COUNTY,701 - BELMONT,Proposed Constitutional Amendment,,,No,561
PRINCE WILLIAM COUNTY,701 - BELMONT,Proposed Constitutional Amendment,,,Yes,1120
PRINCE WILLIAM COUNTY,702 - LIBRARY,Proposed Constitutional Amendment,,,No,307
PRINCE WILLIAM COUNTY,702 - LIBRARY,Proposed Constitutional Amendment,,,Yes,1181
PRINCE WILLIAM COUNTY,703 - LYNN,Proposed Constitutional Amendment,,,No,131
PRINCE WILLIAM COUNTY,703 - LYNN,Proposed Constitutional Amendment,,,Yes,591
PRINCE WILLIAM COUNTY,704 - PORTER,Proposed Constitutional Amendment,,,No,193
PRINCE WILLIAM COUNTY,704 - PORTER,Proposed Constitutional Amendment,,,Yes,974
PRINCE WILLIAM COUNTY,705 - POTOMAC VIEW,Proposed Constitutional Amendment,,,No,268
PRINCE WILLIAM COUNTY,705 - POTOMAC VIEW,Proposed Constitutional Amendment,,,Yes,507
PRINCE WILLIAM COUNTY,706 - RIPPON,Proposed Constitutional Amendment,,,No,396
PRINCE WILLIAM COUNTY,706 - RIPPON,Proposed Constitutional Amendment,,,Yes,1056
PRINCE WILLIAM COUNTY,707 - KILBY,Proposed Constitutional Amendment,,,No,283
PRINCE WILLIAM COUNTY,707 - KILBY,Proposed Constitutional Amendment,,,Yes,781
PRINCE WILLIAM COUNTY,708 - RIVER OAKS,Proposed Constitutional Amendment,,,No,232
PRINCE WILLIAM COUNTY,708 - RIVER OAKS,Proposed Constitutional Amendment,,,Yes,1157
PRINCE WILLIAM COUNTY,709 - FREEDOM,Proposed Constitutional Amendment,,,No,186
PRINCE WILLIAM COUNTY,709 - FREEDOM,Proposed Constitutional Amendment,,,Yes,924
PRINCE WILLIAM COUNTY,710 - POWELLS CREEK,Proposed Constitutional Amendment,,,No,160
PRINCE WILLIAM COUNTY,710 - POWELLS CREEK,Proposed Constitutional Amendment,,,Yes,1048
PRINCE WILLIAM COUNTY,711 - GRAYSON,Proposed Constitutional Amendment,,,No,270
PRINCE WILLIAM COUNTY,711 - GRAYSON,Proposed Constitutional Amendment,,,Yes,855
PRINCE WILLIAM COUNTY,712 - LEESYLVANIA,Proposed Constitutional Amendment,,,No,493
PRINCE WILLIAM COUNTY,712 - LEESYLVANIA,Proposed Constitutional Amendment,,,Yes,1086
PULASKI COUNTY,101 - BELSPRING,Proposed Constitutional Amendment,,,No,399
PULASKI COUNTY,101 - BELSPRING,Proposed Constitutional Amendment,,,Yes,108
PULASKI COUNTY,102 - NEW RIVER,Proposed Constitutional Amendment,,,No,1053
PULASKI COUNTY,102 - NEW RIVER,Proposed Constitutional Amendment,,,Yes,588
PULASKI COUNTY,103 - WEST CLOYD,Proposed Constitutional Amendment,,,No,415
PULASKI COUNTY,103 - WEST CLOYD,Proposed Constitutional Amendment,,,Yes,126
PULASKI COUNTY,201 - DRAPER,Proposed Constitutional Amendment,,,No,835
PULASKI COUNTY,201 - DRAPER,Proposed Constitutional Amendment,,,Yes,185
PULASKI COUNTY,202 - SOUTH PULASKI,Proposed Constitutional Amendment,,,No,116
PULASKI COUNTY,202 - SOUTH PULASKI,Proposed Constitutional Amendment,,,Yes,66
PULASKI COUNTY,203 - NEWBERN,Proposed Constitutional Amendment,,,No,1041
PULASKI COUNTY,203 - NEWBERN,Proposed Constitutional Amendment,,,Yes,360
PULASKI COUNTY,301 - DUBLIN,Proposed Constitutional Amendment,,,No,1240
PULASKI COUNTY,301 - DUBLIN,Proposed Constitutional Amendment,,,Yes,333
PULASKI COUNTY,302 - HIWASSEE,Proposed Constitutional Amendment,,,No,268
PULASKI COUNTY,302 - HIWASSEE,Proposed Constitutional Amendment,,,Yes,69
PULASKI COUNTY,304 - SNOWVILLE,Proposed Constitutional Amendment,,,No,665
PULASKI COUNTY,304 - SNOWVILLE,Proposed Constitutional Amendment,,,Yes,174
PULASKI COUNTY,402 - WALKER,Proposed Constitutional Amendment,,,No,499
PULASKI COUNTY,402 - WALKER,Proposed Constitutional Amendment,,,Yes,82
PULASKI COUNTY,403 - WEST MASSIE,Proposed Constitutional Amendment,,,No,910
PULASKI COUNTY,403 - WEST MASSIE,Proposed Constitutional Amendment,,,Yes,305
PULASKI COUNTY,404 - EAST MASSIE,Proposed Constitutional Amendment,,,No,326
PULASKI COUNTY,404 - EAST MASSIE,Proposed Constitutional Amendment,,,Yes,90
PULASKI COUNTY,501 - ROBINSON,Proposed Constitutional Amendment,,,No,1518
PULASKI COUNTY,501 - ROBINSON,Proposed Constitutional Amendment,,,Yes,537
RADFORD CITY,001 - EAST PRECINCT,Proposed Constitutional Amendment,,,No,326
RADFORD CITY,001 - EAST PRECINCT,Proposed Constitutional Amendment,,,Yes,465
RADFORD CITY,002 - CENTRAL PRECINCT,Proposed Constitutional Amendment,,,No,700
RADFORD CITY,002 - CENTRAL PRECINCT,Proposed Constitutional Amendment,,,Yes,612
RADFORD CITY,003 - WEST PRECINCT,Proposed Constitutional Amendment,,,No,857
RADFORD CITY,003 - WEST PRECINCT,Proposed Constitutional Amendment,,,Yes,547
RADFORD CITY,004 - NEW RIVER PRECINCT,Proposed Constitutional Amendment,,,No,285
RADFORD CITY,004 - NEW RIVER PRECINCT,Proposed Constitutional Amendment,,,Yes,384
RAPPAHANNOCK COUNTY,101 - WASHINGTON,Proposed Constitutional Amendment,,,No,436
RAPPAHANNOCK COUNTY,101 - WASHINGTON,Proposed Constitutional Amendment,,,Yes,342
RAPPAHANNOCK COUNTY,201 - AMISSVILLE,Proposed Constitutional Amendment,,,No,632
RAPPAHANNOCK COUNTY,201 - AMISSVILLE,Proposed Constitutional Amendment,,,Yes,244
RAPPAHANNOCK COUNTY,301 - SPERRYVILLE,Proposed Constitutional Amendment,,,No,365
RAPPAHANNOCK COUNTY,301 - SPERRYVILLE,Proposed Constitutional Amendment,,,Yes,378
RAPPAHANNOCK COUNTY,401 - SCRABBLE,Proposed Constitutional Amendment,,,No,454
RAPPAHANNOCK COUNTY,401 - SCRABBLE,Proposed Constitutional Amendment,,,Yes,305
RAPPAHANNOCK COUNTY,501 - CHESTER GAP,Proposed Constitutional Amendment,,,No,250
RAPPAHANNOCK COUNTY,501 - CHESTER GAP,Proposed Constitutional Amendment,,,Yes,71
RAPPAHANNOCK COUNTY,502 - FLINT HILL,Proposed Constitutional Amendment,,,No,227
RAPPAHANNOCK COUNTY,502 - FLINT HILL,Proposed Constitutional Amendment,,,Yes,197
RICHMOND CITY,101 - ONE HUNDRED ONE,Proposed Constitutional Amendment,,,No,204
RICHMOND CITY,101 - ONE HUNDRED ONE,Proposed Constitutional Amendment,,,Yes,236
RICHMOND CITY,102 - ONE HUNDRED TWO,Proposed Constitutional Amendment,,,No,380
RICHMOND CITY,102 - ONE HUNDRED TWO,Proposed Constitutional Amendment,,,Yes,444
RICHMOND CITY,104 - ONE HUNDRED FOUR,Proposed Constitutional Amendment,,,No,625
RICHMOND CITY,104 - ONE HUNDRED FOUR,Proposed Constitutional Amendment,,,Yes,621
RICHMOND CITY,105 - ONE HUNDRED FIVE,Proposed Constitutional Amendment,,,No,386
RICHMOND CITY,105 - ONE HUNDRED FIVE,Proposed Constitutional Amendment,,,Yes,758
RICHMOND CITY,106 - ONE HUNDRED SIX,Proposed Constitutional Amendment,,,No,839
RICHMOND CITY,106 - ONE HUNDRED SIX,Proposed Constitutional Amendment,,,Yes,499
RICHMOND CITY,111 - ONE HUNDRED ELEVEN,Proposed Constitutional Amendment,,,No,353
RICHMOND CITY,111 - ONE HUNDRED ELEVEN,Proposed Constitutional Amendment,,,Yes,754
RICHMOND CITY,112 - ONE HUNDRED TWELVE,Proposed Constitutional Amendment,,,No,284
RICHMOND CITY,112 - ONE HUNDRED TWELVE,Proposed Constitutional Amendment,,,Yes,717
RICHMOND CITY,113 - ONE HUNDRED THIRTEEN,Proposed Constitutional Amendment,,,No,261
RICHMOND CITY,113 - ONE HUNDRED THIRTEEN,Proposed Constitutional Amendment,,,Yes,1550
RICHMOND CITY,114 - ONE HUNDRED FOURTEEN,Proposed Constitutional Amendment,,,No,270
RICHMOND CITY,114 - ONE HUNDRED FOURTEEN,Proposed Constitutional Amendment,,,Yes,1515
RICHMOND CITY,115 - ONE HUNDRED FIFTEEN,Proposed Constitutional Amendment,,,No,442
RICHMOND CITY,115 - ONE HUNDRED FIFTEEN,Proposed Constitutional Amendment,,,Yes,463
RICHMOND CITY,204 - TWO HUNDRED FOUR,Proposed Constitutional Amendment,,,No,201
RICHMOND CITY,204 - TWO HUNDRED FOUR,Proposed Constitutional Amendment,,,Yes,967
RICHMOND CITY,206 - TWO HUNDRED SIX,Proposed Constitutional Amendment,,,No,84
RICHMOND CITY,206 - TWO HUNDRED SIX,Proposed Constitutional Amendment,,,Yes,553
RICHMOND CITY,207 - TWO HUNDRED SEVEN,Proposed Constitutional Amendment,,,No,251
RICHMOND CITY,207 - TWO HUNDRED SEVEN,Proposed Constitutional Amendment,,,Yes,1266
RICHMOND CITY,208 - TWO HUNDRED EIGHT,Proposed Constitutional Amendment,,,No,263
RICHMOND CITY,208 - TWO HUNDRED EIGHT,Proposed Constitutional Amendment,,,Yes,1442
RICHMOND CITY,213 - TWO HUNDRED THIRTEEN,Proposed Constitutional Amendment,,,No,57
RICHMOND CITY,213 - TWO HUNDRED THIRTEEN,Proposed Constitutional Amendment,,,Yes,1239
RICHMOND CITY,214 - TWO HUNDRED FOURTEEN,Proposed Constitutional Amendment,,,No,66
RICHMOND CITY,214 - TWO HUNDRED FOURTEEN,Proposed Constitutional Amendment,,,Yes,816
RICHMOND CITY,215 - TWO HUNDRED FIFTEEN,Proposed Constitutional Amendment,,,No,264
RICHMOND CITY,215 - TWO HUNDRED FIFTEEN,Proposed Constitutional Amendment,,,Yes,1203
RICHMOND CITY,216 - TWO HUNDRED SIXTEEN,Proposed Constitutional Amendment,,,No,21
RICHMOND CITY,216 - TWO HUNDRED SIXTEEN,Proposed Constitutional Amendment,,,Yes,283
RICHMOND CITY,301 - THREE HUNDRED ONE,Proposed Constitutional Amendment,,,No,42
RICHMOND CITY,301 - THREE HUNDRED ONE,Proposed Constitutional Amendment,,,Yes,515
RICHMOND CITY,302 - THREE HUNDRED TWO,Proposed Constitutional Amendment,,,No,122
RICHMOND CITY,302 - THREE HUNDRED TWO,Proposed Constitutional Amendment,,,Yes,651
RICHMOND CITY,303 - THREE HUNDRED THREE,Proposed Constitutional Amendment,,,No,56
RICHMOND CITY,303 - THREE HUNDRED THREE,Proposed Constitutional Amendment,,,Yes,669
RICHMOND CITY,304 - THREE HUNDRED FOUR,Proposed Constitutional Amendment,,,No,89
RICHMOND CITY,304 - THREE HUNDRED FOUR,Proposed Constitutional Amendment,,,Yes,1065
RICHMOND CITY,305 - THREE HUNDRED FIVE,Proposed Constitutional Amendment,,,No,110
RICHMOND CITY,305 - THREE HUNDRED FIVE,Proposed Constitutional Amendment,,,Yes,1072
RICHMOND CITY,306 - THREE HUNDRED SIX,Proposed Constitutional Amendment,,,No,38
RICHMOND CITY,306 - THREE HUNDRED SIX,Proposed Constitutional Amendment,,,Yes,453
RICHMOND CITY,307 - THREE HUNDRED SEVEN,Proposed Constitutional Amendment,,,No,449
RICHMOND CITY,307 - THREE HUNDRED SEVEN,Proposed Constitutional Amendment,,,Yes,1733
RICHMOND CITY,308 - THREE HUNDRED EIGHT,Proposed Constitutional Amendment,,,No,229
RICHMOND CITY,308 - THREE HUNDRED EIGHT,Proposed Constitutional Amendment,,,Yes,975
RICHMOND CITY,309 - THREE HUNDRED NINE,Proposed Constitutional Amendment,,,No,117
RICHMOND CITY,309 - THREE HUNDRED NINE,Proposed Constitutional Amendment,,,Yes,449
RICHMOND CITY,310 - THREE HUNDRED TEN,Proposed Constitutional Amendment,,,No,8
RICHMOND CITY,310 - THREE HUNDRED TEN,Proposed Constitutional Amendment,,,Yes,113
RICHMOND CITY,311 - THREE HUNDRED ELEVEN,Proposed Constitutional Amendment,,,No,44
RICHMOND CITY,311 - THREE HUNDRED ELEVEN,Proposed Constitutional Amendment,,,Yes,393
RICHMOND CITY,402 - FOUR HUNDRED TWO,Proposed Constitutional Amendment,,,No,470
RICHMOND CITY,402 - FOUR HUNDRED TWO,Proposed Constitutional Amendment,,,Yes,1890
RICHMOND CITY,404 - FOUR HUNDRED FOUR,Proposed Constitutional Amendment,,,No,211
RICHMOND CITY,404 - FOUR HUNDRED FOUR,Proposed Constitutional Amendment,,,Yes,996
RICHMOND CITY,409 - FOUR HUNDRED NINE,Proposed Constitutional Amendment,,,No,490
RICHMOND CITY,409 - FOUR HUNDRED NINE,Proposed Constitutional Amendment,,,Yes,938
RICHMOND CITY,410 - FOUR HUNDRED TEN,Proposed Constitutional Amendment,,,No,312
RICHMOND CITY,410 - FOUR HUNDRED TEN,Proposed Constitutional Amendment,,,Yes,869
RICHMOND CITY,412 - FOUR HUNDRED TWELVE,Proposed Constitutional Amendment,,,No,226
RICHMOND CITY,412 - FOUR HUNDRED TWELVE,Proposed Constitutional Amendment,,,Yes,1083
RICHMOND CITY,413 - FOUR HUNDRED THIRTEEN,Proposed Constitutional Amendment,,,No,362
RICHMOND CITY,413 - FOUR HUNDRED THIRTEEN,Proposed Constitutional Amendment,,,Yes,971
RICHMOND CITY,414 - FOUR HUNDRED FOURTEEN,Proposed Constitutional Amendment,,,No,455
RICHMOND CITY,414 - FOUR HUNDRED FOURTEEN,Proposed Constitutional Amendment,,,Yes,1029
RICHMOND CITY,415 - FOUR HUNDRED FIFTEEN,Proposed Constitutional Amendment,,,No,411
RICHMOND CITY,415 - FOUR HUNDRED FIFTEEN,Proposed Constitutional Amendment,,,Yes,922
RICHMOND CITY,501 - FIVE HUNDRED ONE,Proposed Constitutional Amendment,,,No,214
RICHMOND CITY,501 - FIVE HUNDRED ONE,Proposed Constitutional Amendment,,,Yes,1353
RICHMOND CITY,503 - FIVE HUNDRED THREE,Proposed Constitutional Amendment,,,No,149
RICHMOND CITY,503 - FIVE HUNDRED THREE,Proposed Constitutional Amendment,,,Yes,1377
RICHMOND CITY,504 - FIVE HUNDRED FOUR,Proposed Constitutional Amendment,,,No,146
RICHMOND CITY,504 - FIVE HUNDRED FOUR,Proposed Constitutional Amendment,,,Yes,1462
RICHMOND CITY,505 - FIVE HUNDRED FIVE,Proposed Constitutional Amendment,,,No,79
RICHMOND CITY,505 - FIVE HUNDRED FIVE,Proposed Constitutional Amendment,,,Yes,976
RICHMOND CITY,508 - FIVE HUNDRED EIGHT,Proposed Constitutional Amendment,,,No,110
RICHMOND CITY,508 - FIVE HUNDRED EIGHT,Proposed Constitutional Amendment,,,Yes,715
RICHMOND CITY,509 - FIVE HUNDRED NINE,Proposed Constitutional Amendment,,,No,69
RICHMOND CITY,509 - FIVE HUNDRED NINE,Proposed Constitutional Amendment,,,Yes,728
RICHMOND CITY,510 - FIVE HUNDRED TEN,Proposed Constitutional Amendment,,,No,127
RICHMOND CITY,510 - FIVE HUNDRED TEN,Proposed Constitutional Amendment,,,Yes,1181
RICHMOND CITY,602 - SIX HUNDRED TWO,Proposed Constitutional Amendment,,,No,22
RICHMOND CITY,602 - SIX HUNDRED TWO,Proposed Constitutional Amendment,,,Yes,445
RICHMOND CITY,603 - SIX HUNDRED THREE,Proposed Constitutional Amendment,,,No,35
RICHMOND CITY,603 - SIX HUNDRED THREE,Proposed Constitutional Amendment,,,Yes,601
RICHMOND CITY,604 - SIX HUNDRED FOUR,Proposed Constitutional Amendment,,,No,51
RICHMOND CITY,604 - SIX HUNDRED FOUR,Proposed Constitutional Amendment,,,Yes,681
RICHMOND CITY,606 - SIX HUNDRED SIX,Proposed Constitutional Amendment,,,No,68
RICHMOND CITY,606 - SIX HUNDRED SIX,Proposed Constitutional Amendment,,,Yes,1077
RICHMOND CITY,607 - SIX HUNDRED SEVEN,Proposed Constitutional Amendment,,,No,141
RICHMOND CITY,607 - SIX HUNDRED SEVEN,Proposed Constitutional Amendment,,,Yes,825
RICHMOND CITY,609 - SIX HUNDRED NINE,Proposed Constitutional Amendment,,,No,87
RICHMOND CITY,609 - SIX HUNDRED NINE,Proposed Constitutional Amendment,,,Yes,870
RICHMOND CITY,610 - SIX HUNDRED TEN,Proposed Constitutional Amendment,,,No,46
RICHMOND CITY,610 - SIX HUNDRED TEN,Proposed Constitutional Amendment,,,Yes,486
RICHMOND CITY,611 - SIX HUNDRED ELEVEN,Proposed Constitutional Amendment,,,No,94
RICHMOND CITY,611 - SIX HUNDRED ELEVEN,Proposed Constitutional Amendment,,,Yes,832
RICHMOND CITY,701 - SEVEN HUNDRED ONE,Proposed Constitutional Amendment,,,No,33
RICHMOND CITY,701 - SEVEN HUNDRED ONE,Proposed Constitutional Amendment,,,Yes,429
RICHMOND CITY,702 - SEVEN HUNDRED TWO,Proposed Constitutional Amendment,,,No,77
RICHMOND CITY,702 - SEVEN HUNDRED TWO,Proposed Constitutional Amendment,,,Yes,873
RICHMOND CITY,703 - SEVEN HUNDRED THREE,Proposed Constitutional Amendment,,,No,112
RICHMOND CITY,703 - SEVEN HUNDRED THREE,Proposed Constitutional Amendment,,,Yes,1121
RICHMOND CITY,705 - SEVEN HUNDRED FIVE,Proposed Constitutional Amendment,,,No,130
RICHMOND CITY,705 - SEVEN HUNDRED FIVE,Proposed Constitutional Amendment,,,Yes,1059
RICHMOND CITY,706 - SEVEN HUNDRED SIX,Proposed Constitutional Amendment,,,No,150
RICHMOND CITY,706 - SEVEN HUNDRED SIX,Proposed Constitutional Amendment,,,Yes,1404
RICHMOND CITY,707 - SEVEN HUNDRED SEVEN,Proposed Constitutional Amendment,,,No,233
RICHMOND CITY,707 - SEVEN HUNDRED SEVEN,Proposed Constitutional Amendment,,,Yes,1857
RICHMOND CITY,708 - SEVEN HUNDRED EIGHT,Proposed Constitutional Amendment,,,No,70
RICHMOND CITY,708 - SEVEN HUNDRED EIGHT,Proposed Constitutional Amendment,,,Yes,649
RICHMOND CITY,709 - SEVEN HUNDRED NINE,Proposed Constitutional Amendment,,,No,84
RICHMOND CITY,709 - SEVEN HUNDRED NINE,Proposed Constitutional Amendment,,,Yes,580
RICHMOND CITY,802 - EIGHT HUNDRED TWO,Proposed Constitutional Amendment,,,No,44
RICHMOND CITY,802 - EIGHT HUNDRED TWO,Proposed Constitutional Amendment,,,Yes,710
RICHMOND CITY,806 - EIGHT HUNDRED SIX,Proposed Constitutional Amendment,,,No,78
RICHMOND CITY,806 - EIGHT HUNDRED SIX,Proposed Constitutional Amendment,,,Yes,776
RICHMOND CITY,810 - EIGHT HUNDRED TEN,Proposed Constitutional Amendment,,,No,79
RICHMOND CITY,810 - EIGHT HUNDRED TEN,Proposed Constitutional Amendment,,,Yes,569
RICHMOND CITY,811 - EIGHT HUNDRED ELEVEN,Proposed Constitutional Amendment,,,No,78
RICHMOND CITY,811 - EIGHT HUNDRED ELEVEN,Proposed Constitutional Amendment,,,Yes,734
RICHMOND CITY,812 - EIGHT HUNDRED TWELVE,Proposed Constitutional Amendment,,,No,180
RICHMOND CITY,812 - EIGHT HUNDRED TWELVE,Proposed Constitutional Amendment,,,Yes,1222
RICHMOND CITY,814 - EIGHT HUNDRED FOURTEEN,Proposed Constitutional Amendment,,,No,60
RICHMOND CITY,814 - EIGHT HUNDRED FOURTEEN,Proposed Constitutional Amendment,,,Yes,577
RICHMOND CITY,902 - NINE HUNDRED TWO,Proposed Constitutional Amendment,,,No,26
RICHMOND CITY,902 - NINE HUNDRED TWO,Proposed Constitutional Amendment,,,Yes,264
RICHMOND CITY,903 - NINE HUNDRED THREE,Proposed Constitutional Amendment,,,No,103
RICHMOND CITY,903 - NINE HUNDRED THREE,Proposed Constitutional Amendment,,,Yes,735
RICHMOND CITY,908 - NINE HUNDRED EIGHT,Proposed Constitutional Amendment,,,No,100
RICHMOND CITY,908 - NINE HUNDRED EIGHT,Proposed Constitutional Amendment,,,Yes,758
RICHMOND CITY,909 - NINE HUNDRED NINE,Proposed Constitutional Amendment,,,No,97
RICHMOND CITY,909 - NINE HUNDRED NINE,Proposed Constitutional Amendment,,,Yes,900
RICHMOND CITY,910 - NINE HUNDRED TEN,Proposed Constitutional Amendment,,,No,94
RICHMOND CITY,910 - NINE HUNDRED TEN,Proposed Constitutional Amendment,,,Yes,820
RICHMOND CITY,911 - NINE HUNDRED ELEVEN,Proposed Constitutional Amendment,,,No,57
RICHMOND CITY,911 - NINE HUNDRED ELEVEN,Proposed Constitutional Amendment,,,Yes,814
RICHMOND COUNTY,101 - PRECINCT 1-1,Proposed Constitutional Amendment,,,No,299
RICHMOND COUNTY,101 - PRECINCT 1-1,Proposed Constitutional Amendment,,,Yes,288
RICHMOND COUNTY,201 - PRECINCT 2-1,Proposed Constitutional Amendment,,,No,382
RICHMOND COUNTY,201 - PRECINCT 2-1,Proposed Constitutional Amendment,,,Yes,121
RICHMOND COUNTY,301 - PRECINCT 3-1,Proposed Constitutional Amendment,,,No,448
RICHMOND COUNTY,301 - PRECINCT 3-1,Proposed Constitutional Amendment,,,Yes,193
RICHMOND COUNTY,401 - PRECINCT 4-1,Proposed Constitutional Amendment,,,No,503
RICHMOND COUNTY,401 - PRECINCT 4-1,Proposed Constitutional Amendment,,,Yes,181
RICHMOND COUNTY,501 - PRECINCT 5-1,Proposed Constitutional Amendment,,,No,489
RICHMOND COUNTY,501 - PRECINCT 5-1,Proposed Constitutional Amendment,,,Yes,145
ROANOKE CITY,001 -PETERS CREEK,Proposed Constitutional Amendment,,,No,299
ROANOKE CITY,001 -PETERS CREEK,Proposed Constitutional Amendment,,,Yes,938
ROANOKE CITY,002 - GRANDVIEW,Proposed Constitutional Amendment,,,No,363
ROANOKE CITY,002 - GRANDVIEW,Proposed Constitutional Amendment,,,Yes,803
ROANOKE CITY,003 -PRESTON PARK,Proposed Constitutional Amendment,,,No,638
ROANOKE CITY,003 -PRESTON PARK,Proposed Constitutional Amendment,,,Yes,549
ROANOKE CITY,004 - WILLIAMSON ROAD,Proposed Constitutional Amendment,,,No,525
ROANOKE CITY,004 - WILLIAMSON ROAD,Proposed Constitutional Amendment,,,Yes,693
ROANOKE CITY,005 - EAST GATE,Proposed Constitutional Amendment,,,No,908
ROANOKE CITY,005 - EAST GATE,Proposed Constitutional Amendment,,,Yes,645
ROANOKE CITY,006 - HOLLINS ROAD,Proposed Constitutional Amendment,,,No,519
ROANOKE CITY,006 - HOLLINS ROAD,Proposed Constitutional Amendment,,,Yes,533
ROANOKE CITY,007 - SOUTHEAST,Proposed Constitutional Amendment,,,No,519
ROANOKE CITY,007 - SOUTHEAST,Proposed Constitutional Amendment,,,Yes,560
ROANOKE CITY,008 - LINCOLN TERRACE,Proposed Constitutional Amendment,,,No,120
ROANOKE CITY,008 - LINCOLN TERRACE,Proposed Constitutional Amendment,,,Yes,755
ROANOKE CITY,009 - HIGHLAND,Proposed Constitutional Amendment,,,No,303
ROANOKE CITY,009 - HIGHLAND,Proposed Constitutional Amendment,,,Yes,965
ROANOKE CITY,010 - OLD SOUTHWEST-WASENA,Proposed Constitutional Amendment,,,No,445
ROANOKE CITY,010 - OLD SOUTHWEST-WASENA,Proposed Constitutional Amendment,,,Yes,1294
ROANOKE CITY,011 - RALEIGH COURT,Proposed Constitutional Amendment,,,No,644
ROANOKE CITY,011 - RALEIGH COURT,Proposed Constitutional Amendment,,,Yes,1338
ROANOKE CITY,012 - SOUTH ROANOKE,Proposed Constitutional Amendment,,,No,896
ROANOKE CITY,012 - SOUTH ROANOKE,Proposed Constitutional Amendment,,,Yes,777
ROANOKE CITY,013 - GARDEN CITY,Proposed Constitutional Amendment,,,No,819
ROANOKE CITY,013 - GARDEN CITY,Proposed Constitutional Amendment,,,Yes,538
ROANOKE CITY,014 - CRYSTAL SPRING,Proposed Constitutional Amendment,,,No,688
ROANOKE CITY,014 - CRYSTAL SPRING,Proposed Constitutional Amendment,,,Yes,910
ROANOKE CITY,015 - GRANDIN COURT,Proposed Constitutional Amendment,,,No,661
ROANOKE CITY,015 - GRANDIN COURT,Proposed Constitutional Amendment,,,Yes,1013
ROANOKE CITY,016 - DEYERLE,Proposed Constitutional Amendment,,,No,900
ROANOKE CITY,016 - DEYERLE,Proposed Constitutional Amendment,,,Yes,962
ROANOKE CITY,017 - LEE-HI,Proposed Constitutional Amendment,,,No,632
ROANOKE CITY,017 - LEE-HI,Proposed Constitutional Amendment,,,Yes,1189
ROANOKE CITY,018 - SUMMIT HILLS,Proposed Constitutional Amendment,,,No,506
ROANOKE CITY,018 - SUMMIT HILLS,Proposed Constitutional Amendment,,,Yes,765
ROANOKE CITY,019 - FOREST PARK,Proposed Constitutional Amendment,,,No,158
ROANOKE CITY,019 - FOREST PARK,Proposed Constitutional Amendment,,,Yes,837
ROANOKE CITY,020 - EUREKA PARK,Proposed Constitutional Amendment,,,No,123
ROANOKE CITY,020 - EUREKA PARK,Proposed Constitutional Amendment,,,Yes,1064
ROANOKE COUNTY,101 - CATAWBA,Proposed Constitutional Amendment,,,No,1262
ROANOKE COUNTY,101 - CATAWBA,Proposed Constitutional Amendment,,,Yes,343
ROANOKE COUNTY,102 - RICHFIELD,Proposed Constitutional Amendment,,,No,911
ROANOKE COUNTY,102 - RICHFIELD,Proposed Constitutional Amendment,,,Yes,376
ROANOKE COUNTY,103 - NORTH GLENVAR,Proposed Constitutional Amendment,,,No,984
ROANOKE COUNTY,103 - NORTH GLENVAR,Proposed Constitutional Amendment,,,Yes,370
ROANOKE COUNTY,104 - NORTHSIDE,Proposed Constitutional Amendment,,,No,765
ROANOKE COUNTY,104 - NORTHSIDE,Proposed Constitutional Amendment,,,Yes,567
ROANOKE COUNTY,105 - HANGING ROCK,Proposed Constitutional Amendment,,,No,846
ROANOKE COUNTY,105 - HANGING ROCK,Proposed Constitutional Amendment,,,Yes,554
ROANOKE COUNTY,106 - SOUTH GLENVAR,Proposed Constitutional Amendment,,,No,585
ROANOKE COUNTY,106 - SOUTH GLENVAR,Proposed Constitutional Amendment,,,Yes,177
ROANOKE COUNTY,107 - FORT LEWIS,Proposed Constitutional Amendment,,,No,583
ROANOKE COUNTY,107 - FORT LEWIS,Proposed Constitutional Amendment,,,Yes,324
ROANOKE COUNTY,201 - PLANTATION,Proposed Constitutional Amendment,,,No,764
ROANOKE COUNTY,201 - PLANTATION,Proposed Constitutional Amendment,,,Yes,457
ROANOKE COUNTY,202 - BURLINGTON,Proposed Constitutional Amendment,,,No,415
ROANOKE COUNTY,202 - BURLINGTON,Proposed Constitutional Amendment,,,Yes,373
ROANOKE COUNTY,203 - MOUNTAIN VIEW,Proposed Constitutional Amendment,,,No,1223
ROANOKE COUNTY,203 - MOUNTAIN VIEW,Proposed Constitutional Amendment,,,Yes,691
ROANOKE COUNTY,204 - GREEN RIDGE,Proposed Constitutional Amendment,,,No,812
ROANOKE COUNTY,204 - GREEN RIDGE,Proposed Constitutional Amendment,,,Yes,515
ROANOKE COUNTY,205 - ORCHARDS,Proposed Constitutional Amendment,,,No,1272
ROANOKE COUNTY,205 - ORCHARDS,Proposed Constitutional Amendment,,,Yes,601
ROANOKE COUNTY,206 - HOLLINS,Proposed Constitutional Amendment,,,No,390
ROANOKE COUNTY,206 - HOLLINS,Proposed Constitutional Amendment,,,Yes,264
ROANOKE COUNTY,301 - BENT MOUNTAIN,Proposed Constitutional Amendment,,,No,295
ROANOKE COUNTY,301 - BENT MOUNTAIN,Proposed Constitutional Amendment,,,Yes,127
ROANOKE COUNTY,302 - BACK CREEK,Proposed Constitutional Amendment,,,No,1333
ROANOKE COUNTY,302 - BACK CREEK,Proposed Constitutional Amendment,,,Yes,668
ROANOKE COUNTY,303 - WINDSOR HILLS,Proposed Constitutional Amendment,,,No,613
ROANOKE COUNTY,303 - WINDSOR HILLS,Proposed Constitutional Amendment,,,Yes,565
ROANOKE COUNTY,304 - OAK GROVE,Proposed Constitutional Amendment,,,No,890
ROANOKE COUNTY,304 - OAK GROVE,Proposed Constitutional Amendment,,,Yes,623
ROANOKE COUNTY,305 - EAST HIDDEN VALLEY,Proposed Constitutional Amendment,,,No,729
ROANOKE COUNTY,305 - EAST HIDDEN VALLEY,Proposed Constitutional Amendment,,,Yes,558
ROANOKE COUNTY,306 - GARST MILL,Proposed Constitutional Amendment,,,No,640
ROANOKE COUNTY,306 - GARST MILL,Proposed Constitutional Amendment,,,Yes,569
ROANOKE COUNTY,307 - WEST HIDDEN VALLEY,Proposed Constitutional Amendment,,,No,707
ROANOKE COUNTY,307 - WEST HIDDEN VALLEY,Proposed Constitutional Amendment,,,Yes,424
ROANOKE COUNTY,401 - BONSACK,Proposed Constitutional Amendment,,,No,639
ROANOKE COUNTY,401 - BONSACK,Proposed Constitutional Amendment,,,Yes,245
ROANOKE COUNTY,402 - NORTH LINDENWOOD,Proposed Constitutional Amendment,,,No,931
ROANOKE COUNTY,402 - NORTH LINDENWOOD,Proposed Constitutional Amendment,,,Yes,409
ROANOKE COUNTY,403 - NORTH VINTON,Proposed Constitutional Amendment,,,No,846
ROANOKE COUNTY,403 - NORTH VINTON,Proposed Constitutional Amendment,,,Yes,423
ROANOKE COUNTY,404 - SOUTH VINTON,Proposed Constitutional Amendment,,,No,755
ROANOKE COUNTY,404 - SOUTH VINTON,Proposed Constitutional Amendment,,,Yes,408
ROANOKE COUNTY,405 - SOUTH LINDENWOOD,Proposed Constitutional Amendment,,,No,813
ROANOKE COUNTY,405 - SOUTH LINDENWOOD,Proposed Constitutional Amendment,,,Yes,332
ROANOKE COUNTY,406 - MOUNT PLEASANT,Proposed Constitutional Amendment,,,No,1251
ROANOKE COUNTY,406 - MOUNT PLEASANT,Proposed Constitutional Amendment,,,Yes,411
ROANOKE COUNTY,501 - STARKEY,Proposed Constitutional Amendment,,,No,679
ROANOKE COUNTY,501 - STARKEY,Proposed Constitutional Amendment,,,Yes,454
ROANOKE COUNTY,502 - WEST CAVE SPRING,Proposed Constitutional Amendment,,,No,680
ROANOKE COUNTY,502 - WEST CAVE SPRING,Proposed Constitutional Amendment,,,Yes,488
ROANOKE COUNTY,503 - EAST CAVE SPRING,Proposed Constitutional Amendment,,,No,699
ROANOKE COUNTY,503 - EAST CAVE SPRING,Proposed Constitutional Amendment,,,Yes,504
ROANOKE COUNTY,504 - GREEN VALLEY,Proposed Constitutional Amendment,,,No,763
ROANOKE COUNTY,504 - GREEN VALLEY,Proposed Constitutional Amendment,,,Yes,757
ROANOKE COUNTY,505 - CLEARBROOK,Proposed Constitutional Amendment,,,No,661
ROANOKE COUNTY,505 - CLEARBROOK,Proposed Constitutional Amendment,,,Yes,222
ROANOKE COUNTY,506 - BUCK MOUNTAIN,Proposed Constitutional Amendment,,,No,210
ROANOKE COUNTY,506 - BUCK MOUNTAIN,Proposed Constitutional Amendment,,,Yes,116
ROANOKE COUNTY,507 - HUNTING HILLS,Proposed Constitutional Amendment,,,No,918
ROANOKE COUNTY,507 - HUNTING HILLS,Proposed Constitutional Amendment,,,Yes,677
ROCKBRIDGE COUNTY,101 - AIRPORT,Proposed Constitutional Amendment,,,No,620
ROCKBRIDGE COUNTY,101 - AIRPORT,Proposed Constitutional Amendment,,,Yes,480
ROCKBRIDGE COUNTY,102 - BEN SALEM,Proposed Constitutional Amendment,,,No,311
ROCKBRIDGE COUNTY,102 - BEN SALEM,Proposed Constitutional Amendment,,,Yes,97
ROCKBRIDGE COUNTY,103 - PLANK ROAD,Proposed Constitutional Amendment,,,No,262
ROCKBRIDGE COUNTY,103 - PLANK ROAD,Proposed Constitutional Amendment,,,Yes,74
ROCKBRIDGE COUNTY,104 - EFFINGER,Proposed Constitutional Amendment,,,No,293
ROCKBRIDGE COUNTY,104 - EFFINGER,Proposed Constitutional Amendment,,,Yes,100
ROCKBRIDGE COUNTY,201 - COLLIERSTOWN,Proposed Constitutional Amendment,,,No,303
ROCKBRIDGE COUNTY,201 - COLLIERSTOWN,Proposed Constitutional Amendment,,,Yes,110
ROCKBRIDGE COUNTY,202 - HIGHLAND BELLE,Proposed Constitutional Amendment,,,No,892
ROCKBRIDGE COUNTY,202 - HIGHLAND BELLE,Proposed Constitutional Amendment,,,Yes,399
ROCKBRIDGE COUNTY,203 - VO-TECH,Proposed Constitutional Amendment,,,No,111
ROCKBRIDGE COUNTY,203 - VO-TECH,Proposed Constitutional Amendment,,,Yes,101
ROCKBRIDGE COUNTY,301 - MAURY RIVER,Proposed Constitutional Amendment,,,No,514
ROCKBRIDGE COUNTY,301 - MAURY RIVER,Proposed Constitutional Amendment,,,Yes,185
ROCKBRIDGE COUNTY,302 - NATURAL BRIDGE,Proposed Constitutional Amendment,,,No,473
ROCKBRIDGE COUNTY,302 - NATURAL BRIDGE,Proposed Constitutional Amendment,,,Yes,119
ROCKBRIDGE COUNTY,303 - FALLING SPRING,Proposed Constitutional Amendment,,,No,234
ROCKBRIDGE COUNTY,303 - FALLING SPRING,Proposed Constitutional Amendment,,,Yes,72
ROCKBRIDGE COUNTY,401 - FAIRFIELD,Proposed Constitutional Amendment,,,No,504
ROCKBRIDGE COUNTY,401 - FAIRFIELD,Proposed Constitutional Amendment,,,Yes,162
ROCKBRIDGE COUNTY,402 - MOUNTAIN VIEW,Proposed Constitutional Amendment,,,No,764
ROCKBRIDGE COUNTY,402 - MOUNTAIN VIEW,Proposed Constitutional Amendment,,,Yes,225
ROCKBRIDGE COUNTY,403 - VESUVIUS,Proposed Constitutional Amendment,,,No,254
ROCKBRIDGE COUNTY,403 - VESUVIUS,Proposed Constitutional Amendment,,,Yes,46
ROCKBRIDGE COUNTY,501 - GOSHEN,Proposed Constitutional Amendment,,,No,308
ROCKBRIDGE COUNTY,501 - GOSHEN,Proposed Constitutional Amendment,,,Yes,38
ROCKBRIDGE COUNTY,502 - MEADOWVIEW,Proposed Constitutional Amendment,,,No,421
ROCKBRIDGE COUNTY,502 - MEADOWVIEW,Proposed Constitutional Amendment,,,Yes,236
ROCKBRIDGE COUNTY,503 - ROCKBRIDGE BATHS,Proposed Constitutional Amendment,,,No,277
ROCKBRIDGE COUNTY,503 - ROCKBRIDGE BATHS,Proposed Constitutional Amendment,,,Yes,105
ROCKBRIDGE COUNTY,504 - ROCKBRIDGE,Proposed Constitutional Amendment,,,No,532
ROCKBRIDGE COUNTY,504 - ROCKBRIDGE,Proposed Constitutional Amendment,,,Yes,183
ROCKINGHAM COUNTY,101 - BROADWAY,Proposed Constitutional Amendment,,,No,1264
ROCKINGHAM COUNTY,101 - BROADWAY,Proposed Constitutional Amendment,,,Yes,465
ROCKINGHAM COUNTY,102 - TIMBERVILLE,Proposed Constitutional Amendment,,,No,740
ROCKINGHAM COUNTY,102 - TIMBERVILLE,Proposed Constitutional Amendment,,,Yes,186
ROCKINGHAM COUNTY,103 - FULKS RUN,Proposed Constitutional Amendment,,,No,892
ROCKINGHAM COUNTY,103 - FULKS RUN,Proposed Constitutional Amendment,,,Yes,92
ROCKINGHAM COUNTY,104 - BERGTON,Proposed Constitutional Amendment,,,No,326
ROCKINGHAM COUNTY,104 - BERGTON,Proposed Constitutional Amendment,,,Yes,24
ROCKINGHAM COUNTY,105 - LACEY SPRING,Proposed Constitutional Amendment,,,No,1256
ROCKINGHAM COUNTY,105 - LACEY SPRING,Proposed Constitutional Amendment,,,Yes,226
ROCKINGHAM COUNTY,106 - LONE PINE,Proposed Constitutional Amendment,,,No,1177
ROCKINGHAM COUNTY,106 - LONE PINE,Proposed Constitutional Amendment,,,Yes,233
ROCKINGHAM COUNTY,201 - SINGERS GLEN,Proposed Constitutional Amendment,,,No,959
ROCKINGHAM COUNTY,201 - SINGERS GLEN,Proposed Constitutional Amendment,,,Yes,223
ROCKINGHAM COUNTY,202 - EDOM,Proposed Constitutional Amendment,,,No,1316
ROCKINGHAM COUNTY,202 - EDOM,Proposed Constitutional Amendment,,,Yes,503
ROCKINGHAM COUNTY,203 - DAYTON,Proposed Constitutional Amendment,,,No,527
ROCKINGHAM COUNTY,203 - DAYTON,Proposed Constitutional Amendment,,,Yes,217
ROCKINGHAM COUNTY,204 - MT CLINTON,Proposed Constitutional Amendment,,,No,1003
ROCKINGHAM COUNTY,204 - MT CLINTON,Proposed Constitutional Amendment,,,Yes,262
ROCKINGHAM COUNTY,205 - SILVER LAKE,Proposed Constitutional Amendment,,,No,1181
ROCKINGHAM COUNTY,205 - SILVER LAKE,Proposed Constitutional Amendment,,,Yes,567
ROCKINGHAM COUNTY,301 - KEEZLETOWN,Proposed Constitutional Amendment,,,No,590
ROCKINGHAM COUNTY,301 - KEEZLETOWN,Proposed Constitutional Amendment,,,Yes,188
ROCKINGHAM COUNTY,302 - PORT REPUBLIC,Proposed Constitutional Amendment,,,No,766
ROCKINGHAM COUNTY,302 - PORT REPUBLIC,Proposed Constitutional Amendment,,,Yes,223
ROCKINGHAM COUNTY,303 - MELROSE,Proposed Constitutional Amendment,,,No,570
ROCKINGHAM COUNTY,303 - MELROSE,Proposed Constitutional Amendment,,,Yes,134
ROCKINGHAM COUNTY,304 - GROTTOES,Proposed Constitutional Amendment,,,No,1052
ROCKINGHAM COUNTY,304 - GROTTOES,Proposed Constitutional Amendment,,,Yes,298
ROCKINGHAM COUNTY,305 - MASSANETTA SPRINGS,Proposed Constitutional Amendment,,,No,1154
ROCKINGHAM COUNTY,305 - MASSANETTA SPRINGS,Proposed Constitutional Amendment,,,Yes,920
ROCKINGHAM COUNTY,306 - CROSSROADS,Proposed Constitutional Amendment,,,No,1281
ROCKINGHAM COUNTY,306 - CROSSROADS,Proposed Constitutional Amendment,,,Yes,881
ROCKINGHAM COUNTY,401 - WEST BRIDGEWATER,Proposed Constitutional Amendment,,,No,682
ROCKINGHAM COUNTY,401 - WEST BRIDGEWATER,Proposed Constitutional Amendment,,,Yes,313
ROCKINGHAM COUNTY,402 - MONTEZUMA,Proposed Constitutional Amendment,,,No,1004
ROCKINGHAM COUNTY,402 - MONTEZUMA,Proposed Constitutional Amendment,,,Yes,213
ROCKINGHAM COUNTY,403 - MT CRAWFORD,Proposed Constitutional Amendment,,,No,142
ROCKINGHAM COUNTY,403 - MT CRAWFORD,Proposed Constitutional Amendment,,,Yes,48
ROCKINGHAM COUNTY,404 - NORTH RIVER,Proposed Constitutional Amendment,,,No,1045
ROCKINGHAM COUNTY,404 - NORTH RIVER,Proposed Constitutional Amendment,,,Yes,526
ROCKINGHAM COUNTY,405 - OTTOBINE,Proposed Constitutional Amendment,,,No,1201
ROCKINGHAM COUNTY,405 - OTTOBINE,Proposed Constitutional Amendment,,,Yes,170
ROCKINGHAM COUNTY,406 - EAST BRIDGEWATER,Proposed Constitutional Amendment,,,No,888
ROCKINGHAM COUNTY,406 - EAST BRIDGEWATER,Proposed Constitutional Amendment,,,Yes,546
ROCKINGHAM COUNTY,501 - ELKTON,Proposed Constitutional Amendment,,,No,1038
ROCKINGHAM COUNTY,501 - ELKTON,Proposed Constitutional Amendment,,,Yes,297
ROCKINGHAM COUNTY,502 - SWIFT RUN,Proposed Constitutional Amendment,,,No,1747
ROCKINGHAM COUNTY,502 - SWIFT RUN,Proposed Constitutional Amendment,,,Yes,196
ROCKINGHAM COUNTY,503 - MCGAHEYSVILLE,Proposed Constitutional Amendment,,,No,1360
ROCKINGHAM COUNTY,503 - MCGAHEYSVILLE,Proposed Constitutional Amendment,,,Yes,390
ROCKINGHAM COUNTY,504 - SOUTH FORK,Proposed Constitutional Amendment,,,No,781
ROCKINGHAM COUNTY,504 - SOUTH FORK,Proposed Constitutional Amendment,,,Yes,106
ROCKINGHAM COUNTY,505 - STONY RUN,Proposed Constitutional Amendment,,,No,800
ROCKINGHAM COUNTY,505 - STONY RUN,Proposed Constitutional Amendment,,,Yes,426
ROCKINGHAM COUNTY,506 - DEEP RUN,Proposed Constitutional Amendment,,,No,600
ROCKINGHAM COUNTY,506 - DEEP RUN,Proposed Constitutional Amendment,,,Yes,142
RUSSELL COUNTY,101 - MOCCASIN,Proposed Constitutional Amendment,,,No,662
RUSSELL COUNTY,101 - MOCCASIN,Proposed Constitutional Amendment,,,Yes,70
RUSSELL COUNTY,102 - COPPER CREEK,Proposed Constitutional Amendment,,,No,453
RUSSELL COUNTY,102 - COPPER CREEK,Proposed Constitutional Amendment,,,Yes,75
RUSSELL COUNTY,103 - SOUTH CASTLEWOOD,Proposed Constitutional Amendment,,,No,319
RUSSELL COUNTY,103 - SOUTH CASTLEWOOD,Proposed Constitutional Amendment,,,Yes,63
RUSSELL COUNTY,201 - NORTH CASTLEWOOD,Proposed Constitutional Amendment,,,No,925
RUSSELL COUNTY,201 - NORTH CASTLEWOOD,Proposed Constitutional Amendment,,,Yes,141
RUSSELL COUNTY,202 - DANTE,Proposed Constitutional Amendment,,,No,167
RUSSELL COUNTY,202 - DANTE,Proposed Constitutional Amendment,,,Yes,26
RUSSELL COUNTY,301 - COOKS MILL,Proposed Constitutional Amendment,,,No,175
RUSSELL COUNTY,301 - COOKS MILL,Proposed Constitutional Amendment,,,Yes,28
RUSSELL COUNTY,302 - DAUGHERTY,Proposed Constitutional Amendment,,,No,244
RUSSELL COUNTY,302 - DAUGHERTY,Proposed Constitutional Amendment,,,Yes,42
RUSSELL COUNTY,303 - NEW GARDEN,Proposed Constitutional Amendment,,,No,538
RUSSELL COUNTY,303 - NEW GARDEN,Proposed Constitutional Amendment,,,Yes,43
RUSSELL COUNTY,304 - CLEVELAND,Proposed Constitutional Amendment,,,No,283
RUSSELL COUNTY,304 - CLEVELAND,Proposed Constitutional Amendment,,,Yes,48
RUSSELL COUNTY,401 - DRILL,Proposed Constitutional Amendment,,,No,60
RUSSELL COUNTY,401 - DRILL,Proposed Constitutional Amendment,,,Yes,13
RUSSELL COUNTY,402 - SWORDS CREEK,Proposed Constitutional Amendment,,,No,855
RUSSELL COUNTY,402 - SWORDS CREEK,Proposed Constitutional Amendment,,,Yes,82
RUSSELL COUNTY,403 - HONAKER,Proposed Constitutional Amendment,,,No,324
RUSSELL COUNTY,403 - HONAKER,Proposed Constitutional Amendment,,,Yes,44
RUSSELL COUNTY,501 - WEST LEBANON,Proposed Constitutional Amendment,,,No,1237
RUSSELL COUNTY,501 - WEST LEBANON,Proposed Constitutional Amendment,,,Yes,272
RUSSELL COUNTY,601 - EAST LEBANON,Proposed Constitutional Amendment,,,No,672
RUSSELL COUNTY,601 - EAST LEBANON,Proposed Constitutional Amendment,,,Yes,112
RUSSELL COUNTY,602 - ELK GARDEN,Proposed Constitutional Amendment,,,No,975
RUSSELL COUNTY,602 - ELK GARDEN,Proposed Constitutional Amendment,,,Yes,122
SALEM CITY,001 - NORTH SALEM NO 2,Proposed Constitutional Amendment,,,No,649
SALEM CITY,001 - NORTH SALEM NO 2,Proposed Constitutional Amendment,,,Yes,479
SALEM CITY,002 - CONEHURST,Proposed Constitutional Amendment,,,No,322
SALEM CITY,002 - CONEHURST,Proposed Constitutional Amendment,,,Yes,204
SALEM CITY,003 - BEVERLY HEIGHTS,Proposed Constitutional Amendment,,,No,424
SALEM CITY,003 - BEVERLY HEIGHTS,Proposed Constitutional Amendment,,,Yes,166
SALEM CITY,004 - WEST SALEM,Proposed Constitutional Amendment,,,No,558
SALEM CITY,004 - WEST SALEM,Proposed Constitutional Amendment,,,Yes,331
SALEM CITY,005 - NORTH SALEM NO 1,Proposed Constitutional Amendment,,,No,695
SALEM CITY,005 - NORTH SALEM NO 1,Proposed Constitutional Amendment,,,Yes,513
SALEM CITY,006 - SOUTH SALEM NO 1,Proposed Constitutional Amendment,,,No,433
SALEM CITY,006 - SOUTH SALEM NO 1,Proposed Constitutional Amendment,,,Yes,245
SALEM CITY,007 - SOUTH SALEM NO 2,Proposed Constitutional Amendment,,,No,490
SALEM CITY,007 - SOUTH SALEM NO 2,Proposed Constitutional Amendment,,,Yes,253
SALEM CITY,008 - EAST SALEM,Proposed Constitutional Amendment,,,No,180
SALEM CITY,008 - EAST SALEM,Proposed Constitutional Amendment,,,Yes,99
SALEM CITY,009 - SOUTH SIDE HILLS,Proposed Constitutional Amendment,,,No,842
SALEM CITY,009 - SOUTH SIDE HILLS,Proposed Constitutional Amendment,,,Yes,412
SALEM CITY,010 - HIDDEN VALLEY,Proposed Constitutional Amendment,,,No,823
SALEM CITY,010 - HIDDEN VALLEY,Proposed Constitutional Amendment,,,Yes,528
SCOTT COUNTY,101 - WEBER CITY,Proposed Constitutional Amendment,,,No,389
SCOTT COUNTY,101 - WEBER CITY,Proposed Constitutional Amendment,,,Yes,64
SCOTT COUNTY,102 - YUMA,Proposed Constitutional Amendment,,,No,642
SCOTT COUNTY,102 - YUMA,Proposed Constitutional Amendment,,,Yes,94
SCOTT COUNTY,202 - WEBER CITY EAST,Proposed Constitutional Amendment,,,No,419
SCOTT COUNTY,202 - WEBER CITY EAST,Proposed Constitutional Amendment,,,Yes,60
SCOTT COUNTY,203 - HILTONS,Proposed Constitutional Amendment,,,No,600
SCOTT COUNTY,203 - HILTONS,Proposed Constitutional Amendment,,,Yes,96
SCOTT COUNTY,204 - CLARK'S,Proposed Constitutional Amendment,,,No,187
SCOTT COUNTY,204 - CLARK'S,Proposed Constitutional Amendment,,,Yes,21
SCOTT COUNTY,301 - NICKELSVILLE,Proposed Constitutional Amendment,,,No,423
SCOTT COUNTY,301 - NICKELSVILLE,Proposed Constitutional Amendment,,,Yes,39
SCOTT COUNTY,302 - SNOWFLAKE,Proposed Constitutional Amendment,,,No,359
SCOTT COUNTY,302 - SNOWFLAKE,Proposed Constitutional Amendment,,,Yes,33
SCOTT COUNTY,303 - TWIN SPRINGS,Proposed Constitutional Amendment,,,No,340
SCOTT COUNTY,303 - TWIN SPRINGS,Proposed Constitutional Amendment,,,Yes,56
SCOTT COUNTY,304 - COPPER CREEK,Proposed Constitutional Amendment,,,No,122
SCOTT COUNTY,304 - COPPER CREEK,Proposed Constitutional Amendment,,,Yes,10
SCOTT COUNTY,401 - GATE CITY,Proposed Constitutional Amendment,,,No,1140
SCOTT COUNTY,401 - GATE CITY,Proposed Constitutional Amendment,,,Yes,169
SCOTT COUNTY,501 - DUNGANNON,Proposed Constitutional Amendment,,,No,213
SCOTT COUNTY,501 - DUNGANNON,Proposed Constitutional Amendment,,,Yes,42
SCOTT COUNTY,502 - FORT BLACKMORE,Proposed Constitutional Amendment,,,No,258
SCOTT COUNTY,502 - FORT BLACKMORE,Proposed Constitutional Amendment,,,Yes,31
SCOTT COUNTY,503 - MANVILLE,Proposed Constitutional Amendment,,,No,211
SCOTT COUNTY,503 - MANVILLE,Proposed Constitutional Amendment,,,Yes,20
SCOTT COUNTY,504 - RYE COVE,Proposed Constitutional Amendment,,,No,416
SCOTT COUNTY,504 - RYE COVE,Proposed Constitutional Amendment,,,Yes,28
SCOTT COUNTY,601 - CLINCHPORT,Proposed Constitutional Amendment,,,No,271
SCOTT COUNTY,601 - CLINCHPORT,Proposed Constitutional Amendment,,,Yes,27
SCOTT COUNTY,602 - DUFFIELD-PATTONSVILLE,Proposed Constitutional Amendment,,,No,570
SCOTT COUNTY,602 - DUFFIELD-PATTONSVILLE,Proposed Constitutional Amendment,,,Yes,66
SCOTT COUNTY,603 - FAIRVIEW,Proposed Constitutional Amendment,,,No,146
SCOTT COUNTY,603 - FAIRVIEW,Proposed Constitutional Amendment,,,Yes,14
SHENANDOAH COUNTY,101 - ORKNEY SPRINGS,Proposed Constitutional Amendment,,,No,686
SHENANDOAH COUNTY,101 - ORKNEY SPRINGS,Proposed Constitutional Amendment,,,Yes,321
SHENANDOAH COUNTY,103 - NEW MARKET,Proposed Constitutional Amendment,,,No,1659
SHENANDOAH COUNTY,103 - NEW MARKET,Proposed Constitutional Amendment,,,Yes,504
SHENANDOAH COUNTY,201 - CONICVILLE,Proposed Constitutional Amendment,,,No,1516
SHENANDOAH COUNTY,201 - CONICVILLE,Proposed Constitutional Amendment,,,Yes,331
SHENANDOAH COUNTY,202 - MT JACKSON,Proposed Constitutional Amendment,,,No,991
SHENANDOAH COUNTY,202 - MT JACKSON,Proposed Constitutional Amendment,,,Yes,272
SHENANDOAH COUNTY,302 - EDINBURG,Proposed Constitutional Amendment,,,No,889
SHENANDOAH COUNTY,302 - EDINBURG,Proposed Constitutional Amendment,,,Yes,280
SHENANDOAH COUNTY,303 - ST LUKE,Proposed Constitutional Amendment,,,No,1347
SHENANDOAH COUNTY,303 - ST LUKE,Proposed Constitutional Amendment,,,Yes,332
SHENANDOAH COUNTY,304 - FORT VALLEY,Proposed Constitutional Amendment,,,No,590
SHENANDOAH COUNTY,304 - FORT VALLEY,Proposed Constitutional Amendment,,,Yes,188
SHENANDOAH COUNTY,401 - WOODSTOCK NORTH,Proposed Constitutional Amendment,,,No,983
SHENANDOAH COUNTY,401 - WOODSTOCK NORTH,Proposed Constitutional Amendment,,,Yes,477
SHENANDOAH COUNTY,402 - WOODSTOCK SOUTH,Proposed Constitutional Amendment,,,No,690
SHENANDOAH COUNTY,402 - WOODSTOCK SOUTH,Proposed Constitutional Amendment,,,Yes,348
SHENANDOAH COUNTY,501 - CEDAR CREEK,Proposed Constitutional Amendment,,,No,105
SHENANDOAH COUNTY,501 - CEDAR CREEK,Proposed Constitutional Amendment,,,Yes,36
SHENANDOAH COUNTY,503 - TOMS BROOK,Proposed Constitutional Amendment,,,No,1460
SHENANDOAH COUNTY,503 - TOMS BROOK,Proposed Constitutional Amendment,,,Yes,428
SHENANDOAH COUNTY,504 - LEBANON CHURCH,Proposed Constitutional Amendment,,,No,1112
SHENANDOAH COUNTY,504 - LEBANON CHURCH,Proposed Constitutional Amendment,,,Yes,282
SHENANDOAH COUNTY,601 - STRASBURG WEST,Proposed Constitutional Amendment,,,No,761
SHENANDOAH COUNTY,601 - STRASBURG WEST,Proposed Constitutional Amendment,,,Yes,409
SHENANDOAH COUNTY,602 - STRASBURG EAST,Proposed Constitutional Amendment,,,No,892
SHENANDOAH COUNTY,602 - STRASBURG EAST,Proposed Constitutional Amendment,,,Yes,451
SMYTH COUNTY,101 - SALTVILLE,Proposed Constitutional Amendment,,,No,1037
SMYTH COUNTY,101 - SALTVILLE,Proposed Constitutional Amendment,,,Yes,173
SMYTH COUNTY,201 - SEVEN MILE FORD,Proposed Constitutional Amendment,,,No,886
SMYTH COUNTY,201 - SEVEN MILE FORD,Proposed Constitutional Amendment,,,Yes,108
SMYTH COUNTY,202 - RICH VALLEY,Proposed Constitutional Amendment,,,No,318
SMYTH COUNTY,202 - RICH VALLEY,Proposed Constitutional Amendment,,,Yes,51
SMYTH COUNTY,301 - CHILHOWIE,Proposed Constitutional Amendment,,,No,1256
SMYTH COUNTY,301 - CHILHOWIE,Proposed Constitutional Amendment,,,Yes,207
SMYTH COUNTY,401 - EAST PARK,Proposed Constitutional Amendment,,,No,998
SMYTH COUNTY,401 - EAST PARK,Proposed Constitutional Amendment,,,Yes,296
SMYTH COUNTY,501 - ATKINS,Proposed Constitutional Amendment,,,No,781
SMYTH COUNTY,501 - ATKINS,Proposed Constitutional Amendment,,,Yes,96
SMYTH COUNTY,502 - WASSONA,Proposed Constitutional Amendment,,,No,475
SMYTH COUNTY,502 - WASSONA,Proposed Constitutional Amendment,,,Yes,179
SMYTH COUNTY,601 - ROYAL OAK EAST,Proposed Constitutional Amendment,,,No,623
SMYTH COUNTY,601 - ROYAL OAK EAST,Proposed Constitutional Amendment,,,Yes,171
SMYTH COUNTY,602 - ROYAL OAK WEST,Proposed Constitutional Amendment,,,No,422
SMYTH COUNTY,602 - ROYAL OAK WEST,Proposed Constitutional Amendment,,,Yes,71
SMYTH COUNTY,701 - ADWOLFE,Proposed Constitutional Amendment,,,No,893
SMYTH COUNTY,701 - ADWOLFE,Proposed Constitutional Amendment,,,Yes,87
SMYTH COUNTY,702 - SUGAR GROVE,Proposed Constitutional Amendment,,,No,454
SMYTH COUNTY,702 - SUGAR GROVE,Proposed Constitutional Amendment,,,Yes,108
SMYTH COUNTY,703 - KONNAROCK,Proposed Constitutional Amendment,,,No,75
SMYTH COUNTY,703 - KONNAROCK,Proposed Constitutional Amendment,,,Yes,13
SOUTHAMPTON COUNTY,101 - BERLIN,Proposed Constitutional Amendment,,,No,527
SOUTHAMPTON COUNTY,101 - BERLIN,Proposed Constitutional Amendment,,,Yes,91
SOUTHAMPTON COUNTY,102 - IVOR,Proposed Constitutional Amendment,,,No,516
SOUTHAMPTON COUNTY,102 - IVOR,Proposed Constitutional Amendment,,,Yes,257
SOUTHAMPTON COUNTY,201 - BOYKINS-BRANCHVILLE,Proposed Constitutional Amendment,,,No,354
SOUTHAMPTON COUNTY,201 - BOYKINS-BRANCHVILLE,Proposed Constitutional Amendment,,,Yes,344
SOUTHAMPTON COUNTY,301 - CAPRON-DREWRYVILLE,Proposed Constitutional Amendment,,,No,533
SOUTHAMPTON COUNTY,301 - CAPRON-DREWRYVILLE,Proposed Constitutional Amendment,,,Yes,289
SOUTHAMPTON COUNTY,302 - SEBRELL,Proposed Constitutional Amendment,,,No,368
SOUTHAMPTON COUNTY,302 - SEBRELL,Proposed Constitutional Amendment,,,Yes,183
SOUTHAMPTON COUNTY,501 - DARDEN MILL,Proposed Constitutional Amendment,,,No,448
SOUTHAMPTON COUNTY,501 - DARDEN MILL,Proposed Constitutional Amendment,,,Yes,180
SOUTHAMPTON COUNTY,502 - FAIRGROUNDS,Proposed Constitutional Amendment,,,No,483
SOUTHAMPTON COUNTY,502 - FAIRGROUNDS,Proposed Constitutional Amendment,,,Yes,206
SOUTHAMPTON COUNTY,601 - COURTLAND,Proposed Constitutional Amendment,,,No,456
SOUTHAMPTON COUNTY,601 - COURTLAND,Proposed Constitutional Amendment,,,Yes,312
SOUTHAMPTON COUNTY,602 - SEDLEY,Proposed Constitutional Amendment,,,No,178
SOUTHAMPTON COUNTY,602 - SEDLEY,Proposed Constitutional Amendment,,,Yes,31
SOUTHAMPTON COUNTY,701 - BLACKWATER RIVER,Proposed Constitutional Amendment,,,No,373
SOUTHAMPTON COUNTY,701 - BLACKWATER RIVER,Proposed Constitutional Amendment,,,Yes,336
SOUTHAMPTON COUNTY,702 - NEWSOMS,Proposed Constitutional Amendment,,,No,380
SOUTHAMPTON COUNTY,702 - NEWSOMS,Proposed Constitutional Amendment,,,Yes,284
SPOTSYLVANIA COUNTY,101 - PARTLOW RURITAN,Proposed Constitutional Amendment,,,No,1361
SPOTSYLVANIA COUNTY,101 - PARTLOW RURITAN,Proposed Constitutional Amendment,,,Yes,374
SPOTSYLVANIA COUNTY,102 - BERKELEY,Proposed Constitutional Amendment,,,No,1378
SPOTSYLVANIA COUNTY,102 - BERKELEY,Proposed Constitutional Amendment,,,Yes,458
SPOTSYLVANIA COUNTY,103 - JOHN J WRIGHT,Proposed Constitutional Amendment,,,No,1632
SPOTSYLVANIA COUNTY,103 - JOHN J WRIGHT,Proposed Constitutional Amendment,,,Yes,1304
SPOTSYLVANIA COUNTY,104 - MASSAPONAX HIGH,Proposed Constitutional Amendment,,,No,930
SPOTSYLVANIA COUNTY,104 - MASSAPONAX HIGH,Proposed Constitutional Amendment,,,Yes,1084
SPOTSYLVANIA COUNTY,201 - WILDERNESS ELEMENTARY,Proposed Constitutional Amendment,,,No,763
SPOTSYLVANIA COUNTY,201 - WILDERNESS ELEMENTARY,Proposed Constitutional Amendment,,,Yes,583
SPOTSYLVANIA COUNTY,202 - FIRE RESCUE 7,Proposed Constitutional Amendment,,,No,1646
SPOTSYLVANIA COUNTY,202 - FIRE RESCUE 7,Proposed Constitutional Amendment,,,Yes,933
SPOTSYLVANIA COUNTY,203 - NI RIVER MIDDLE,Proposed Constitutional Amendment,,,No,1426
SPOTSYLVANIA COUNTY,203 - NI RIVER MIDDLE,Proposed Constitutional Amendment,,,Yes,924
SPOTSYLVANIA COUNTY,204 - CHANCELLOR ELEMENTARY,Proposed Constitutional Amendment,,,No,1033
SPOTSYLVANIA COUNTY,204 - CHANCELLOR ELEMENTARY,Proposed Constitutional Amendment,,,Yes,933
SPOTSYLVANIA COUNTY,301 - SALEM ELEMENTARY,Proposed Constitutional Amendment,,,No,659
SPOTSYLVANIA COUNTY,301 - SALEM ELEMENTARY,Proposed Constitutional Amendment,,,Yes,646
SPOTSYLVANIA COUNTY,302 - SALEM LIBRARY,Proposed Constitutional Amendment,,,No,1002
SPOTSYLVANIA COUNTY,302 - SALEM LIBRARY,Proposed Constitutional Amendment,,,Yes,1134
SPOTSYLVANIA COUNTY,303 - RIVERBEND HIGH,Proposed Constitutional Amendment,,,No,1495
SPOTSYLVANIA COUNTY,303 - RIVERBEND HIGH,Proposed Constitutional Amendment,,,Yes,1203
SPOTSYLVANIA COUNTY,304 - KNIGHTS OF PYTHIAS,Proposed Constitutional Amendment,,,No,812
SPOTSYLVANIA COUNTY,304 - KNIGHTS OF PYTHIAS,Proposed Constitutional Amendment,,,Yes,745
SPOTSYLVANIA COUNTY,401 - COSNER PARK,Proposed Constitutional Amendment,,,No,794
SPOTSYLVANIA COUNTY,401 - COSNER PARK,Proposed Constitutional Amendment,,,Yes,937
SPOTSYLVANIA COUNTY,402 - GERMANNA CAMPUS,Proposed Constitutional Amendment,,,No,848
SPOTSYLVANIA COUNTY,402 - GERMANNA CAMPUS,Proposed Constitutional Amendment,,,Yes,1094
SPOTSYLVANIA COUNTY,403 - LEE HILL ELEMENTARY,Proposed Constitutional Amendment,,,No,947
SPOTSYLVANIA COUNTY,403 - LEE HILL ELEMENTARY,Proposed Constitutional Amendment,,,Yes,1089
SPOTSYLVANIA COUNTY,404 - NEW POST CHURCH,Proposed Constitutional Amendment,,,No,511
SPOTSYLVANIA COUNTY,404 - NEW POST CHURCH,Proposed Constitutional Amendment,,,Yes,676
SPOTSYLVANIA COUNTY,501 - BELMONT RURITAN,Proposed Constitutional Amendment,,,No,1128
SPOTSYLVANIA COUNTY,501 - BELMONT RURITAN,Proposed Constitutional Amendment,,,Yes,409
SPOTSYLVANIA COUNTY,502 - FIRE RESCUE 2,Proposed Constitutional Amendment,,,No,1092
SPOTSYLVANIA COUNTY,502 - FIRE RESCUE 2,Proposed Constitutional Amendment,,,Yes,329
SPOTSYLVANIA COUNTY,503 - SPOTSYLVANIA HIGH,Proposed Constitutional Amendment,,,No,1206
SPOTSYLVANIA COUNTY,503 - SPOTSYLVANIA HIGH,Proposed Constitutional Amendment,,,Yes,322
SPOTSYLVANIA COUNTY,504 - PUBLIC SAFETY,Proposed Constitutional Amendment,,,No,1246
SPOTSYLVANIA COUNTY,504 - PUBLIC SAFETY,Proposed Constitutional Amendment,,,Yes,796
SPOTSYLVANIA COUNTY,505 - BROCK ROAD ELEMENTARY,Proposed Constitutional Amendment,,,No,1869
SPOTSYLVANIA COUNTY,505 - BROCK ROAD ELEMENTARY,Proposed Constitutional Amendment,,,Yes,1157
SPOTSYLVANIA COUNTY,601 - BATTLEFIELD ELEMENTARY,Proposed Constitutional Amendment,,,No,839
SPOTSYLVANIA COUNTY,601 - BATTLEFIELD ELEMENTARY,Proposed Constitutional Amendment,,,Yes,882
SPOTSYLVANIA COUNTY,602 - SMITH STATION ELEMENTARY,Proposed Constitutional Amendment,,,No,928
SPOTSYLVANIA COUNTY,602 - SMITH STATION ELEMENTARY,Proposed Constitutional Amendment,,,Yes,1108
SPOTSYLVANIA COUNTY,603 - CHANCELLOR HIGH,Proposed Constitutional Amendment,,,No,637
SPOTSYLVANIA COUNTY,603 - CHANCELLOR HIGH,Proposed Constitutional Amendment,,,Yes,594
SPOTSYLVANIA COUNTY,604 - COURTHOUSE ROAD ELEMENTARY,Proposed Constitutional Amendment,,,No,663
SPOTSYLVANIA COUNTY,604 - COURTHOUSE ROAD ELEMENTARY,Proposed Constitutional Amendment,,,Yes,778
SPOTSYLVANIA COUNTY,701 - SPOTSWOOD ELEMENTARY,Proposed Constitutional Amendment,,,No,713
SPOTSYLVANIA COUNTY,701 - SPOTSWOOD ELEMENTARY,Proposed Constitutional Amendment,,,Yes,852
SPOTSYLVANIA COUNTY,702 - EASTLAND CHURCH,Proposed Constitutional Amendment,,,No,708
SPOTSYLVANIA COUNTY,702 - EASTLAND CHURCH,Proposed Constitutional Amendment,,,Yes,845
SPOTSYLVANIA COUNTY,703 - LEES PARKE,Proposed Constitutional Amendment,,,No,667
SPOTSYLVANIA COUNTY,703 - LEES PARKE,Proposed Constitutional Amendment,,,Yes,1236
SPOTSYLVANIA COUNTY,704 - COURTLAND ELEMENTARY,Proposed Constitutional Amendment,,,No,1273
SPOTSYLVANIA COUNTY,704 - COURTLAND ELEMENTARY,Proposed Constitutional Amendment,,,Yes,1283
STAFFORD COUNTY,101 - HARTWOOD,Proposed Constitutional Amendment,,,No,1899
STAFFORD COUNTY,101 - HARTWOOD,Proposed Constitutional Amendment,,,Yes,922
STAFFORD COUNTY,102 - SIMPSON,Proposed Constitutional Amendment,,,No,1160
STAFFORD COUNTY,102 - SIMPSON,Proposed Constitutional Amendment,,,Yes,752
STAFFORD COUNTY,103 - COLLEGE,Proposed Constitutional Amendment,,,No,711
STAFFORD COUNTY,103 - COLLEGE,Proposed Constitutional Amendment,,,Yes,893
STAFFORD COUNTY,104 - WESTLAKE,Proposed Constitutional Amendment,,,No,887
STAFFORD COUNTY,104 - WESTLAKE,Proposed Constitutional Amendment,,,Yes,413
STAFFORD COUNTY,105 - ROCKY RUN,Proposed Constitutional Amendment,,,No,427
STAFFORD COUNTY,105 - ROCKY RUN,Proposed Constitutional Amendment,,,Yes,476
STAFFORD COUNTY,106 - FORGE,Proposed Constitutional Amendment,,,No,398
STAFFORD COUNTY,106 - FORGE,Proposed Constitutional Amendment,,,Yes,494
STAFFORD COUNTY,201 - ROCK HILL,Proposed Constitutional Amendment,,,No,1104
STAFFORD COUNTY,201 - ROCK HILL,Proposed Constitutional Amendment,,,Yes,1110
STAFFORD COUNTY,202 - ROSEVILLE,Proposed Constitutional Amendment,,,No,1281
STAFFORD COUNTY,202 - ROSEVILLE,Proposed Constitutional Amendment,,,Yes,713
STAFFORD COUNTY,203 - RUBY,Proposed Constitutional Amendment,,,No,1142
STAFFORD COUNTY,203 - RUBY,Proposed Constitutional Amendment,,,Yes,489
STAFFORD COUNTY,204 - STEFANIGA,Proposed Constitutional Amendment,,,No,1033
STAFFORD COUNTY,204 - STEFANIGA,Proposed Constitutional Amendment,,,Yes,940
STAFFORD COUNTY,205 - MOUNT ARARAT,Proposed Constitutional Amendment,,,No,321
STAFFORD COUNTY,205 - MOUNT ARARAT,Proposed Constitutional Amendment,,,Yes,426
STAFFORD COUNTY,301 - STAFFORDBORO,Proposed Constitutional Amendment,,,No,235
STAFFORD COUNTY,301 - STAFFORDBORO,Proposed Constitutional Amendment,,,Yes,562
STAFFORD COUNTY,302 - WIDEWATER,Proposed Constitutional Amendment,,,No,662
STAFFORD COUNTY,302 - WIDEWATER,Proposed Constitutional Amendment,,,Yes,581
STAFFORD COUNTY,303 - BARRETT HEIGHTS,Proposed Constitutional Amendment,,,No,327
STAFFORD COUNTY,303 - BARRETT HEIGHTS,Proposed Constitutional Amendment,,,Yes,425
STAFFORD COUNTY,304 - AQUIA EPISCOPAL,Proposed Constitutional Amendment,,,No,125
STAFFORD COUNTY,304 - AQUIA EPISCOPAL,Proposed Constitutional Amendment,,,Yes,331
STAFFORD COUNTY,305 - GRIFFIS,Proposed Constitutional Amendment,,,No,161
STAFFORD COUNTY,305 - GRIFFIS,Proposed Constitutional Amendment,,,Yes,274
STAFFORD COUNTY,306 - MIDWAY,Proposed Constitutional Amendment,,,No,303
STAFFORD COUNTY,306 - MIDWAY,Proposed Constitutional Amendment,,,Yes,721
STAFFORD COUNTY,401 - COURTHOUSE,Proposed Constitutional Amendment,,,No,426
STAFFORD COUNTY,401 - COURTHOUSE,Proposed Constitutional Amendment,,,Yes,1071
STAFFORD COUNTY,402 - BROOKE,Proposed Constitutional Amendment,,,No,779
STAFFORD COUNTY,402 - BROOKE,Proposed Constitutional Amendment,,,Yes,566
STAFFORD COUNTY,403 - HARBOUR,Proposed Constitutional Amendment,,,No,623
STAFFORD COUNTY,403 - HARBOUR,Proposed Constitutional Amendment,,,Yes,529
STAFFORD COUNTY,404 - GOVERNMENT ISLAND,Proposed Constitutional Amendment,,,No,805
STAFFORD COUNTY,404 - GOVERNMENT ISLAND,Proposed Constitutional Amendment,,,Yes,683
STAFFORD COUNTY,405 - HOPE,Proposed Constitutional Amendment,,,No,1111
STAFFORD COUNTY,405 - HOPE,Proposed Constitutional Amendment,,,Yes,1105
STAFFORD COUNTY,406 - AQUIA,Proposed Constitutional Amendment,,,No,48
STAFFORD COUNTY,406 - AQUIA,Proposed Constitutional Amendment,,,Yes,152
STAFFORD COUNTY,501 - GRAFTON,Proposed Constitutional Amendment,,,No,1449
STAFFORD COUNTY,501 - GRAFTON,Proposed Constitutional Amendment,,,Yes,1183
STAFFORD COUNTY,502 - FALMOUTH,Proposed Constitutional Amendment,,,No,841
STAFFORD COUNTY,502 - FALMOUTH,Proposed Constitutional Amendment,,,Yes,925
STAFFORD COUNTY,503 - DREW,Proposed Constitutional Amendment,,,No,1037
STAFFORD COUNTY,503 - DREW,Proposed Constitutional Amendment,,,Yes,1107
STAFFORD COUNTY,504 - GAYLE,Proposed Constitutional Amendment,,,No,663
STAFFORD COUNTY,504 - GAYLE,Proposed Constitutional Amendment,,,Yes,1004
STAFFORD COUNTY,505 - ESKIMO HILL,Proposed Constitutional Amendment,,,No,276
STAFFORD COUNTY,505 - ESKIMO HILL,Proposed Constitutional Amendment,,,Yes,335
STAFFORD COUNTY,601 - FERRY FARM,Proposed Constitutional Amendment,,,No,1036
STAFFORD COUNTY,601 - FERRY FARM,Proposed Constitutional Amendment,,,Yes,701
STAFFORD COUNTY,602 - CHATHAM,Proposed Constitutional Amendment,,,No,1011
STAFFORD COUNTY,602 - CHATHAM,Proposed Constitutional Amendment,,,Yes,886
STAFFORD COUNTY,603 - WHITE OAK,Proposed Constitutional Amendment,,,No,1561
STAFFORD COUNTY,603 - WHITE OAK,Proposed Constitutional Amendment,,,Yes,681
STAFFORD COUNTY,604 - ENGLAND RUN,Proposed Constitutional Amendment,,,No,204
STAFFORD COUNTY,604 - ENGLAND RUN,Proposed Constitutional Amendment,,,Yes,402
STAFFORD COUNTY,605 - MELCHERS,Proposed Constitutional Amendment,,,No,955
STAFFORD COUNTY,605 - MELCHERS,Proposed Constitutional Amendment,,,Yes,1473
STAFFORD COUNTY,701 - PARK RIDGE,Proposed Constitutional Amendment,,,No,857
STAFFORD COUNTY,701 - PARK RIDGE,Proposed Constitutional Amendment,,,Yes,1085
STAFFORD COUNTY,702 - WHITSON,Proposed Constitutional Amendment,,,No,429
STAFFORD COUNTY,702 - WHITSON,Proposed Constitutional Amendment,,,Yes,767
STAFFORD COUNTY,703 - HAMPTON,Proposed Constitutional Amendment,,,No,997
STAFFORD COUNTY,703 - HAMPTON,Proposed Constitutional Amendment,,,Yes,1174
STAFFORD COUNTY,704 - POOLE,Proposed Constitutional Amendment,,,No,1105
STAFFORD COUNTY,704 - POOLE,Proposed Constitutional Amendment,,,Yes,1739
STAUNTON CITY,101 - WARD NO 1,Proposed Constitutional Amendment,,,No,911
STAUNTON CITY,101 - WARD NO 1,Proposed Constitutional Amendment,,,Yes,1103
STAUNTON CITY,201 - WARD NO 2,Proposed Constitutional Amendment,,,No,1215
STAUNTON CITY,201 - WARD NO 2,Proposed Constitutional Amendment,,,Yes,956
STAUNTON CITY,301 - WARD NO 3,Proposed Constitutional Amendment,,,No,966
STAUNTON CITY,301 - WARD NO 3,Proposed Constitutional Amendment,,,Yes,1037
STAUNTON CITY,401 - WARD NO 4,Proposed Constitutional Amendment,,,No,771
STAUNTON CITY,401 - WARD NO 4,Proposed Constitutional Amendment,,,Yes,1043
STAUNTON CITY,501 - WARD NO 5,Proposed Constitutional Amendment,,,No,624
STAUNTON CITY,501 - WARD NO 5,Proposed Constitutional Amendment,,,Yes,1358
SUFFOLK CITY,101 - BELLEHARBOUR,Proposed Constitutional Amendment,,,No,242
SUFFOLK CITY,101 - BELLEHARBOUR,Proposed Constitutional Amendment,,,Yes,577
SUFFOLK CITY,102 - DRIVER,Proposed Constitutional Amendment,,,No,1666
SUFFOLK CITY,102 - DRIVER,Proposed Constitutional Amendment,,,Yes,1165
SUFFOLK CITY,104 - BENNETTS CREEK,Proposed Constitutional Amendment,,,No,438
SUFFOLK CITY,104 - BENNETTS CREEK,Proposed Constitutional Amendment,,,Yes,576
SUFFOLK CITY,105 - HARBOURVIEW,Proposed Constitutional Amendment,,,No,920
SUFFOLK CITY,105 - HARBOURVIEW,Proposed Constitutional Amendment,,,Yes,1417
SUFFOLK CITY,201 - EBENEZER,Proposed Constitutional Amendment,,,No,890
SUFFOLK CITY,201 - EBENEZER,Proposed Constitutional Amendment,,,Yes,489
SUFFOLK CITY,202 - CHUCKATUCK,Proposed Constitutional Amendment,,,No,825
SUFFOLK CITY,202 - CHUCKATUCK,Proposed Constitutional Amendment,,,Yes,553
SUFFOLK CITY,203 - KINGS FORK,Proposed Constitutional Amendment,,,No,509
SUFFOLK CITY,203 - KINGS FORK,Proposed Constitutional Amendment,,,Yes,1305
SUFFOLK CITY,204 - HILLPOINT,Proposed Constitutional Amendment,,,No,533
SUFFOLK CITY,204 - HILLPOINT,Proposed Constitutional Amendment,,,Yes,1260
SUFFOLK CITY,301 - WHITE MARSH,Proposed Constitutional Amendment,,,No,130
SUFFOLK CITY,301 - WHITE MARSH,Proposed Constitutional Amendment,,,Yes,249
SUFFOLK CITY,302 - JOHN F KENNEDY,Proposed Constitutional Amendment,,,No,131
SUFFOLK CITY,302 - JOHN F KENNEDY,Proposed Constitutional Amendment,,,Yes,1172
SUFFOLK CITY,304 - NANSEMOND RIVER,Proposed Constitutional Amendment,,,No,620
SUFFOLK CITY,304 - NANSEMOND RIVER,Proposed Constitutional Amendment,,,Yes,1128
SUFFOLK CITY,305 - SHOULDERS HILL,Proposed Constitutional Amendment,,,No,308
SUFFOLK CITY,305 - SHOULDERS HILL,Proposed Constitutional Amendment,,,Yes,511
SUFFOLK CITY,306 - DEERFIELD,Proposed Constitutional Amendment,,,No,496
SUFFOLK CITY,306 - DEERFIELD,Proposed Constitutional Amendment,,,Yes,723
SUFFOLK CITY,401 - AIRPORT,Proposed Constitutional Amendment,,,No,609
SUFFOLK CITY,401 - AIRPORT,Proposed Constitutional Amendment,,,Yes,471
SUFFOLK CITY,402 - WHALEYVILLE,Proposed Constitutional Amendment,,,No,1034
SUFFOLK CITY,402 - WHALEYVILLE,Proposed Constitutional Amendment,,,Yes,350
SUFFOLK CITY,403 - SOUTHSIDE,Proposed Constitutional Amendment,,,No,61
SUFFOLK CITY,403 - SOUTHSIDE,Proposed Constitutional Amendment,,,Yes,543
SUFFOLK CITY,404 - BOOKER T WASHINGTON,Proposed Constitutional Amendment,,,No,57
SUFFOLK CITY,404 - BOOKER T WASHINGTON,Proposed Constitutional Amendment,,,Yes,910
SUFFOLK CITY,405 - HOLLYWOOD,Proposed Constitutional Amendment,,,No,27
SUFFOLK CITY,405 - HOLLYWOOD,Proposed Constitutional Amendment,,,Yes,515
SUFFOLK CITY,501 - KILBYS MILL,Proposed Constitutional Amendment,,,No,1001
SUFFOLK CITY,501 - KILBYS MILL,Proposed Constitutional Amendment,,,Yes,723
SUFFOLK CITY,502 - HOLLAND,Proposed Constitutional Amendment,,,No,800
SUFFOLK CITY,502 - HOLLAND,Proposed Constitutional Amendment,,,Yes,328
SUFFOLK CITY,504 - LAKE COHOON,Proposed Constitutional Amendment,,,No,1653
SUFFOLK CITY,504 - LAKE COHOON,Proposed Constitutional Amendment,,,Yes,1110
SUFFOLK CITY,505 - PITTMANTOWN,Proposed Constitutional Amendment,,,No,633
SUFFOLK CITY,505 - PITTMANTOWN,Proposed Constitutional Amendment,,,Yes,342
SUFFOLK CITY,601 - LAKESIDE,Proposed Constitutional Amendment,,,No,553
SUFFOLK CITY,601 - LAKESIDE,Proposed Constitutional Amendment,,,Yes,795
SUFFOLK CITY,602 - OLDE TOWNE,Proposed Constitutional Amendment,,,No,123
SUFFOLK CITY,602 - OLDE TOWNE,Proposed Constitutional Amendment,,,Yes,230
SUFFOLK CITY,603 - ELEPHANTS FORK/WESTHAVEN,Proposed Constitutional Amendment,,,No,214
SUFFOLK CITY,603 - ELEPHANTS FORK/WESTHAVEN,Proposed Constitutional Amendment,,,Yes,301
SUFFOLK CITY,604 - WILROY,Proposed Constitutional Amendment,,,No,591
SUFFOLK CITY,604 - WILROY,Proposed Constitutional Amendment,,,Yes,827
SUFFOLK CITY,605 - MACK BENN JR,Proposed Constitutional Amendment,,,No,104
SUFFOLK CITY,605 - MACK BENN JR,Proposed Constitutional Amendment,,,Yes,246
SUFFOLK CITY,703 - PUGHSVILLE,Proposed Constitutional Amendment,,,No,201
SUFFOLK CITY,703 - PUGHSVILLE,Proposed Constitutional Amendment,,,Yes,822
SUFFOLK CITY,704 - BURBAGE GRANT,Proposed Constitutional Amendment,,,No,486
SUFFOLK CITY,704 - BURBAGE GRANT,Proposed Constitutional Amendment,,,Yes,1145
SUFFOLK CITY,706 - HUNTERSVILLE,Proposed Constitutional Amendment,,,No,230
SUFFOLK CITY,706 - HUNTERSVILLE,Proposed Constitutional Amendment,,,Yes,1079
SURRY COUNTY,101 - SURRY,Proposed Constitutional Amendment,,,No,476
SURRY COUNTY,101 - SURRY,Proposed Constitutional Amendment,,,Yes,261
SURRY COUNTY,201 - BACONS CASTLE,Proposed Constitutional Amendment,,,No,272
SURRY COUNTY,201 - BACONS CASTLE,Proposed Constitutional Amendment,,,Yes,387
SURRY COUNTY,301 - DENDRON,Proposed Constitutional Amendment,,,No,376
SURRY COUNTY,301 - DENDRON,Proposed Constitutional Amendment,,,Yes,324
SURRY COUNTY,401 - CARSLEY,Proposed Constitutional Amendment,,,No,341
SURRY COUNTY,401 - CARSLEY,Proposed Constitutional Amendment,,,Yes,354
SURRY COUNTY,501 - CLAREMONT,Proposed Constitutional Amendment,,,No,255
SURRY COUNTY,501 - CLAREMONT,Proposed Constitutional Amendment,,,Yes,188
SURRY COUNTY,502 - SPRING GROVE,Proposed Constitutional Amendment,,,No,37
SURRY COUNTY,502 - SPRING GROVE,Proposed Constitutional Amendment,,,Yes,149
SUSSEX COUNTY,101 - WAVERLY,Proposed Constitutional Amendment,,,No,87
SUSSEX COUNTY,101 - WAVERLY,Proposed Constitutional Amendment,,,Yes,354
SUSSEX COUNTY,201 - STONY CREEK,Proposed Constitutional Amendment,,,No,229
SUSSEX COUNTY,201 - STONY CREEK,Proposed Constitutional Amendment,,,Yes,277
SUSSEX COUNTY,301 - COURTHOUSE,Proposed Constitutional Amendment,,,No,141
SUSSEX COUNTY,301 - COURTHOUSE,Proposed Constitutional Amendment,,,Yes,73
SUSSEX COUNTY,302 - NEWVILLE ONE,Proposed Constitutional Amendment,,,No,120
SUSSEX COUNTY,302 - NEWVILLE ONE,Proposed Constitutional Amendment,,,Yes,40
SUSSEX COUNTY,401 - WAKEFIELD FIREHOUSE,Proposed Constitutional Amendment,,,No,316
SUSSEX COUNTY,401 - WAKEFIELD FIREHOUSE,Proposed Constitutional Amendment,,,Yes,257
SUSSEX COUNTY,501 - HENRY,Proposed Constitutional Amendment,,,No,243
SUSSEX COUNTY,501 - HENRY,Proposed Constitutional Amendment,,,Yes,261
SUSSEX COUNTY,601 - BLACKWATER,Proposed Constitutional Amendment,,,No,243
SUSSEX COUNTY,601 - BLACKWATER,Proposed Constitutional Amendment,,,Yes,190
SUSSEX COUNTY,602 - WAKEFIELD,Proposed Constitutional Amendment,,,No,103
SUSSEX COUNTY,602 - WAKEFIELD,Proposed Constitutional Amendment,,,Yes,56
SUSSEX COUNTY,701 - YALE,Proposed Constitutional Amendment,,,No,230
SUSSEX COUNTY,701 - YALE,Proposed Constitutional Amendment,,,Yes,127
SUSSEX COUNTY,702 - NEWVILLE TWO,Proposed Constitutional Amendment,,,No,105
SUSSEX COUNTY,702 - NEWVILLE TWO,Proposed Constitutional Amendment,,,Yes,79
TAZEWELL COUNTY,101 - INDIAN VALLEY,Proposed Constitutional Amendment,,,No,346
TAZEWELL COUNTY,101 - INDIAN VALLEY,Proposed Constitutional Amendment,,,Yes,27
TAZEWELL COUNTY,102 - TIP TOP,Proposed Constitutional Amendment,,,No,315
TAZEWELL COUNTY,102 - TIP TOP,Proposed Constitutional Amendment,,,Yes,44
TAZEWELL COUNTY,103 - MUNDY TOWN,Proposed Constitutional Amendment,,,No,626
TAZEWELL COUNTY,103 - MUNDY TOWN,Proposed Constitutional Amendment,,,Yes,73
TAZEWELL COUNTY,104 - FALLS MILLS,Proposed Constitutional Amendment,,,No,280
TAZEWELL COUNTY,104 - FALLS MILLS,Proposed Constitutional Amendment,,,Yes,28
TAZEWELL COUNTY,106 - POCAHONTAS,Proposed Constitutional Amendment,,,No,110
TAZEWELL COUNTY,106 - POCAHONTAS,Proposed Constitutional Amendment,,,Yes,13
TAZEWELL COUNTY,109 - BISHOP,Proposed Constitutional Amendment,,,No,152
TAZEWELL COUNTY,109 - BISHOP,Proposed Constitutional Amendment,,,Yes,12
TAZEWELL COUNTY,112 - BANDY,Proposed Constitutional Amendment,,,No,195
TAZEWELL COUNTY,112 - BANDY,Proposed Constitutional Amendment,,,Yes,11
TAZEWELL COUNTY,203 - BURKES GARDEN,Proposed Constitutional Amendment,,,No,89
TAZEWELL COUNTY,203 - BURKES GARDEN,Proposed Constitutional Amendment,,,Yes,10
TAZEWELL COUNTY,204 - CLEAR FORK,Proposed Constitutional Amendment,,,No,398
TAZEWELL COUNTY,204 - CLEAR FORK,Proposed Constitutional Amendment,,,Yes,45
TAZEWELL COUNTY,207 - FREESTONE,Proposed Constitutional Amendment,,,No,112
TAZEWELL COUNTY,207 - FREESTONE,Proposed Constitutional Amendment,,,Yes,12
TAZEWELL COUNTY,209 - JEFFERSONVILLE,Proposed Constitutional Amendment,,,No,1403
TAZEWELL COUNTY,209 - JEFFERSONVILLE,Proposed Constitutional Amendment,,,Yes,346
TAZEWELL COUNTY,214 - THOMPSON VALLEY,Proposed Constitutional Amendment,,,No,378
TAZEWELL COUNTY,214 - THOMPSON VALLEY,Proposed Constitutional Amendment,,,Yes,39
TAZEWELL COUNTY,301 - CEDAR BLUFF,Proposed Constitutional Amendment,,,No,1366
TAZEWELL COUNTY,301 - CEDAR BLUFF,Proposed Constitutional Amendment,,,Yes,110
TAZEWELL COUNTY,302 - BAPTIST VALLEY,Proposed Constitutional Amendment,,,No,198
TAZEWELL COUNTY,302 - BAPTIST VALLEY,Proposed Constitutional Amendment,,,Yes,30
TAZEWELL COUNTY,303 - PAINT LICK,Proposed Constitutional Amendment,,,No,1064
TAZEWELL COUNTY,303 - PAINT LICK,Proposed Constitutional Amendment,,,Yes,126
TAZEWELL COUNTY,401 - RICHLANDS,Proposed Constitutional Amendment,,,No,1860
TAZEWELL COUNTY,401 - RICHLANDS,Proposed Constitutional Amendment,,,Yes,280
TAZEWELL COUNTY,402 - JEWELL RIDGE,Proposed Constitutional Amendment,,,No,138
TAZEWELL COUNTY,402 - JEWELL RIDGE,Proposed Constitutional Amendment,,,Yes,6
TAZEWELL COUNTY,501 - SPRINGVILLE,Proposed Constitutional Amendment,,,No,890
TAZEWELL COUNTY,501 - SPRINGVILLE,Proposed Constitutional Amendment,,,Yes,115
TAZEWELL COUNTY,502 - GRAHAM,Proposed Constitutional Amendment,,,No,1283
TAZEWELL COUNTY,502 - GRAHAM,Proposed Constitutional Amendment,,,Yes,257
VIRGINIA BEACH CITY,001 - PRECINCT 1,Proposed Constitutional Amendment,,,No,1436
VIRGINIA BEACH CITY,001 - PRECINCT 1,Proposed Constitutional Amendment,,,Yes,841
VIRGINIA BEACH CITY,002 - PRECINCT 2,Proposed Constitutional Amendment,,,No,869
VIRGINIA BEACH CITY,002 - PRECINCT 2,Proposed Constitutional Amendment,,,Yes,865
VIRGINIA BEACH CITY,003 - PRECINCT 3,Proposed Constitutional Amendment,,,No,647
VIRGINIA BEACH CITY,003 - PRECINCT 3,Proposed Constitutional Amendment,,,Yes,526
VIRGINIA BEACH CITY,004 - PRECINCT 4,Proposed Constitutional Amendment,,,No,1104
VIRGINIA BEACH CITY,004 - PRECINCT 4,Proposed Constitutional Amendment,,,Yes,665
VIRGINIA BEACH CITY,005 - PRECINCT 5,Proposed Constitutional Amendment,,,No,591
VIRGINIA BEACH CITY,005 - PRECINCT 5,Proposed Constitutional Amendment,,,Yes,743
VIRGINIA BEACH CITY,006 - PRECINCT 6,Proposed Constitutional Amendment,,,No,1160
VIRGINIA BEACH CITY,006 - PRECINCT 6,Proposed Constitutional Amendment,,,Yes,811
VIRGINIA BEACH CITY,007 - PRECINCT 7,Proposed Constitutional Amendment,,,No,692
VIRGINIA BEACH CITY,007 - PRECINCT 7,Proposed Constitutional Amendment,,,Yes,554
VIRGINIA BEACH CITY,008 - PRECINCT 8,Proposed Constitutional Amendment,,,No,736
VIRGINIA BEACH CITY,008 - PRECINCT 8,Proposed Constitutional Amendment,,,Yes,720
VIRGINIA BEACH CITY,009 - PRECINCT 9,Proposed Constitutional Amendment,,,No,1140
VIRGINIA BEACH CITY,009 - PRECINCT 9,Proposed Constitutional Amendment,,,Yes,696
VIRGINIA BEACH CITY,010 - PRECINCT 10,Proposed Constitutional Amendment,,,No,1456
VIRGINIA BEACH CITY,010 - PRECINCT 10,Proposed Constitutional Amendment,,,Yes,735
VIRGINIA BEACH CITY,011 - PRECINCT 11,Proposed Constitutional Amendment,,,No,1128
VIRGINIA BEACH CITY,011 - PRECINCT 11,Proposed Constitutional Amendment,,,Yes,1096
VIRGINIA BEACH CITY,012 - PRECINCT 12,Proposed Constitutional Amendment,,,No,685
VIRGINIA BEACH CITY,012 - PRECINCT 12,Proposed Constitutional Amendment,,,Yes,888
VIRGINIA BEACH CITY,013 - PRECINCT 13,Proposed Constitutional Amendment,,,No,991
VIRGINIA BEACH CITY,013 - PRECINCT 13,Proposed Constitutional Amendment,,,Yes,920
VIRGINIA BEACH CITY,014 - PRECINCT 14,Proposed Constitutional Amendment,,,No,836
VIRGINIA BEACH CITY,014 - PRECINCT 14,Proposed Constitutional Amendment,,,Yes,849
VIRGINIA BEACH CITY,015 - PRECINCT 15,Proposed Constitutional Amendment,,,No,575
VIRGINIA BEACH CITY,015 - PRECINCT 15,Proposed Constitutional Amendment,,,Yes,555
VIRGINIA BEACH CITY,016 - PRECINCT 16,Proposed Constitutional Amendment,,,No,729
VIRGINIA BEACH CITY,016 - PRECINCT 16,Proposed Constitutional Amendment,,,Yes,711
VIRGINIA BEACH CITY,017 - PRECINCT 17,Proposed Constitutional Amendment,,,No,734
VIRGINIA BEACH CITY,017 - PRECINCT 17,Proposed Constitutional Amendment,,,Yes,611
VIRGINIA BEACH CITY,018 - PRECINCT 18,Proposed Constitutional Amendment,,,No,1148
VIRGINIA BEACH CITY,018 - PRECINCT 18,Proposed Constitutional Amendment,,,Yes,936
VIRGINIA BEACH CITY,019 - PRECINCT 19,Proposed Constitutional Amendment,,,No,590
VIRGINIA BEACH CITY,019 - PRECINCT 19,Proposed Constitutional Amendment,,,Yes,403
VIRGINIA BEACH CITY,020 - PRECINCT 20,Proposed Constitutional Amendment,,,No,540
VIRGINIA BEACH CITY,020 - PRECINCT 20,Proposed Constitutional Amendment,,,Yes,458
VIRGINIA BEACH CITY,021 - PRECINCT 21,Proposed Constitutional Amendment,,,No,370
VIRGINIA BEACH CITY,021 - PRECINCT 21,Proposed Constitutional Amendment,,,Yes,1098
VIRGINIA BEACH CITY,022 - PRECINCT 22,Proposed Constitutional Amendment,,,No,704
VIRGINIA BEACH CITY,022 - PRECINCT 22,Proposed Constitutional Amendment,,,Yes,547
VIRGINIA BEACH CITY,023 - PRECINCT 23,Proposed Constitutional Amendment,,,No,834
VIRGINIA BEACH CITY,023 - PRECINCT 23,Proposed Constitutional Amendment,,,Yes,707
VIRGINIA BEACH CITY,024 - PRECINCT 24,Proposed Constitutional Amendment,,,No,464
VIRGINIA BEACH CITY,024 - PRECINCT 24,Proposed Constitutional Amendment,,,Yes,337
VIRGINIA BEACH CITY,025 - PRECINCT 25,Proposed Constitutional Amendment,,,No,998
VIRGINIA BEACH CITY,025 - PRECINCT 25,Proposed Constitutional Amendment,,,Yes,851
VIRGINIA BEACH CITY,026 - PRECINCT 26,Proposed Constitutional Amendment,,,No,637
VIRGINIA BEACH CITY,026 - PRECINCT 26,Proposed Constitutional Amendment,,,Yes,517
VIRGINIA BEACH CITY,027 - PRECINCT 27,Proposed Constitutional Amendment,,,No,532
VIRGINIA BEACH CITY,027 - PRECINCT 27,Proposed Constitutional Amendment,,,Yes,427
VIRGINIA BEACH CITY,028 - PRECINCT 28,Proposed Constitutional Amendment,,,No,709
VIRGINIA BEACH CITY,028 - PRECINCT 28,Proposed Constitutional Amendment,,,Yes,546
VIRGINIA BEACH CITY,029 - PRECINCT 29,Proposed Constitutional Amendment,,,No,563
VIRGINIA BEACH CITY,029 - PRECINCT 29,Proposed Constitutional Amendment,,,Yes,833
VIRGINIA BEACH CITY,030 - PRECINCT 30,Proposed Constitutional Amendment,,,No,1019
VIRGINIA BEACH CITY,030 - PRECINCT 30,Proposed Constitutional Amendment,,,Yes,643
VIRGINIA BEACH CITY,031 - PRECINCT 31,Proposed Constitutional Amendment,,,No,1560
VIRGINIA BEACH CITY,031 - PRECINCT 31,Proposed Constitutional Amendment,,,Yes,815
VIRGINIA BEACH CITY,032 - PRECINCT 32,Proposed Constitutional Amendment,,,No,759
VIRGINIA BEACH CITY,032 - PRECINCT 32,Proposed Constitutional Amendment,,,Yes,192
VIRGINIA BEACH CITY,033 - PRECINCT 33,Proposed Constitutional Amendment,,,No,810
VIRGINIA BEACH CITY,033 - PRECINCT 33,Proposed Constitutional Amendment,,,Yes,202
VIRGINIA BEACH CITY,034 - PRECINCT 34,Proposed Constitutional Amendment,,,No,496
VIRGINIA BEACH CITY,034 - PRECINCT 34,Proposed Constitutional Amendment,,,Yes,131
VIRGINIA BEACH CITY,035 - PRECINCT 35,Proposed Constitutional Amendment,,,No,1246
VIRGINIA BEACH CITY,035 - PRECINCT 35,Proposed Constitutional Amendment,,,Yes,832
VIRGINIA BEACH CITY,036 - PRECINCT 36,Proposed Constitutional Amendment,,,No,722
VIRGINIA BEACH CITY,036 - PRECINCT 36,Proposed Constitutional Amendment,,,Yes,1180
VIRGINIA BEACH CITY,037 - PRECINCT 37,Proposed Constitutional Amendment,,,No,610
VIRGINIA BEACH CITY,037 - PRECINCT 37,Proposed Constitutional Amendment,,,Yes,554
VIRGINIA BEACH CITY,038 - PRECINCT 38,Proposed Constitutional Amendment,,,No,1036
VIRGINIA BEACH CITY,038 - PRECINCT 38,Proposed Constitutional Amendment,,,Yes,778
VIRGINIA BEACH CITY,039 - PRECINCT 39,Proposed Constitutional Amendment,,,No,557
VIRGINIA BEACH CITY,039 - PRECINCT 39,Proposed Constitutional Amendment,,,Yes,589
VIRGINIA BEACH CITY,040 - PRECINCT 40,Proposed Constitutional Amendment,,,No,501
VIRGINIA BEACH CITY,040 - PRECINCT 40,Proposed Constitutional Amendment,,,Yes,681
VIRGINIA BEACH CITY,041 - PRECINCT 41,Proposed Constitutional Amendment,,,No,192
VIRGINIA BEACH CITY,041 - PRECINCT 41,Proposed Constitutional Amendment,,,Yes,636
VIRGINIA BEACH CITY,042 - PRECINCT 42,Proposed Constitutional Amendment,,,No,703
VIRGINIA BEACH CITY,042 - PRECINCT 42,Proposed Constitutional Amendment,,,Yes,850
VIRGINIA BEACH CITY,043 - PRECINCT 43,Proposed Constitutional Amendment,,,No,470
VIRGINIA BEACH CITY,043 - PRECINCT 43,Proposed Constitutional Amendment,,,Yes,859
VIRGINIA BEACH CITY,044 - PRECINCT 44,Proposed Constitutional Amendment,,,No,957
VIRGINIA BEACH CITY,044 - PRECINCT 44,Proposed Constitutional Amendment,,,Yes,831
VIRGINIA BEACH CITY,045 - PRECINCT 45,Proposed Constitutional Amendment,,,No,426
VIRGINIA BEACH CITY,045 - PRECINCT 45,Proposed Constitutional Amendment,,,Yes,888
VIRGINIA BEACH CITY,046 - PRECINCT 46,Proposed Constitutional Amendment,,,No,528
VIRGINIA BEACH CITY,046 - PRECINCT 46,Proposed Constitutional Amendment,,,Yes,844
VIRGINIA BEACH CITY,047 - PRECINCT 47,Proposed Constitutional Amendment,,,No,1312
VIRGINIA BEACH CITY,047 - PRECINCT 47,Proposed Constitutional Amendment,,,Yes,865
VIRGINIA BEACH CITY,048 - PRECINCT 48,Proposed Constitutional Amendment,,,No,605
VIRGINIA BEACH CITY,048 - PRECINCT 48,Proposed Constitutional Amendment,,,Yes,496
VIRGINIA BEACH CITY,049 - PRECINCT 49,Proposed Constitutional Amendment,,,No,915
VIRGINIA BEACH CITY,049 - PRECINCT 49,Proposed Constitutional Amendment,,,Yes,664
VIRGINIA BEACH CITY,050 - PRECINCT 50,Proposed Constitutional Amendment,,,No,345
VIRGINIA BEACH CITY,050 - PRECINCT 50,Proposed Constitutional Amendment,,,Yes,535
VIRGINIA BEACH CITY,051 - PRECINCT 51,Proposed Constitutional Amendment,,,No,763
VIRGINIA BEACH CITY,051 - PRECINCT 51,Proposed Constitutional Amendment,,,Yes,653
VIRGINIA BEACH CITY,052 - PRECINCT 52,Proposed Constitutional Amendment,,,No,1060
VIRGINIA BEACH CITY,052 - PRECINCT 52,Proposed Constitutional Amendment,,,Yes,1048
VIRGINIA BEACH CITY,053 - PRECINCT 53,Proposed Constitutional Amendment,,,No,895
VIRGINIA BEACH CITY,053 - PRECINCT 53,Proposed Constitutional Amendment,,,Yes,801
VIRGINIA BEACH CITY,054 - PRECINCT 54,Proposed Constitutional Amendment,,,No,545
VIRGINIA BEACH CITY,054 - PRECINCT 54,Proposed Constitutional Amendment,,,Yes,591
VIRGINIA BEACH CITY,055 - PRECINCT 55,Proposed Constitutional Amendment,,,No,502
VIRGINIA BEACH CITY,055 - PRECINCT 55,Proposed Constitutional Amendment,,,Yes,890
VIRGINIA BEACH CITY,056 - PRECINCT 56,Proposed Constitutional Amendment,,,No,480
VIRGINIA BEACH CITY,056 - PRECINCT 56,Proposed Constitutional Amendment,,,Yes,370
VIRGINIA BEACH CITY,057 - PRECINCT 57,Proposed Constitutional Amendment,,,No,619
VIRGINIA BEACH CITY,057 - PRECINCT 57,Proposed Constitutional Amendment,,,Yes,523
VIRGINIA BEACH CITY,058 - PRECINCT 58,Proposed Constitutional Amendment,,,No,558
VIRGINIA BEACH CITY,058 - PRECINCT 58,Proposed Constitutional Amendment,,,Yes,620
VIRGINIA BEACH CITY,059 - PRECINCT 59,Proposed Constitutional Amendment,,,No,531
VIRGINIA BEACH CITY,059 - PRECINCT 59,Proposed Constitutional Amendment,,,Yes,575
VIRGINIA BEACH CITY,060 - PRECINCT 60,Proposed Constitutional Amendment,,,No,1440
VIRGINIA BEACH CITY,060 - PRECINCT 60,Proposed Constitutional Amendment,,,Yes,787
VIRGINIA BEACH CITY,061 - PRECINCT 61,Proposed Constitutional Amendment,,,No,192
VIRGINIA BEACH CITY,061 - PRECINCT 61,Proposed Constitutional Amendment,,,Yes,994
VIRGINIA BEACH CITY,062 - PRECINCT 62,Proposed Constitutional Amendment,,,No,981
VIRGINIA BEACH CITY,062 - PRECINCT 62,Proposed Constitutional Amendment,,,Yes,857
VIRGINIA BEACH CITY,063 - PRECINCT 63,Proposed Constitutional Amendment,,,No,1196
VIRGINIA BEACH CITY,063 - PRECINCT 63,Proposed Constitutional Amendment,,,Yes,1041
VIRGINIA BEACH CITY,064 - PRECINCT 64,Proposed Constitutional Amendment,,,No,903
VIRGINIA BEACH CITY,064 - PRECINCT 64,Proposed Constitutional Amendment,,,Yes,1080
VIRGINIA BEACH CITY,065 - PRECINCT 65,Proposed Constitutional Amendment,,,No,780
VIRGINIA BEACH CITY,065 - PRECINCT 65,Proposed Constitutional Amendment,,,Yes,957
VIRGINIA BEACH CITY,066 - PRECINCT 66,Proposed Constitutional Amendment,,,No,928
VIRGINIA BEACH CITY,066 - PRECINCT 66,Proposed Constitutional Amendment,,,Yes,639
VIRGINIA BEACH CITY,067 - PRECINCT 67,Proposed Constitutional Amendment,,,No,290
VIRGINIA BEACH CITY,067 - PRECINCT 67,Proposed Constitutional Amendment,,,Yes,366
VIRGINIA BEACH CITY,068 - PRECINCT 68,Proposed Constitutional Amendment,,,No,856
VIRGINIA BEACH CITY,068 - PRECINCT 68,Proposed Constitutional Amendment,,,Yes,729
VIRGINIA BEACH CITY,069 - PRECINCT 69,Proposed Constitutional Amendment,,,No,355
VIRGINIA BEACH CITY,069 - PRECINCT 69,Proposed Constitutional Amendment,,,Yes,986
VIRGINIA BEACH CITY,070 - PRECINCT 70,Proposed Constitutional Amendment,,,No,856
VIRGINIA BEACH CITY,070 - PRECINCT 70,Proposed Constitutional Amendment,,,Yes,779
VIRGINIA BEACH CITY,071 - PRECINCT 71,Proposed Constitutional Amendment,,,No,634
VIRGINIA BEACH CITY,071 - PRECINCT 71,Proposed Constitutional Amendment,,,Yes,785
VIRGINIA BEACH CITY,072 - PRECINCT 72,Proposed Constitutional Amendment,,,No,1066
VIRGINIA BEACH CITY,072 - PRECINCT 72,Proposed Constitutional Amendment,,,Yes,685
VIRGINIA BEACH CITY,073 - PRECINCT 73,Proposed Constitutional Amendment,,,No,405
VIRGINIA BEACH CITY,073 - PRECINCT 73,Proposed Constitutional Amendment,,,Yes,840
VIRGINIA BEACH CITY,074 - PRECINCT 74,Proposed Constitutional Amendment,,,No,472
VIRGINIA BEACH CITY,074 - PRECINCT 74,Proposed Constitutional Amendment,,,Yes,747
VIRGINIA BEACH CITY,075 - PRECINCT 75,Proposed Constitutional Amendment,,,No,1317
VIRGINIA BEACH CITY,075 - PRECINCT 75,Proposed Constitutional Amendment,,,Yes,752
VIRGINIA BEACH CITY,076 - PRECINCT 76,Proposed Constitutional Amendment,,,No,320
VIRGINIA BEACH CITY,076 - PRECINCT 76,Proposed Constitutional Amendment,,,Yes,779
VIRGINIA BEACH CITY,077 - PRECINCT 77,Proposed Constitutional Amendment,,,No,640
VIRGINIA BEACH CITY,077 - PRECINCT 77,Proposed Constitutional Amendment,,,Yes,706
VIRGINIA BEACH CITY,078 - PRECINCT 78,Proposed Constitutional Amendment,,,No,616
VIRGINIA BEACH CITY,078 - PRECINCT 78,Proposed Constitutional Amendment,,,Yes,739
VIRGINIA BEACH CITY,079 - PRECINCT 79,Proposed Constitutional Amendment,,,No,417
VIRGINIA BEACH CITY,079 - PRECINCT 79,Proposed Constitutional Amendment,,,Yes,915
VIRGINIA BEACH CITY,080 - PRECINCT 80,Proposed Constitutional Amendment,,,No,377
VIRGINIA BEACH CITY,080 - PRECINCT 80,Proposed Constitutional Amendment,,,Yes,787
VIRGINIA BEACH CITY,081 - PRECINCT 81,Proposed Constitutional Amendment,,,No,651
VIRGINIA BEACH CITY,081 - PRECINCT 81,Proposed Constitutional Amendment,,,Yes,988
VIRGINIA BEACH CITY,082 - PRECINCT 82,Proposed Constitutional Amendment,,,No,774
VIRGINIA BEACH CITY,082 - PRECINCT 82,Proposed Constitutional Amendment,,,Yes,605
VIRGINIA BEACH CITY,083 - PRECINCT 83,Proposed Constitutional Amendment,,,No,1066
VIRGINIA BEACH CITY,083 - PRECINCT 83,Proposed Constitutional Amendment,,,Yes,731
VIRGINIA BEACH CITY,084 - PRECINCT 84,Proposed Constitutional Amendment,,,No,557
VIRGINIA BEACH CITY,084 - PRECINCT 84,Proposed Constitutional Amendment,,,Yes,898
VIRGINIA BEACH CITY,085 - PRECINCT 85,Proposed Constitutional Amendment,,,No,1243
VIRGINIA BEACH CITY,085 - PRECINCT 85,Proposed Constitutional Amendment,,,Yes,817
VIRGINIA BEACH CITY,086 - PRECINCT 86,Proposed Constitutional Amendment,,,No,889
VIRGINIA BEACH CITY,086 - PRECINCT 86,Proposed Constitutional Amendment,,,Yes,954
VIRGINIA BEACH CITY,087 - PRECINCT 87,Proposed Constitutional Amendment,,,No,815
VIRGINIA BEACH CITY,087 - PRECINCT 87,Proposed Constitutional Amendment,,,Yes,730
VIRGINIA BEACH CITY,088 - PRECINCT 88,Proposed Constitutional Amendment,,,No,848
VIRGINIA BEACH CITY,088 - PRECINCT 88,Proposed Constitutional Amendment,,,Yes,660
VIRGINIA BEACH CITY,089 - PRECINCT 89,Proposed Constitutional Amendment,,,No,851
VIRGINIA BEACH CITY,089 - PRECINCT 89,Proposed Constitutional Amendment,,,Yes,788
VIRGINIA BEACH CITY,090 - PRECINCT 90,Proposed Constitutional Amendment,,,No,606
VIRGINIA BEACH CITY,090 - PRECINCT 90,Proposed Constitutional Amendment,,,Yes,469
VIRGINIA BEACH CITY,091 - PRECINCT 91,Proposed Constitutional Amendment,,,No,859
VIRGINIA BEACH CITY,091 - PRECINCT 91,Proposed Constitutional Amendment,,,Yes,1200
VIRGINIA BEACH CITY,092 - PRECINCT 92,Proposed Constitutional Amendment,,,No,756
VIRGINIA BEACH CITY,092 - PRECINCT 92,Proposed Constitutional Amendment,,,Yes,479
VIRGINIA BEACH CITY,093 - PRECINCT 93,Proposed Constitutional Amendment,,,No,235
VIRGINIA BEACH CITY,093 - PRECINCT 93,Proposed Constitutional Amendment,,,Yes,1044
VIRGINIA BEACH CITY,094 - PRECINCT 94,Proposed Constitutional Amendment,,,No,587
VIRGINIA BEACH CITY,094 - PRECINCT 94,Proposed Constitutional Amendment,,,Yes,465
VIRGINIA BEACH CITY,095 - PRECINCT 95,Proposed Constitutional Amendment,,,No,612
VIRGINIA BEACH CITY,095 - PRECINCT 95,Proposed Constitutional Amendment,,,Yes,523
VIRGINIA BEACH CITY,096 - PRECINCT 96,Proposed Constitutional Amendment,,,No,381
VIRGINIA BEACH CITY,096 - PRECINCT 96,Proposed Constitutional Amendment,,,Yes,520
VIRGINIA BEACH CITY,097 - PRECINCT 97,Proposed Constitutional Amendment,,,No,487
VIRGINIA BEACH CITY,097 - PRECINCT 97,Proposed Constitutional Amendment,,,Yes,885
VIRGINIA BEACH CITY,098 - PRECINCT 98,Proposed Constitutional Amendment,,,No,294
VIRGINIA BEACH CITY,098 - PRECINCT 98,Proposed Constitutional Amendment,,,Yes,563
VIRGINIA BEACH CITY,099 - PRECINCT 99,Proposed Constitutional Amendment,,,No,298
VIRGINIA BEACH CITY,099 - PRECINCT 99,Proposed Constitutional Amendment,,,Yes,528
VIRGINIA BEACH CITY,100 - PRECINCT 100,Proposed Constitutional Amendment,,,No,642
VIRGINIA BEACH CITY,100 - PRECINCT 100,Proposed Constitutional Amendment,,,Yes,314
VIRGINIA BEACH CITY,101 - PRECINCT 101,Proposed Constitutional Amendment,,,No,196
VIRGINIA BEACH CITY,101 - PRECINCT 101,Proposed Constitutional Amendment,,,Yes,193
VIRGINIA BEACH CITY,102 - PRECINCT 102,Proposed Constitutional Amendment,,,No,100
VIRGINIA BEACH CITY,102 - PRECINCT 102,Proposed Constitutional Amendment,,,Yes,156
VIRGINIA BEACH CITY,103 - PRECINCT 103,Proposed Constitutional Amendment,,,No,179
VIRGINIA BEACH CITY,103 - PRECINCT 103,Proposed Constitutional Amendment,,,Yes,387
VIRGINIA BEACH CITY,104 - PRECINCT 104,Proposed Constitutional Amendment,,,No,275
VIRGINIA BEACH CITY,104 - PRECINCT 104,Proposed Constitutional Amendment,,,Yes,942
VIRGINIA BEACH CITY,105 - PRECINCT 105,Proposed Constitutional Amendment,,,No,354
VIRGINIA BEACH CITY,105 - PRECINCT 105,Proposed Constitutional Amendment,,,Yes,230
VIRGINIA BEACH CITY,106 - PRECINCT 106,Proposed Constitutional Amendment,,,No,282
VIRGINIA BEACH CITY,106 - PRECINCT 106,Proposed Constitutional Amendment,,,Yes,549
VIRGINIA BEACH CITY,107 - PRECINCT 107,Proposed Constitutional Amendment,,,No,467
VIRGINIA BEACH CITY,107 - PRECINCT 107,Proposed Constitutional Amendment,,,Yes,334
VIRGINIA BEACH CITY,108 - PRECINCT 108,Proposed Constitutional Amendment,,,No,281
VIRGINIA BEACH CITY,108 - PRECINCT 108,Proposed Constitutional Amendment,,,Yes,258
WARREN COUNTY,101 - FORK TOWN,Proposed Constitutional Amendment,,,No,662
WARREN COUNTY,101 - FORK TOWN,Proposed Constitutional Amendment,,,Yes,342
WARREN COUNTY,102 - OTTERBURN,Proposed Constitutional Amendment,,,No,1661
WARREN COUNTY,102 - OTTERBURN,Proposed Constitutional Amendment,,,Yes,526
WARREN COUNTY,201 - HAPPY CREEK,Proposed Constitutional Amendment,,,No,1231
WARREN COUNTY,201 - HAPPY CREEK,Proposed Constitutional Amendment,,,Yes,552
WARREN COUNTY,202 - LINDEN,Proposed Constitutional Amendment,,,No,1266
WARREN COUNTY,202 - LINDEN,Proposed Constitutional Amendment,,,Yes,674
WARREN COUNTY,301 - NORTH RIVER,Proposed Constitutional Amendment,,,No,799
WARREN COUNTY,301 - NORTH RIVER,Proposed Constitutional Amendment,,,Yes,425
WARREN COUNTY,302 - RIVERTON,Proposed Constitutional Amendment,,,No,1362
WARREN COUNTY,302 - RIVERTON,Proposed Constitutional Amendment,,,Yes,457
WARREN COUNTY,401 - EAST SHENANDOAH,Proposed Constitutional Amendment,,,No,1629
WARREN COUNTY,401 - EAST SHENANDOAH,Proposed Constitutional Amendment,,,Yes,563
WARREN COUNTY,402 - WEST SHENANDOAH,Proposed Constitutional Amendment,,,No,700
WARREN COUNTY,402 - WEST SHENANDOAH,Proposed Constitutional Amendment,,,Yes,279
WARREN COUNTY,501 - SOUTH RIVER,Proposed Constitutional Amendment,,,No,1142
WARREN COUNTY,501 - SOUTH RIVER,Proposed Constitutional Amendment,,,Yes,612
WARREN COUNTY,502 - BENTONVILLE,Proposed Constitutional Amendment,,,No,556
WARREN COUNTY,502 - BENTONVILLE,Proposed Constitutional Amendment,,,Yes,159
WARREN COUNTY,504 - BROWNTOWN,Proposed Constitutional Amendment,,,No,432
WARREN COUNTY,504 - BROWNTOWN,Proposed Constitutional Amendment,,,Yes,172
WASHINGTON COUNTY,101 - EAST ABINGDON,Proposed Constitutional Amendment,,,No,1098
WASHINGTON COUNTY,101 - EAST ABINGDON,Proposed Constitutional Amendment,,,Yes,491
WASHINGTON COUNTY,102 - WEST ABINGDON,Proposed Constitutional Amendment,,,No,625
WASHINGTON COUNTY,102 - WEST ABINGDON,Proposed Constitutional Amendment,,,Yes,338
WASHINGTON COUNTY,201 - CLINCHBURG,Proposed Constitutional Amendment,,,No,521
WASHINGTON COUNTY,201 - CLINCHBURG,Proposed Constitutional Amendment,,,Yes,87
WASHINGTON COUNTY,202 - GREENDALE,Proposed Constitutional Amendment,,,No,961
WASHINGTON COUNTY,202 - GREENDALE,Proposed Constitutional Amendment,,,Yes,166
WASHINGTON COUNTY,203 - HAYTERS GAP,Proposed Constitutional Amendment,,,No,313
WASHINGTON COUNTY,203 - HAYTERS GAP,Proposed Constitutional Amendment,,,Yes,48
WASHINGTON COUNTY,204 WOODLAND HILLS,Proposed Constitutional Amendment,,,No,794
WASHINGTON COUNTY,204 WOODLAND HILLS,Proposed Constitutional Amendment,,,Yes,207
WASHINGTON COUNTY,301 - WATAUGA,Proposed Constitutional Amendment,,,No,1349
WASHINGTON COUNTY,301 - WATAUGA,Proposed Constitutional Amendment,,,Yes,354
WASHINGTON COUNTY,302 - SOUTH ABINGDON,Proposed Constitutional Amendment,,,No,1089
WASHINGTON COUNTY,302 - SOUTH ABINGDON,Proposed Constitutional Amendment,,,Yes,508
WASHINGTON COUNTY,401 - GLADE SPRING,Proposed Constitutional Amendment,,,No,978
WASHINGTON COUNTY,401 - GLADE SPRING,Proposed Constitutional Amendment,,,Yes,197
WASHINGTON COUNTY,402 - MEADOWVIEW,Proposed Constitutional Amendment,,,No,1202
WASHINGTON COUNTY,402 - MEADOWVIEW,Proposed Constitutional Amendment,,,Yes,252
WASHINGTON COUNTY,501 - RHEA VALLEY,Proposed Constitutional Amendment,,,No,1652
WASHINGTON COUNTY,501 - RHEA VALLEY,Proposed Constitutional Amendment,,,Yes,269
WASHINGTON COUNTY,502 - DAMASCUS,Proposed Constitutional Amendment,,,No,616
WASHINGTON COUNTY,502 - DAMASCUS,Proposed Constitutional Amendment,,,Yes,201
WASHINGTON COUNTY,504 - GREEN COVE,Proposed Constitutional Amendment,,,No,138
WASHINGTON COUNTY,504 - GREEN COVE,Proposed Constitutional Amendment,,,Yes,23
WASHINGTON COUNTY,601 - BURSON PLACE,Proposed Constitutional Amendment,,,No,1407
WASHINGTON COUNTY,601 - BURSON PLACE,Proposed Constitutional Amendment,,,Yes,181
WASHINGTON COUNTY,602 - MENDOTA,Proposed Constitutional Amendment,,,No,281
WASHINGTON COUNTY,602 - MENDOTA,Proposed Constitutional Amendment,,,Yes,28
WASHINGTON COUNTY,603 - VALLEY INSTITUTE,Proposed Constitutional Amendment,,,No,906
WASHINGTON COUNTY,603 - VALLEY INSTITUTE,Proposed Constitutional Amendment,,,Yes,164
WASHINGTON COUNTY,701 - HIGH POINT,Proposed Constitutional Amendment,,,No,1059
WASHINGTON COUNTY,701 - HIGH POINT,Proposed Constitutional Amendment,,,Yes,211
WASHINGTON COUNTY,702 - WALLACE,Proposed Constitutional Amendment,,,No,410
WASHINGTON COUNTY,702 - WALLACE,Proposed Constitutional Amendment,,,Yes,79
WASHINGTON COUNTY,703 - JOHN BATTLE,Proposed Constitutional Amendment,,,No,1010
WASHINGTON COUNTY,703 - JOHN BATTLE,Proposed Constitutional Amendment,,,Yes,230
WAYNESBORO CITY,001 - WARD A,Proposed Constitutional Amendment,,,No,666
WAYNESBORO CITY,001 - WARD A,Proposed Constitutional Amendment,,,Yes,581
WAYNESBORO CITY,002 - WARD B,Proposed Constitutional Amendment,,,No,1277
WAYNESBORO CITY,002 - WARD B,Proposed Constitutional Amendment,,,Yes,1173
WAYNESBORO CITY,003 - WARD C,Proposed Constitutional Amendment,,,No,1060
WAYNESBORO CITY,003 - WARD C,Proposed Constitutional Amendment,,,Yes,892
WAYNESBORO CITY,004 - WARD D,Proposed Constitutional Amendment,,,No,1347
WAYNESBORO CITY,004 - WARD D,Proposed Constitutional Amendment,,,Yes,1045
WESTMORELAND COUNTY,101 - PRECINCT 1-1,Proposed Constitutional Amendment,,,No,353
WESTMORELAND COUNTY,101 - PRECINCT 1-1,Proposed Constitutional Amendment,,,Yes,526
WESTMORELAND COUNTY,102 - PRECINCT 1-2,Proposed Constitutional Amendment,,,No,281
WESTMORELAND COUNTY,102 - PRECINCT 1-2,Proposed Constitutional Amendment,,,Yes,276
WESTMORELAND COUNTY,201 - PRECINCT 2-1,Proposed Constitutional Amendment,,,No,650
WESTMORELAND COUNTY,201 - PRECINCT 2-1,Proposed Constitutional Amendment,,,Yes,510
WESTMORELAND COUNTY,202 - PRECINCT 2-2,Proposed Constitutional Amendment,,,No,420
WESTMORELAND COUNTY,202 - PRECINCT 2-2,Proposed Constitutional Amendment,,,Yes,236
WESTMORELAND COUNTY,301 - PRECINCT 3-1,Proposed Constitutional Amendment,,,No,424
WESTMORELAND COUNTY,301 - PRECINCT 3-1,Proposed Constitutional Amendment,,,Yes,311
WESTMORELAND COUNTY,302 - PRECINCT 3-2,Proposed Constitutional Amendment,,,No,539
WESTMORELAND COUNTY,302 - PRECINCT 3-2,Proposed Constitutional Amendment,,,Yes,311
WESTMORELAND COUNTY,401 - PRECINCT 4-1,Proposed Constitutional Amendment,,,No,1180
WESTMORELAND COUNTY,401 - PRECINCT 4-1,Proposed Constitutional Amendment,,,Yes,457
WESTMORELAND COUNTY,501 - PRECINCT 5-1,Proposed Constitutional Amendment,,,No,906
WESTMORELAND COUNTY,501 - PRECINCT 5-1,Proposed Constitutional Amendment,,,Yes,683
WILLIAMSBURG CITY,001 - STRYKER,Proposed Constitutional Amendment,,,No,774
WILLIAMSBURG CITY,001 - STRYKER,Proposed Constitutional Amendment,,,Yes,1791
WILLIAMSBURG CITY,002 - MATOAKA,Proposed Constitutional Amendment,,,No,948
WILLIAMSBURG CITY,002 - MATOAKA,Proposed Constitutional Amendment,,,Yes,2161
WINCHESTER CITY,101 - MERRIMANS,Proposed Constitutional Amendment,,,No,878
WINCHESTER CITY,101 - MERRIMANS,Proposed Constitutional Amendment,,,Yes,1161
WINCHESTER CITY,102 - OLD TOWN,Proposed Constitutional Amendment,,,No,594
WINCHESTER CITY,102 - OLD TOWN,Proposed Constitutional Amendment,,,Yes,764
WINCHESTER CITY,201 - VIRGINIA AVENUE,Proposed Constitutional Amendment,,,No,427
WINCHESTER CITY,201 - VIRGINIA AVENUE,Proposed Constitutional Amendment,,,Yes,781
WINCHESTER CITY,301 - WAR MEMORIAL,Proposed Constitutional Amendment,,,No,570
WINCHESTER CITY,301 - WAR MEMORIAL,Proposed Constitutional Amendment,,,Yes,688
WINCHESTER CITY,401 - FREDERICK DOUGLASS,Proposed Constitutional Amendment,,,No,339
WINCHESTER CITY,401 - FREDERICK DOUGLASS,Proposed Constitutional Amendment,,,Yes,329
WINCHESTER CITY,402 - ROLLING HILLS,Proposed Constitutional Amendment,,,No,700
WINCHESTER CITY,402 - ROLLING HILLS,Proposed Constitutional Amendment,,,Yes,701
WISE COUNTY,101 - APPALACHIA,Proposed Constitutional Amendment,,,No,437
WISE COUNTY,101 - APPALACHIA,Proposed Constitutional Amendment,,,Yes,83
WISE COUNTY,102 - DORCHESTER,Proposed Constitutional Amendment,,,No,352
WISE COUNTY,102 - DORCHESTER,Proposed Constitutional Amendment,,,Yes,38
WISE COUNTY,103 - GUEST RIVER VOTING PLACE,Proposed Constitutional Amendment,,,No,321
WISE COUNTY,103 - GUEST RIVER VOTING PLACE,Proposed Constitutional Amendment,,,Yes,52
WISE COUNTY,104 - WEST POUND,Proposed Constitutional Amendment,,,No,874
WISE COUNTY,104 - WEST POUND,Proposed Constitutional Amendment,,,Yes,136
WISE COUNTY,201 - NORTH COEBURN,Proposed Constitutional Amendment,,,No,502
WISE COUNTY,201 - NORTH COEBURN,Proposed Constitutional Amendment,,,Yes,60
WISE COUNTY,202 - WISE,Proposed Constitutional Amendment,,,No,1289
WISE COUNTY,202 - WISE,Proposed Constitutional Amendment,,,Yes,282
WISE COUNTY,203 - EAST POUND,Proposed Constitutional Amendment,,,No,277
WISE COUNTY,203 - EAST POUND,Proposed Constitutional Amendment,,,Yes,37
WISE COUNTY,301 - BIG STONE GAP,Proposed Constitutional Amendment,,,No,984
WISE COUNTY,301 - BIG STONE GAP,Proposed Constitutional Amendment,,,Yes,252
WISE COUNTY,302 - EAST STONE GAP,Proposed Constitutional Amendment,,,No,1129
WISE COUNTY,302 - EAST STONE GAP,Proposed Constitutional Amendment,,,Yes,167
WISE COUNTY,401 - CLINCH VALLEY,Proposed Constitutional Amendment,,,No,1037
WISE COUNTY,401 - CLINCH VALLEY,Proposed Constitutional Amendment,,,Yes,169
WISE COUNTY,402 - SOUTH COEBURN,Proposed Constitutional Amendment,,,No,1086
WISE COUNTY,402 - SOUTH COEBURN,Proposed Constitutional Amendment,,,Yes,118
WISE COUNTY,403 - ST PAUL,Proposed Constitutional Amendment,,,No,337
WISE COUNTY,403 - ST PAUL,Proposed Constitutional Amendment,,,Yes,77
WYTHE COUNTY,101 - ROYAL OAK,Proposed Constitutional Amendment,,,No,404
WYTHE COUNTY,101 - ROYAL OAK,Proposed Constitutional Amendment,,,Yes,51
WYTHE COUNTY,102 - RURAL RETREAT,Proposed Constitutional Amendment,,,No,1283
WYTHE COUNTY,102 - RURAL RETREAT,Proposed Constitutional Amendment,,,Yes,212
WYTHE COUNTY,203 - WEST WYTHEVILLE,Proposed Constitutional Amendment,,,No,1264
WYTHE COUNTY,203 - WEST WYTHEVILLE,Proposed Constitutional Amendment,,,Yes,422
WYTHE COUNTY,303 - EAST WYTHEVILLE,Proposed Constitutional Amendment,,,No,1275
WYTHE COUNTY,303 - EAST WYTHEVILLE,Proposed Constitutional Amendment,,,Yes,512
WYTHE COUNTY,401 - FORT CHISWELL,Proposed Constitutional Amendment,,,No,845
WYTHE COUNTY,401 - FORT CHISWELL,Proposed Constitutional Amendment,,,Yes,127
WYTHE COUNTY,402 - MAX MEADOWS,Proposed Constitutional Amendment,,,No,821
WYTHE COUNTY,402 - MAX MEADOWS,Proposed Constitutional Amendment,,,Yes,119
WYTHE COUNTY,501 - JACKSON MEMORIAL,Proposed Constitutional Amendment,,,No,631
WYTHE COUNTY,501 - JACKSON MEMORIAL,Proposed Constitutional Amendment,,,Yes,105
WYTHE COUNTY,502 - SHEFFEY,Proposed Constitutional Amendment,,,No,899
WYTHE COUNTY,502 - SHEFFEY,Proposed Constitutional Amendment,,,Yes,139
WYTHE COUNTY,601 - HUDDLE,Proposed Constitutional Amendment,,,No,441
WYTHE COUNTY,601 - HUDDLE,Proposed Constitutional Amendment,,,Yes,51
WYTHE COUNTY,602 - ZION,Proposed Constitutional Amendment,,,No,686
WYTHE COUNTY,602 - ZION,Proposed Constitutional Amendment,,,Yes,89
WYTHE COUNTY,603 EVERGREEN,Proposed Constitutional Amendment,,,No,509
WYTHE COUNTY,603 EVERGREEN,Proposed Constitutional Amendment,,,Yes,85
YORK COUNTY,101 - QUEENS LAKE,Proposed Constitutional Amendment,,,No,813
YORK COUNTY,101 - QUEENS LAKE,Proposed Constitutional Amendment,,,Yes,886
YORK COUNTY,102 - WALLER MILL,Proposed Constitutional Amendment,,,No,1391
YORK COUNTY,102 - WALLER MILL,Proposed Constitutional Amendment,,,Yes,1448
YORK COUNTY,103 - MAGRUDER,Proposed Constitutional Amendment,,,No,1022
YORK COUNTY,103 - MAGRUDER,Proposed Constitutional Amendment,,,Yes,1622
YORK COUNTY,201 - COVENTRY,Proposed Constitutional Amendment,,,No,1288
YORK COUNTY,201 - COVENTRY,Proposed Constitutional Amendment,,,Yes,1267
YORK COUNTY,202 - KILN CREEK,Proposed Constitutional Amendment,,,No,998
YORK COUNTY,202 - KILN CREEK,Proposed Constitutional Amendment,,,Yes,827
YORK COUNTY,301 - SEAFORD,Proposed Constitutional Amendment,,,No,2004
YORK COUNTY,301 - SEAFORD,Proposed Constitutional Amendment,,,Yes,672
YORK COUNTY,302 - YORKTOWN,Proposed Constitutional Amendment,,,No,807
YORK COUNTY,302 - YORKTOWN,Proposed Constitutional Amendment,,,Yes,587
YORK COUNTY,303 - EDGEHILL,Proposed Constitutional Amendment,,,No,914
YORK COUNTY,303 - EDGEHILL,Proposed Constitutional Amendment,,,Yes,956
YORK COUNTY,401 - HARWOODS MILL,Proposed Constitutional Amendment,,,No,1637
YORK COUNTY,401 - HARWOODS MILL,Proposed Constitutional Amendment,,,Yes,874
YORK COUNTY,402 - DARE,Proposed Constitutional Amendment,,,No,1627
YORK COUNTY,402 - DARE,Proposed Constitutional Amendment,,,Yes,834
YORK COUNTY,403 - GRAFTON,Proposed Constitutional Amendment,,,No,1006
YORK COUNTY,403 - GRAFTON,Proposed Constitutional Amendment,,,Yes,686
YORK COUNTY,501 - TABB,Proposed Constitutional Amendment,,,No,1546
YORK COUNTY,501 - TABB,Proposed Constitutional Amendment,,,Yes,1110
YORK COUNTY,502 - BETHEL,Proposed Constitutional Amendment,,,No,1299
YORK COUNTY,502 - BETHEL,Proposed Constitutional Amendment,,,Yes,1134
