legacy_id,locality,legacy_prec_id,legacy_precinct_name,current_prec_id,current_precinct_name,match_method,legacy_area_overlap
1,ACCOMACK COUNTY,101,101 - CHINCOTEAGUE,101,101 - CHINCOTEAGUE,exact_key,1.0
2,ACCOMACK COUNTY,201,201 - ATLANTIC,201,201 - ATLANTIC,exact_key,1.0
3,ACCOMACK COUNTY,202,202 - GREENBACKVILLE,202,202 - GREENBACKVILLE,exact_key,1.0
4,ACCOMACK COUNTY,301,301 - NEW CHURCH,301,301 - NEW CHURCH,exact_key,1.0
5,ACCOMACK COUNTY,401,401 - BLOXOM,401,401 - BLOXOM,exact_key,1.0
6,ACCOMACK COUNTY,402,402 - PARKSLEY,402,402 - PARKSLEY,exact_key,1.0
7,ACCOMACK COUNTY,403,403 - SAXIS,403,403 - SAXIS,exact_key,1.0
8,ACCOMACK COUNTY,501,501 - MAPPSVILLE,501,501 - MAPPSVILLE,exact_key,1.0
9,ACCOMACK COUNTY,502,502 - RUE,502,502 - RUE,exact_key,1.0
10,ACCOMACK COUNTY,601,601 - ACCOMAC,601,601 - ACCOMAC,exact_key,1.0
11,ACCOMACK COUNTY,602,602 - TANGIER,602,602 - TANGIER,exact_key,1.0
12,ACCOMACK COUNTY,701,701 - NANDUA,701,701 - NANDUA,exact_key,1.0
13,ACCOMACK COUNTY,801,801 - BOBTOWN,801,801 - BOBTOWN,exact_key,1.0
14,ACCOMACK COUNTY,802,802 - MELFA,802,802 - MELFA,exact_key,1.0
15,ACCOMACK COUNTY,803,803 - WACHAPREAGUE,803,803 - WACHAPREAGUE,exact_key,1.0
16,ACCOMACK COUNTY,901,901 - PAINTER,901,901 - PAINTER,exact_key,1.0
17,ALBEMARLE COUNTY,101,101 - WOODBROOK,101,101 - WOODBROOK,exact_key,1.0
18,ALBEMARLE COUNTY,103,103 - BRANCHLANDS,103,103 - BRANCHLANDS,exact_key,1.0
19,ALBEMARLE COUNTY,104,104 - AGNOR-HURT,104,104 - AGNOR HURT,exact_key,1.0
20,ALBEMARLE COUNTY,105,105 - DUNLORA,105,105 - DUNLORA,exact_key,1.0
21,ALBEMARLE COUNTY,106,106 - NORTHSIDE,106,106 - NORTHSIDE,exact_key,1.0
22,ALBEMARLE COUNTY,201,201 - JACK JOUETT,201,201 - JACK JOUETT,exact_key,1.0
23,ALBEMARLE COUNTY,202,202 - UNIVERSITY HALL,202,202 - UNIVERSITY,exact_key,1.0
24,ALBEMARLE COUNTY,203,203 - GEORGETOWN,203,203 - GEORGETOWN,exact_key,1.0
25,ALBEMARLE COUNTY,301,301 - IVY,301,301 - IVY,exact_key,1.0
26,ALBEMARLE COUNTY,302,302 - RED HILL,302,302 - RED HILL,exact_key,1.0
27,ALBEMARLE COUNTY,304,304 - EAST IVY,304,304 - EAST IVY,exact_key,1.0
28,ALBEMARLE COUNTY,305,305 - COUNTRY GREEN,305,305 - COUNTRY GREEN,exact_key,1.0
29,ALBEMARLE COUNTY,306,306 - PORTERS,306,306 - PORTERS,exact_key,1.0
30,ALBEMARLE COUNTY,307,307 - YELLOW MOUNTAIN,307,307 - YELLOW MOUNTAIN,exact_key,1.0
31,ALBEMARLE COUNTY,401,401 - SCOTTSVILLE,401,401 - SCOTTSVILLE,exact_key,1.0
32,ALBEMARLE COUNTY,402,402 - MONTICELLO,402,402 - MONTICELLO,exact_key,1.0
33,ALBEMARLE COUNTY,405,405 - CALE,405,405 - MOUNTAIN VIEW,exact_key,1.0
34,ALBEMARLE COUNTY,406,406 - STONE ROBINSON,406,406 - STONE ROBINSON,exact_key,1.0
35,ALBEMARLE COUNTY,407,407 - BISCUIT RUN,407,407 - BISCUIT RUN,exact_key,1.0
36,ALBEMARLE COUNTY,501,501 - KESWICK,501,501 - KESWICK,exact_key,1.0
37,ALBEMARLE COUNTY,502,502 - STONY POINT,502,502 - STONY POINT,exact_key,1.0
38,ALBEMARLE COUNTY,503,503 - HOLLYMEAD,503,503 - HOLLYMEAD,exact_key,1.0
39,ALBEMARLE COUNTY,504,504 - FREE BRIDGE,504,504 - FREE BRIDGE,exact_key,1.0
40,ALBEMARLE COUNTY,506,506 - BAKER-BUTLER,506,506 - BAKER-BUTLER,exact_key,1.0
41,ALBEMARLE COUNTY,507,507 - PANTOPS,507,507 - PANTOPS,exact_key,1.0
42,ALBEMARLE COUNTY,601,601 - CROZET,601,601 - CROZET,exact_key,1.0
43,ALBEMARLE COUNTY,602,602 - FREE UNION,602,602 - FREE UNION,exact_key,1.0
44,ALBEMARLE COUNTY,603,603 - EARLYSVILLE,603,603 - EARLYSVILLE,exact_key,1.0
45,ALBEMARLE COUNTY,604,604 - BROWNSVILLE,604,604 - BROWNSVILLE,exact_key,1.0
46,ALBEMARLE COUNTY,606,606 - MECHUMS RIVER,606,606 - MECHUMS RIVER,exact_key,1.0
47,ALLEGHANY COUNTY,101,101 - ARRITT,101,ARRITT,exact_key,1.0
48,ALLEGHANY COUNTY,103,103 - DAMERON,103,DAMERON,exact_key,1.0
49,ALLEGHANY COUNTY,201,201 - HUMPBACK BRIDGE,201,HUMPBACK BRIDGE,exact_key,1.0
50,ALLEGHANY COUNTY,202,202 - DOLLY ANN,202,DOLLY ANN,exact_key,1.0
51,ALLEGHANY COUNTY,301,301 - CALLAGHAN,301,CALLAGHAN,exact_key,1.0
52,ALLEGHANY COUNTY,302,302 - GRIFFITH,302,GRIFFITH,exact_key,1.0
53,ALLEGHANY COUNTY,401,401 - LOW MOOR,401,LOW MOOR,exact_key,1.0
54,ALLEGHANY COUNTY,402,402 - JACKSON HEIGHTS,402,JACKSON HEIGHTS,exact_key,1.0
55,ALLEGHANY COUNTY,501,501 - IRON GATE,501,IRON GATE,exact_key,1.0
56,ALLEGHANY COUNTY,502,502 - PETERS SWITCH,502,PETERS SWITCH,exact_key,1.0
57,ALLEGHANY COUNTY,601,601 - DISTRICT 1,601,CLIFTON FORGE EAST,exact_key,1.0
58,ALLEGHANY COUNTY,701,701 - DISTRICT 2,701,CLIFTON FORGE WEST,exact_key,1.0
59,AMELIA COUNTY,101,101 - NUMBER ONE,101,NUMBER ONE,exact_key,1.0
60,AMELIA COUNTY,201,201 - NUMBER TWO,201,NUMBER TWO,exact_key,1.0
61,AMELIA COUNTY,301,301 - NUMBER THREE,301,NUMBER THREE,exact_key,1.0
62,AMELIA COUNTY,401,401 - NUMBER FOUR,401,NUMBER FOUR,exact_key,1.0
63,AMELIA COUNTY,501,501 - NUMBER FIVE,501,NUMBER FIVE,exact_key,1.0
64,AMHERST COUNTY,101,101 - WRIGHT SHOP,101,WRIGHT SHOP,exact_key,1.0
65,AMHERST COUNTY,102,102 - NEW GLASGOW,102,NEW GLASGOW,exact_key,1.0
66,AMHERST COUNTY,103,103 - COOLWELL,103,COOLWELL,exact_key,1.0
67,AMHERST COUNTY,201,201 - COURT HOUSE,201,COURTHOUSE,exact_key,1.0
68,AMHERST COUNTY,202,202 - TEMPERANCE,202,TEMPERANCE,exact_key,1.0
69,AMHERST COUNTY,301,301 - MONROE,301,MONROE,exact_key,1.0
70,AMHERST COUNTY,302,302 - ELON,302,ELON,exact_key,1.0
71,AMHERST COUNTY,303,303 - PLEASANT VIEW,303,PLEASANT VIEW,exact_key,1.0
72,AMHERST COUNTY,401,401 - AMELON,401,AMELON,exact_key,1.0
73,AMHERST COUNTY,402,402 - LONCO,402,LONCO,exact_key,1.0
74,AMHERST COUNTY,501,501 - MADISON,501,MADISON,exact_key,1.0
75,APPOMATTOX COUNTY,101,101 - VERA,101,VERA,exact_key,1.0
76,APPOMATTOX COUNTY,102,102 - PAMPLIN,102,PAMPLIN,exact_key,1.0
77,APPOMATTOX COUNTY,201,201 - CHAP,201,CHAP,exact_key,1.0
78,APPOMATTOX COUNTY,202,202 - SPOUT SPRING,202,SPOUT SPRING,exact_key,1.0
79,APPOMATTOX COUNTY,301,301 - US 460,301,US 460,exact_key,1.0
80,APPOMATTOX COUNTY,302,302 - STONEWALL,302,STONEWALL,exact_key,1.0
81,APPOMATTOX COUNTY,401,401 - COURTHOUSE,401,COURTHOUSE,exact_key,1.0
82,APPOMATTOX COUNTY,501,501 - OAKVILLE,501,OAKVILLE,exact_key,1.0
83,APPOMATTOX COUNTY,502,502 - AGEE,501,OAKVILLE,largest_overlap,0.990904
84,ARLINGTON COUNTY,1,1 - ARLINGTON,101,PRECINCT 101,largest_overlap,0.998474
85,ARLINGTON COUNTY,10,10 - WILSON,110,PRECINCT 110,largest_overlap,0.992572
86,ARLINGTON COUNTY,11,11 - EAST FALLS CHURCH,111,PRECINCT 111,largest_overlap,0.996199
87,ARLINGTON COUNTY,12,12 - FAIRLINGTON,112,PRECINCT 112,largest_overlap,0.999999
88,ARLINGTON COUNTY,13,13 - GLEN CARLYN,113,PRECINCT 113,largest_overlap,0.967547
89,ARLINGTON COUNTY,14,14 - CLARENDON,114,PRECINCT 114,largest_overlap,0.992485
90,ARLINGTON COUNTY,15,15 - LYON PARK,115,PRECINCT 115,largest_overlap,0.984621
91,ARLINGTON COUNTY,16,16 - LYON VILLAGE,116,PRECINCT 116,largest_overlap,0.996021
92,ARLINGTON COUNTY,17,17 - OVERLEE KNOLLS,117,PRECINCT 117,largest_overlap,0.995299
93,ARLINGTON COUNTY,18,18 - PARK LANE,118,PRECINCT 118,largest_overlap,0.98887
94,ARLINGTON COUNTY,19,19 - ROSSLYN,119,PRECINCT 119,largest_overlap,0.983005
95,ARLINGTON COUNTY,2,2 - ASHTON HEIGHTS,102,PRECINCT 102,largest_overlap,0.991332
96,ARLINGTON COUNTY,20,20 - THRIFTON,120,PRECINCT 120,largest_overlap,0.98769
97,ARLINGTON COUNTY,21,21 - VIRGINIA HIGHLANDS,121,PRECINCT 121,largest_overlap,0.997393
98,ARLINGTON COUNTY,22,22 - ABINGDON,122,PRECINCT 122,largest_overlap,0.993727
99,ARLINGTON COUNTY,23,23 - WESTOVER,123,PRECINCT 123,largest_overlap,0.998121
100,ARLINGTON COUNTY,24,24 - WOODLAWN,124,PRECINCT 124,largest_overlap,0.995243
101,ARLINGTON COUNTY,25,25 - ARLINGTON FOREST,125,PRECINCT 125,largest_overlap,0.982343
102,ARLINGTON COUNTY,26,26 - FILLMORE,126,PRECINCT 126,largest_overlap,0.990316
103,ARLINGTON COUNTY,27,27 - JEFFERSON,127,PRECINCT 127,largest_overlap,0.992297
104,ARLINGTON COUNTY,28,28 - CLAREMONT,128,PRECINCT 128,largest_overlap,0.972895
105,ARLINGTON COUNTY,29,29 - DOMINION HILLS,129,PRECINCT 129,largest_overlap,0.997139
106,ARLINGTON COUNTY,3,3 - AURORA HILLS,103,PRECINCT 103,largest_overlap,0.999257
107,ARLINGTON COUNTY,30,30 - GLEBE,130,PRECINCT 130,largest_overlap,0.998783
108,ARLINGTON COUNTY,31,31 - LEXINGTON,131,PRECINCT 131,largest_overlap,0.999143
109,ARLINGTON COUNTY,32,32 - OAKRIDGE,132,PRECINCT 132,largest_overlap,0.998178
110,ARLINGTON COUNTY,33,33 - ROCK SPRING,133,PRECINCT 133,largest_overlap,0.995562
111,ARLINGTON COUNTY,34,34 - YORKTOWN,134,PRECINCT 134,largest_overlap,0.989887
112,ARLINGTON COUNTY,35,35 - MADISON,135,PRECINCT 135,largest_overlap,0.998084
113,ARLINGTON COUNTY,36,36 - MARSHALL,136,PRECINCT 136,largest_overlap,0.99647
114,ARLINGTON COUNTY,37,37 - NOTTINGHAM,137,PRECINCT 137,largest_overlap,0.993666
115,ARLINGTON COUNTY,38,38 - ARLINGTON VIEW,138,PRECINCT 138,largest_overlap,0.988017
116,ARLINGTON COUNTY,39,39 - ASHLAWN,139,PRECINCT 139,largest_overlap,0.988832
117,ARLINGTON COUNTY,4,4 - BALLSTON,104,PRECINCT 104,largest_overlap,0.998051
118,ARLINGTON COUNTY,40,40 - VIRGINIA SQUARE,140,PRECINCT 140,largest_overlap,0.994321
119,ARLINGTON COUNTY,41,41 - WOODBURY,141,PRECINCT 141,largest_overlap,0.982231
120,ARLINGTON COUNTY,42,42 - SHIRLINGTON,142,PRECINCT 142,largest_overlap,0.941939
121,ARLINGTON COUNTY,43,43 - ARLINGTON MILL,143,PRECINCT 143,largest_overlap,0.995783
122,ARLINGTON COUNTY,44,44 - DAWSON TERRACE,144,PRECINCT 144,largest_overlap,0.986739
123,ARLINGTON COUNTY,45,45 - BUCKINGHAM,145,PRECINCT 145,largest_overlap,0.9847
124,ARLINGTON COUNTY,46,46 - CENTRAL,146,PRECINCT 146,largest_overlap,0.98832
125,ARLINGTON COUNTY,47,47 - FOUR MILE RUN,147,PRECINCT 147,largest_overlap,0.994771
126,ARLINGTON COUNTY,48,48 - COURTLANDS,148,PRECINCT 148,largest_overlap,0.992416
127,ARLINGTON COUNTY,49,49 - MONROE,149,PRECINCT 149,largest_overlap,0.989482
128,ARLINGTON COUNTY,5,5 - BARCROFT,105,PRECINCT 105,largest_overlap,0.995581
129,ARLINGTON COUNTY,50,50 - CRYSTAL PLAZA,150,PRECINCT 150,largest_overlap,0.994153
130,ARLINGTON COUNTY,51,51 - TAYLOR,151,PRECINCT 151,largest_overlap,0.909183
131,ARLINGTON COUNTY,52,52 - GUNSTON,152,PRECINCT 152,largest_overlap,0.997468
132,ARLINGTON COUNTY,53,53 - MET PARK,153,PRECINCT 153,largest_overlap,0.992289
133,ARLINGTON COUNTY,54,54 - GARFIELD PARK,154,PRECINCT 154,largest_overlap,0.984054
134,ARLINGTON COUNTY,6,6 - CRYSTAL CITY,106,PRECINCT 106,largest_overlap,0.975358
135,ARLINGTON COUNTY,7,7 - CHERRYDALE,107,PRECINCT 107,largest_overlap,0.978472
136,ARLINGTON COUNTY,8,8 - HUME,108,PRECINCT 108,largest_overlap,0.991674
137,ARLINGTON COUNTY,9,9 - COLUMBIA,109,PRECINCT 109,largest_overlap,0.993635
138,AUGUSTA COUNTY,101,101 - JOLIVUE,101,JOLIVUE,exact_key,1.0
139,AUGUSTA COUNTY,102,102 - STUARTS DRAFT ELEMENTARY,102,STUARTS DRAFT ELEM.,exact_key,1.0
140,AUGUSTA COUNTY,103,103 - VERONA,103,VERONA,exact_key,1.0
141,AUGUSTA COUNTY,201,201 - CRIMORA,201,CRIMORA,exact_key,1.0
142,AUGUSTA COUNTY,202,202 - NEW HOPE,202,NEW HOPE,exact_key,1.0
143,AUGUSTA COUNTY,203,203 - WEYERS CAVE,203,WEYERS CAVE,exact_key,1.0
144,AUGUSTA COUNTY,301,301 - FORT DEFIANCE,301,FORT DEFIANCE,exact_key,1.0
145,AUGUSTA COUNTY,302,302 - NORTH RIVER,302,NORTH RIVER,exact_key,1.0
146,AUGUSTA COUNTY,303,303 - MOUNT SOLON,303,MOUNT SOLON,exact_key,1.0
147,AUGUSTA COUNTY,304,304 - CHURCHVILLE FIRE STATION,304,ROLLA,exact_key,1.0
148,AUGUSTA COUNTY,401,401 - BUFFALO GAP,401,BUFFALO GAP,exact_key,1.0
149,AUGUSTA COUNTY,402,402 - CHURCHVILLE ELEMENTARY,402,CHURCHVILLE ELEM.,exact_key,1.0
150,AUGUSTA COUNTY,403,403 - CRAIGSVILLE,403,CRAIGSVILLE,exact_key,1.0
151,AUGUSTA COUNTY,404,404 - DEERFIELD,404,DEERFIELD,exact_key,1.0
152,AUGUSTA COUNTY,405,405 - CEDAR GREEN,405,CEDAR GREEN,exact_key,1.0
153,AUGUSTA COUNTY,501,501 - GREENVILLE,501,GREENVILLE,exact_key,1.0
154,AUGUSTA COUNTY,502,502 - MIDDLEBROOK,502,MIDDLEBROOK,exact_key,1.0
155,AUGUSTA COUNTY,503,503 - SPOTTSWOOD,503,SPOTTSWOOD,exact_key,1.0
156,AUGUSTA COUNTY,504,504 - WHITE HILL,504,WHITE HILL,exact_key,1.0
157,AUGUSTA COUNTY,601,601 - SHERANDO,601,SHERANDO,exact_key,1.0
158,AUGUSTA COUNTY,602,602 - RIDGEVIEW,602,RIDGEVIEW,exact_key,1.0
159,AUGUSTA COUNTY,603,603 - LYNDHURST,603,LYNDHURST,exact_key,1.0
160,AUGUSTA COUNTY,801,801 - DOOMS,801,DOOMS,exact_key,1.0
161,AUGUSTA COUNTY,802,802 - FISHERSVILLE,802,FISHERSVILLE,exact_key,1.0
162,AUGUSTA COUNTY,803,803 - WILSON,803,LADD,exact_key,1.0
163,BATH COUNTY,101,101 - WARM SPRINGS,101,WARM SPRINGS,exact_key,1.0
164,BATH COUNTY,102,102 - MOUNTAIN GROVE,102,MOUNTAIN GROVE,exact_key,1.0
165,BATH COUNTY,201,201 - HOT SPRINGS,201,HOT SPRINGS,exact_key,1.0
166,BATH COUNTY,301,301 - FAIRVIEW,301,FAIRVIEW,exact_key,1.0
167,BATH COUNTY,302,302 - BURNSVILLE,302,BURNSVILLE,exact_key,1.0
168,BATH COUNTY,401,401 - MILLBORO,401,MILLBORO,exact_key,1.0
169,BATH COUNTY,501,501 - HEALING SPRINGS,501,HEALING SPRINGS,exact_key,1.0
170,BEDFORD COUNTY,101,101 - GOODVIEW ELEM SCHOOL,101,GOODVIEW ELEMENTARY SCHOOL PRECINCT,exact_key,1.0
171,BEDFORD COUNTY,102,102 - HARDY VOL FIRE CO,102,HARDY VOLUNTEER FIRE COMPANY PRECINCT,exact_key,1.0
172,BEDFORD COUNTY,103,103 - CHAMBLISSBURG BAPTIST CHURCH,103,CHAMBLISSBURG BAPTIST CHURCH PRECINCT,exact_key,1.0
173,BEDFORD COUNTY,104,104 - STEWARTSVILLE RESCUE SQUAD,104,BARNHARDT BAPTIST CHURCH PRECINCT,exact_key,1.0
174,BEDFORD COUNTY,201,201 - BEDFORD CHRISTIAN CHURCH,201,BEDFORD CHRISTIAN CHURCH PRECINCT,exact_key,1.0
175,BEDFORD COUNTY,202,202 - STAUNTON RIVER HIGH SCHOOL,202,STAUNTON RIVER HIGH SCHOOL PRECINCT,exact_key,1.0
176,BEDFORD COUNTY,203,203 - MONETA ELEM SCHOOL,203,EASTLAKE COMMUNITY CHURCH PRECINCT,exact_key,1.0
177,BEDFORD COUNTY,204,204 - QUAKER BAPTIST CHURCH,204,HUDDLESTON ELEMENTARY SCHOOL PRECINCT,exact_key,1.0
178,BEDFORD COUNTY,205,205 - SAUNDERS VOL FIRE CO,205,SAUNDERS VOLUNTEER FIRE COMPANY PRECINCT,exact_key,1.0
179,BEDFORD COUNTY,301,301 - NEW LONDON ACADEMY,301,NEW LONDON ACADEMY PRECINCT,exact_key,1.0
180,BEDFORD COUNTY,302,302 - BEDFORD REGIONAL WATER AUTH,302,BEDFORD COUNTY GYM PRECINCT,exact_key,1.0
181,BEDFORD COUNTY,303,303 - BETHESDA UNITED METHODIST CHURCH,303,FOREST ALLIANCE CHURCH PRECINCT,exact_key,1.0
182,BEDFORD COUNTY,304,304 - FOREST YOUTH ATHLETIC ASSOC,304,FREEDOM BAPTIST CHURCH PRECINCT,exact_key,1.0
183,BEDFORD COUNTY,305,305 - HUDDLESTON ELEM SCHOOL,305,FOREST FIRE STATION #2 PRECINCT,exact_key,1.0
184,BEDFORD COUNTY,306,306 - FOREST FIRE STATION #2,305,FOREST FIRE STATION #2 PRECINCT,largest_overlap,0.595667
185,BEDFORD COUNTY,401,401 - FOREST ELEMENTARY SCHOOL,401,FOREST ELEMENTARY SCHOOL PRECINCT,exact_key,1.0
186,BEDFORD COUNTY,402,402 - THOMAS JEFFERSON ELEM SCHOOL,402,THOMAS JEFFERSON ELEMENTARY SCHOOL PRECINCT,exact_key,1.0
187,BEDFORD COUNTY,403,403 - KNIGHTS OF COLUMBUS BLDG,403,PLEASANT VIEW BAPTIST CHURCH PRECINCT,exact_key,1.0
188,BEDFORD COUNTY,404,404 - FOREST RECREATION CENTER,404,FOREST RECREATION CENTER PRECINCT,exact_key,1.0
189,BEDFORD COUNTY,502,502 - BIG ISLAND ELEM SCHOOL,502,SUCK SPRING BAPTIST CHURCH PRECINCT,exact_key,1.0
190,BEDFORD COUNTY,503,503 - SEDALIA CENTER,503,BOONSBORO ELEMENTARY SCHOOL PRECINCT,exact_key,1.0
191,BEDFORD COUNTY,504,504 - SUCK SPRINGS BAPTIST CHURCH,504,BOONSBORO RURITAN CLUB PRECINCT,exact_key,1.0
192,BEDFORD COUNTY,505,505 - BOONSBORO ELEMENTARY SCHOOL,503,BOONSBORO ELEMENTARY SCHOOL PRECINCT,largest_overlap,0.999792
193,BEDFORD COUNTY,506,506 - BOONSBORO RURITAN CLUB,504,BOONSBORO RURITAN CLUB PRECINCT,largest_overlap,0.999579
194,BEDFORD COUNTY,601,601 - MONTVALE ELEM SCHOOL,601,MONTVALE ELEMENTARY SCHOOL PRECINCT,exact_key,1.0
195,BEDFORD COUNTY,602,602 - SHADY GROVE FIRE DEPARTMENT,602,SHADY GROVE FIRE DEPARTMENT PRECINCT,exact_key,1.0
196,BEDFORD COUNTY,603,603 - BEDFORD MOOSE LODGE,603,BEDFORD MOOSE LODGE PRECINCT,exact_key,1.0
197,BEDFORD COUNTY,604,604 - BEDFORD WELCOME CENTER,604,BEDFORD WELCOME CENTER PRECINCT,exact_key,1.0
198,BEDFORD COUNTY,701,701 - GOODE VOL RESCUE SQUAD,701,GOODE VOLUNTEER RESCUE SQUAD PRECINCT,exact_key,1.0
199,BEDFORD COUNTY,702,702 - LIBERTY HIGH SCHOOL,702,LIBERTY HIGH SCHOOL PRECINCT,exact_key,1.0
200,BEDFORD COUNTY,703,703 - THAXTON BAPTIST CHURCH #2,703,THAXTON BAPTIST CHURCH PRECINCT,exact_key,1.0
201,BEDFORD COUNTY,704,704 - BEDFORD CENTRAL LIBRARY,704,BEDFORD CENTRAL LIBRARY PRECINCT,exact_key,1.0
202,BLAND COUNTY,101,101 - BASTIAN,101,BASTIAN,exact_key,1.0
203,BLAND COUNTY,102,102 - CERES,102,CERES,exact_key,1.0
204,BLAND COUNTY,201,201 - DAVIS,201,DAVIS,exact_key,1.0
205,BLAND COUNTY,202,202 - SEDDON,202,SEDDON,exact_key,1.0
206,BLAND COUNTY,301,301 - HOLLYBROOK,301,HOLLY BROOK,exact_key,1.0
207,BLAND COUNTY,302,302 - MECHANICSBURG,302,MECHANICSBURG,exact_key,1.0
208,BLAND COUNTY,401,401 - ROCKY GAP,401,ROCKY GAP,exact_key,1.0
209,BOTETOURT COUNTY,101,101 - DALEVILLE,101,DALEVILLE,exact_key,1.0
210,BOTETOURT COUNTY,102,102 - GREENFIELD,102,GREENFIELD,exact_key,1.0
211,BOTETOURT COUNTY,201,201 - BLUE RIDGE,201,BLUE RIDGE,exact_key,1.0
212,BOTETOURT COUNTY,202,202 - RAINBOW FOREST,202,RAINBOW FOREST,exact_key,1.0
213,BOTETOURT COUNTY,301,301 - BUCHANAN,301,BUCHANAN,exact_key,1.0
214,BOTETOURT COUNTY,302,302 - MILL CREEK,302,MILL CREEK,exact_key,1.0
215,BOTETOURT COUNTY,403,403 - EAGLE ROCK,403,EAGLE ROCK,exact_key,1.0
216,BOTETOURT COUNTY,406,406 - FINCASTLE,406,FINCASTLE,exact_key,1.0
217,BOTETOURT COUNTY,501,501 - TROUTVILLE,501,TROUTVILLE,exact_key,1.0
218,BOTETOURT COUNTY,502,502 - CLOVERDALE,502,CLOVERDALE,exact_key,1.0
219,BRUNSWICK COUNTY,101,101 - BRODNAX,101,BRODNAX PRECINCT,exact_key,1.0
220,BRUNSWICK COUNTY,102,102 - ROCK STORE,102,ROCK STORE PRECINCT,exact_key,1.0
221,BRUNSWICK COUNTY,103,103 - TILLMAN,103,TILLMAN PRECINCT,exact_key,1.0
222,BRUNSWICK COUNTY,201,201 - DROMGOOLE,201,DROMGOOLE PRECINCT,exact_key,1.0
223,BRUNSWICK COUNTY,202,202 - EDGERTON,202,EDGERTON PRECINCT,exact_key,1.0
224,BRUNSWICK COUNTY,203,203 - FITZHUGH,203,FITZHUGH PRECINCT,exact_key,1.0
225,BRUNSWICK COUNTY,301,301 - ALBERTA,301,ALBERTA PRECINCT,exact_key,1.0
226,BRUNSWICK COUNTY,302,302 - DANIELTOWN,302,DANIELTOWN PRECINCT,exact_key,1.0
227,BRUNSWICK COUNTY,303,303 - ELMORE,303,ELMORE PRECINCT,exact_key,1.0
228,BRUNSWICK COUNTY,304,304 - SEYMOUR,304,SEYMOUR PRECINCT,exact_key,1.0
229,BRUNSWICK COUNTY,401,401 - STURGEON,401,STURGEON PRECINCT,exact_key,1.0
230,BRUNSWICK COUNTY,402,402 - KING'S STORE,402,KING'S STORE PRECINCT,exact_key,1.0
231,BRUNSWICK COUNTY,501,501 - TOTARO,501,LAWRENCEVILLE PRECINCT,exact_key,1.0
232,BUCHANAN COUNTY,102,102 - BLACKEY,102,BLACKEY,exact_key,1.0
233,BUCHANAN COUNTY,103,103 - HURLEY,103,HURLEY,exact_key,1.0
234,BUCHANAN COUNTY,201,201 - GRASSY,201,GRASSY,exact_key,1.0
235,BUCHANAN COUNTY,202,202 - BULL,202,BULL,exact_key,1.0
236,BUCHANAN COUNTY,203,203 - ROCKLICK,203,ROCKLICK,exact_key,1.0
237,BUCHANAN COUNTY,301,301 - SLATE,301,SLATE,exact_key,1.0
238,BUCHANAN COUNTY,302,302 - NORTH GRUNDY,302,NORTH GRUNDY,exact_key,1.0
239,BUCHANAN COUNTY,403,403 - SOUTH GRUNDY,403,403 - SOUTH GRUNDY,exact_key,1.0
240,BUCHANAN COUNTY,404,404 - OAKWOOD,404,OAKWOOD,exact_key,1.0
241,BUCHANAN COUNTY,501,501 - PRATER,501,PRATER,exact_key,1.0
242,BUCHANAN COUNTY,502,502 - FOX,502,FOX,exact_key,1.0
243,BUCHANAN COUNTY,503,503 - VANSANT,503,VANSANT,exact_key,1.0
244,BUCHANAN COUNTY,601,601 - COUNCIL,601,COUNCIL,exact_key,1.0
245,BUCHANAN COUNTY,602,602 - GARDEN,602,GARDEN,exact_key,1.0
246,BUCHANAN COUNTY,603,603 - HURRICANE,603,HURRICANE,exact_key,1.0
247,BUCHANAN COUNTY,701,701 - WHITEWOOD,701,WHITEWOOD,exact_key,1.0
248,BUCHANAN COUNTY,702,702 - CONTRARY,702,CONTRARY,exact_key,1.0
249,BUCKINGHAM COUNTY,101,101 - NEW CANTON,101,NEW CANTON,exact_key,1.0
250,BUCKINGHAM COUNTY,102,102 - GEORGIA CREEK,601,SLATE RIVER,largest_overlap,0.999998
251,BUCKINGHAM COUNTY,201,201 - WHITE HALL,201,WHITE HALL,exact_key,1.0
252,BUCKINGHAM COUNTY,301,301 - CURDSVILLE,301,CURDSVILLE,exact_key,1.0
253,BUCKINGHAM COUNTY,302,302 - NEW STORE,302,NEW STORE,exact_key,1.0
254,BUCKINGHAM COUNTY,401,401 - MAYSVILLE,401,MAYSVILLE,exact_key,1.0
255,BUCKINGHAM COUNTY,501,501 - WRIGHTS,501,WRIGHTS,exact_key,1.0
256,BUCKINGHAM COUNTY,502,502 - GLENMORE,502,GLENMORE,exact_key,1.0
257,BUCKINGHAM COUNTY,601,601 - SLATE RIVER,601,SLATE RIVER,exact_key,1.0
258,BUCKINGHAM COUNTY,701,701 - GOLD HILL,701,GOLD HILL,exact_key,1.0
259,CAMPBELL COUNTY,101,101 - BROOKVILLE,101,BROOKVILLE PRECINCT,exact_key,1.0
260,CAMPBELL COUNTY,102,102 - NEW LONDON,102,NEW LONDON PRECINCT,exact_key,1.0
261,CAMPBELL COUNTY,201,201 - WALKER,201,WALKER PRECINCT,exact_key,1.0
262,CAMPBELL COUNTY,202,202 - BEDFORD SPRINGS,202,BEDFORD SPRINGS PRECINCT,exact_key,1.0
263,CAMPBELL COUNTY,301,301 - EVINGTON,301,EVINGTON PRECINCT,exact_key,1.0
264,CAMPBELL COUNTY,302,302 - OTTER RIVER,302,OTTER RIVER PRECINCT,exact_key,1.0
265,CAMPBELL COUNTY,303,303 - ALTAVISTA,303,ALTAVISTA PRECINCT,exact_key,1.0
266,CAMPBELL COUNTY,401,401 - THREE FORKS,401,THREE FORKS PRECINCT,exact_key,1.0
267,CAMPBELL COUNTY,402,402 - COURT HOUSE,402,COURT HOUSE PRECINCT,exact_key,1.0
268,CAMPBELL COUNTY,501,501 - SPRING HILL,501,SPRING HILL PRECINCT,exact_key,1.0
269,CAMPBELL COUNTY,502,502 - YELLOW BRANCH,502,YELLOW BRANCH PRECINCT,exact_key,1.0
270,CAMPBELL COUNTY,601,601 - KINGS,601,KINGS PRECINCT,exact_key,1.0
271,CAMPBELL COUNTY,602,602 - CONCORD,602,CONCORD PRECINCT,exact_key,1.0
272,CAMPBELL COUNTY,701,701 - BROOKNEAL,701,BROOKNEAL PRECINCT,exact_key,1.0
273,CAMPBELL COUNTY,702,702 - GLADYS,702,GLADYS PRECINCT,exact_key,1.0
274,CAMPBELL COUNTY,703,703 - MORRIS CHURCH,703,MORRIS CHURCH PRECINCT,exact_key,1.0
275,CAROLINE COUNTY,101,101 - BOWLING GREEN,101,BOWLING GREEN,exact_key,1.0
276,CAROLINE COUNTY,102,102 - SPARTA,102,SPARTA,exact_key,1.0
277,CAROLINE COUNTY,201,201 - NORTH MADISON,201,NORTH MADISON,exact_key,1.0
278,CAROLINE COUNTY,202,202 - SOUTH MADISON,202,SOUTH MADISON,exact_key,1.0
279,CAROLINE COUNTY,301,301 - PORT ROYAL,301,PORT ROYAL,exact_key,1.0
280,CAROLINE COUNTY,302,302 - WOODFORD,302,WOODFORD,exact_key,1.0
281,CAROLINE COUNTY,401,401 - DAWN,401,DAWN,exact_key,1.0
282,CAROLINE COUNTY,402,402 - CARMEL CHURCH,402,CARMEL CHURCH,exact_key,1.0
283,CAROLINE COUNTY,501,501 - WEST MATTAPONI,501,WEST MATTAPONI,exact_key,1.0
284,CAROLINE COUNTY,502,502 - MILFORD,502,MILFORD,exact_key,1.0
285,CAROLINE COUNTY,601,601 - CHILESBURG,601,CHILESBURG,exact_key,1.0
286,CAROLINE COUNTY,602,602 - LAKE,602,LAKE,exact_key,1.0
287,CARROLL COUNTY,101,101 - MT BETHEL,101,MT BETHEL PRECINCT,exact_key,1.0
288,CARROLL COUNTY,102,102 - ST PAUL,102,ST PAUL PRECINCT,exact_key,1.0
289,CARROLL COUNTY,103,103 - LAMBSBURG,103,LAMBSBURG PRECINCT,exact_key,1.0
290,CARROLL COUNTY,105,105 - FANCY GAP,105,FANCY GAP PRECINCT,exact_key,1.0
291,CARROLL COUNTY,201,201 - HILLSVILLE B,201,HILLSVILLE PRECINCTB,exact_key,1.0
292,CARROLL COUNTY,202,202 - LAUREL FORK,202,LAUREL FORK PRECINCT,exact_key,1.0
293,CARROLL COUNTY,203,203 - GLADESBORO,203,GLADESBORO PRECINCT,exact_key,1.0
294,CARROLL COUNTY,301,301 - HILLSVILLE C,301,HILLSVILLE PRECINCT C,exact_key,1.0
295,CARROLL COUNTY,302,302 - SYLVATUS,302,SYLVATUS PRECINCT,exact_key,1.0
296,CARROLL COUNTY,303,303 - DUGSPUR,303,DUGSPUR PRECINCT,exact_key,1.0
297,CARROLL COUNTY,401,401 - OAKLAND,401,OAKLAND PRECINCT,exact_key,1.0
298,CARROLL COUNTY,402,402 - WOODLAWN D,402,WOODLAWN PRECINCT D,exact_key,1.0
299,CARROLL COUNTY,406,406 - WOODLAWN F,402,WOODLAWN PRECINCT D,largest_overlap,0.999995
300,CARROLL COUNTY,501,501 - VAUGHAN,501,VAUGHAN PRECINCT,exact_key,1.0
301,CARROLL COUNTY,502,502 - GLADEVILLE,502,GLADEVILLE PRECINCT,exact_key,1.0
302,CARROLL COUNTY,503,503 - WOODLAWN E,503,WOODLAWN PRECINCT E,exact_key,1.0
303,CARROLL COUNTY,504,504 - LAUREL,504,LAUREL PRECINCT,exact_key,1.0
304,CHARLES CITY COUNTY,101,101 - PRECINCT 1-1,101,PRECINCT 1-1,exact_key,1.0
305,CHARLES CITY COUNTY,201,201 - PRECINCT 2-1,201,PRECINCT 2-1,exact_key,1.0
306,CHARLES CITY COUNTY,301,301 - PRECINCT 3-1,301,PRECINCT 3-1,exact_key,1.0
307,CHARLOTTE COUNTY,101,101 - COUNTY SEAT,101,COUNTY SEAT,exact_key,1.0
308,CHARLOTTE COUNTY,201,201 - RED OAK WYLLIESBURG,201,RED OAK WYLLIESBURG,exact_key,1.0
309,CHARLOTTE COUNTY,302,302 - DRAKES BRANCH,302,DRAKES BRANCH,exact_key,1.0
310,CHARLOTTE COUNTY,401,401 - KEYSVILLE,401,KEYSVILLE,exact_key,1.0
311,CHARLOTTE COUNTY,501,501 - CULLEN/RED HOUSE,501,CULLEN/RED HOUSE,exact_key,1.0
312,CHARLOTTE COUNTY,602,602 - PHENIX,602,PHENIX,exact_key,1.0
313,CHARLOTTE COUNTY,702,702 - BACON/SAXE,702,BACON/SAXE,exact_key,1.0
314,CHESTERFIELD COUNTY,101,101 - BELLWOOD,101,BELLWOOD PRECINCT,exact_key,1.0
315,CHESTERFIELD COUNTY,102,102 - SOUTH CHESTER,102,SOUTH CHESTER PRECINCT,exact_key,1.0
316,CHESTERFIELD COUNTY,103,103 - ENON,103,ENON PRECINCT,exact_key,1.0
317,CHESTERFIELD COUNTY,104,104 - NORTH CHESTER,104,NORTH CHESTER PRECINCT,exact_key,1.0
318,CHESTERFIELD COUNTY,105,105 - DREWRYS BLUFF,105,DREWRYS BLUFF PRECINCT,exact_key,1.0
319,CHESTERFIELD COUNTY,106,106 - HARROWGATE,106,HARROWGATE PRECINCT,exact_key,1.0
320,CHESTERFIELD COUNTY,107,107 - WELLS,115,CRESTHILL PRECINCT,largest_overlap,0.991302
321,CHESTERFIELD COUNTY,108,108 - ECOFF,108,ECOFF PRECINCT,exact_key,1.0
322,CHESTERFIELD COUNTY,109,109 - ELIZABETH SCOTT,109,ELIZABETH SCOTT PRECINCT,exact_key,1.0
323,CHESTERFIELD COUNTY,110,110 - DUTCH GAP,110,DUTCH GAP PRECINCT,exact_key,1.0
324,CHESTERFIELD COUNTY,111,111 - IRON BRIDGE,111,IRON BRIDGE PRECINCT,exact_key,1.0
325,CHESTERFIELD COUNTY,112,112 - CARVER,112,CARVER PRECINCT,exact_key,1.0
326,CHESTERFIELD COUNTY,113,113 - IRON BRIDGE NORTH,113,IRON BRIDGE NORTH PRECINCT,exact_key,1.0
327,CHESTERFIELD COUNTY,201,201 - GATES,201,GATES PRECINCT,exact_key,1.0
328,CHESTERFIELD COUNTY,202,202 - BEULAH,202,BEULAH PRECINCT,exact_key,1.0
329,CHESTERFIELD COUNTY,203,203 - BIRD,203,BIRD PRECINCT,exact_key,1.0
330,CHESTERFIELD COUNTY,204,204 - JACOBS,221,OXBRIDGE PRECINCT,largest_overlap,0.998168
331,CHESTERFIELD COUNTY,205,205 - FALLING CREEK,205,FALLING CREEK PRECINCT,exact_key,1.0
332,CHESTERFIELD COUNTY,206,206 - BELMONT,222,TURNER PRECINCT,largest_overlap,0.993752
333,CHESTERFIELD COUNTY,207,207 - CHIPPENHAM,207,CHIPPENHAM PRECINCT,exact_key,1.0
334,CHESTERFIELD COUNTY,208,208 - MEADOWBROOK,208,MEADOWBROOK PRECINCT,exact_key,1.0
335,CHESTERFIELD COUNTY,209,209 - SALEM CHURCH,209,SALEM CHURCH PRECINCT,exact_key,1.0
336,CHESTERFIELD COUNTY,210,210 - FIVE FORKS,210,FIVE FORKS PRECINCT,exact_key,1.0
337,CHESTERFIELD COUNTY,211,211 - NASH,211,NASH PRECINCT,exact_key,1.0
338,CHESTERFIELD COUNTY,212,212 - ST. LUKE'S,221,OXBRIDGE PRECINCT,largest_overlap,0.993687
339,CHESTERFIELD COUNTY,213,213 - SOUTHSIDE,213,SOUTHSIDE PRECINCT,exact_key,1.0
340,CHESTERFIELD COUNTY,214,214 - HOPKINS,205,FALLING CREEK PRECINCT,largest_overlap,0.981296
341,CHESTERFIELD COUNTY,215,215 - NORTH BIRD,203,BIRD PRECINCT,largest_overlap,0.99907
342,CHESTERFIELD COUNTY,216,216 - RIDGEDALE,207,CHIPPENHAM PRECINCT,largest_overlap,0.99926
343,CHESTERFIELD COUNTY,301,301 - ETTRICK,301,ETTRICK PRECINCT,exact_key,1.0
344,CHESTERFIELD COUNTY,302,302 - DEER RUN,321,CLAYPOINTE PRECINCT,largest_overlap,0.979502
345,CHESTERFIELD COUNTY,303,303 - MATOACA,303,MATOACA PRECINCT,exact_key,1.0
346,CHESTERFIELD COUNTY,304,304 - WINFREES STORE,304,WINFREES STORE PRECINCT,exact_key,1.0
347,CHESTERFIELD COUNTY,305,305 - BEACH,305,BEACH PRECINCT,exact_key,1.0
348,CHESTERFIELD COUNTY,306,306 - WINTERPOCK,306,WINTERPOCK PRECINCT,exact_key,1.0
349,CHESTERFIELD COUNTY,307,307 - COSBY,307,COSBY PRECINCT,exact_key,1.0
350,CHESTERFIELD COUNTY,308,308 - SOUTH MANCHESTER,321,CLAYPOINTE PRECINCT,largest_overlap,0.993285
351,CHESTERFIELD COUNTY,309,309 - SKINQUARTER,309,SKINQUARTER PRECINCT,exact_key,1.0
352,CHESTERFIELD COUNTY,310,310 - TOMAHAWK,420,NEW TOMAHAWK PRECINCT,largest_overlap,0.959856
353,CHESTERFIELD COUNTY,313,313 - WOOLRIDGE,313,WOOLRIDGE SOUTH PRECINCT,exact_key,1.0
354,CHESTERFIELD COUNTY,314,314 - LONGHOUSE,314,LONGHOUSE PRECINCT,exact_key,1.0
355,CHESTERFIELD COUNTY,315,315 - BAILEY BRIDGE,315,BAILEY BRIDGE PRECINCT,exact_key,1.0
356,CHESTERFIELD COUNTY,316,316 - SPRING RUN,316,SPRING RUN PRECINCT,exact_key,1.0
357,CHESTERFIELD COUNTY,317,317 - BIRKDALE,322,HENSLEY PRECINCT,largest_overlap,0.53909
358,CHESTERFIELD COUNTY,318,318 - WEST BEACH,322,HENSLEY PRECINCT,largest_overlap,0.998888
359,CHESTERFIELD COUNTY,319,319 - MAGNOLIA,319,MAGNOLIA PRECINCT,exact_key,1.0
360,CHESTERFIELD COUNTY,401,401 - HARBOUR POINTE,401,HARBOUR POINTE PRECINCT,exact_key,1.0
361,CHESTERFIELD COUNTY,402,402 - GENITO,402,GENITO PRECINCT,exact_key,1.0
362,CHESTERFIELD COUNTY,403,403 - BRANDERMILL,403,BRANDERMILL PRECINCT,exact_key,1.0
363,CHESTERFIELD COUNTY,404,404 - PROVIDENCE,404,PROVIDENCE PRECINCT,exact_key,1.0
364,CHESTERFIELD COUNTY,405,405 - LA PRADE,405,LA PRADE PRECINCT,exact_key,1.0
365,CHESTERFIELD COUNTY,406,406 - SMOKETREE,421,LUCKS LANE PRECINCT,largest_overlap,0.994112
366,CHESTERFIELD COUNTY,407,407 - MONACAN,421,LUCKS LANE PRECINCT,largest_overlap,0.978599
367,CHESTERFIELD COUNTY,408,408 - REAMS,408,REAMS PRECINCT,exact_key,1.0
368,CHESTERFIELD COUNTY,409,409 - MANCHESTER,218,NEW MANCHESTER PRECINCT,largest_overlap,0.969484
369,CHESTERFIELD COUNTY,410,410 - WAGSTAFF,410,WAGSTAFF PRECINCT,exact_key,1.0
370,CHESTERFIELD COUNTY,411,411 - SWIFT CREEK,411,SWIFT CREEK PRECINCT,exact_key,1.0
371,CHESTERFIELD COUNTY,412,412 - CLOVER HILL,412,CLOVER HILL PRECINCT,exact_key,1.0
372,CHESTERFIELD COUNTY,413,413 - SHENANDOAH,413,SHENANDOAH PRECINCT,exact_key,1.0
373,CHESTERFIELD COUNTY,414,414 - CRENSHAW,414,CRENSHAW PRECINCT,exact_key,1.0
374,CHESTERFIELD COUNTY,415,415 - EVERGREEN,415,EVERGREEN PRECINCT,exact_key,1.0
375,CHESTERFIELD COUNTY,416,416 - EVERGREEN WEST,422,OTTERDALE PRECINCT,largest_overlap,0.994351
376,CHESTERFIELD COUNTY,417,417 - EDGEWATER,422,OTTERDALE PRECINCT,largest_overlap,0.995623
377,CHESTERFIELD COUNTY,501,501 - HUGUENOT,521,ROCKAWAY PRECINCT,largest_overlap,0.835261
378,CHESTERFIELD COUNTY,502,502 - CRESTWOOD,521,ROCKAWAY PRECINCT,largest_overlap,0.977936
379,CHESTERFIELD COUNTY,503,503 - MIDLOTHIAN,503,MIDLOTHIAN PRECINCT,exact_key,1.0
380,CHESTERFIELD COUNTY,504,504 - ROBIOUS,504,ROBIOUS PRECINCT,exact_key,1.0
381,CHESTERFIELD COUNTY,505,505 - BON AIR,505,BON AIR PRECINCT,exact_key,1.0
382,CHESTERFIELD COUNTY,506,506 - GREENFIELD,506,GREENFIELD PRECINCT,exact_key,1.0
383,CHESTERFIELD COUNTY,507,507 - SALISBURY,507,SALISBURY PRECINCT,exact_key,1.0
384,CHESTERFIELD COUNTY,508,508 - BELGRADE,508,BELGRADE PRECINCT,exact_key,1.0
385,CHESTERFIELD COUNTY,509,509 - CRANBECK,509,CRANBECK PRECINCT,exact_key,1.0
386,CHESTERFIELD COUNTY,510,510 - SYCAMORE,510,SYCAMORE PRECINCT,exact_key,1.0
387,CHESTERFIELD COUNTY,511,511 - BLACK HEATH,511,BLACK HEATH PRECINCT,exact_key,1.0
388,CHESTERFIELD COUNTY,513,513 - BEAUFONT,513,BEAUFONT PRECINCT,exact_key,1.0
389,CHESTERFIELD COUNTY,514,514 - WATKINS,514,WATKINS PRECINCT,exact_key,1.0
390,CHESTERFIELD COUNTY,515,515 - DAVIS,515,DAVIS PRECINCT,exact_key,1.0
391,CHESTERFIELD COUNTY,516,516 - POCOSHOCK,516,POCOSHOCK NORTH PRECINCT,exact_key,1.0
392,CHESTERFIELD COUNTY,517,517 - ROSELAND,517,ROSELAND PRECINCT,exact_key,1.0
393,CHESTERFIELD COUNTY,518,518 - MIDLOTHIAN NORTH,518,MIDLOTHIAN NORTH PRECINCT,exact_key,1.0
394,CLARKE COUNTY,101,101 - RUSSELL,101,RUSSELL,exact_key,1.0
395,CLARKE COUNTY,201,201 - BERRYVILLE,201,BERRYVILLE,exact_key,1.0
396,CLARKE COUNTY,301,301 - MILLWOOD,301,MILLWOOD,exact_key,1.0
397,CLARKE COUNTY,302,302 - PINE GROVE,302,PINE GROVE,exact_key,1.0
398,CLARKE COUNTY,401,401 - WHITE POST,401,WHITE POST,exact_key,1.0
399,CLARKE COUNTY,501,501 - BUCKMARSH,501,BUCKMARSH,exact_key,1.0
400,CLARKE COUNTY,502,502 - BLUE RIDGE,502,BLUE RIDGE,exact_key,1.0
401,CRAIG COUNTY,101,101 - COURT HOUSE,101,COURT HOUSE,exact_key,1.0
402,CRAIG COUNTY,201,201 - AMMENDALE PRECINCT,201,AMMENDALE,exact_key,1.0
403,CRAIG COUNTY,301,301 - GIVENS & REYNOLDS STORE,301,GIVENS & REYNOLDS STORE,exact_key,1.0
404,CRAIG COUNTY,303,303 - MARSHALLS STORE,303,MARSHALLS STORE,exact_key,1.0
405,CRAIG COUNTY,401,401 - BARBOURS CREEK,401,BARBOURS CREEK,exact_key,1.0
406,CRAIG COUNTY,402,402 - PAINT BANK,402,PAINT BANK,exact_key,1.0
407,CRAIG COUNTY,403,403 - CRAIG SPRINGS,403,CRAIG SPRINGS,exact_key,1.0
408,CRAIG COUNTY,501,501 - CRAIG CITY,501,CRAIG CITY,exact_key,1.0
409,CULPEPER COUNTY,101,101 - WEST FAIRFAX,101,WEST FAIRFAX,exact_key,1.0
410,CULPEPER COUNTY,201,201 - EAST FAIRFAX,201,EAST FAIRFAX,exact_key,1.0
411,CULPEPER COUNTY,302,302 - EGGBORNSVILLE,302,EGGBORNSVILLE,exact_key,1.0
412,CULPEPER COUNTY,303,303 - CARDOVA,303,CARDOVA,exact_key,1.0
413,CULPEPER COUNTY,304,304 - WILLOW SHADE,304,WILLOW SHADE,exact_key,1.0
414,CULPEPER COUNTY,401,401 - ELDORADO,401,ELDORADO,exact_key,1.0
415,CULPEPER COUNTY,402,402 - BROWNS STORE,402,BROWNS STORE,exact_key,1.0
416,CULPEPER COUNTY,501,501 - JEFFERSONTON,501,JEFFERSONTON,exact_key,1.0
417,CULPEPER COUNTY,502,502 - RIXEYVILLE,502,RIXEYVILLE,exact_key,1.0
418,CULPEPER COUNTY,601,601 - MITCHELLS,601,MITCHELLS,exact_key,1.0
419,CULPEPER COUNTY,602,602 - PEARL SAMPLE,602,PEARL SAMPLE,exact_key,1.0
420,CULPEPER COUNTY,603,603 - SOUTH RIDGE,603,SOUTH RIDGE,exact_key,1.0
421,CULPEPER COUNTY,702,702 - BRANDY STATION,702,BRANDY STATION,exact_key,1.0
422,CULPEPER COUNTY,703,703 - LIGNUM,703,LIGNUM,exact_key,1.0
423,CULPEPER COUNTY,704,704 - RICHARDSVILLE,704,RICHARDSVILLE,exact_key,1.0
424,CUMBERLAND COUNTY,101,101 - PRECINCT 1,101,PRECINCT 1,exact_key,1.0
425,CUMBERLAND COUNTY,201,201 - PRECINCT 2,201,PRECINCT 2,exact_key,1.0
426,CUMBERLAND COUNTY,301,301 - PRECINCT 3,301,PRECINCT 3,exact_key,1.0
427,CUMBERLAND COUNTY,401,401 - PRECINCT 4,401,PRECINCT 4,exact_key,1.0
428,CUMBERLAND COUNTY,501,501 - PRECINCT 5,501,PRECINCT 5,exact_key,1.0
429,DICKENSON COUNTY,101,101 - SOUTH CLINTWOOD,101,SOUTH CLINTWOOD,exact_key,1.0
430,DICKENSON COUNTY,201,201 - NORA,201,NORA,exact_key,1.0
431,DICKENSON COUNTY,202,202 - FRYING PAN,202,FRYING PAN,exact_key,1.0
432,DICKENSON COUNTY,203,203 - CLINCHCO,203,CLINCHCO,exact_key,1.0
433,DICKENSON COUNTY,301,301 - WEST DANTE,301,WEST DANTE,exact_key,1.0
434,DICKENSON COUNTY,302,302 - HERALD,302,HERALD,exact_key,1.0
435,DICKENSON COUNTY,303,303 - RIDGE,303,RIDGE,exact_key,1.0
436,DICKENSON COUNTY,401,401 - HAYSI-COLLEY,401,HAYSI-COLLEY,exact_key,1.0
437,DICKENSON COUNTY,501,501 - TARPON,501,TARPON,exact_key,1.0
438,DICKENSON COUNTY,502,502 - NORTH CLINTWOOD,502,NORTH CLINTWOOD,exact_key,1.0
439,DINWIDDIE COUNTY,101,101 - WHITE OAK,101,WHITE OAK,exact_key,1.0
440,DINWIDDIE COUNTY,102,102 - ROCKY RUN,102,ROCKY RUN,exact_key,1.0
441,DINWIDDIE COUNTY,103,103 - CHURCH ROAD,103,CHURCH ROAD,exact_key,1.0
442,DINWIDDIE COUNTY,201,201 - ROHOIC,201,ROHOIC,exact_key,1.0
443,DINWIDDIE COUNTY,202,202 - SUTHERLAND,202,SUTHERLAND,exact_key,1.0
444,DINWIDDIE COUNTY,301,301 - REAMS,301,REAMS,exact_key,1.0
445,DINWIDDIE COUNTY,302,302 - NEW HOPE,302,NEW HOPE,exact_key,1.0
446,DINWIDDIE COUNTY,303,303 - LITTLE ZION,303,LITTLE ZION,exact_key,1.0
447,DINWIDDIE COUNTY,401,401 - DINWIDDIE,401,DINWIDDIE,exact_key,1.0
448,DINWIDDIE COUNTY,402,402 - MCKENNEY,402,MCKENNEY,exact_key,1.0
449,DINWIDDIE COUNTY,403,403 - CHERRY HILL,403,CHERRY HILL,exact_key,1.0
450,DINWIDDIE COUNTY,501,501 - EDGEHILL,501,EDGEHILL,exact_key,1.0
451,DINWIDDIE COUNTY,502,502 - CHESDIN,502,CHESDIN,exact_key,1.0
452,ESSEX COUNTY,101,101 - GREATER TAPPAHANNOCK,101,GREATER TAPPAHANNOCK,exact_key,1.0
453,ESSEX COUNTY,201,201 - NORTH,201,NORTH,exact_key,1.0
454,ESSEX COUNTY,301,301 - SOUTH,301,SOUTH,exact_key,1.0
455,ESSEX COUNTY,401,401 - CENTRAL,401,CENTRAL,exact_key,1.0
456,FAIRFAX COUNTY,104,104 - CHAPEL,104,CHAPEL PRECINCT,exact_key,1.0
457,FAIRFAX COUNTY,105,105 - FAIRVIEW,105,FAIRVIEW PRECINCT,exact_key,1.0
458,FAIRFAX COUNTY,106,106 - HERITAGE,106,HERITAGE PRECINCT,exact_key,1.0
459,FAIRFAX COUNTY,108,108 - KINGS PARK,108,KINGS PARK PRECINCT,exact_key,1.0
460,FAIRFAX COUNTY,109,109 - LITTLE RUN,109,LITTLE RUN PRECINCT,exact_key,1.0
461,FAIRFAX COUNTY,110,110 - NORTH SPRINGFIELD,110,NORTH SPRINGFIELD PRECINCT,exact_key,1.0
462,FAIRFAX COUNTY,113,113 - CANTERBURY,113,CANTERBURY PRECINCT,exact_key,1.0
463,FAIRFAX COUNTY,114,114 - OLDE CREEK,114,OLDE CREEK PRECINCT,exact_key,1.0
464,FAIRFAX COUNTY,115,115 - RAVENSWORTH,115,RAVENSWORTH PRECINCT,exact_key,1.0
465,FAIRFAX COUNTY,116,116 - WAKEFIELD,116,WAKEFIELD PRECINCT,exact_key,1.0
466,FAIRFAX COUNTY,117,117 - WOODSON,117,WOODSON #1 PRECINCT,exact_key,1.0
467,FAIRFAX COUNTY,118,118 - LAKE BRADDOCK,118,LAKE BRADDOCK PRECINCT,exact_key,1.0
468,FAIRFAX COUNTY,119,119 - LAUREL,119,LAUREL PRECINCT,exact_key,1.0
469,FAIRFAX COUNTY,120,120 - SIDEBURN,120,SIDEBURN #1 PRECINCT,exact_key,1.0
470,FAIRFAX COUNTY,121,121 - VILLA,121,VILLA PRECINCT,exact_key,1.0
471,FAIRFAX COUNTY,123,123 - ROBINSON,123,ROBINSON PRECINCT,exact_key,1.0
472,FAIRFAX COUNTY,125,125 - SIGNAL HILL,125,SIGNAL HILL PRECINCT,exact_key,1.0
473,FAIRFAX COUNTY,126,126 - BONNIE BRAE,126,BONNIE BRAE PRECINCT,exact_key,1.0
474,FAIRFAX COUNTY,127,127 - BURKE CENTRE,127,BURKE CENTRE PRECINCT,exact_key,1.0
475,FAIRFAX COUNTY,128,128 - CARDINAL,128,CARDINAL PRECINCT,exact_key,1.0
476,FAIRFAX COUNTY,129,129 - KEENE MILL,129,KEENE MILL PRECINCT,exact_key,1.0
477,FAIRFAX COUNTY,130,130 - TERRA CENTRE,130,TERRA CENTRE PRECINCT,exact_key,1.0
478,FAIRFAX COUNTY,131,131 - EAGLE VIEW,131,EAGLE VIEW #1 PRECINCT,exact_key,1.0
479,FAIRFAX COUNTY,132,132 - MONUMENT,132,MONUMENT PRECINCT,exact_key,1.0
480,FAIRFAX COUNTY,133,133 - DANBURY,108,KINGS PARK PRECINCT,largest_overlap,0.999029
481,FAIRFAX COUNTY,134,134 - UNIVERSITY,134,UNIVERSITY PRECINCT,exact_key,1.0
482,FAIRFAX COUNTY,201,201 - ARMSTRONG,201,ARMSTRONG PRECINCT,exact_key,1.0
483,FAIRFAX COUNTY,202,202 - FLINT HILL,202,FLINT HILL #1 PRECINCT,exact_key,1.0
484,FAIRFAX COUNTY,203,203 - FLORIS,203,FLORIS PRECINCT,exact_key,1.0
485,FAIRFAX COUNTY,204,204 - MADISON,204,MADISON PRECINCT,exact_key,1.0
486,FAIRFAX COUNTY,208,208 - RESTON #1,208,RESTON #1 PRECINCT,exact_key,1.0
487,FAIRFAX COUNTY,209,209 - RESTON #2,209,RESTON #2 PRECINCT,exact_key,1.0
488,FAIRFAX COUNTY,213,213 - VIENNA #1,213,VIENNA #1 PRECINCT,exact_key,1.0
489,FAIRFAX COUNTY,214,214 - VIENNA #2,214,VIENNA #2 PRECINCT,exact_key,1.0
490,FAIRFAX COUNTY,216,216 - VIENNA #4,216,VIENNA #4 PRECINCT,exact_key,1.0
491,FAIRFAX COUNTY,218,218 - VIENNA #6,218,VIENNA #6 PRECINCT,exact_key,1.0
492,FAIRFAX COUNTY,219,219 - WESTBRIAR,219,WESTBRIAR #1 PRECINCT,exact_key,1.0
493,FAIRFAX COUNTY,220,220 - DOGWOOD,220,DOGWOOD PRECINCT,exact_key,1.0
494,FAIRFAX COUNTY,221,221 - HUNTERS WOODS,221,HUNTERS WOODS PRECINCT,exact_key,1.0
495,FAIRFAX COUNTY,222,222 - RESTON #3,222,RESTON #3 PRECINCT,exact_key,1.0
496,FAIRFAX COUNTY,223,223 - GLADE,223,GLADE PRECINCT,exact_key,1.0
497,FAIRFAX COUNTY,224,224 - SOUTH LAKES,224,SOUTH LAKES PRECINCT,exact_key,1.0
498,FAIRFAX COUNTY,225,225 - HUGHES,225,HUGHES PRECINCT,exact_key,1.0
499,FAIRFAX COUNTY,226,226 - WOLFTRAP,226,WOLFTRAP PRECINCT,exact_key,1.0
500,FAIRFAX COUNTY,227,227 - SUNRISE VALLEY,227,SUNRISE VALLEY #1 PRECINCT,exact_key,1.0
501,FAIRFAX COUNTY,229,229 - FOX MILL,229,FOX MILL #1 PRECINCT,exact_key,1.0
502,FAIRFAX COUNTY,233,233 - NORTH POINT,233,NORTH POINT PRECINCT,exact_key,1.0
503,FAIRFAX COUNTY,234,234 - ALDRIN,234,ALDRIN PRECINCT,exact_key,1.0
504,FAIRFAX COUNTY,235,235 - FRYING PAN,235,FRYING PAN PRECINCT,exact_key,1.0
505,FAIRFAX COUNTY,236,236 - STUART,236,STUART PRECINCT,exact_key,1.0
506,FAIRFAX COUNTY,237,237 - MCNAIR,237,MCNAIR PRECINCT,exact_key,1.0
507,FAIRFAX COUNTY,238,238 - CAMERON GLEN,238,CAMERON GLEN PRECINCT,exact_key,1.0
508,FAIRFAX COUNTY,240,240 - COLVIN,240,COLVIN PRECINCT,exact_key,1.0
509,FAIRFAX COUNTY,301,301 - CHAIN BRIDGE,301,CHAIN BRIDGE PRECINCT,exact_key,1.0
510,FAIRFAX COUNTY,302,302 - CHESTERBROOK,302,CHESTERBROOK PRECINCT,exact_key,1.0
511,FAIRFAX COUNTY,303,303 - CHURCHILL,303,CHURCHILL PRECINCT,exact_key,1.0
512,FAIRFAX COUNTY,304,304 - COOPER,304,COOPER PRECINCT,exact_key,1.0
513,FAIRFAX COUNTY,305,305 - EL NIDO,305,EL NIDO PRECINCT,exact_key,1.0
514,FAIRFAX COUNTY,306,306 - GREAT FALLS,306,GREAT FALLS PRECINCT,exact_key,1.0
515,FAIRFAX COUNTY,307,307 - HAYCOCK,307,HAYCOCK PRECINCT,exact_key,1.0
516,FAIRFAX COUNTY,309,309 - KENMORE,309,KENMORE PRECINCT,exact_key,1.0
517,FAIRFAX COUNTY,310,310 - KIRBY,310,KIRBY PRECINCT,exact_key,1.0
518,FAIRFAX COUNTY,311,311 - LANGLEY,311,LANGLEY PRECINCT,exact_key,1.0
519,FAIRFAX COUNTY,312,312 - LONGFELLOW,312,LONGFELLOW PRECINCT,exact_key,1.0
520,FAIRFAX COUNTY,314,314 - MCLEAN,314,MCLEAN PRECINCT,exact_key,1.0
521,FAIRFAX COUNTY,315,315 - PIMMIT,315,PIMMIT PRECINCT,exact_key,1.0
522,FAIRFAX COUNTY,316,316 - SALONA,316,SALONA PRECINCT,exact_key,1.0
523,FAIRFAX COUNTY,317,317 - WESTHAMPTON,317,WESTHAMPTON PRECINCT,exact_key,1.0
524,FAIRFAX COUNTY,318,318 - WESTMORELAND,318,WESTMORELAND PRECINCT,exact_key,1.0
525,FAIRFAX COUNTY,319,319 - HERNDON #1,319,HERNDON #1 PRECINCT,exact_key,1.0
526,FAIRFAX COUNTY,320,320 - HERNDON #2,320,HERNDON #2 PRECINCT,exact_key,1.0
527,FAIRFAX COUNTY,321,321 - CLEARVIEW,321,CLEARVIEW PRECINCT,exact_key,1.0
528,FAIRFAX COUNTY,322,322 - FORESTVILLE,322,FORESTVILLE PRECINCT,exact_key,1.0
529,FAIRFAX COUNTY,323,323 - SHOUSE,323,SHOUSE PRECINCT,exact_key,1.0
530,FAIRFAX COUNTY,324,324 - HERNDON #3,324,HERNDON #3 PRECINCT,exact_key,1.0
531,FAIRFAX COUNTY,325,325 - HUTCHISON,325,HUTCHISON PRECINCT,exact_key,1.0
532,FAIRFAX COUNTY,327,327 - SUGARLAND,327,SUGARLAND PRECINCT,exact_key,1.0
533,FAIRFAX COUNTY,328,328 - HICKORY,328,HICKORY PRECINCT,exact_key,1.0
534,FAIRFAX COUNTY,329,329 - SENECA,329,SENECA PRECINCT,exact_key,1.0
535,FAIRFAX COUNTY,331,331 - SPRING HILL,331,SPRING HILL PRECINCT,exact_key,1.0
536,FAIRFAX COUNTY,332,332 - COATES,332,COATES PRECINCT,exact_key,1.0
537,FAIRFAX COUNTY,333,333 - SALONA #2,316,SALONA PRECINCT,largest_overlap,0.998744
538,FAIRFAX COUNTY,401,401 - BUSH HILL,401,BUSH HILL PRECINCT,exact_key,1.0
539,FAIRFAX COUNTY,402,402 - CAMERON,402,CAMERON PRECINCT,exact_key,1.0
540,FAIRFAX COUNTY,403,403 - FORESTDALE,403,FORESTDALE PRECINCT,exact_key,1.0
541,FAIRFAX COUNTY,404,404 - FRANCONIA,404,EDISON #1 PRECINCT,exact_key,1.0
542,FAIRFAX COUNTY,405,405 - GROVETON,405,GROVETON PRECINCT,exact_key,1.0
543,FAIRFAX COUNTY,406,406 - HAYFIELD,406,HAYFIELD PRECINCT,exact_key,1.0
544,FAIRFAX COUNTY,408,408 - MOUNT EAGLE,408,MOUNT EAGLE PRECINCT,exact_key,1.0
545,FAIRFAX COUNTY,409,409 - PIONEER,409,PIONEER PRECINCT,exact_key,1.0
546,FAIRFAX COUNTY,410,410 - ROSE HILL,410,ROSE HILL PRECINCT,exact_key,1.0
547,FAIRFAX COUNTY,411,411 - VIRGINIA HILLS,411,VIRGINIA HILLS PRECINCT,exact_key,1.0
548,FAIRFAX COUNTY,413,413 - FAIRFIELD,413,FAIRFIELD PRECINCT,exact_key,1.0
549,FAIRFAX COUNTY,415,415 - CRESTWOOD,415,CRESTWOOD PRECINCT,exact_key,1.0
550,FAIRFAX COUNTY,417,417 - GARFIELD,417,GARFIELD PRECINCT,exact_key,1.0
551,FAIRFAX COUNTY,418,418 - LYNBROOK,418,LYNBROOK #1 PRECINCT,exact_key,1.0
552,FAIRFAX COUNTY,419,419 - LANE,419,LANE PRECINCT,exact_key,1.0
553,FAIRFAX COUNTY,420,420 - VILLAGES,420,VILLAGES PRECINCT,exact_key,1.0
554,FAIRFAX COUNTY,421,421 - KINGSTOWNE,421,KINGSTOWNE PRECINCT,exact_key,1.0
555,FAIRFAX COUNTY,422,422 - VAN DORN,422,VAN DORN PRECINCT,exact_key,1.0
556,FAIRFAX COUNTY,423,423 - CLERMONT,423,CLERMONT PRECINCT,exact_key,1.0
557,FAIRFAX COUNTY,424,424 - HUNTLEY,424,HUNTLEY PRECINCT,exact_key,1.0
558,FAIRFAX COUNTY,426,426 - GREENSPRING,426,GREENSPRING PRECINCT,exact_key,1.0
559,FAIRFAX COUNTY,427,427 - ISLAND CREEK,427,ISLAND CREEK PRECINCT,exact_key,1.0
560,FAIRFAX COUNTY,428,428 - PINEWOOD,428,PINEWOOD PRECINCT,exact_key,1.0
561,FAIRFAX COUNTY,429,429 - HYBLA VALLEY,429,HYBLA VALLEY PRECINCT,exact_key,1.0
562,FAIRFAX COUNTY,501,501 - BAILEYS,501,BAILEYS PRECINCT,exact_key,1.0
563,FAIRFAX COUNTY,502,502 - BARCROFT,502,BARCROFT PRECINCT,exact_key,1.0
564,FAIRFAX COUNTY,503,503 - BELVEDERE,503,BELVEDERE PRECINCT,exact_key,1.0
565,FAIRFAX COUNTY,504,504 - BRISTOW,504,BRISTOW PRECINCT,exact_key,1.0
566,FAIRFAX COUNTY,505,505 - GLEN FOREST,505,GLEN FOREST PRECINCT,exact_key,1.0
567,FAIRFAX COUNTY,506,506 - HOLMES,506,HOLMES PRECINCT,exact_key,1.0
568,FAIRFAX COUNTY,507,507 - LINCOLNIA,507,LINCOLNIA PRECINCT,exact_key,1.0
569,FAIRFAX COUNTY,508,508 - MASONVILLE,508,MASONVILLE PRECINCT,exact_key,1.0
570,FAIRFAX COUNTY,509,509 - PLAZA,509,PLAZA PRECINCT,exact_key,1.0
571,FAIRFAX COUNTY,510,510 - PARKLAWN,510,PARKLAWN PRECINCT,exact_key,1.0
572,FAIRFAX COUNTY,511,511 - RAVENWOOD,511,RAVENWOOD PRECINCT,exact_key,1.0
573,FAIRFAX COUNTY,512,512 - SLEEPY HOLLOW,512,SLEEPY HOLLOW PRECINCT,exact_key,1.0
574,FAIRFAX COUNTY,513,513 - SAINT ALBANS,513,SAINT ALBANS PRECINCT,exact_key,1.0
575,FAIRFAX COUNTY,514,514 - CROSSROADS,514,CROSSROADS PRECINCT,exact_key,1.0
576,FAIRFAX COUNTY,515,515 - WESTLAWN,515,WESTLAWN PRECINCT,exact_key,1.0
577,FAIRFAX COUNTY,516,516 - WEYANOKE,516,WEYANOKE PRECINCT,exact_key,1.0
578,FAIRFAX COUNTY,517,517 - WILLSTON,517,WILLSTON PRECINCT,exact_key,1.0
579,FAIRFAX COUNTY,518,518 - COLUMBIA,518,COLUMBIA PRECINCT,exact_key,1.0
580,FAIRFAX COUNTY,519,519 - HUMMER,536,WOODBURN PRECINCT,largest_overlap,0.999552
581,FAIRFAX COUNTY,520,520 - SKYLINE,520,SKYLINE PRECINCT,exact_key,1.0
582,FAIRFAX COUNTY,521,521 - BROOK HILL,521,BROOK HILL PRECINCT,exact_key,1.0
583,FAIRFAX COUNTY,522,522 - CAMELOT,522,CAMELOT PRECINCT,exact_key,1.0
584,FAIRFAX COUNTY,523,523 - POE,523,POE PRECINCT,exact_key,1.0
585,FAIRFAX COUNTY,525,525 - WALNUT HILL,525,WALNUT HILL PRECINCT,exact_key,1.0
586,FAIRFAX COUNTY,526,526 - BREN MAR,526,BREN MAR PRECINCT,exact_key,1.0
587,FAIRFAX COUNTY,527,527 - EDSALL,527,EDSALL PRECINCT,exact_key,1.0
588,FAIRFAX COUNTY,528,528 - RIDGELEA,528,RIDGELEA PRECINCT,exact_key,1.0
589,FAIRFAX COUNTY,530,530 - TRIPPS,530,TRIPPS PRECINCT,exact_key,1.0
590,FAIRFAX COUNTY,601,601 - BELLE HAVEN,601,BELLE HAVEN PRECINCT,exact_key,1.0
591,FAIRFAX COUNTY,602,602 - BELLEVIEW,602,BELLEVIEW PRECINCT,exact_key,1.0
592,FAIRFAX COUNTY,604,604 - BUCKNELL,604,BUCKNELL PRECINCT,exact_key,1.0
593,FAIRFAX COUNTY,605,605 - FORT HUNT,605,FORT HUNT PRECINCT,exact_key,1.0
594,FAIRFAX COUNTY,606,606 - HOLLIN HALL,606,HOLLIN HALL PRECINCT,exact_key,1.0
595,FAIRFAX COUNTY,607,607 - HUNTINGTON,607,HUNTINGTON PRECINCT,exact_key,1.0
596,FAIRFAX COUNTY,608,608 - KIRKSIDE,608,KIRKSIDE PRECINCT,exact_key,1.0
597,FAIRFAX COUNTY,609,609 - MARLAN,609,MARLAN PRECINCT,exact_key,1.0
598,FAIRFAX COUNTY,610,610 - SHERWOOD,610,SHERWOOD PRECINCT,exact_key,1.0
599,FAIRFAX COUNTY,611,611 - STRATFORD,611,STRATFORD PRECINCT,exact_key,1.0
600,FAIRFAX COUNTY,612,612 - WAYNEWOOD,612,WAYNEWOOD PRECINCT,exact_key,1.0
601,FAIRFAX COUNTY,613,613 - WESTGATE,613,WESTGATE PRECINCT,exact_key,1.0
602,FAIRFAX COUNTY,614,614 - RIVERSIDE,614,RIVERSIDE PRECINCT,exact_key,1.0
603,FAIRFAX COUNTY,615,615 - WOODLEY,615,WOODLEY PRECINCT,exact_key,1.0
604,FAIRFAX COUNTY,616,616 - GUNSTON,616,GUNSTON PRECINCT,exact_key,1.0
605,FAIRFAX COUNTY,617,617 - LORTON,617,LORTON PRECINCT,exact_key,1.0
606,FAIRFAX COUNTY,618,618 - NEWINGTON,618,NEWINGTON #1 PRECINCT,exact_key,1.0
607,FAIRFAX COUNTY,619,619 - BELVOIR,635,WOODLAWN #2 PRECINCT,largest_overlap,0.490716
608,FAIRFAX COUNTY,621,621 - GROSVENOR,621,GROSVENOR PRECINCT,exact_key,1.0
609,FAIRFAX COUNTY,622,622 - LORTON STATION,622,LORTON STATION PRECINCT,exact_key,1.0
610,FAIRFAX COUNTY,623,623 - ALBAN,623,ALBAN PRECINCT,exact_key,1.0
611,FAIRFAX COUNTY,626,626 - SARATOGA,855,SARATOGA PRECINCT,largest_overlap,0.990433
612,FAIRFAX COUNTY,627,627 - WOODLAWN,627,WOODLAWN #1 PRECINCT,exact_key,1.0
613,FAIRFAX COUNTY,628,628 - LAUREL HILL,628,LAUREL HILL #1 PRECINCT,exact_key,1.0
614,FAIRFAX COUNTY,629,629 - SOUTH COUNTY,629,SOUTH COUNTY PRECINCT,exact_key,1.0
615,FAIRFAX COUNTY,630,630 - ARMY,630,ARMY PRECINCT,exact_key,1.0
616,FAIRFAX COUNTY,700,700 - VTD 000700,700,FAIRFAX COURT PRECINCT,exact_key,1.0
617,FAIRFAX COUNTY,701,701 - BLAKE,701,BLAKE PRECINCT,exact_key,1.0
618,FAIRFAX COUNTY,703,703 - FORT BUFFALO,535,FORT BUFFALO PRECINCT,largest_overlap,0.999241
619,FAIRFAX COUNTY,704,704 - FREEDOM HILL,704,FREEDOM HILL PRECINCT,exact_key,1.0
620,FAIRFAX COUNTY,705,705 - GRAHAM - GREENWAY,705,GRAHAM-GREENWAY PRECINCT,exact_key,1.0
621,FAIRFAX COUNTY,707,707 - MANTUA,707,MANTUA PRECINCT,exact_key,1.0
622,FAIRFAX COUNTY,708,708 - MARSHALL,708,MARSHALL PRECINCT,exact_key,1.0
623,FAIRFAX COUNTY,709,709 - MOSBY,709,MOSBY #1 PRECINCT,exact_key,1.0
624,FAIRFAX COUNTY,710,710 - PINE SPRING,710,PINE SPRING PRECINCT,exact_key,1.0
625,FAIRFAX COUNTY,711,711 - PRICE,711,PRICE PRECINCT,exact_key,1.0
626,FAIRFAX COUNTY,712,712 - SHREVE,712,SHREVE PRECINCT,exact_key,1.0
627,FAIRFAX COUNTY,713,713 - TIMBER LANE,713,TIMBER LANE PRECINCT,exact_key,1.0
628,FAIRFAX COUNTY,714,714 - WALKER,714,WALKER PRECINCT,exact_key,1.0
629,FAIRFAX COUNTY,717,717 - WOODBURN,536,WOODBURN PRECINCT,largest_overlap,0.690441
630,FAIRFAX COUNTY,718,718 - PINE RIDGE,718,PINE RIDGE PRECINCT,exact_key,1.0
631,FAIRFAX COUNTY,720,720 - THOREAU,720,THOREAU PRECINCT,exact_key,1.0
632,FAIRFAX COUNTY,721,721 - MERRIFIELD,721,MERRIFIELD PRECINCT,exact_key,1.0
633,FAIRFAX COUNTY,723,723 - GALLOWS EAST,723,GALLOWS EAST PRECINCT,exact_key,1.0
634,FAIRFAX COUNTY,726,726 - MAGARITY,726,MAGARITY PRECINCT,exact_key,1.0
635,FAIRFAX COUNTY,727,727 - OAKTON,727,OAKTON PRECINCT,exact_key,1.0
636,FAIRFAX COUNTY,729,729 - NOTTOWAY,729,NOTTOWAY PRECINCT,exact_key,1.0
637,FAIRFAX COUNTY,730,730 - PENDERBROOK,856,PENDERBROOK PRECINCT,largest_overlap,0.860235
638,FAIRFAX COUNTY,731,731 - TYSONS,731,TYSONS PRECINCT,exact_key,1.0
639,FAIRFAX COUNTY,732,732 - OAK MARR,732,OAKTREE CROSSING PRECINCT,exact_key,1.0
640,FAIRFAX COUNTY,733,733 - KILMER,733,KILMER PRECINCT,exact_key,1.0
641,FAIRFAX COUNTY,734,734 - HUNTERS BRANCH,734,HUNTERS BRANCH PRECINCT,exact_key,1.0
642,FAIRFAX COUNTY,735,735 - ROTONDA,735,ROTONDA PRECINCT,exact_key,1.0
643,FAIRFAX COUNTY,801,801 - BURKE,801,BURKE #1 PRECINCT,exact_key,1.0
644,FAIRFAX COUNTY,802,802 - CEDAR LAKE,802,CEDAR LAKE PRECINCT,exact_key,1.0
645,FAIRFAX COUNTY,803,803 - CLIFTON,803,CLIFTON SOUTH PRECINCT,exact_key,1.0
646,FAIRFAX COUNTY,804,804 - COLCHESTER,804,COLCHESTER PRECINCT,exact_key,1.0
647,FAIRFAX COUNTY,805,805 - FAIRFAX STATION,805,FAIRFAX STATION PRECINCT,exact_key,1.0
648,FAIRFAX COUNTY,806,806 - SYDENSTRICKER,806,SYDENSTRICKER PRECINCT,exact_key,1.0
649,FAIRFAX COUNTY,807,807 - HUNT VALLEY,807,HUNT VALLEY PRECINCT,exact_key,1.0
650,FAIRFAX COUNTY,811,811 - POHICK,811,POHICK PRECINCT,exact_key,1.0
651,FAIRFAX COUNTY,812,812 - VALLEY,812,VALLEY PRECINCT,exact_key,1.0
652,FAIRFAX COUNTY,815,815 - WOODYARD,815,WOODYARD PRECINCT,exact_key,1.0
653,FAIRFAX COUNTY,824,824 - ORANGE,824,ORANGE PRECINCT,exact_key,1.0
654,FAIRFAX COUNTY,825,825 - CHERRY RUN,825,CHERRY RUN PRECINCT,exact_key,1.0
655,FAIRFAX COUNTY,827,827 - IRVING,135,IRVING PRECINCT,largest_overlap,0.996309
656,FAIRFAX COUNTY,833,833 - WHITE OAKS,833,WHITE OAKS PRECINCT,exact_key,1.0
657,FAIRFAX COUNTY,838,838 - SANGSTER,838,SANGSTER PRECINCT,exact_key,1.0
658,FAIRFAX COUNTY,839,839 - SILVERBROOK,839,SILVERBROOK PRECINCT,exact_key,1.0
659,FAIRFAX COUNTY,840,840 - WEST SPRINGFIELD,431,WEST SPRINGFIELD PRECINCT,largest_overlap,0.993578
660,FAIRFAX COUNTY,841,841 - POPES HEAD,841,POPES HEAD PRECINCT,exact_key,1.0
661,FAIRFAX COUNTY,842,842 - PARKWAY,842,PARKWAY PRECINCT,exact_key,1.0
662,FAIRFAX COUNTY,843,843 - FAIR LAKES,843,FAIR LAKES PRECINCT,exact_key,1.0
663,FAIRFAX COUNTY,844,844 - CENTERPOINTE,844,CENTERPOINTE PRECINCT,exact_key,1.0
664,FAIRFAX COUNTY,845,845 - FOUNTAINHEAD,845,FOUNTAINHEAD PRECINCT,exact_key,1.0
665,FAIRFAX COUNTY,846,846 - GREENBRIAR EAST,846,GREENBRIAR EAST PRECINCT,exact_key,1.0
666,FAIRFAX COUNTY,847,847 - GREENBRIAR WEST,847,GREENBRIAR WEST PRECINCT,exact_key,1.0
667,FAIRFAX COUNTY,848,848 - FAIR OAKS,848,FAIR OAKS PRECINCT,exact_key,1.0
668,FAIRFAX COUNTY,849,849 - NEWGATE NORTH,849,NEWGATE NORTH PRECINCT,exact_key,1.0
669,FAIRFAX COUNTY,850,850 - SOUTH RUN,850,SOUTH RUN PRECINCT,exact_key,1.0
670,FAIRFAX COUNTY,851,851 - WILLOW SPRINGS,851,WILLOW SPRINGS #1 PRECINCT,exact_key,1.0
671,FAIRFAX COUNTY,901,901 - CENTRE RIDGE,901,CENTRE RIDGE PRECINCT,exact_key,1.0
672,FAIRFAX COUNTY,902,902 - BROOKFIELD,902,BROOKFIELD PRECINCT,exact_key,1.0
673,FAIRFAX COUNTY,903,903 - CUB RUN,903,CUB RUN PRECINCT,exact_key,1.0
674,FAIRFAX COUNTY,904,904 - STONECROFT,904,STONECROFT PRECINCT,exact_key,1.0
675,FAIRFAX COUNTY,905,905 - FRANKLIN,905,FRANKLIN PRECINCT,exact_key,1.0
676,FAIRFAX COUNTY,908,908 - HIDDEN MEADOW,908,HIDDEN MEADOW PRECINCT,exact_key,1.0
677,FAIRFAX COUNTY,909,909 - OAK HILL,909,OAK HILL PRECINCT,exact_key,1.0
678,FAIRFAX COUNTY,910,910 - LONDON TOWNE,910,LONDON TOWNE PRECINCT,exact_key,1.0
679,FAIRFAX COUNTY,911,911 - NAVY,911,NAVY PRECINCT,exact_key,1.0
680,FAIRFAX COUNTY,913,913 - ROCKY RUN,913,ROCKY RUN PRECINCT,exact_key,1.0
681,FAIRFAX COUNTY,914,914 - VALE,914,VALE PRECINCT,exact_key,1.0
682,FAIRFAX COUNTY,915,915 - VIRGINIA RUN,915,VIRGINIA RUN PRECINCT,exact_key,1.0
683,FAIRFAX COUNTY,916,916 - WAPLES MILL,916,WAPLES MILL PRECINCT,exact_key,1.0
684,FAIRFAX COUNTY,917,917 - STONE,917,STONE PRECINCT,exact_key,1.0
685,FAIRFAX COUNTY,918,918 - CENTREVILLE,918,CENTREVILLE PRECINCT,exact_key,1.0
686,FAIRFAX COUNTY,919,919 - GREEN TRAILS,919,GREEN TRAILS PRECINCT,exact_key,1.0
687,FAIRFAX COUNTY,920,920 - CHANTILLY,920,CHANTILLY PRECINCT,exact_key,1.0
688,FAIRFAX COUNTY,921,921 - DEER PARK,921,DEER PARK PRECINCT,exact_key,1.0
689,FAIRFAX COUNTY,923,923 - BULL RUN,923,BULL RUN PRECINCT,exact_key,1.0
690,FAIRFAX COUNTY,924,924 - SPINDLE,924,SPINDLE PRECINCT,exact_key,1.0
691,FAIRFAX COUNTY,925,925 - OLD MILL,925,OLD MILL PRECINCT,exact_key,1.0
692,FAIRFAX COUNTY,926,926 - POWELL,926,POWELL PRECINCT,exact_key,1.0
693,FAIRFAX COUNTY,927,927 - ARMFIELD,927,ARMFIELD PRECINCT,exact_key,1.0
694,FAIRFAX COUNTY,928,928 - POPLAR TREE,928,POPLAR TREE PRECINCT,exact_key,1.0
695,FAIRFAX COUNTY,929,929 - DIFFICULT RUN,929,DIFFICULT RUN PRECINCT,exact_key,1.0
696,FAIRFAX COUNTY,930,930 - LEES CORNER,905,FRANKLIN PRECINCT,largest_overlap,0.82237
697,FAIRFAX COUNTY,931,931 - CARSON,931,CARSON PRECINCT,exact_key,1.0
698,FAIRFAX COUNTY,932,932 - STONE SOUTH,917,STONE PRECINCT,largest_overlap,0.999331
699,FAIRFAX COUNTY,933,933 - COMPTON,854,NEWGATE SOUTH PRECINCT,largest_overlap,0.994711
700,FAUQUIER COUNTY,101,101 - KETTLE RUN,101,KETTLE RUN,exact_key,1.0
701,FAUQUIER COUNTY,102,102 - CATLETT,102,CATLETT,exact_key,1.0
702,FAUQUIER COUNTY,103,103 - CASANOVA,103,CASANOVA,exact_key,1.0
703,FAUQUIER COUNTY,104,104 - LOIS,104,LOIS,exact_key,1.0
704,FAUQUIER COUNTY,105,105 - OPAL,105,OPAL,exact_key,1.0
705,FAUQUIER COUNTY,106,106 - BALDWIN RIDGE,103,CASANOVA,largest_overlap,1.0
706,FAUQUIER COUNTY,201,201 - COURTHOUSE,201,WARD 1,exact_key,1.0
707,FAUQUIER COUNTY,202,202 - AIRLIE,202,WARD 2,exact_key,1.0
708,FAUQUIER COUNTY,203,203 - WARRENTON,203,WARD 3,exact_key,1.0
709,FAUQUIER COUNTY,301,301 - MORRISVILLE,301,MORRISVILLE,exact_key,1.0
710,FAUQUIER COUNTY,302,302 - REMINGTON,302,BOTHA,exact_key,1.0
711,FAUQUIER COUNTY,303,303 - BEALETON,303,BEALETON,exact_key,1.0
712,FAUQUIER COUNTY,401,401 - MARSHALL,401,SALEM,exact_key,1.0
713,FAUQUIER COUNTY,402,402 - LEEDS,402,LEEDS,exact_key,1.0
714,FAUQUIER COUNTY,403,403 - WATERLOO,403,WATERLOO,exact_key,1.0
715,FAUQUIER COUNTY,404,404 - SPRINGS VALLEY,404,SPRINGS VALLEY,exact_key,1.0
716,FAUQUIER COUNTY,501,501 - THE PLAINS,501,HOPEWELL,exact_key,1.0
717,FAUQUIER COUNTY,502,502 - NEW BALTIMORE,502,NEW BALTIMORE,exact_key,1.0
718,FAUQUIER COUNTY,503,503 - BROAD RUN,503,BROAD RUN,exact_key,1.0
719,FAUQUIER COUNTY,504,504 - VINT HILL,504,VINT HILL,exact_key,1.0
720,FLOYD COUNTY,101,101 - LOCUST GROVE,101,LOCUST GROVE,exact_key,1.0
721,FLOYD COUNTY,201,201 - LITTLE RIVER,201,LITTLE RIVER,exact_key,1.0
722,FLOYD COUNTY,301,301 - COURTHOUSE,301,COURTHOUSE,exact_key,1.0
723,FLOYD COUNTY,401,401 - BURKS FORK,401,BURKS FORK,exact_key,1.0
724,FLOYD COUNTY,501,501 - INDIAN VALLEY,501,INDIAN VALLEY,exact_key,1.0
725,FLUVANNA COUNTY,101,101 - PALMYRA,101,PALMYRA,exact_key,1.0
726,FLUVANNA COUNTY,201,201 - COLUMBIA,201,COLUMBIA,exact_key,1.0
727,FLUVANNA COUNTY,301,301 - FORK UNION,301,FORK UNION,exact_key,1.0
728,FLUVANNA COUNTY,401,401 - CUNNINGHAM,401,CUNNINGHAM,exact_key,1.0
729,FLUVANNA COUNTY,501,501 - RIVANNA,501,RIVANNA,exact_key,1.0
730,FRANKLIN COUNTY,102,102 - BURNT CHIMNEY,102,BURNT CHIMNEY,exact_key,1.0
731,FRANKLIN COUNTY,103,103 - SCRUGGS,103,SCRUGGS,exact_key,1.0
732,FRANKLIN COUNTY,201,201 - GLADE HILL,201,GLADE HILL,exact_key,1.0
733,FRANKLIN COUNTY,202,202 - PENHOOK,202,PENHOOK,exact_key,1.0
734,FRANKLIN COUNTY,203,203 - HODGESVILLE,203,HODGESVILLE,exact_key,1.0
735,FRANKLIN COUNTY,204,204 - DUDLEY,204,DUDLEY,exact_key,1.0
736,FRANKLIN COUNTY,301,301 - SNOW CREEK,301,SNOW CREEK,exact_key,1.0
737,FRANKLIN COUNTY,302,302 - FORK MOUNTAIN,302,FORK MOUNTAIN,exact_key,1.0
738,FRANKLIN COUNTY,303,303 - SONTAG,303,SONTAG,exact_key,1.0
739,FRANKLIN COUNTY,304,304 - DICKINSON,304,DICKINSON,exact_key,1.0
740,FRANKLIN COUNTY,401,401 - HENRY,401,HENRY,exact_key,1.0
741,FRANKLIN COUNTY,402,402 - FERRUM,402,FERRUM,exact_key,1.0
742,FRANKLIN COUNTY,403,403 - ENDICOTT,403,ENDICOTT,exact_key,1.0
743,FRANKLIN COUNTY,501,501 - WAIDSBORO,504,GOGGINSVILLE,largest_overlap,0.393522
744,FRANKLIN COUNTY,502,502 - CALLAWAY,502,CALLAWAY,exact_key,1.0
745,FRANKLIN COUNTY,503,503 - BOWMANS,503,BOWMANS,exact_key,1.0
746,FRANKLIN COUNTY,504,504 - GOGGINSVILLE,504,GOGGINSVILLE,exact_key,1.0
747,FRANKLIN COUNTY,601,601 - BOONES MILL,601,BOONES MILL,exact_key,1.0
748,FRANKLIN COUNTY,602,602 - BONBROOK,602,BONBROOK,exact_key,1.0
749,FRANKLIN COUNTY,603,603 - COOPERS COVE,603,COOPERS COVE,exact_key,1.0
750,FRANKLIN COUNTY,701,701 - ROCKY MOUNT EAST,701,ROCKY MOUNT EAST,exact_key,1.0
751,FRANKLIN COUNTY,702,702 - ROCKY MOUNT WEST,702,ROCKY MOUNT WEST,exact_key,1.0
752,FRANKLIN COUNTY,703,703 - ROCKY MOUNT SOUTH,703,ROCKY MOUNT SOUTH,exact_key,1.0
753,FREDERICK COUNTY,101,101 - RUSSELLS,101,RUSSELLS,exact_key,1.0
754,FREDERICK COUNTY,102,102 - GORE,102,GORE,exact_key,1.0
755,FREDERICK COUNTY,103,103 - KERNSTOWN,103,KERNSTOWN,exact_key,1.0
756,FREDERICK COUNTY,104,104 - CEDAR CREEK,104,CEDAR CREEK,exact_key,1.0
757,FREDERICK COUNTY,201,201 - GAINESBOROUGH,201,GAINESBOROUGH,exact_key,1.0
758,FREDERICK COUNTY,202,202 - ALBIN,202,ALBIN,exact_key,1.0
759,FREDERICK COUNTY,203,203 - REDLAND,203,REDLAND,exact_key,1.0
760,FREDERICK COUNTY,204,204 - NAIN,204,NAIN,exact_key,1.0
761,FREDERICK COUNTY,301,301 - CLEAR BROOK,301,CLEAR BROOK,exact_key,1.0
762,FREDERICK COUNTY,302,302 - NEFF'S TOWN,302,NEFFS TOWN,exact_key,1.0
763,FREDERICK COUNTY,303,303 - WHITE HALL,303,JORDAN SPRINGS,exact_key,1.0
764,FREDERICK COUNTY,401,401 - CARPERS VALLEY,401,ARMEL,exact_key,1.0
765,FREDERICK COUNTY,402,402 - SHENANDOAH,402,SHENANDOAH,exact_key,1.0
766,FREDERICK COUNTY,403,403 - PARKIN'S MILL,403,PARKINS MILL,exact_key,1.0
767,FREDERICK COUNTY,404,404 - ARMEL,404,WHITE OAK SCHOOL,exact_key,1.0
768,FREDERICK COUNTY,501,501 - STEPHENS CITY,501,STEPHENS CITY,exact_key,1.0
769,FREDERICK COUNTY,502,502 - NEWTOWN,502,BASS-HOOVER,exact_key,1.0
770,FREDERICK COUNTY,503,503 - CANTERBURG,503,CANTERBURG,exact_key,1.0
771,FREDERICK COUNTY,601,601 - MILLBROOK,601,MILLBROOK,exact_key,1.0
772,FREDERICK COUNTY,602,602 - ASH HOLLOW,602,ASH HOLLOW,exact_key,1.0
773,FREDERICK COUNTY,603,603 - GREENWOOD,603,GREENWOOD,exact_key,1.0
774,GILES COUNTY,101,101 - GLEN LYN,102,RICH CREEK PRECINCT,largest_overlap,0.998943
775,GILES COUNTY,102,102 - RICH CREEK,102,RICH CREEK PRECINCT,exact_key,1.0
776,GILES COUNTY,103,103 - NARROWS,103,NARROWS PRECINCT,exact_key,1.0
777,GILES COUNTY,201,201 - PEARISBURG,201,PEARISBURG PRECINCT,exact_key,1.0
778,GILES COUNTY,202,202 - STAFFORDSVILLE,202,STAFFORDSVILLE PRECINCT,exact_key,1.0
779,GILES COUNTY,203,203 - WHITE GATE,203,WHITE GATE PRECINCT,exact_key,1.0
780,GILES COUNTY,301,301 - EGGLESTON,301,EGGLESTON PRECINCT,exact_key,1.0
781,GILES COUNTY,302,302 - PEMBROKE,302,PEMBROKE PRECINCT,exact_key,1.0
782,GILES COUNTY,303,303 - NEWPORT,303,NEWPORT PRECINCT,exact_key,1.0
783,GLOUCESTER COUNTY,101,101 - HARCUM,101,HARCUM,exact_key,1.0
784,GLOUCESTER COUNTY,102,102 - SALEM,102,SALEM,exact_key,1.0
785,GLOUCESTER COUNTY,103,103 - PEASLEY,103,PEASLEY,exact_key,1.0
786,GLOUCESTER COUNTY,201,201 - COURTHOUSE,201,COURTHOUSE,exact_key,1.0
787,GLOUCESTER COUNTY,202,202 - BOTETOURT,202,BOTETOURT,exact_key,1.0
788,GLOUCESTER COUNTY,301,301 - WHITE MARSH,301,WHITE MARSH,exact_key,1.0
789,GLOUCESTER COUNTY,302,302 - ROANES,302,ROANES,exact_key,1.0
790,GLOUCESTER COUNTY,401,401 - HAYES,401,HAYES,exact_key,1.0
791,GLOUCESTER COUNTY,402,402 - SARAHS CREEK,402,SARAHS CREEK,exact_key,1.0
792,GLOUCESTER COUNTY,501,501 - ACHILLES,501,ACHILLES,exact_key,1.0
793,GLOUCESTER COUNTY,502,502 - WALKER,502,WALKER,exact_key,1.0
794,GOOCHLAND COUNTY,101,101 - FIFE,101,FIFE,exact_key,1.0
795,GOOCHLAND COUNTY,102,102 - HADENSVILLE,102,HADENSVILLE,exact_key,1.0
796,GOOCHLAND COUNTY,201,201 - THREE SQUARE,201,THREE SQUARE,exact_key,1.0
797,GOOCHLAND COUNTY,202,202 - SANDY HOOK,202,SANDY HOOK,exact_key,1.0
798,GOOCHLAND COUNTY,301,301 - GOOCHLAND COURT HOUSE 1,301,BEAVERDAM,exact_key,1.0
799,GOOCHLAND COUNTY,302,302 - GOOCHLAND COURT HOUSE 2,302,RANDOLPH,exact_key,1.0
800,GOOCHLAND COUNTY,401,401 - SHALLOW WELL,401,SHALLOW WELL,exact_key,1.0
801,GOOCHLAND COUNTY,402,402 - CENTERVILLE,402,CENTERVILLE,exact_key,1.0
802,GOOCHLAND COUNTY,501,501 - MANAKIN,501,MANAKIN,exact_key,1.0
803,GOOCHLAND COUNTY,502,502 - BLAIR ROAD,502,BLAIR,exact_key,1.0
804,GRAYSON COUNTY,101,101 - BRIDLE CREEK,101,BRIDLE CREEK,exact_key,1.0
805,GRAYSON COUNTY,102,102 - FLATRIDGE,102,FLATRIDGE,exact_key,1.0
806,GRAYSON COUNTY,103,103 - GRANT,103,GRANT,exact_key,1.0
807,GRAYSON COUNTY,104,104 - MOUTH OF WILSON,104,MOUTH OF WILSON,exact_key,1.0
808,GRAYSON COUNTY,105,105 - MOUNT ROGERS,105,MOUNT ROGERS,exact_key,1.0
809,GRAYSON COUNTY,106,106 - RUGBY,106,RUGBY,exact_key,1.0
810,GRAYSON COUNTY,107,107 - TROUTDALE,107,TROUTDALE,exact_key,1.0
811,GRAYSON COUNTY,108,108 - COMERS ROCK,108,COMERS ROCK,exact_key,1.0
812,GRAYSON COUNTY,202,202 - ELK CREEK,202,ELK CREEK,exact_key,1.0
813,GRAYSON COUNTY,203,203 - INDEPENDENCE,203,INDEPENDENCE,exact_key,1.0
814,GRAYSON COUNTY,301,301 - BAYWOOD,301,BAYWOOD,exact_key,1.0
815,GRAYSON COUNTY,302,302 - FAIRVIEW,302,FAIRVIEW,exact_key,1.0
816,GRAYSON COUNTY,4011,4011 - VTD 004011,401,401 - FRIES PART 1 / FRIES PART 2,largest_overlap,1.0
817,GRAYSON COUNTY,4012,4012 - VTD 004012,401,401 - FRIES PART 1 / FRIES PART 2,largest_overlap,1.0
818,GRAYSON COUNTY,402,402 - PROVIDENCE,402,PROVIDENCE,exact_key,1.0
819,GRAYSON COUNTY,403,403 - OLDTOWN,403,OLDTOWN,exact_key,1.0
820,GREENE COUNTY,101,101 - DYKE,101,DYKE,exact_key,1.0
821,GREENE COUNTY,102,102 - SWIFT RUN,102,SWIFT RUN,exact_key,1.0
822,GREENE COUNTY,201,201 - RUCKERSVILLE,201,RUCKERSVILLE,exact_key,1.0
823,GREENE COUNTY,301,301 - STANARDSVILLE,301,STANARDSVILLE,exact_key,1.0
824,GREENE COUNTY,401,401 - MIDWAY,401,MIDWAY,exact_key,1.0
825,GREENSVILLE COUNTY,101,101 - PRECINCT 1-A,101,101 PRECINCT 1-A,exact_key,1.0
826,GREENSVILLE COUNTY,102,102 - PRECINCT 1-B,102,102 PRECINCT 1-B,exact_key,1.0
827,GREENSVILLE COUNTY,103,103 - PRECINCT 1-C,103,103 PRECINCT 1-C,exact_key,1.0
828,GREENSVILLE COUNTY,201,201 - PRECINCT 2-A,201,201 PRECINCT 2-A,exact_key,1.0
829,GREENSVILLE COUNTY,202,202 - PRECINCT 2-B,202,202 PRECINCT 2-B,exact_key,1.0
830,GREENSVILLE COUNTY,302,302 - PRECINCT 3-A,302,302 PRECINCT 3-A,exact_key,1.0
831,GREENSVILLE COUNTY,401,401 - PRECINCT 4-A,401,401 PRECINCT 4-A,exact_key,1.0
832,GREENSVILLE COUNTY,402,402 - PRECINCT 4-B,402,402 PRECINCT 4-B,exact_key,1.0
833,GREENSVILLE COUNTY,403,403 - PRECINCT 4-C,403,403 PRECINCT 4-C,exact_key,1.0
834,HALIFAX COUNTY,101,101 - CHILDREY,101,CHILDREY,exact_key,1.0
835,HALIFAX COUNTY,102,102 - LIBERTY,102,LIBERTY,exact_key,1.0
836,HALIFAX COUNTY,103,103 - REPUBLICAN GROVE,103,REPUBLICAN GROVE,exact_key,1.0
837,HALIFAX COUNTY,201,201 - CLAYS MILL,201,CLAYS MILL,exact_key,1.0
838,HALIFAX COUNTY,202,202 - CROSSROADS,202,CROSSROADS,exact_key,1.0
839,HALIFAX COUNTY,203,203 - CLOVER,203,CLOVER,exact_key,1.0
840,HALIFAX COUNTY,302,302 - MEADVILLE,302,MEADVILLE,exact_key,1.0
841,HALIFAX COUNTY,304,304 - VERNON HILL,304,VERNON HILL,exact_key,1.0
842,HALIFAX COUNTY,305,305 - SINAI,305,SINAI,exact_key,1.0
843,HALIFAX COUNTY,401,401 - COURTHOUSE,401,COURTHOUSE,exact_key,1.0
844,HALIFAX COUNTY,403,403 - CENTER,403,CENTER,exact_key,1.0
845,HALIFAX COUNTY,502,502 - DAN RIVER,502,DAN RIVER,exact_key,1.0
846,HALIFAX COUNTY,503,503 - SCOTTSBURG,503,SCOTTSBURG,exact_key,1.0
847,HALIFAX COUNTY,601,601 - BLACK WALNUT,601,BLACK WALNUT,exact_key,1.0
848,HALIFAX COUNTY,603,603 - MT CARMEL,603,MT. CARMEL,exact_key,1.0
849,HALIFAX COUNTY,605,605 - UNION,605,UNION,exact_key,1.0
850,HALIFAX COUNTY,701,701 - HYCO,701,HYCO,exact_key,1.0
851,HALIFAX COUNTY,702,702 - MIDWAY,702,MIDWAY,exact_key,1.0
852,HALIFAX COUNTY,703,703 - VIRGILINA,703,VIRGILINA,exact_key,1.0
853,HALIFAX COUNTY,801,801 - SOUTH BOSTON,801,SOUTH BOSTON,exact_key,1.0
854,HANOVER COUNTY,101,101 - ASHLAND,101,ASHLAND,exact_key,1.0
855,HANOVER COUNTY,104,104 - SLIDING HILL,104,SLIDING HILL,exact_key,1.0
856,HANOVER COUNTY,105,105 - BERKLEY,105,BERKLEY,exact_key,1.0
857,HANOVER COUNTY,106,106 - KERSEY CREEK,106,KERSEY CREEK,exact_key,1.0
858,HANOVER COUNTY,107,107 - CHICKAHOMINY,108,HONEY MEADOWS,largest_overlap,0.99944
859,HANOVER COUNTY,201,201 - BEAVERDAM,201,BEAVERDAM,exact_key,1.0
860,HANOVER COUNTY,202,202 - BLUNTS,202,BLUNTS,exact_key,1.0
861,HANOVER COUNTY,203,203 - WILMINGTON PARISH,203,WILMINGTON PARISH,exact_key,1.0
862,HANOVER COUNTY,206,206 - COURTHOUSE,206,COURTHOUSE,exact_key,1.0
863,HANOVER COUNTY,208,208 - OAK KNOLL,208,OAK KNOLL,exact_key,1.0
864,HANOVER COUNTY,209,209 - WEST HANOVER,702,MONTPELIER,largest_overlap,0.523164
865,HANOVER COUNTY,210,210 - OAK HILL,210,OAK HILL,exact_key,1.0
866,HANOVER COUNTY,301,301 - CLAY,301,CLAY,exact_key,1.0
867,HANOVER COUNTY,303,303 - SHADY GROVE,303,SHADY GROVE,exact_key,1.0
868,HANOVER COUNTY,304,304 - ATLEE,304,ATLEE,exact_key,1.0
869,HANOVER COUNTY,305,305 - COOL SPRING,305,COOL SPRING,exact_key,1.0
870,HANOVER COUNTY,401,401 - BATTLEFIELD,401,BATTLEFIELD,exact_key,1.0
871,HANOVER COUNTY,403,403 - COLD HARBOR,403,COLD HARBOR,exact_key,1.0
872,HANOVER COUNTY,404,404 - BLACK CREEK,404,BLACK CREEK,exact_key,1.0
873,HANOVER COUNTY,405,405 - PEBBLE CREEK,405,PEBBLE CREEK,exact_key,1.0
874,HANOVER COUNTY,406,406 - BEAVERDAM CREEK,403,COLD HARBOR,largest_overlap,0.996584
875,HANOVER COUNTY,502,502 - RURAL POINT,502,RURAL POINT,exact_key,1.0
876,HANOVER COUNTY,503,503 - NEWMAN,503,NEWMAN,exact_key,1.0
877,HANOVER COUNTY,504,504 - STUDLEY,504,STUDLEY,exact_key,1.0
878,HANOVER COUNTY,505,505 - TOTOPOTOMOY,505,TOTOPOTOMOY,exact_key,1.0
879,HANOVER COUNTY,506,506 - GEORGETOWN,506,GEORGETOWN,exact_key,1.0
880,HANOVER COUNTY,507,507 - LAUREL MEADOW,507,LAUREL MEADOW,exact_key,1.0
881,HANOVER COUNTY,601,601 - VILLAGE,601,VILLAGE,exact_key,1.0
882,HANOVER COUNTY,602,602 - LEE DAVIS,602,LEE DAVIS,exact_key,1.0
883,HANOVER COUNTY,603,603 - MECHANICSVILLE,603,MECHANICSVILLE,exact_key,1.0
884,HANOVER COUNTY,604,604 - HANOVER GROVE,604,HANOVER GROVE,exact_key,1.0
885,HANOVER COUNTY,701,701 - FARRINGTON,701,FARRINGTON,exact_key,1.0
886,HANOVER COUNTY,702,702 - MONTPELIER,702,MONTPELIER,exact_key,1.0
887,HANOVER COUNTY,703,703 - ROCKVILLE,703,ROCKVILLE,exact_key,1.0
888,HANOVER COUNTY,704,704 - ELMONT,704,ELMONT,exact_key,1.0
889,HANOVER COUNTY,705,705 - SOUTH ANNA,705,SOUTH ANNA,exact_key,1.0
890,HENRICO COUNTY,101,101 - COALPIT,101,COALPIT,exact_key,1.0
891,HENRICO COUNTY,102,102 - DUMBARTON,102,DUMBARTON,exact_key,1.0
892,HENRICO COUNTY,103,103 - GLEN ALLEN,103,GLEN ALLEN,exact_key,1.0
893,HENRICO COUNTY,105,105 - GREENDALE,105,HERMITAGE,exact_key,1.0
894,HENRICO COUNTY,106,106 - HERMITAGE,106,HOLLADAY,exact_key,1.0
895,HENRICO COUNTY,108,108 - HUNGARY CREEK,108,HUNTON,exact_key,1.0
896,HENRICO COUNTY,109,109 - JOHNSON,109,JOHNSON,exact_key,1.0
897,HENRICO COUNTY,110,110 - JOHNSON,110,LONGAN,exact_key,1.0
898,HENRICO COUNTY,111,111 - LAKESIDE,111,MAUDE TREVVETT,exact_key,1.0
899,HENRICO COUNTY,112,112 - LONGAN,112,MONUMENT HILLS,exact_key,1.0
900,HENRICO COUNTY,113,113 - MAUDE TREVVETT,113,SPRINGFIELD,exact_key,1.0
901,HENRICO COUNTY,114,114 - MONUMENT HILLS,114,STAPLES MILL,exact_key,1.0
902,HENRICO COUNTY,115,115 - WESTWOOD,115,WESTWOOD,exact_key,1.0
903,HENRICO COUNTY,117,117 - WESTWOOD,115,WESTWOOD,largest_overlap,0.999629
904,HENRICO COUNTY,201,201 - ADAMS,201,AZALEA,exact_key,1.0
905,HENRICO COUNTY,202,202 - AZALEA,202,BELMONT,exact_key,1.0
906,HENRICO COUNTY,203,203 - BELMONT,203,BROOKLAND,exact_key,1.0
907,HENRICO COUNTY,204,204 - BROOKLAND,204,CANTERBURY,exact_key,1.0
908,HENRICO COUNTY,205,205 - CANTERBURY,205,CENTRAL GARDENS,exact_key,1.0
909,HENRICO COUNTY,206,206 - CENTRAL GARDENS,206,CHAMBERLAYNE,exact_key,1.0
910,HENRICO COUNTY,207,207 - CHAMBERLAYNE,207,EASTBOURNE,exact_key,1.0
911,HENRICO COUNTY,208,208 - FAIRFIELD,209,FAIRFIELD,largest_overlap,0.83301
912,HENRICO COUNTY,209,209 - GLEN LEA,209,FAIRFIELD,exact_key,1.0
913,HENRICO COUNTY,210,210 - GREENWOOD,210,GLEN LEA,exact_key,1.0
914,HENRICO COUNTY,211,211 - HIGHLAND GARDENS,211,GREENWOOD,exact_key,1.0
915,HENRICO COUNTY,212,212 - HOLLYBROOK,212,HIGHLAND GARDENS,exact_key,1.0
916,HENRICO COUNTY,213,213 - HUNGARY,214,HUNGARY,largest_overlap,0.999858
917,HENRICO COUNTY,214,214 - LONGDALE,214,HUNGARY,exact_key,1.0
918,HENRICO COUNTY,215,215 - MAPLEWOOD,215,LAKESIDE,exact_key,1.0
919,HENRICO COUNTY,216,216 - MOODY,216,LONGDALE,exact_key,1.0
920,HENRICO COUNTY,217,217 - MOUNTAIN,217,MAPLEWOOD,exact_key,1.0
921,HENRICO COUNTY,218,218 - OAKVIEW,218,MOODY,exact_key,1.0
922,HENRICO COUNTY,219,219 - RANDOLPH,219,MOUNTAIN,exact_key,1.0
923,HENRICO COUNTY,220,220 - RATCLIFFE,220,NORTH PARK,exact_key,1.0
924,HENRICO COUNTY,221,221 - STRATFORD HALL,218,MOODY,largest_overlap,1.0
925,HENRICO COUNTY,222,222 - WILDER,222,RANDOLPH,exact_key,1.0
926,HENRICO COUNTY,223,223 - YELLOW TAVERN,223,RATCLIFFE,exact_key,1.0
927,HENRICO COUNTY,224,224 - ESSEX VILLAGE,212,HIGHLAND GARDENS,largest_overlap,0.999716
928,HENRICO COUNTY,301,301 - CAUSEWAY,301,CAUSEWAY,exact_key,1.0
929,HENRICO COUNTY,302,302 - CEDARFIELD,302,CEDARFIELD,exact_key,1.0
930,HENRICO COUNTY,303,303 - INNSBROOK,303,COLONIAL TRAIL,exact_key,1.0
931,HENRICO COUNTY,304,304 - INNSBROOK,304,INNSBROOK,exact_key,1.0
932,HENRICO COUNTY,305,305 - JACKSON DAVIS,305,JACKSON DAVIS,exact_key,1.0
933,HENRICO COUNTY,306,306 - POCAHONTAS,306,NUCKOLS FARM,exact_key,1.0
934,HENRICO COUNTY,307,307 - RIDGE,307,POCAHONTAS,exact_key,1.0
935,HENRICO COUNTY,308,308 - RIVERS EDGE,308,RIDGE,exact_key,1.0
936,HENRICO COUNTY,309,309 - SADLER,309,RIVERS EDGE,exact_key,1.0
937,HENRICO COUNTY,310,310 - SADLER,310,SADLER,exact_key,1.0
938,HENRICO COUNTY,311,311 - SHADY GROVE,311,SHADY GROVE,exact_key,1.0
939,HENRICO COUNTY,312,312 - SPRINGFIELD,312,SHORT PUMP,exact_key,1.0
940,HENRICO COUNTY,313,313 - STONEY RUN,313,STONEY RUN,exact_key,1.0
941,HENRICO COUNTY,314,314 - THREE CHOPT,314,THREE CHOPT,exact_key,1.0
942,HENRICO COUNTY,315,315 - TUCKER,315,TUCKER,exact_key,1.0
943,HENRICO COUNTY,316,316 - TUCKER,303,COLONIAL TRAIL,largest_overlap,0.992576
944,HENRICO COUNTY,401,401 - BYRD,401,CRESTVIEW,exact_key,1.0
945,HENRICO COUNTY,402,402 - DERBYSHIRE,402,DERBYSHIRE,exact_key,1.0
946,HENRICO COUNTY,403,403 - FREEMAN,403,FREEMAN,exact_key,1.0
947,HENRICO COUNTY,404,404 - GAYTON,404,GAYTON,exact_key,1.0
948,HENRICO COUNTY,405,405 - GAYTON,405,GODWIN,exact_key,1.0
949,HENRICO COUNTY,406,406 - LAKEWOOD,406,LAKEWOOD,exact_key,1.0
950,HENRICO COUNTY,407,407 - LAUDERDALE,407,LAUDERDALE,exact_key,1.0
951,HENRICO COUNTY,408,408 - LAUDERDALE,408,MAYBEURY,exact_key,1.0
952,HENRICO COUNTY,409,409 - MAYBEURY,409,MOORELAND,exact_key,1.0
953,HENRICO COUNTY,410,410 - PEMBERTON,410,PEMBERTON,exact_key,1.0
954,HENRICO COUNTY,411,411 - PINCHBECK,411,PINCHBECK,exact_key,1.0
955,HENRICO COUNTY,412,412 - PINCHBECK,412,QUIOCCASIN,exact_key,1.0
956,HENRICO COUNTY,413,413 - RIDGEFIELD,413,RIDGEFIELD,exact_key,1.0
957,HENRICO COUNTY,414,414 - ROLLINGWOOD,414,ROLLINGWOOD,exact_key,1.0
958,HENRICO COUNTY,415,415 - SKIPWITH,415,SKIPWITH,exact_key,1.0
959,HENRICO COUNTY,416,416 - SPOTTSWOOD,416,SPOTTSWOOD,exact_key,1.0
960,HENRICO COUNTY,417,417 - TUCKAHOE,417,TUCKAHOE,exact_key,1.0
961,HENRICO COUNTY,418,418 - WELBORNE,418,WELBORNE,exact_key,1.0
962,HENRICO COUNTY,419,419 - WEST END,419,WEST END,exact_key,1.0
963,HENRICO COUNTY,501,501 - ANTIOCH,501,ADAMS,exact_key,1.0
964,HENRICO COUNTY,502,502 - CEDAR FORK,502,ANTIOCH,exact_key,1.0
965,HENRICO COUNTY,503,503 - CHICKAHOMINY,503,CEDAR FORK,exact_key,1.0
966,HENRICO COUNTY,504,504 - DONAHOE,504,CHICKAHOMINY,exact_key,1.0
967,HENRICO COUNTY,505,505 - DOREY,505,DONAHOE,exact_key,1.0
968,HENRICO COUNTY,506,506 - EANES,506,DOREY,exact_key,1.0
969,HENRICO COUNTY,507,507 - ELKO,507,EANES,exact_key,1.0
970,HENRICO COUNTY,508,508 - HIGHLAND SPRINGS,508,ELKO,exact_key,1.0
971,HENRICO COUNTY,509,509 - LABURNUM,509,HIGHLAND SPRINGS,exact_key,1.0
972,HENRICO COUNTY,510,510 - MEHFOUD,510,LABURNUM,exact_key,1.0
973,HENRICO COUNTY,511,511 - MONTROSE,511,MEHFOUD,exact_key,1.0
974,HENRICO COUNTY,512,512 - MONTROSE,512,MONTROSE,exact_key,1.0
975,HENRICO COUNTY,513,513 - PLEASANTS,513,NINE MILE,exact_key,1.0
976,HENRICO COUNTY,514,514 - ROLFE,514,PLEASANTS,exact_key,1.0
977,HENRICO COUNTY,515,515 - SANDSTON,515,ROLFE,exact_key,1.0
978,HENRICO COUNTY,516,516 - SULLIVANS,516,SANDSTON,exact_key,1.0
979,HENRICO COUNTY,517,517 - TOWN HALL,517,SULLIVANS,exact_key,1.0
980,HENRICO COUNTY,518,518 - WHITLOCKS,518,TOWN HALL,exact_key,1.0
981,HENRY COUNTY,101,101 - BASSETT NUMBER TWO,101,BASSETT #2,exact_key,1.0
982,HENRY COUNTY,102,102 - GUNVILLE,102,GUNVILLE,exact_key,1.0
983,HENRY COUNTY,103,103 - SCOTT'S TANYARD,103,SCOTT'S TANYARD,exact_key,1.0
984,HENRY COUNTY,201,201 - FIELDALE,201,FIELDALE,exact_key,1.0
985,HENRY COUNTY,202,202 - HORSEPASTURE #1,202,HORSEPASTURE #1,exact_key,1.0
986,HENRY COUNTY,203,203 - HORSEPASTURE #2,203,HORSEPASTURE #2,exact_key,1.0
987,HENRY COUNTY,204,204 - SPENCER,204,SPENCER,exact_key,1.0
988,HENRY COUNTY,302,302 - AXTON,302,AXTON,exact_key,1.0
989,HENRY COUNTY,303,303 - IRISBURG,303,IRISBURG,exact_key,1.0
990,HENRY COUNTY,304,304 - MOUNT OLIVET,304,MOUNT OLIVET,exact_key,1.0
991,HENRY COUNTY,305,305 - MOUNTAIN VALLEY,305,MOUNTAIN VALLEY,exact_key,1.0
992,HENRY COUNTY,401,401 - COLLINSVILLE NUMBER 1,401,COLLINSVILLE #1,exact_key,1.0
993,HENRY COUNTY,402,402 - DANIELS CREEK,402,DANIELS CREEK,exact_key,1.0
994,HENRY COUNTY,404,404 - COLLINSVILLE NUMBER 2,404,COLLINSVILLE #2,exact_key,1.0
995,HENRY COUNTY,405,405 - MOUNTAIN VIEW,405,MOUNTAIN VIEW,exact_key,1.0
996,HENRY COUNTY,501,501 - BASSETT NUMBER ONE,501,BASSETT #1,exact_key,1.0
997,HENRY COUNTY,502,502 - FIGSBORO,502,FIGSBORO,exact_key,1.0
998,HENRY COUNTY,503,503 - STANLEYTOWN,503,STANLEYTOWN,exact_key,1.0
999,HENRY COUNTY,504,504 - OAK LEVEL,504,OAK LEVEL,exact_key,1.0
1000,HENRY COUNTY,505,505 - DYERS STORE,505,DYERS STORE,exact_key,1.0
1001,HENRY COUNTY,601,601 - FONTAINE,601,FONTAINE,exact_key,1.0
1002,HENRY COUNTY,602,602 - HILLCREST,602,HILLCREST,exact_key,1.0
1003,HENRY COUNTY,603,603 - RIDGEWAY #1,603,RIDGEWAY #1,exact_key,1.0
1004,HENRY COUNTY,604,604 - RIDGEWAY #2,604,RIDGEWAY #2,exact_key,1.0
1005,HIGHLAND COUNTY,1,1 - MONTEREY,1,MONTEREY,exact_key,1.0
1006,HIGHLAND COUNTY,10,10 - HEADWATERS,8,MCDOWELL,largest_overlap,0.999937
1007,HIGHLAND COUNTY,3,3 - WILSONS MILL,3,WILSONS MILL,exact_key,1.0
1008,HIGHLAND COUNTY,5,5 - BLUE GRASS,5,BLUE GRASS,exact_key,1.0
1009,HIGHLAND COUNTY,7,7 - MILL GAP,7,MILL GAP,exact_key,1.0
1010,HIGHLAND COUNTY,8,8 - MCDOWELL,8,MCDOWELL,exact_key,1.0
1011,ISLE OF WIGHT COUNTY,101,101 - SMITHFIELD,101,PAGAN RIVER,exact_key,1.0
1012,ISLE OF WIGHT COUNTY,102,102 - CYPRESS CREEK,102,CYPRESS CREEK A,exact_key,1.0
1013,ISLE OF WIGHT COUNTY,201,201 - BARTLETT,201,BARTLETT,exact_key,1.0
1014,ISLE OF WIGHT COUNTY,202,202 - CARROLLTON,202,NIKE PARK A,exact_key,1.0
1015,ISLE OF WIGHT COUNTY,301,301 - RUSHMERE,301,RUSHMERE,exact_key,1.0
1016,ISLE OF WIGHT COUNTY,302,302 - PONS,302,PONS,exact_key,1.0
1017,ISLE OF WIGHT COUNTY,401,401 - COURTHOUSE,401,BOWLING GREEN,exact_key,1.0
1018,ISLE OF WIGHT COUNTY,402,402 - WINDSOR,402,WINDSOR,exact_key,1.0
1019,ISLE OF WIGHT COUNTY,403,403 - LONGVIEW,403,CEDAR GROVE,exact_key,1.0
1020,ISLE OF WIGHT COUNTY,501,501 - WALTERS,501,WALTERS,exact_key,1.0
1021,ISLE OF WIGHT COUNTY,502,502 - CAMPS MILL,502,BEAVER DAM,exact_key,1.0
1022,ISLE OF WIGHT COUNTY,503,503 - CARRSVILLE,503,FIRE TOWER,exact_key,1.0
1023,ISLE OF WIGHT COUNTY,504,504 - ZUNI,504,BETHANY CHURCH,exact_key,1.0
1024,ISLE OF WIGHT COUNTY,505,505 - RAYNOR,504,BETHANY CHURCH,largest_overlap,0.526783
1025,JAMES CITY COUNTY,101,101 - BERKELEY A,101,BERKELEY A,exact_key,1.0
1026,JAMES CITY COUNTY,102,102 - BERKELEY B,102,BERKELEY B,exact_key,1.0
1027,JAMES CITY COUNTY,103,103 - BERKELEY C,103,BERKELEY C,exact_key,1.0
1028,JAMES CITY COUNTY,1041,1041 - VTD 001041,503,ROBERTS C,largest_overlap,0.363056
1029,JAMES CITY COUNTY,1042,1042 - VTD 001042,104,BERKELEY D,largest_overlap,0.990332
1030,JAMES CITY COUNTY,201,201 - JAMESTOWN A,201,JAMESTOWN A,exact_key,1.0
1031,JAMES CITY COUNTY,202,202 - JAMESTOWN B,202,JAMESTOWN B,exact_key,1.0
1032,JAMES CITY COUNTY,203,203 - JAMESTOWN C,203,JAMESTOWN C,exact_key,1.0
1033,JAMES CITY COUNTY,204,204 - JAMESTOWN D,204,JAMESTOWN D,exact_key,1.0
1034,JAMES CITY COUNTY,301,301 - POWHATAN A,301,POWHATAN A,exact_key,1.0
1035,JAMES CITY COUNTY,302,302 - POWHATAN B,302,POWHATAN B,exact_key,1.0
1036,JAMES CITY COUNTY,303,303 - POWHATAN C,303,POWHATAN C,exact_key,1.0
1037,JAMES CITY COUNTY,304,304 - POWHATAN D,304,POWHATAN D,exact_key,1.0
1038,JAMES CITY COUNTY,401,401 - STONEHOUSE A,401,STONEHOUSE A,exact_key,1.0
1039,JAMES CITY COUNTY,402,402 - STONEHOUSE B,402,STONEHOUSE B,exact_key,1.0
1040,JAMES CITY COUNTY,403,403 - STONEHOUSE C,403,STONEHOUSE C,exact_key,1.0
1041,JAMES CITY COUNTY,501,501 - ROBERTS A,501,ROBERTS A,exact_key,1.0
1042,JAMES CITY COUNTY,502,502 - ROBERTS B,502,ROBERTS B,exact_key,1.0
1043,JAMES CITY COUNTY,503,503 - ROBERTS C,503,ROBERTS C,exact_key,1.0
1044,JAMES CITY COUNTY,504,504 - ROBERTS D,503,ROBERTS C,largest_overlap,0.729334
1045,KING AND QUEEN COUNTY,101,101 - OWENTON,101,OWENTON,exact_key,1.0
1046,KING AND QUEEN COUNTY,201,201 - CLARKS,201,CLARKS,exact_key,1.0
1047,KING AND QUEEN COUNTY,301,301 - SHACKLEFORDS,301,SHACKLEFORDS,exact_key,1.0
1048,KING AND QUEEN COUNTY,401,401 - COURTHOUSE,401,COURTHOUSE,exact_key,1.0
1049,KING AND QUEEN COUNTY,501,501 - OLDMILL,501,OLD MILL,exact_key,1.0
1050,KING GEORGE COUNTY,101,101 - COURTHOUSE,101,COURTHOUSE,exact_key,1.0
1051,KING GEORGE COUNTY,102,102 - PASSAPATANZY,102,PASSAPATANZY,exact_key,1.0
1052,KING GEORGE COUNTY,201,201 - MONROE,201,MONROE,exact_key,1.0
1053,KING GEORGE COUNTY,301,301 - DAHLGREN,301,DAHLGREN,exact_key,1.0
1054,KING GEORGE COUNTY,401,401 - SHILOH,401,SHILOH,exact_key,1.0
1055,KING WILLIAM COUNTY,101,101 - WEST POINT,101,WEST POINTPRECINCT,exact_key,1.0
1056,KING WILLIAM COUNTY,201,201 - SWEET HALL,201,SWEET HALLPRECINCT,exact_key,1.0
1057,KING WILLIAM COUNTY,202,202 - COURTHOUSE,202,COURTHOUSEPRECINCT,exact_key,1.0
1058,KING WILLIAM COUNTY,301,301 - AYLETT,301,AYLETTPRECINCT,exact_key,1.0
1059,KING WILLIAM COUNTY,401,401 - MANQUIN,401,MANQUINPRECINCT,exact_key,1.0
1060,KING WILLIAM COUNTY,501,501 - MANGOHICK,501,MANGOHICKPRECINCT,exact_key,1.0
1061,LANCASTER COUNTY,101,101 - PRECINCT 1-1,101,PRECINCT 1-1,exact_key,1.0
1062,LANCASTER COUNTY,201,201 - PRECINCT 2-1,201,PRECINCT 2-1,exact_key,1.0
1063,LANCASTER COUNTY,301,301 - PRECINCT 3-1,301,PRECINCT 3-1,exact_key,1.0
1064,LANCASTER COUNTY,302,302 - PRECINCT 3-2,302,PRECINCT 3-2,exact_key,1.0
1065,LANCASTER COUNTY,401,401 - PRECINCT 4-1,401,PRECINCT 4-1,exact_key,1.0
1066,LANCASTER COUNTY,501,501 - PRECINCT 5-1,501,PRECINCT 5-1,exact_key,1.0
1067,LEE COUNTY,101,101 - ELYDALE,101,ELYDALE PRECINCT,exact_key,1.0
1068,LEE COUNTY,102,102 - EWING,102,EWING PRECINCT,exact_key,1.0
1069,LEE COUNTY,103,103 - ROSE HILL,103,ROSE HILL PRECINCT,exact_key,1.0
1070,LEE COUNTY,201,201 - BLACKWATER,201,BLACKWATER PRECINCT,exact_key,1.0
1071,LEE COUNTY,202,202 - FLATWOODS,202,FLATWOODS PRECINCT,exact_key,1.0
1072,LEE COUNTY,203,203 - JONESVILLE,203,JONESVILLE PRECINCT,exact_key,1.0
1073,LEE COUNTY,301,301 - BEN HUR,301,BEN HUR PRECINCT,exact_key,1.0
1074,LEE COUNTY,302,302 - WOODWAY,302,WOODWAY PRECINCT,exact_key,1.0
1075,LEE COUNTY,401,401 - STICKLEYVILLE,401,STICKLEYVILLE PRECINCT,exact_key,1.0
1076,LEE COUNTY,402,402 - JASPER,402,JASPER PRECINCT,exact_key,1.0
1077,LEE COUNTY,403,403 - SEMINARY,403,SEMINARY PRECINCT,exact_key,1.0
1078,LEE COUNTY,404,404 - DRYDEN,404,DRYDEN,exact_key,1.0
1079,LEE COUNTY,501,501 - SAINT CHARLES,501,ST CHARLES,exact_key,1.0
1080,LEE COUNTY,502,502 - PENNINGTON,502,PENNINGTON GAP PRECINCT,exact_key,1.0
1081,LEE COUNTY,503,503 - ROBBINS CHAPEL,503,ROBBINS CHAPEL,exact_key,1.0
1082,LEE COUNTY,504,504 - KEOKEE,504,KEOKEE,exact_key,1.0
1083,LOUDOUN COUNTY,107,107 - LITTLE RIVER,107,LITTLE RIVER PRECINCT,exact_key,1.0
1084,LOUDOUN COUNTY,108,108 - MERCER,108,MERCER PRECINCT,exact_key,1.0
1085,LOUDOUN COUNTY,112,112 - FREEDOM,112,FREEDOM PRECINCT,exact_key,1.0
1086,LOUDOUN COUNTY,114,114 - DULLES SOUTH,114,DULLES SOUTH PRECINCT,exact_key,1.0
1087,LOUDOUN COUNTY,117,117 - CARTER,713,CARTER PRECINCT,largest_overlap,0.945649
1088,LOUDOUN COUNTY,118,118 - MOOREFIELD,630,CROSON PRECINCT,largest_overlap,0.913196
1089,LOUDOUN COUNTY,119,119 - ARCOLA,119,ARCOLA PRECINCT,exact_key,1.0
1090,LOUDOUN COUNTY,120,120 - LUNSFORD,120,LUNSFORD PRECINCT,exact_key,1.0
1091,LOUDOUN COUNTY,121,121 - TOWN HALL,121,TOWN HALL PRECINCT,exact_key,1.0
1092,LOUDOUN COUNTY,122,122 - HUTCHISON FARM,122,HUTCHISON FARM PRECINCT,exact_key,1.0
1093,LOUDOUN COUNTY,123,123 - CARDINAL RIDGE,123,CARDINAL RIDGE PRECINCT,exact_key,1.0
1094,LOUDOUN COUNTY,124,124 - LIBERTY,124,LIBERTY PRECINCT,exact_key,1.0
1095,LOUDOUN COUNTY,125,125 - ROCK RIDGE,714,ROCK RIDGE PRECINCT,largest_overlap,0.839537
1096,LOUDOUN COUNTY,126,126 - VTD 000126,126,GOSHEN POST PRECINCT,exact_key,1.0
1097,LOUDOUN COUNTY,207,207 - RIVER BEND,207,RIVER BEND PRECINCT,exact_key,1.0
1098,LOUDOUN COUNTY,208,208 - ALGONKIAN,208,ALGONKIAN PRECINCT,exact_key,1.0
1099,LOUDOUN COUNTY,209,209 - POTOMAC FALLS,209,POTOMAC FALLS PRECINCT,exact_key,1.0
1100,LOUDOUN COUNTY,210,210 - CASCADES,210,CASCADES PRECINCT,exact_key,1.0
1101,LOUDOUN COUNTY,213,213 - COUNTRYSIDE,213,COUNTRYSIDE PRECINCT,exact_key,1.0
1102,LOUDOUN COUNTY,214,214 - SUGARLAND NORTH,214,SUGARLAND NORTH PRECINCT,exact_key,1.0
1103,LOUDOUN COUNTY,215,215 - SUGARLAND SOUTH,215,SUGARLAND SOUTH PRECINCT,exact_key,1.0
1104,LOUDOUN COUNTY,216,216 - LOWES ISLAND,216,LOWES ISLAND PRECINCT,exact_key,1.0
1105,LOUDOUN COUNTY,217,217 - SOUTH BANK,217,SOUTH BANK PRECINCT,exact_key,1.0
1106,LOUDOUN COUNTY,218,218 - UNIVERSITY CENTER,218,UNIVERSITY CENTER PRECINCT,exact_key,1.0
1107,LOUDOUN COUNTY,219,219 - GALILEE CHURCH,219,GALILEE CHURCH PRECINCT,exact_key,1.0
1108,LOUDOUN COUNTY,301,301 - PURCELLVILLE,424,PURCELLVILLE PRECINCT,largest_overlap,0.997558
1109,LOUDOUN COUNTY,302,302 - ROUND HILL,425,ROUND HILL PRECINCT,largest_overlap,0.99265
1110,LOUDOUN COUNTY,303,303 - HILLSBORO,426,HILLSBORO PRECINCT,largest_overlap,0.999572
1111,LOUDOUN COUNTY,305,305 - PHILOMONT,427,PHILOMONT PRECINCT,largest_overlap,0.998603
1112,LOUDOUN COUNTY,307,307 - MIDDLEBURG,307,MIDDLEBURG PRECINCT,exact_key,1.0
1113,LOUDOUN COUNTY,308,308 - ST LOUIS,308,ST. LOUIS PRECINCT,exact_key,1.0
1114,LOUDOUN COUNTY,309,309 - ALDIE,309,ALDIE PRECINCT,exact_key,1.0
1115,LOUDOUN COUNTY,310,310 - MOUNTAIN VIEW,428,MOUNTAIN VIEW PRECINCT,largest_overlap,0.999187
1116,LOUDOUN COUNTY,311,311 - ROUND HILL ELEMENTARY,429,ROUND HILL ELEMENTARY PRECINCT,largest_overlap,0.997849
1117,LOUDOUN COUNTY,312,312 - BRIAR WOODS,312,BRIAR WOODS PRECINCT,exact_key,1.0
1118,LOUDOUN COUNTY,313,313 - PINEBROOK,313,PINEBROOK PRECINCT,exact_key,1.0
1119,LOUDOUN COUNTY,314,314 - LEGACY,314,LEGACY PRECINCT,exact_key,1.0
1120,LOUDOUN COUNTY,315,315 - FIREHOUSE,427,PHILOMONT PRECINCT,largest_overlap,0.999483
1121,LOUDOUN COUNTY,316,316 - CREIGHTON'S CORNER,321,BRAMBLETON MIDDLE PRECINCT,largest_overlap,0.516404
1122,LOUDOUN COUNTY,318,318 - MADISON'S TRUST,326,INDEPENDENCE PRECINCT,largest_overlap,0.79262
1123,LOUDOUN COUNTY,319,319 - JOHN CHAMPE,319,JOHN CHAMPE PRECINCT,exact_key,1.0
1124,LOUDOUN COUNTY,320,320 - STONE HILL,325,CREIGHTON PRECINCT,largest_overlap,0.667373
1125,LOUDOUN COUNTY,321,321 - BRAMBLETON MIDDLE,321,BRAMBLETON MIDDLE PRECINCT,exact_key,1.0
1126,LOUDOUN COUNTY,322,322 - BUFFALO TRAIL,322,BUFFALO TRAIL PRECINCT,exact_key,1.0
1127,LOUDOUN COUNTY,401,401 - WEST LOVETTSVILLE,401,WEST LOVETTSVILLE PRECINCT,exact_key,1.0
1128,LOUDOUN COUNTY,402,402 - WATERFORD,402,WATERFORD PRECINCT,exact_key,1.0
1129,LOUDOUN COUNTY,403,403 - LUCKETTS,403,LUCKETTS PRECINCT,exact_key,1.0
1130,LOUDOUN COUNTY,407,407 - HARPER PARK,823,HARPER PARK PRECINCT,largest_overlap,0.997695
1131,LOUDOUN COUNTY,408,408 - EVERGREEN,511,EVERGREEN PRECINCT,largest_overlap,0.659195
1132,LOUDOUN COUNTY,409,409 - CLARKES GAP,409,CLARKES GAP PRECINCT,exact_key,1.0
1133,LOUDOUN COUNTY,411,411 - EAST LOVETTSVILLE,411,EAST LOVETTSVILLE PRECINCT,exact_key,1.0
1134,LOUDOUN COUNTY,413,413 - TUSCARORA,413,TUSCARORA PRECINCT,exact_key,1.0
1135,LOUDOUN COUNTY,414,414 - RED ROCK,513,RED ROCK PRECINCT,largest_overlap,0.998062
1136,LOUDOUN COUNTY,416,416 - HAMILTON,416,HAMILTON PRECINCT,exact_key,1.0
1137,LOUDOUN COUNTY,420,420 - RIVER CREEK,512,RIVER CREEK PRECINCT,largest_overlap,0.896197
1138,LOUDOUN COUNTY,421,421 - BETWEEN THE HILLS,421,BETWEEN THE HILLS PRECINCT,exact_key,1.0
1139,LOUDOUN COUNTY,422,422 - SYCOLIN CREEK,323,SYCOLIN CREEK PRECINCT,largest_overlap,0.997154
1140,LOUDOUN COUNTY,501,501 - WEST LEESBURG,501,WEST LEESBURG PRECINCT,exact_key,1.0
1141,LOUDOUN COUNTY,502,502 - EAST LEESBURG,502,EAST LEESBURG PRECINCT,exact_key,1.0
1142,LOUDOUN COUNTY,503,503 - DRY MILL,503,DRY MILL PRECINCT,exact_key,1.0
1143,LOUDOUN COUNTY,504,504 - SMARTS MILL,504,SMART'S MILL PRECINCT,exact_key,1.0
1144,LOUDOUN COUNTY,505,505 - COOL SPRING,505,COOL SPRING PRECINCT,exact_key,1.0
1145,LOUDOUN COUNTY,506,506 - BRANDON PARK,506,DOUGLASS PRECINCT,exact_key,1.0
1146,LOUDOUN COUNTY,507,507 - GREENWAY,507,GREENWAY PRECINCT,exact_key,1.0
1147,LOUDOUN COUNTY,508,508 - BALLS BLUFF,508,BALL'S BLUFF PRECINCT,exact_key,1.0
1148,LOUDOUN COUNTY,509,509 - TOLBERT,509,TOLBERT PRECINCT,exact_key,1.0
1149,LOUDOUN COUNTY,510,510 - HERITAGE,510,HERITAGE PRECINCT,exact_key,1.0
1150,LOUDOUN COUNTY,615,615 - HILLSIDE,615,HILLSIDE PRECINCT,exact_key,1.0
1151,LOUDOUN COUNTY,616,616 - EAGLE RIDGE,616,EAGLE RIDGE PRECINCT,exact_key,1.0
1152,LOUDOUN COUNTY,617,617 - OAK GROVE,715,OAK GROVE PRECINCT,largest_overlap,0.997501
1153,LOUDOUN COUNTY,619,619 - RIDGETOP,716,RIDGETOP PRECINCT,largest_overlap,0.998772
1154,LOUDOUN COUNTY,620,620 - RUSSELL BRANCH,620,RUSSELL BRANCH PRECINCT,exact_key,1.0
1155,LOUDOUN COUNTY,621,621 - DOMINION TRAIL,621,DOMINION TRAIL PRECINCT,exact_key,1.0
1156,LOUDOUN COUNTY,622,622 - FARMWELL STATION,622,FARMWELL STATION PRECINCT,exact_key,1.0
1157,LOUDOUN COUNTY,623,623 - WELLER,623,WELLER PRECINCT,exact_key,1.0
1158,LOUDOUN COUNTY,625,625 - MILL RUN,625,MILL RUN PRECINCT,exact_key,1.0
1159,LOUDOUN COUNTY,626,626 - ASHBY PONDS,626,ASHBY PONDS PRECINCT,exact_key,1.0
1160,LOUDOUN COUNTY,627,627 - ASHBROOK,627,ASHBROOK PRECINCT,exact_key,1.0
1161,LOUDOUN COUNTY,628,628 - MOOREFIELD STATION,628,MOOREFIELD STATION PRECINCT,exact_key,1.0
1162,LOUDOUN COUNTY,629,629 - DISCOVERY,629,DISCOVERY PRECINCT,exact_key,1.0
1163,LOUDOUN COUNTY,701,701 - SULLY,701,SULLY PRECINCT,exact_key,1.0
1164,LOUDOUN COUNTY,702,702 - PARK VIEW,702,PARK VIEW PRECINCT,exact_key,1.0
1165,LOUDOUN COUNTY,703,703 - ROLLING RIDGE,703,ROLLING RIDGE PRECINCT,exact_key,1.0
1166,LOUDOUN COUNTY,705,705 - FOREST GROVE,705,FOREST GROVE PRECINCT,exact_key,1.0
1167,LOUDOUN COUNTY,707,707 - CLAUDE MOORE PARK,707,CLAUDE MOORE PARK PRECINCT,exact_key,1.0
1168,LOUDOUN COUNTY,708,708 - SENECA,221,SENECA PRECINCT,largest_overlap,0.998609
1169,LOUDOUN COUNTY,709,709 - MIRROR RIDGE,220,MIRROR RIDGE PRECINCT,largest_overlap,0.996974
1170,LOUDOUN COUNTY,710,710 - STERLING,710,STERLING PRECINCT,exact_key,1.0
1171,LOUDOUN COUNTY,808,808 - STONE BRIDGE,808,STONE BRIDGE PRECINCT,exact_key,1.0
1172,LOUDOUN COUNTY,810,810 - CEDAR LANE,810,CEDAR LANE PRECINCT,exact_key,1.0
1173,LOUDOUN COUNTY,813,813 - SELDENS LANDING,813,SELDENS LANDING PRECINCT,exact_key,1.0
1174,LOUDOUN COUNTY,814,814 - NEWTON - LEE,814,NEWTON-LEE PRECINCT,exact_key,1.0
1175,LOUDOUN COUNTY,815,815 - BELMONT RIDGE,815,BELMONT RIDGE PRECINCT,exact_key,1.0
1176,LOUDOUN COUNTY,817,817 - SANDERS CORNER,817,SANDERS CORNER PRECINCT,exact_key,1.0
1177,LOUDOUN COUNTY,818,818 - EAST BROAD RUN,818,EAST BROAD RUN PRECINCT,exact_key,1.0
1178,LOUDOUN COUNTY,819,819 - WEST BROAD RUN,819,WEST BROAD RUN PRECINCT,exact_key,1.0
1179,LOUDOUN COUNTY,820,820 - BELMONT STATION,820,BELMONT STATION PRECINCT,exact_key,1.0
1180,LOUDOUN COUNTY,822,822 - RIVERSIDE,822,RIVERSIDE PRECINCT,exact_key,1.0
1181,LOUISA COUNTY,101,101 - ZION,101,ZION,exact_key,1.0
1182,LOUISA COUNTY,102,102 - MECHANICSVILLE,102,MECHANICSVILLE,exact_key,1.0
1183,LOUISA COUNTY,201,201 - LOUISA #1,201,LOUISA #1,exact_key,1.0
1184,LOUISA COUNTY,202,202 - LOUISA #2,202,LOUISA #2,exact_key,1.0
1185,LOUISA COUNTY,301,301 - PATRICK HENRY NO 1,301,PATRICK HENRY #1,exact_key,1.0
1186,LOUISA COUNTY,302,302 - PATRICK HENRY #2,302,PATRICK HENRY #2,exact_key,1.0
1187,LOUISA COUNTY,401,401 - MINERAL,401,MINERAL,exact_key,1.0
1188,LOUISA COUNTY,402,402 - YANCEYVILLE,702,SOUTH ANNA,largest_overlap,0.544307
1189,LOUISA COUNTY,501,501 - FREDERICKS HALL,501,FREDERICKS HALL,exact_key,1.0
1190,LOUISA COUNTY,502,502 - CUCKOO,502,CUCKOO,exact_key,1.0
1191,LOUISA COUNTY,503,503 - ELK CREEK,503,CUCKOO,exact_key,1.0
1192,LOUISA COUNTY,601,601 - BUMPASS,601,BUMPASS,exact_key,1.0
1193,LOUISA COUNTY,602,602 - LOCUST CREEK,601,BUMPASS,largest_overlap,0.899882
1194,LOUISA COUNTY,7011,7011 - VTD 007011,701,SHELTONS MILL,largest_overlap,0.80997
1195,LOUISA COUNTY,7012,7012 - VTD 007012,701,SHELTONS MILL,largest_overlap,0.995474
1196,LOUISA COUNTY,7021,7021 - VTD 007021,702,SOUTH ANNA,largest_overlap,0.99993
1197,LOUISA COUNTY,7022,7022 - VTD 007022,702,SOUTH ANNA,largest_overlap,0.999999
1198,LOUISA COUNTY,7023,7023 - VTD 007023,702,SOUTH ANNA,largest_overlap,0.999999
1199,LUNENBURG COUNTY,101,101 - PLYMOUTH,101,PLYMOUTH,exact_key,1.0
1200,LUNENBURG COUNTY,201,201 - BROWNS STORE,201,BROWN'S STORE,exact_key,1.0
1201,LUNENBURG COUNTY,301,301 - ROSEBUD,301,ROSEBUD BAPTIST CHURCH,exact_key,1.0
1202,LUNENBURG COUNTY,302,302 - FLAT ROCK,302,MCCOY GHEE'S STORE,exact_key,1.0
1203,LUNENBURG COUNTY,401,401 - ARROWHEAD GUN CLUB,401,ARROWHEAD GUN CLUB,exact_key,1.0
1204,LUNENBURG COUNTY,402,402 - PLEASANT GROVE,402,PLEASANT GROVE,exact_key,1.0
1205,LUNENBURG COUNTY,501,501 - REEDY CREEK,501,REEDY CREEK,exact_key,1.0
1206,LUNENBURG COUNTY,502,502 - PEOPLES COMMUNITY CENTER,502,PEOPLE'S COMMUNITY CENTER,exact_key,1.0
1207,LUNENBURG COUNTY,601,601 - HOUNDS CREEK,601,HOUND'S CREEK,exact_key,1.0
1208,LUNENBURG COUNTY,701,701 - MEHERRIN FIRE DEPARTMENT,701,MEHERRIN FIRE DEPARTMENT,exact_key,1.0
1209,LUNENBURG COUNTY,702,702 - VICTORIA PUBLIC LIBRARY,702,COURTHOUSE,exact_key,1.0
1210,MADISON COUNTY,1,1 - OAK PARK,1,OAK PARK,exact_key,1.0
1211,MADISON COUNTY,2,2 - RADIANT,2,RADIANT,exact_key,1.0
1212,MADISON COUNTY,3,3 - ROCHELLE,3,ROCHELLE,exact_key,1.0
1213,MADISON COUNTY,4,4 - GRAVES MILL,4,GRAVES MILL/ WOLFTOWN,exact_key,1.0
1214,MADISON COUNTY,5,5 - MADISON,5,MADISON,exact_key,1.0
1215,MADISON COUNTY,6,6 - WOLFTOWN,6,ETLAN,exact_key,1.0
1216,MADISON COUNTY,7,7 - BRIGHTWOOD,7,BRIGHTWOOD,exact_key,1.0
1217,MADISON COUNTY,8,8 - CRIGLERSVILLE,8,CRIGLERSVILLE,exact_key,1.0
1218,MADISON COUNTY,9,9 - ETLAN,6,ETLAN,largest_overlap,0.999545
1219,MATHEWS COUNTY,1,1 - CHESAPEAKE,1,CHESAPEAKE,exact_key,1.0
1220,MATHEWS COUNTY,2,2 - WESTVILLE,2,WESTVILLE,exact_key,1.0
1221,MATHEWS COUNTY,3,3 - PIANKATANK,3,PIANKATANK,exact_key,1.0
1222,MECKLENBURG COUNTY,101,101 - WRIGHTS STORE,101,PALMER SPRINGS PRECINCT,exact_key,1.0
1223,MECKLENBURG COUNTY,102,102 - PEARSONS STORE,102,ANTIOCH CHURCH PRECINCT,exact_key,1.0
1224,MECKLENBURG COUNTY,103,103 - SOUTH CLARKSVILLE,103,CLARKSVILLE SOUTH PRECINCT,exact_key,1.0
1225,MECKLENBURG COUNTY,201,201 - BOYDTON,201,CHASE CITY PRECINCT,exact_key,1.0
1226,MECKLENBURG COUNTY,202,202 - BLUESTONE SENIOR HIGH SCHOOL,202,BLUESTONE PRECINCT,exact_key,1.0
1227,MECKLENBURG COUNTY,203,203 - CHASE CITY VFW POST,201,CHASE CITY PRECINCT,largest_overlap,0.999452
1228,MECKLENBURG COUNTY,301,301 - BRACEY,301,BRACEY PRECINCT,exact_key,1.0
1229,MECKLENBURG COUNTY,302,302 - LACROSSE,302,LACROSSE PRECINCT,exact_key,1.0
1230,MECKLENBURG COUNTY,401,401 - AMERICAN LEGION HALL,401,SOUTH HILL WEST PRECINCT,exact_key,1.0
1231,MECKLENBURG COUNTY,402,402 - PARK VIEW MIDDLE SCHOOL,603,SMITH CROSSROADS PRECINCT,largest_overlap,0.575248
1232,MECKLENBURG COUNTY,501,501 - SOUTH HILL,501,SOUTH HILL EAST PRECINCT,exact_key,1.0
1233,MECKLENBURG COUNTY,601,601 - BASKERVILLE,601,BASKERVILLE PRECINCT,exact_key,1.0
1234,MECKLENBURG COUNTY,602,602 - UNION LEVEL,602,UNION LEVEL PRECINCT,exact_key,1.0
1235,MECKLENBURG COUNTY,603,603 - SMITH CROSSROADS,603,SMITH CROSSROADS PRECINCT,exact_key,1.0
1236,MECKLENBURG COUNTY,604,604 - LAKE GASTON,604,LAKE GASTON PRECINCT,exact_key,1.0
1237,MECKLENBURG COUNTY,701,701 - CHASE CITY,701,MIDWAY PRECINCT,exact_key,1.0
1238,MECKLENBURG COUNTY,702,702 - SUNSHINE,702,WILLIAMS GROVE PRECINCT,exact_key,1.0
1239,MECKLENBURG COUNTY,801,801 - FINCHLEY,801,FINCHLEY PRECINCT,exact_key,1.0
1240,MECKLENBURG COUNTY,802,802 - BLUESTONE,802,SKIPWITH PRECINCT,exact_key,1.0
1241,MECKLENBURG COUNTY,803,803 - CHASE CITY ELEMENTARY SCHOOL,803,CHASE CITY WEST PRECINCT,exact_key,1.0
1242,MECKLENBURG COUNTY,901,901 - AVERETT,901,NELSON PRECINCT,exact_key,1.0
1243,MECKLENBURG COUNTY,902,902 - BUFFALO SPRINGS,902,BUFFALO JUNCTION PRECINCT,exact_key,1.0
1244,MECKLENBURG COUNTY,903,903 - CLARKSVILLE,903,CLARKSVILLE NORTH PRECINCT,exact_key,1.0
1245,MIDDLESEX COUNTY,101,101 - SALUDA,101,SALUDA,exact_key,1.0
1246,MIDDLESEX COUNTY,102,102 - URBANNA,102,URBANNA,exact_key,1.0
1247,MIDDLESEX COUNTY,201,201 - NEW MARKET,201,NEW MARKET,exact_key,1.0
1248,MIDDLESEX COUNTY,302,302 - CHURCH VIEW,302,CHURCH VIEW,exact_key,1.0
1249,MIDDLESEX COUNTY,401,401 - VTD 000401,401,HARMONY VILLAGE,exact_key,1.0
1250,MIDDLESEX COUNTY,501,501 - WILTON,501,WILTON,exact_key,1.0
1251,MONTGOMERY COUNTY,101,101 - PRECINCT A-1,101,A-1 PRECINCT,exact_key,1.0
1252,MONTGOMERY COUNTY,102,102 - PRECINCT A-2,102,A-2 PRECINCT,exact_key,1.0
1253,MONTGOMERY COUNTY,103,103 - PRECINCT A-3,103,A-3 PRECINCT,exact_key,1.0
1254,MONTGOMERY COUNTY,201,201 - PRECINCT B-1,201,B-1 PRECINCT,exact_key,1.0
1255,MONTGOMERY COUNTY,202,202 - PRECINCT B-2,202,B-2 PRECINCT,exact_key,1.0
1256,MONTGOMERY COUNTY,2031,2031 - VTD 002031,203,B-3 PRECINCT,largest_overlap,0.999409
1257,MONTGOMERY COUNTY,2032,2032 - VTD 002032,202,B-2 PRECINCT,largest_overlap,0.999545
1258,MONTGOMERY COUNTY,204,204 - PRECINCT B-4,204,B-4 PRECINCT,exact_key,1.0
1259,MONTGOMERY COUNTY,301,301 - PRECINCT C-1,301,C-1 PRECINCT,exact_key,1.0
1260,MONTGOMERY COUNTY,302,302 - PRECINCT C-2,302,C-2 PRECINCT,exact_key,1.0
1261,MONTGOMERY COUNTY,303,303 - PRECINCT C-3,303,C-3 PRECINCT,exact_key,1.0
1262,MONTGOMERY COUNTY,304,304 - PRECINCT C-4,304,C-4 PRECINCT,exact_key,1.0
1263,MONTGOMERY COUNTY,401,401 - PRECINCT D-1,401,D-1 PRECINCT,exact_key,1.0
1264,MONTGOMERY COUNTY,402,402 - PRECINCT D-2,402,D-2 PRECINCT,exact_key,1.0
1265,MONTGOMERY COUNTY,4031,4031 - VTD 004031,401,D-1 PRECINCT,largest_overlap,0.862675
1266,MONTGOMERY COUNTY,4032,4032 - VTD 004032,203,B-3 PRECINCT,largest_overlap,0.987613
1267,MONTGOMERY COUNTY,404,404 - PRECINCT D-4,404,D-4 PRECINCT,exact_key,1.0
1268,MONTGOMERY COUNTY,405,405 - PRECINCT D-5,401,D-1 PRECINCT,largest_overlap,0.761705
1269,MONTGOMERY COUNTY,501,501 - PRECINCT E-1,501,E-1 PRECINCT,exact_key,1.0
1270,MONTGOMERY COUNTY,502,502 - PRECINCT E-2,502,E-2 PRECINCT,exact_key,1.0
1271,MONTGOMERY COUNTY,503,503 - PRECINCT E-3,503,E-3 PRECINCT,exact_key,1.0
1272,MONTGOMERY COUNTY,601,601 - PRECINCT F-1,601,F-1 PRECINCT,exact_key,1.0
1273,MONTGOMERY COUNTY,602,602 - PRECINCT F-2,602,F-2 PRECINCT,exact_key,1.0
1274,MONTGOMERY COUNTY,603,603 - PRECINCT F-3,603,F-3 PRECINCT,exact_key,1.0
1275,MONTGOMERY COUNTY,701,701 - PRECINCT G-1,701,G-1 PRECINCT,exact_key,1.0
1276,MONTGOMERY COUNTY,702,702 - PRECINCT G-2,702,G-2 PRECINCT,exact_key,1.0
1277,NELSON COUNTY,101,101 - ROCKFISH,101,ROCKFISH,exact_key,1.0
1278,NELSON COUNTY,201,201 - LOVINGSTON,201,LOVINGSTON,exact_key,1.0
1279,NELSON COUNTY,202,202 - SCHUYLER,202,SCHUYLER,exact_key,1.0
1280,NELSON COUNTY,301,301 - SHIPMAN,301,SHIPMAN,exact_key,1.0
1281,NELSON COUNTY,302,302 - GLADSTONE,302,GLADSTONE,exact_key,1.0
1282,NELSON COUNTY,401,401 - ROSELAND,401,ROSELAND,exact_key,1.0
1283,NELSON COUNTY,402,402 - MONTEBELLO,402,MONTEBELLO,exact_key,1.0
1284,NELSON COUNTY,501,501 - FABER,501,FABER,exact_key,1.0
1285,NELSON COUNTY,502,502 - NELLYSFORD,502,NELLYSFORD,exact_key,1.0
1286,NEW KENT COUNTY,102,102 - TUNSTALL,102,TUNSTALL,exact_key,1.0
1287,NEW KENT COUNTY,103,103 - SOUTHERN BRANCH,103,SOUTHERN BRANCH,exact_key,1.0
1288,NEW KENT COUNTY,201,201 - QUINTON,201,QUINTON,exact_key,1.0
1289,NEW KENT COUNTY,202,202 - KENTWOOD,202,KENTWOOD,exact_key,1.0
1290,NEW KENT COUNTY,301,301 - WATKINS,301,WATKINS,exact_key,1.0
1291,NEW KENT COUNTY,302,302 - CUMBERLAND,302,CUMBERLAND,exact_key,1.0
1292,NEW KENT COUNTY,401,401 - PROVIDENCE FORGE,401,PROVIDENCE FORGE,exact_key,1.0
1293,NEW KENT COUNTY,403,403 - MOUNTCASTLE,403,MOUNTCASTLE,exact_key,1.0
1294,NEW KENT COUNTY,501,501 - ELTHAM,501,ELTHAM,exact_key,1.0
1295,NEW KENT COUNTY,502,502 - CHICKAHOMINY RIVER,502,CHICKAHOMINY RIVER,exact_key,1.0
1296,NORTHAMPTON COUNTY,101,101 - PRECINCT 1-1,101,PRECINCT 1-1,exact_key,1.0
1297,NORTHAMPTON COUNTY,201,201 - PRECINCT 2-1,201,PRECINCT 2-1,exact_key,1.0
1298,NORTHAMPTON COUNTY,301,301 - PRECINCT 3-1,301,PRECINCT 3-1,exact_key,1.0
1299,NORTHAMPTON COUNTY,401,401 - PRECINCT 4-1,401,PRECINCT 4-1,exact_key,1.0
1300,NORTHAMPTON COUNTY,501,501 - PRECINCT 5-1,501,PRECINCT 5-1,exact_key,1.0
1301,NORTHUMBERLAND COUNTY,101,101 - 1A,101,1A,exact_key,1.0
1302,NORTHUMBERLAND COUNTY,201,201 - 2A,201,2A,exact_key,1.0
1303,NORTHUMBERLAND COUNTY,301,301 - 3A,301,3A,exact_key,1.0
1304,NORTHUMBERLAND COUNTY,401,401 - 4A,401,4A,exact_key,1.0
1305,NORTHUMBERLAND COUNTY,501,501 - 5A,501,5A,exact_key,1.0
1306,NOTTOWAY COUNTY,101,101 - PRECINCT 1-1,101,PRECINCT 1-1,exact_key,1.0
1307,NOTTOWAY COUNTY,102,102 - PRECINCT 1-2,101,PRECINCT 1-1,largest_overlap,0.585352
1308,NOTTOWAY COUNTY,201,201 - PRECINCT 2-1,201,PRECINCT 2-1,exact_key,1.0
1309,NOTTOWAY COUNTY,202,202 - PRECINCT 2-2,201,PRECINCT 2-1,largest_overlap,0.999975
1310,NOTTOWAY COUNTY,3011,3011 - VTD 003011,301,PRECINCT 3-1,largest_overlap,0.621844
1311,NOTTOWAY COUNTY,3012,3012 - VTD 003012,301,PRECINCT 3-1,largest_overlap,0.999774
1312,NOTTOWAY COUNTY,302,302 - PRECINCT 3-2,302,PRECINCT 3-2,exact_key,1.0
1313,NOTTOWAY COUNTY,401,401 - PRECINCT 4-1,401,PRECINCT 4-1,exact_key,1.0
1314,NOTTOWAY COUNTY,402,402 - PRECINCT 4-2,402,PRECINCT 4-2,exact_key,1.0
1315,NOTTOWAY COUNTY,501,501 - PRECINCT 5-1,501,PRECINCT 5-1,exact_key,1.0
1316,ORANGE COUNTY,101,101 - ONE WEST,101,1 WEST,exact_key,1.0
1317,ORANGE COUNTY,102,102 - ONE EAST,102,1 EAST,exact_key,1.0
1318,ORANGE COUNTY,201,201 - TWO WEST,201,WESTPRECINCT,exact_key,1.0
1319,ORANGE COUNTY,202,202 - TWO EAST,202,EASTPRECINCT,exact_key,1.0
1320,ORANGE COUNTY,301,301 - THREE WEST,301,3 WEST,exact_key,1.0
1321,ORANGE COUNTY,302,302 - THREE EAST,302,3 EAST,exact_key,1.0
1322,ORANGE COUNTY,401,401 - FOUR WEST,401,4 WEST,exact_key,1.0
1323,ORANGE COUNTY,402,402 - FOUR EAST,402,4 EAST,exact_key,1.0
1324,ORANGE COUNTY,501,501 - FIVE SOUTH,501,5 SOUTH,exact_key,1.0
1325,ORANGE COUNTY,502,502 - FIVE NORTH,502,5 NORTH,exact_key,1.0
1326,PAGE COUNTY,101,101 - WEST LURAY,101,WEST LURAY,exact_key,1.0
1327,PAGE COUNTY,201,201 - EAST LURAY,201,EAST LURAY,exact_key,1.0
1328,PAGE COUNTY,301,301 - MARKSVILLE,301,MARKSVILLE,exact_key,1.0
1329,PAGE COUNTY,401,401 - NEWPORT,401,NEWPORT,exact_key,1.0
1330,PAGE COUNTY,501,501 - SHENANDOAH,501,SHENANDOAH,exact_key,1.0
1331,PATRICK COUNTY,101,101 - ARARAT,101,ARARAT,exact_key,1.0
1332,PATRICK COUNTY,102,102 - CLAUDVILLE,102,CLAUDVILLE,exact_key,1.0
1333,PATRICK COUNTY,103,103 - WILLIS GAP,103,WILLIS GAP,exact_key,1.0
1334,PATRICK COUNTY,201,201 - DRY POND,201,DRY POND,exact_key,1.0
1335,PATRICK COUNTY,202,202 - PATRICK SPRINGS,202,PATRICK SPRINGS,exact_key,1.0
1336,PATRICK COUNTY,203,203 - RUSSELL CREEK,203,RUSSELL CREEK,exact_key,1.0
1337,PATRICK COUNTY,301,301 - CRITZ/STELLA,301,CRITZ/STELLA,exact_key,1.0
1338,PATRICK COUNTY,302,302 - LIBERTY,302,LIBERTY,exact_key,1.0
1339,PATRICK COUNTY,401,401 - MEADOWS OF DAN,401,MEADOWS OF DAN,exact_key,1.0
1340,PATRICK COUNTY,402,402 - STUART FAIRGROUNDS,402,STUART FAIRGROUNDS,exact_key,1.0
1341,PATRICK COUNTY,501,501 - STUART COMMUNITY,403,STUART COMMUNITY,largest_overlap,0.506711
1342,PATRICK COUNTY,502,502 - ELAMSVILLE,502,ELAMSVILLE,exact_key,1.0
1343,PATRICK COUNTY,503,503 - WOOLWINE,503,WOOLWINE,exact_key,1.0
1344,PITTSYLVANIA COUNTY,103,103 - TWIN SPRINGS,103,TWIN SPRINGS,exact_key,1.0
1345,PITTSYLVANIA COUNTY,105,105 - CHATHAM,105,CHATHAM,exact_key,1.0
1346,PITTSYLVANIA COUNTY,106,106 - TUNSTALL,106,TUNSTALL,exact_key,1.0
1347,PITTSYLVANIA COUNTY,108,108 - WEST BLAIRS,108,WEST BLAIRS,exact_key,1.0
1348,PITTSYLVANIA COUNTY,201,201 - CALLANDS,201,CALLANDS,exact_key,1.0
1349,PITTSYLVANIA COUNTY,202,202 - VTD 000202,202,BEARSKIN,exact_key,1.0
1350,PITTSYLVANIA COUNTY,204,204 - SANDY LEVEL,204,SANDY LEVEL,exact_key,1.0
1351,PITTSYLVANIA COUNTY,206,206 - CLIMAX,206,CLIMAX,exact_key,1.0
1352,PITTSYLVANIA COUNTY,207,207 - GRETNA,207,GRETNA,exact_key,1.0
1353,PITTSYLVANIA COUNTY,301,301 - CENTRAL,301,CENTRAL,exact_key,1.0
1354,PITTSYLVANIA COUNTY,305,305 - RICEVILLE,305,RICEVILLE,exact_key,1.0
1355,PITTSYLVANIA COUNTY,307,307 - EAST BLAIRS,307,EAST BLAIRS,exact_key,1.0
1356,PITTSYLVANIA COUNTY,308,308 - MT AIRY,308,MT. AIRY,exact_key,1.0
1357,PITTSYLVANIA COUNTY,309,309 - EAST GRETNA,309,EAST GRETNA,exact_key,1.0
1358,PITTSYLVANIA COUNTY,402,402 - KEELING,402,KEELING,exact_key,1.0
1359,PITTSYLVANIA COUNTY,404,404 - KENTUCK,404,KENTUCK,exact_key,1.0
1360,PITTSYLVANIA COUNTY,405,405 - RINGGOLD,405,RINGGOLD,exact_key,1.0
1361,PITTSYLVANIA COUNTY,501,501 - HURT,501,HURT,exact_key,1.0
1362,PITTSYLVANIA COUNTY,502,502 - MOTLEY SYCAMORE,502,MOTLEY SYCAMORE,exact_key,1.0
1363,PITTSYLVANIA COUNTY,503,503 - RENAN,503,RENAN,exact_key,1.0
1364,PITTSYLVANIA COUNTY,603,603 - STONY MILL,603,STONY MILL,exact_key,1.0
1365,PITTSYLVANIA COUNTY,604,604 - SWANSONVILLE,604,SWANSONVILLE,exact_key,1.0
1366,PITTSYLVANIA COUNTY,605,605 - WHITMELL,605,WHITMELL,exact_key,1.0
1367,PITTSYLVANIA COUNTY,606,606 - BROSVILLE,606,BROSVILLE,exact_key,1.0
1368,PITTSYLVANIA COUNTY,607,607 - DRY FORK,607,DRY FORK,exact_key,1.0
1369,PITTSYLVANIA COUNTY,702,702 - BACHELORS HALL,702,BACHELORS HALL,exact_key,1.0
1370,PITTSYLVANIA COUNTY,703,703 - FERRY ROAD,703,FERRY ROAD,exact_key,1.0
1371,PITTSYLVANIA COUNTY,704,704 - MT HERMON,704,MT. HERMON,exact_key,1.0
1372,PITTSYLVANIA COUNTY,705,705 - MT CROSS,705,MT. CROSS,exact_key,1.0
1373,POWHATAN COUNTY,101,101 - SUBLETTS,101,SUBLETTS,exact_key,1.0
1374,POWHATAN COUNTY,102,102 - MANAKIN,102,MANAKIN,exact_key,1.0
1375,POWHATAN COUNTY,103,103 - FLAT ROCK,103,FLAT ROCK,exact_key,1.0
1376,POWHATAN COUNTY,201,201 - POWHATAN STATION,201,POWHATAN STATION,exact_key,1.0
1377,POWHATAN COUNTY,202,202 - GRACELAND,202,GRACELAND,exact_key,1.0
1378,POWHATAN COUNTY,301,301 - BETHESDA,301,BETHESDA,exact_key,1.0
1379,POWHATAN COUNTY,302,302 - LEE'S LANDING,302,LEE'S LANDING,exact_key,1.0
1380,POWHATAN COUNTY,401,401 - POWHATAN COURTHOUSE,401,POWHATAN COURTHOUSE,exact_key,1.0
1381,POWHATAN COUNTY,402,402 - MT ZION,402,MT ZION,exact_key,1.0
1382,POWHATAN COUNTY,501,501 - SMITH CROSS ROADS,501,SMITHS CROSSROADS,exact_key,1.0
1383,POWHATAN COUNTY,502,502 - PINEVILLE,502,PINEVILLE,exact_key,1.0
1384,POWHATAN COUNTY,503,503 - TOBACCOVILLE,503,TOBACCOVILLE,exact_key,1.0
1385,PRINCE EDWARD COUNTY,101,101 - FARMVILLE,101,FARMVILLE,exact_key,1.0
1386,PRINCE EDWARD COUNTY,201,201 - LOCKETT,201,LOCKETT,exact_key,1.0
1387,PRINCE EDWARD COUNTY,301,301 - LEIGH,301,LEIGH,exact_key,1.0
1388,PRINCE EDWARD COUNTY,302,302 - MT PLEASANT,302,MT PLEASANT,exact_key,1.0
1389,PRINCE EDWARD COUNTY,401,401 - HAMPDEN,401,HAMPDEN,exact_key,1.0
1390,PRINCE EDWARD COUNTY,501,501 - DARLINGTON HTS,501,DARLINGTON HTS,exact_key,1.0
1391,PRINCE EDWARD COUNTY,502,502 - BUFFALO HTS,502,BUFFALO HTS,exact_key,1.0
1392,PRINCE EDWARD COUNTY,601,601 - PROSPECT,601,PROSPECT,exact_key,1.0
1393,PRINCE EDWARD COUNTY,701,701 - WEST END,701,WEST END,exact_key,1.0
1394,PRINCE EDWARD COUNTY,801,801 - CENTER,801,CENTER,exact_key,1.0
1395,PRINCE GEORGE COUNTY,101,101 - RICHARD BLAND,101,RICHARD BLAND,exact_key,1.0
1396,PRINCE GEORGE COUNTY,102,102 - TEMPLETON,102,TEMPLETON,exact_key,1.0
1397,PRINCE GEORGE COUNTY,103,103 - UNION BRANCH,103,UNION BRANCH,exact_key,1.0
1398,PRINCE GEORGE COUNTY,104,104 - RIVES,104,RIVES,exact_key,1.0
1399,PRINCE GEORGE COUNTY,105,105 - HARRISON,105,HARRISON,exact_key,1.0
1400,PRINCE GEORGE COUNTY,201,201 - BLAND,201,BLAND,exact_key,1.0
1401,PRINCE GEORGE COUNTY,202,202 - BLACK WATER,202,BLACKWATER,exact_key,1.0
1402,PRINCE GEORGE COUNTY,203,203 - BRANDON,203,BRANDON,exact_key,1.0
1403,PRINCE GEORGE COUNTY,204,204 - COURTS BLDG,204,COURT,exact_key,1.0
1404,PRINCE GEORGE COUNTY,205,205 - JEFFERSON PARK,205,JEFFERSON PARK,exact_key,1.0
1405,PRINCE WILLIAM COUNTY,101,101 - BRENTSVILLE,101,BRENTSVILLE,exact_key,1.0
1406,PRINCE WILLIAM COUNTY,102,102 - CEDAR POINT,102,CEDAR POINT,exact_key,1.0
1407,PRINCE WILLIAM COUNTY,103,103 - GLENKIRK,103,GLENKIRK,exact_key,1.0
1408,PRINCE WILLIAM COUNTY,104,104 - NOKESVILLE,104,NOKESVILLE,exact_key,1.0
1409,PRINCE WILLIAM COUNTY,105,105 - LIMESTONE,105,PINEY BRANCH,exact_key,1.0
1410,PRINCE WILLIAM COUNTY,1061,1061 - VTD 001061,106,UNITY REED PRECINCT,largest_overlap,0.760075
1411,PRINCE WILLIAM COUNTY,1062,1062 - VTD 001062,106,UNITY REED PRECINCT,largest_overlap,0.996338
1412,PRINCE WILLIAM COUNTY,107,107 - MARSTELLER,107,MARSTELLER,exact_key,1.0
1413,PRINCE WILLIAM COUNTY,108,108 - VICTORY,108,VICTORY,exact_key,1.0
1414,PRINCE WILLIAM COUNTY,109,109 - CHRIS YUNG,109,CHRIS YUNG,exact_key,1.0
1415,PRINCE WILLIAM COUNTY,110,110 - BUCKLAND MILLS,110,BUCKLAND MILLS,exact_key,1.0
1416,PRINCE WILLIAM COUNTY,111,111 - BRISTOW RUN,111,LIMESTONE,exact_key,1.0
1417,PRINCE WILLIAM COUNTY,112,112 - BURKE-NICKENS,112,BURKE-NICKENS,exact_key,1.0
1418,PRINCE WILLIAM COUNTY,114,114 - BRISTOW RUN,114,BRISTOW RUN,exact_key,1.0
1419,PRINCE WILLIAM COUNTY,201,201 - SAUNDERS,201,HYLTON,exact_key,1.0
1420,PRINCE WILLIAM COUNTY,202,202 - MARSHALL,202,WEST GATE,exact_key,1.0
1421,PRINCE WILLIAM COUNTY,203,203 - BENNETT,203,BENNETT,exact_key,1.0
1422,PRINCE WILLIAM COUNTY,204,204 - ELLIS,204,ELLIS,exact_key,1.0
1423,PRINCE WILLIAM COUNTY,205,205 - BUCKHALL,205,BUCKHALL,exact_key,1.0
1424,PRINCE WILLIAM COUNTY,206,206 - COLES,206,COLES,exact_key,1.0
1425,PRINCE WILLIAM COUNTY,207,207 - SPRIGGS,207,SPRIGGS,exact_key,1.0
1426,PRINCE WILLIAM COUNTY,208,208 - HYLTON,208,COLGAN,exact_key,1.0
1427,PRINCE WILLIAM COUNTY,209,209 - INDEPENDENT HILL,209,INDEPENDENT HILL,exact_key,1.0
1428,PRINCE WILLIAM COUNTY,210,210 - PENN,210,YATES FORD,exact_key,1.0
1429,PRINCE WILLIAM COUNTY,211,211 - SIGNAL HILL,211,SIGNAL HILL,exact_key,1.0
1430,PRINCE WILLIAM COUNTY,212,212 - YORKSHIRE,212,YORKSHIRE,exact_key,1.0
1431,PRINCE WILLIAM COUNTY,213,213 - PARKSIDE,213,PARKSIDE,exact_key,1.0
1432,PRINCE WILLIAM COUNTY,214,214 - LUCASVILLE,214,LUCASVILLE,exact_key,1.0
1433,PRINCE WILLIAM COUNTY,215,215 - SAUNDERS,215,ROSA PARKS,exact_key,1.0
1434,PRINCE WILLIAM COUNTY,301,301 - DUMFRIES,301,DUMFRIES,exact_key,1.0
1435,PRINCE WILLIAM COUNTY,302,302 - POTOMAC,302,POTOMAC,exact_key,1.0
1436,PRINCE WILLIAM COUNTY,303,303 - GRAHAM PARK,303,GRAHAM PARK,exact_key,1.0
1437,PRINCE WILLIAM COUNTY,304,304 - QUANTICO,304,QUANTICO,exact_key,1.0
1438,PRINCE WILLIAM COUNTY,305,305 - PATTIE,305,FOREST PARK,exact_key,1.0
1439,PRINCE WILLIAM COUNTY,306,306 - WASHINGTON-REID,306,FOUR SEASONS,exact_key,1.0
1440,PRINCE WILLIAM COUNTY,307,307 - HENDERSON,307,HENDERSON,exact_key,1.0
1441,PRINCE WILLIAM COUNTY,308,308 - MONTCLAIR,308,MONTCLAIR,exact_key,1.0
1442,PRINCE WILLIAM COUNTY,309,309 - ASHLAND,309,ASHLAND,exact_key,1.0
1443,PRINCE WILLIAM COUNTY,310,310 - FOREST PARK,310,PW FOREST PARK,exact_key,1.0
1444,PRINCE WILLIAM COUNTY,311,311 - SWANS CREEK,311,SWANS CREEK,exact_key,1.0
1445,PRINCE WILLIAM COUNTY,312,312 - TRIANGLE,312,TRIANGLE,exact_key,1.0
1446,PRINCE WILLIAM COUNTY,313,313 - CARDINAL,313,CARDINAL,exact_key,1.0
1447,PRINCE WILLIAM COUNTY,314,314 - CABIN BRANCH,314,CABIN BRANCH,exact_key,1.0
1448,PRINCE WILLIAM COUNTY,315,315 - WILLIAMS,315,WILLIAMS,exact_key,1.0
1449,PRINCE WILLIAM COUNTY,401,401 - EVERGREEN,401,EVERGREEN,exact_key,1.0
1450,PRINCE WILLIAM COUNTY,402,402 - BATTLEFIELD,402,GRAVELY,exact_key,1.0
1451,PRINCE WILLIAM COUNTY,403,403 - BULL RUN,403,BULL RUN,exact_key,1.0
1452,PRINCE WILLIAM COUNTY,404,404 - UNITY BRAXTON,404,UNITY BRAXTON,exact_key,1.0
1453,PRINCE WILLIAM COUNTY,405,405 - STONEWALL,405,BEN LOMOND,exact_key,1.0
1454,PRINCE WILLIAM COUNTY,406,406 - ALVEY,406,ALVEY,exact_key,1.0
1455,PRINCE WILLIAM COUNTY,407,407 - HERITAGE HUNT,407,HERITAGE HUNT,exact_key,1.0
1456,PRINCE WILLIAM COUNTY,408,408 - SUDLEY,408,SUDLEY,exact_key,1.0
1457,PRINCE WILLIAM COUNTY,409,409 - TYLER,409,TYLER,exact_key,1.0
1458,PRINCE WILLIAM COUNTY,410,410 - MOUNTAIN VIEW,410,MOUNTAIN VIEW,exact_key,1.0
1459,PRINCE WILLIAM COUNTY,411,411 - MULLEN,411,MULLEN,exact_key,1.0
1460,PRINCE WILLIAM COUNTY,412,412 - CATHARPIN,412,CATHARPIN,exact_key,1.0
1461,PRINCE WILLIAM COUNTY,413,413 - REAGAN,413,REAGAN,exact_key,1.0
1462,PRINCE WILLIAM COUNTY,501,501 - LAKE RIDGE,501,SPRINGWOODS,exact_key,1.0
1463,PRINCE WILLIAM COUNTY,502,502 - OCCOQUAN,502,OCCOQUAN,exact_key,1.0
1464,PRINCE WILLIAM COUNTY,503,503 - OLD BRIDGE,503,MOHICAN,exact_key,1.0
1465,PRINCE WILLIAM COUNTY,504,504 - ROCKLEDGE,504,ROCKLEDGE,exact_key,1.0
1466,PRINCE WILLIAM COUNTY,505,505 - MOHICAN,505,LAKE RIDGE,exact_key,1.0
1467,PRINCE WILLIAM COUNTY,506,506 - BETHEL,506,OLD BRIDGE,exact_key,1.0
1468,PRINCE WILLIAM COUNTY,507,507 - CHINN,507,CHINN,exact_key,1.0
1469,PRINCE WILLIAM COUNTY,508,508 - SPRINGWOODS,508,PENN,exact_key,1.0
1470,PRINCE WILLIAM COUNTY,509,509 - MC COART,509,MCCOART,exact_key,1.0
1471,PRINCE WILLIAM COUNTY,510,510 - YATES FORD,510,COUNTY CENTER,exact_key,1.0
1472,PRINCE WILLIAM COUNTY,511,511 - WESTRIDGE,511,WESTRIDGE,exact_key,1.0
1473,PRINCE WILLIAM COUNTY,512,512 - YORK,512,YORK,exact_key,1.0
1474,PRINCE WILLIAM COUNTY,513,513 - WOODBRIDGE,513,WOODBRIDGE,exact_key,1.0
1475,PRINCE WILLIAM COUNTY,514,514 - ANTIETAM,514,ANTIETAM,exact_key,1.0
1476,PRINCE WILLIAM COUNTY,601,601 - DALE,601,DALE,exact_key,1.0
1477,PRINCE WILLIAM COUNTY,602,602 - BEVILLE,602,BEVILLE,exact_key,1.0
1478,PRINCE WILLIAM COUNTY,603,603 - HAMPTON,603,HAMPTON,exact_key,1.0
1479,PRINCE WILLIAM COUNTY,604,604 - GIDEON,604,GAR-FIELD,exact_key,1.0
1480,PRINCE WILLIAM COUNTY,605,605 - MINNIEVILLE,605,MINNIEVILLE,exact_key,1.0
1481,PRINCE WILLIAM COUNTY,606,606 - BEL AIR,606,BEL AIR,exact_key,1.0
1482,PRINCE WILLIAM COUNTY,607,607 - KERRYDALE,607,JENKINS,exact_key,1.0
1483,PRINCE WILLIAM COUNTY,608,608 - ENTERPRISE,608,ENTERPRISE,exact_key,1.0
1484,PRINCE WILLIAM COUNTY,609,609 - KING,609,KING,exact_key,1.0
1485,PRINCE WILLIAM COUNTY,610,610 - FITZGERALD,610,FITZGERALD,exact_key,1.0
1486,PRINCE WILLIAM COUNTY,611,611 - NEABSCO,611,NEABSCO,exact_key,1.0
1487,PRINCE WILLIAM COUNTY,701,701 - BELMONT,701,BELMONT,exact_key,1.0
1488,PRINCE WILLIAM COUNTY,702,702 - LIBRARY,702,LIBRARY,exact_key,1.0
1489,PRINCE WILLIAM COUNTY,703,703 - LYNN,703,LYNN,exact_key,1.0
1490,PRINCE WILLIAM COUNTY,704,704 - PORTER,704,PORTER,exact_key,1.0
1491,PRINCE WILLIAM COUNTY,705,705 - POTOMAC VIEW,705,POTOMAC VIEW,exact_key,1.0
1492,PRINCE WILLIAM COUNTY,706,706 - RIPPON,706,RIPPON,exact_key,1.0
1493,PRINCE WILLIAM COUNTY,707,707 - KILBY,707,KILBY,exact_key,1.0
1494,PRINCE WILLIAM COUNTY,708,708 - RIVER OAKS,708,RIVER OAKS,exact_key,1.0
1495,PRINCE WILLIAM COUNTY,709,709 - FREEDOM,709,FREEDOM,exact_key,1.0
1496,PRINCE WILLIAM COUNTY,710,710 - POWELLS CREEK,710,POWELLS CREEK,exact_key,1.0
1497,PRINCE WILLIAM COUNTY,711,711 - GRAYSON,711,GRAYSON,exact_key,1.0
1498,PRINCE WILLIAM COUNTY,712,712 - LEESYLVANIA,712,LEESYLVANIA,exact_key,1.0
1499,PULASKI COUNTY,101,101 - BELSPRING,101,BELSPRING,exact_key,1.0
1500,PULASKI COUNTY,102,102 - NEW RIVER,102,NEW RIVER,exact_key,1.0
1501,PULASKI COUNTY,103,103 - WEST CLOYD,103,WEST CLOYD,exact_key,1.0
1502,PULASKI COUNTY,201,201 - DRAPER,201,DRAPER,exact_key,1.0
1503,PULASKI COUNTY,202,202 - SOUTH PULASKI,202,SOUTH PULASKI,exact_key,1.0
1504,PULASKI COUNTY,203,203 - NEWBERN,203,NEWBERN,exact_key,1.0
1505,PULASKI COUNTY,301,301 - DUBLIN,301,DUBLIN,exact_key,1.0
1506,PULASKI COUNTY,302,302 - HIWASSEE,302,HIWASSEE,exact_key,1.0
1507,PULASKI COUNTY,304,304 - SNOWVILLE,304,SNOWVILLE,exact_key,1.0
1508,PULASKI COUNTY,401,401 - MASSIE,404,EAST MASSIE,largest_overlap,0.520197
1509,PULASKI COUNTY,402,402 - WALKER,402,WALKER,exact_key,1.0
1510,PULASKI COUNTY,501,501 - ROBINSON,501,ROBINSON,exact_key,1.0
1511,RAPPAHANNOCK COUNTY,101,101 - WASHINGTON,101,WASHINGTON,exact_key,1.0
1512,RAPPAHANNOCK COUNTY,201,201 - AMISSVILLE,201,AMISSVILLE,exact_key,1.0
1513,RAPPAHANNOCK COUNTY,301,301 - SPERRYVILLE,301,SPERRYVILLE,exact_key,1.0
1514,RAPPAHANNOCK COUNTY,401,401 - SCRABBLE,401,CASTLETON,exact_key,1.0
1515,RAPPAHANNOCK COUNTY,501,501 - CHESTER GAP,501,CHESTER GAP,exact_key,1.0
1516,RAPPAHANNOCK COUNTY,502,502 - FLINT HILL,502,FLINT HILL,exact_key,1.0
1517,RICHMOND COUNTY,101,101 - PRECINCT 1-1,101,PRECINCT 1-1,exact_key,1.0
1518,RICHMOND COUNTY,201,201 - PRECINCT 2-1,201,PRECINCT 2-1,exact_key,1.0
1519,RICHMOND COUNTY,301,301 - PRECINCT 3-1,301,PRECINCT 3-1,exact_key,1.0
1520,RICHMOND COUNTY,401,401 - PRECINCT 4-1,401,PRECINCT 4-1,exact_key,1.0
1521,RICHMOND COUNTY,501,501 - PRECINCT 5-1,501,PRECINCT 5-1,exact_key,1.0
1522,ROANOKE COUNTY,101,101 - CATAWBA,101,CATAWBA,exact_key,1.0
1523,ROANOKE COUNTY,102,102 - MASON VALLEY,102,RICHFIELD,exact_key,1.0
1524,ROANOKE COUNTY,103,103 - GLENVAR,103,NORTH GLENVAR,exact_key,1.0
1525,ROANOKE COUNTY,104,104 - NORTHSIDE,104,NORTHSIDE,exact_key,1.0
1526,ROANOKE COUNTY,105,105 - PETERS CREEK,105,HANGING ROCK,exact_key,1.0
1527,ROANOKE COUNTY,106,106 - GREEN HILL,106,SOUTH GLENVAR,exact_key,1.0
1528,ROANOKE COUNTY,107,107 - BENNETT SPRINGS,107,FORT LEWIS,exact_key,1.0
1529,ROANOKE COUNTY,108,108 - WILDWOOD,102,RICHFIELD,largest_overlap,0.999654
1530,ROANOKE COUNTY,201,201 - PLANTATION,201,PLANTATION,exact_key,1.0
1531,ROANOKE COUNTY,202,202 - BURLINGTON,202,BURLINGTON,exact_key,1.0
1532,ROANOKE COUNTY,203,203 - MOUNTAIN VIEW,203,MOUNTAIN VIEW,exact_key,1.0
1533,ROANOKE COUNTY,204,204 - BOTETOURT SPRINGS,204,GREEN RIDGE,exact_key,1.0
1534,ROANOKE COUNTY,205,205 - ORCHARDS,205,ORCHARDS,exact_key,1.0
1535,ROANOKE COUNTY,206,206 - HOLLINS,206,HOLLINS,exact_key,1.0
1536,ROANOKE COUNTY,301,301 - BENT MOUNTAIN,301,BENT MOUNTAIN,exact_key,1.0
1537,ROANOKE COUNTY,302,302 - POAGES MILL,302,BACK CREEK,exact_key,1.0
1538,ROANOKE COUNTY,303,303 - WINDSOR HILLS,303,WINDSOR HILLS,exact_key,1.0
1539,ROANOKE COUNTY,304,304 - OAK GROVE,304,OAK GROVE,exact_key,1.0
1540,ROANOKE COUNTY,305,305 - CASTLE ROCK,305,EAST HIDDEN VALLEY,exact_key,1.0
1541,ROANOKE COUNTY,306,306 - GARST MILL,306,GARST MILL,exact_key,1.0
1542,ROANOKE COUNTY,401,401 - BONSACK,401,BONSACK,exact_key,1.0
1543,ROANOKE COUNTY,402,402 - BONSACK,402,NORTH LINDENWOOD,exact_key,1.0
1544,ROANOKE COUNTY,403,403 - NORTH VINTON,403,NORTH VINTON,exact_key,1.0
1545,ROANOKE COUNTY,404,404 - SOUTH VINTON,404,SOUTH VINTON,exact_key,1.0
1546,ROANOKE COUNTY,405,405 - LINDENWOOD,405,SOUTH LINDENWOOD,exact_key,1.0
1547,ROANOKE COUNTY,406,406 - MOUNT PLEASANT,406,MOUNT PLEASANT,exact_key,1.0
1548,ROANOKE COUNTY,501,501 - COTTON HILL,501,STARKEY,exact_key,1.0
1549,ROANOKE COUNTY,502,502 - PENN FOREST,502,WEST CAVE SPRING,exact_key,1.0
1550,ROANOKE COUNTY,503,503 - CAVE SPRING,503,EAST CAVE SPRING,exact_key,1.0
1551,ROANOKE COUNTY,504,504 - OGDEN,504,GREEN VALLEY,exact_key,1.0
1552,ROANOKE COUNTY,505,505 - CLEARBROOK,505,CLEARBROOK,exact_key,1.0
1553,ROANOKE COUNTY,506,506 - MOUNT VERNON,506,BUCK MOUNTAIN,exact_key,1.0
1554,ROANOKE COUNTY,507,507 - HUNTING HILLS,507,HUNTING HILLS,exact_key,1.0
1555,ROCKBRIDGE COUNTY,101,101 - AIRPORT,101,AIRPORT,exact_key,1.0
1556,ROCKBRIDGE COUNTY,102,102 - BEN SALEM,102,BEN SALEM,exact_key,1.0
1557,ROCKBRIDGE COUNTY,103,103 - PLANK ROAD,103,PLANK ROAD,exact_key,1.0
1558,ROCKBRIDGE COUNTY,104,104 - EFFINGER,104,EFFINGER,exact_key,1.0
1559,ROCKBRIDGE COUNTY,201,201 - COLLIERSTOWN,201,COLLIERSTOWN,exact_key,1.0
1560,ROCKBRIDGE COUNTY,202,202 - HIGHLAND BELLE,202,HIGHLAND BELLE,exact_key,1.0
1561,ROCKBRIDGE COUNTY,203,203 - VO-TECH,203,VO-TECH,exact_key,1.0
1562,ROCKBRIDGE COUNTY,301,301 - MAURY RIVER,301,MAURY RIVER,exact_key,1.0
1563,ROCKBRIDGE COUNTY,302,302 - NATURAL BRIDGE,302,NATURAL BRIDGE STATION,exact_key,1.0
1564,ROCKBRIDGE COUNTY,303,303 - FALLING SPRING,303,FALLING SPRING,exact_key,1.0
1565,ROCKBRIDGE COUNTY,401,401 - FAIRFIELD,401,FAIRFIELD,exact_key,1.0
1566,ROCKBRIDGE COUNTY,402,402 - MOUNTAIN VIEW,402,MOUNTAIN VIEW,exact_key,1.0
1567,ROCKBRIDGE COUNTY,403,403 - VESUVIUS,403,VESUVIUS,exact_key,1.0
1568,ROCKBRIDGE COUNTY,501,501 - GOSHEN,501,GOSHEN,exact_key,1.0
1569,ROCKBRIDGE COUNTY,502,502 - MEADOWVIEW,502,MEADOWVIEW,exact_key,1.0
1570,ROCKBRIDGE COUNTY,503,503 - ROCKBRIDGE BATHS,503,ROCKBRIDGE BATHS,exact_key,1.0
1571,ROCKBRIDGE COUNTY,504,504 - ROCKBRIDGE,504,ROCKBRIDGE,exact_key,1.0
1572,ROCKINGHAM COUNTY,101,101 - BROADWAY,101,BROADWAY,exact_key,1.0
1573,ROCKINGHAM COUNTY,102,102 - TIMBERVILLE,102,TIMBERVILLE,exact_key,1.0
1574,ROCKINGHAM COUNTY,103,103 - FULKS RUN,103,FULKS RUN,exact_key,1.0
1575,ROCKINGHAM COUNTY,104,104 - BERGTON,104,BERGTON,exact_key,1.0
1576,ROCKINGHAM COUNTY,105,105 - LACEY SPRING,105,LACEY SPRING,exact_key,1.0
1577,ROCKINGHAM COUNTY,106,106 - TENTH LEGION,106,LONE PINE,exact_key,1.0
1578,ROCKINGHAM COUNTY,107,107 - PLAINS,106,LONE PINE,largest_overlap,0.99993
1579,ROCKINGHAM COUNTY,108,108 - LITTLE NORTH MOUNTAIN,106,LONE PINE,largest_overlap,0.999915
1580,ROCKINGHAM COUNTY,201,201 - SINGERS GLEN,201,SINGERS GLEN,exact_key,1.0
1581,ROCKINGHAM COUNTY,202,202 - EDOM,202,EDOM,exact_key,1.0
1582,ROCKINGHAM COUNTY,203,203 - DAYTON,203,DAYTON,exact_key,1.0
1583,ROCKINGHAM COUNTY,204,204 - MT CLINTON,204,MT CLINTON,exact_key,1.0
1584,ROCKINGHAM COUNTY,205,205 - SILVER LAKE,205,SILVER LAKE,exact_key,1.0
1585,ROCKINGHAM COUNTY,301,301 - KEEZLETOWN,301,KEEZLETOWN,exact_key,1.0
1586,ROCKINGHAM COUNTY,302,302 - PORT REPUBLIC,302,PORT REPUBLIC,exact_key,1.0
1587,ROCKINGHAM COUNTY,303,303 - MELROSE,303,MELROSE,exact_key,1.0
1588,ROCKINGHAM COUNTY,304,304 - GROTTOES,304,GROTTOES,exact_key,1.0
1589,ROCKINGHAM COUNTY,305,305 - MASSANETTA SPRINGS,305,MASSANETTA SPRINGS,exact_key,1.0
1590,ROCKINGHAM COUNTY,306,306 - CROSS KEYS,306,CROSSROADS,exact_key,1.0
1591,ROCKINGHAM COUNTY,307,307 - CROSSROADS,306,CROSSROADS,largest_overlap,0.99591
1592,ROCKINGHAM COUNTY,401,401 - BRIDGEWATER,401,WEST BRIDGEWATER,exact_key,1.0
1593,ROCKINGHAM COUNTY,402,402 - MONTEZUMA,402,MONTEZUMA,exact_key,1.0
1594,ROCKINGHAM COUNTY,403,403 - MT CRAWFORD,403,MT CRAWFORD,exact_key,1.0
1595,ROCKINGHAM COUNTY,404,404 - NORTH RIVER,404,NORTH RIVER,exact_key,1.0
1596,ROCKINGHAM COUNTY,405,405 - OTTOBINE,405,OTTOBINE,exact_key,1.0
1597,ROCKINGHAM COUNTY,406,406 - EAST BRIDGEWATER,406,EAST BRIDGEWATER,exact_key,1.0
1598,ROCKINGHAM COUNTY,501,501 - ELKTON,501,ELKTON,exact_key,1.0
1599,ROCKINGHAM COUNTY,502,502 - SWIFT RUN,502,SWIFT RUN,exact_key,1.0
1600,ROCKINGHAM COUNTY,503,503 - MCGAHEYSVILLE,503,MCGAHEYSVILLE,exact_key,1.0
1601,ROCKINGHAM COUNTY,504,504 - SOUTH FORK,504,SOUTH FORK,exact_key,1.0
1602,ROCKINGHAM COUNTY,505,505 - STONY RUN,505,STONY RUN,exact_key,1.0
1603,RUSSELL COUNTY,101,101 - MOCCASIN,101,MOCCASIN,exact_key,1.0
1604,RUSSELL COUNTY,102,102 - COPPER CREEK,102,COPPER CREEK,exact_key,1.0
1605,RUSSELL COUNTY,103,103 - SOUTH CASTLEWOOD,103,SOUTH CASTLEWOOD,exact_key,1.0
1606,RUSSELL COUNTY,201,201 - NORTH CASTLEWOOD,201,NORTH CASTLEWOOD,exact_key,1.0
1607,RUSSELL COUNTY,202,202 - DANTE,202,DANTE,exact_key,1.0
1608,RUSSELL COUNTY,301,301 - COOKS MILL,301,COOKS MILL,exact_key,1.0
1609,RUSSELL COUNTY,302,302 - DAUGHERTY,302,DAUGHERTY,exact_key,1.0
1610,RUSSELL COUNTY,303,303 - NEW GARDEN,303,NEW GARDEN,exact_key,1.0
1611,RUSSELL COUNTY,304,304 - CLEVELAND,304,CLEVELAND,exact_key,1.0
1612,RUSSELL COUNTY,401,401 - DRILL,401,DRILL,exact_key,1.0
1613,RUSSELL COUNTY,402,402 - SWORDS CREEK,402,SWORDS CREEK,exact_key,1.0
1614,RUSSELL COUNTY,403,403 - HONAKER,403,HONAKER,exact_key,1.0
1615,RUSSELL COUNTY,501,501 - WEST LEBANON,501,WEST LEBANON,exact_key,1.0
1616,RUSSELL COUNTY,601,601 - EAST LEBANON,601,EAST LEBANON,exact_key,1.0
1617,RUSSELL COUNTY,602,602 - ELK GARDEN,602,ELK GARDEN,exact_key,1.0
1618,SCOTT COUNTY,101,101 - WEBER CITY,101,WEBER CITY,exact_key,1.0
1619,SCOTT COUNTY,102,102 - YUMA,102,YUMA,exact_key,1.0
1620,SCOTT COUNTY,202,202 - WEBER CITY EAST,202,WEBER CITY EAST,exact_key,1.0
1621,SCOTT COUNTY,203,203 - HILTONS,203,HILTONS,exact_key,1.0
1622,SCOTT COUNTY,204,204 - CLARK'S,204,CLARKE'S,exact_key,1.0
1623,SCOTT COUNTY,301,301 - NICKELSVILLE,301,NICKELSVILLE,exact_key,1.0
1624,SCOTT COUNTY,302,302 - SNOWFLAKE,302,SNOWFLAKE,exact_key,1.0
1625,SCOTT COUNTY,303,303 - TWIN SPRINGS,303,TWINS SPRINGS,exact_key,1.0
1626,SCOTT COUNTY,304,304 - COPPER CREEK,304,COPPER CREEK,exact_key,1.0
1627,SCOTT COUNTY,401,401 - GATE CITY,401,GATE CITY,exact_key,1.0
1628,SCOTT COUNTY,501,501 - DUNGANNON,501,DUNGANNON,exact_key,1.0
1629,SCOTT COUNTY,502,502 - FORT BLACKMORE,502,FORT BLACKMORE,exact_key,1.0
1630,SCOTT COUNTY,503,503 - MANVILLE,503,MANVILLE,exact_key,1.0
1631,SCOTT COUNTY,504,504 - RYE COVE,504,RYE COVE,exact_key,1.0
1632,SCOTT COUNTY,601,601 - CLINCHPORT,601,CLINCHPORT,exact_key,1.0
1633,SCOTT COUNTY,602,602 - DUFFIELD-PATTONSVILLE,602,DUFFIELD-PATTONSVILLE,exact_key,1.0
1634,SCOTT COUNTY,603,603 - FAIRVIEW,603,FAIRVIEW,exact_key,1.0
1635,SHENANDOAH COUNTY,101,101 - ORKNEY SPRINGS,101,ORKNEY SPRINGS,exact_key,1.0
1636,SHENANDOAH COUNTY,103,103 - NEW MARKET,103,NEW MARKET,exact_key,1.0
1637,SHENANDOAH COUNTY,201,201 - CONICVILLE,201,CONICVILLE,exact_key,1.0
1638,SHENANDOAH COUNTY,202,202 - MT JACKSON,202,MOUNT JACKSON,exact_key,1.0
1639,SHENANDOAH COUNTY,302,302 - EDINBURG,302,EDINBURG,exact_key,1.0
1640,SHENANDOAH COUNTY,303,303 - ST LUKE,303,SAINT LUKE,exact_key,1.0
1641,SHENANDOAH COUNTY,304,304 - FORT VALLEY,304,FORT VALLEY,exact_key,1.0
1642,SHENANDOAH COUNTY,401,401 - WOODSTOCK,401,WOODSTOCK NORTH,exact_key,1.0
1643,SHENANDOAH COUNTY,501,501 - CEDAR CREEK,501,CEDAR CREEK,exact_key,1.0
1644,SHENANDOAH COUNTY,503,503 - TOMS BROOK,503,TOMS BROOK,exact_key,1.0
1645,SHENANDOAH COUNTY,504,504 - LEBANON CHURCH,504,LEBANON CHURCH,exact_key,1.0
1646,SHENANDOAH COUNTY,601,601 - STRASBURG,601,STRASBURG WEST,exact_key,1.0
1647,SMYTH COUNTY,101,101 - SALTVILLE,101,SALTVILLE,exact_key,1.0
1648,SMYTH COUNTY,201,201 - SEVEN MILE FORD,201,SEVEN MILE FORD,exact_key,1.0
1649,SMYTH COUNTY,202,202 - RICH VALLEY,202,RICH VALLEY,exact_key,1.0
1650,SMYTH COUNTY,301,301 - CHILHOWIE,301,CHILHOWIE,exact_key,1.0
1651,SMYTH COUNTY,302,302 - ST CLAIR,301,CHILHOWIE,largest_overlap,0.993782
1652,SMYTH COUNTY,401,401 - EAST PARK,401,EAST PARK,exact_key,1.0
1653,SMYTH COUNTY,402,402 - WEST PARK,401,EAST PARK,largest_overlap,0.996938
1654,SMYTH COUNTY,501,501 - ATKINS,501,ATKINS,exact_key,1.0
1655,SMYTH COUNTY,502,502 - WASSONA,502,WASSONA,exact_key,1.0
1656,SMYTH COUNTY,601,601 - ROYAL OAK EAST,601,ROYAL OAK EAST,exact_key,1.0
1657,SMYTH COUNTY,602,602 - ROYAL OAK WEST,602,ROYAL OAK WEST,exact_key,1.0
1658,SMYTH COUNTY,701,701 - ADWOLFE,701,ADWOLFE,exact_key,1.0
1659,SMYTH COUNTY,702,702 - SUGAR GROVE,702,SUGAR GROVE,exact_key,1.0
1660,SMYTH COUNTY,703,703 - KONNAROCK,703,KONNAROCK,exact_key,1.0
1661,SOUTHAMPTON COUNTY,101,101 - BERLIN,101,BERLIN,exact_key,1.0
1662,SOUTHAMPTON COUNTY,102,102 - IVOR,102,IVOR,exact_key,1.0
1663,SOUTHAMPTON COUNTY,201,201 - BOYKINS,201,BOYKINS-BRANCHVILLE,exact_key,1.0
1664,SOUTHAMPTON COUNTY,202,202 - BRANCHVILLE,201,BOYKINS-BRANCHVILLE,largest_overlap,0.677025
1665,SOUTHAMPTON COUNTY,301,301 - CAPRON,301,CAPRON-DREWRYVILLE,exact_key,1.0
1666,SOUTHAMPTON COUNTY,302,302 - SEBRELL,302,SEBRELL,exact_key,1.0
1667,SOUTHAMPTON COUNTY,401,401 - DREWRYVILLE,301,CAPRON-DREWRYVILLE,largest_overlap,0.711118
1668,SOUTHAMPTON COUNTY,501,501 - HUNTERDALE,501,DARDEN MILL,exact_key,1.0
1669,SOUTHAMPTON COUNTY,502,502 - FORKS-OF-THE-RIVER,502,FAIRGROUNDS,exact_key,1.0
1670,SOUTHAMPTON COUNTY,601,601 - COURTLAND,601,COURTLAND,exact_key,1.0
1671,SOUTHAMPTON COUNTY,602,602 - SEDLEY,602,SEDLEY,exact_key,1.0
1672,SOUTHAMPTON COUNTY,701,701 - BLACKWATER RIVER,701,BLACKWATER RIVER,exact_key,1.0
1673,SOUTHAMPTON COUNTY,702,702 - NEWSOMS,702,NEWSOMS,exact_key,1.0
1674,SPOTSYLVANIA COUNTY,101,101 - PARTLOW,101,PARTLOW RURITAN (101),exact_key,1.0
1675,SPOTSYLVANIA COUNTY,102,102 - BLAYDES CORNER,102,BERKELEY (102),exact_key,1.0
1676,SPOTSYLVANIA COUNTY,103,103 - TRAVELERS REST,103,JOHN J. WRIGHT (103),exact_key,1.0
1677,SPOTSYLVANIA COUNTY,104,104 - MASSAPONAX,104,MASSAPONAX HIGH (104),exact_key,1.0
1678,SPOTSYLVANIA COUNTY,201,201 - WILDERNESS SCHOOL,201,WILDERNESS ELEMENTARY (201),exact_key,1.0
1679,SPOTSYLVANIA COUNTY,202,202 - WILDERNESS FIRE,202,FIRE RESCUE 7 (202),exact_key,1.0
1680,SPOTSYLVANIA COUNTY,203,203 - NI RIVER / ELYS FORD,203,NI RIVER MIDDLE (203),exact_key,1.0
1681,SPOTSYLVANIA COUNTY,204,204 - CHANCELLOR,204,CHANCELLOR ELEMENTARY (204),exact_key,1.0
1682,SPOTSYLVANIA COUNTY,301,301 - PLANK ROAD,301,SALEM ELEMENTARY (301),exact_key,1.0
1683,SPOTSYLVANIA COUNTY,302,302 - HAZEL RUN,302,SALEM LIBRARY (302),exact_key,1.0
1684,SPOTSYLVANIA COUNTY,303,303 - RIVERBEND,303,RIVERBEND HIGH (303),exact_key,1.0
1685,SPOTSYLVANIA COUNTY,401,401 - SUMMIT,401,COSNER PARK (401),exact_key,1.0
1686,SPOTSYLVANIA COUNTY,402,402 - PARKSIDE,402,GERMANNA CAMPUS (402),exact_key,1.0
1687,SPOTSYLVANIA COUNTY,403,403 - LEE HILL,403,LEE HILL ELEMENTARY (403),exact_key,1.0
1688,SPOTSYLVANIA COUNTY,501,501 - BELMONT,501,BELMONT RURITAN (501),exact_key,1.0
1689,SPOTSYLVANIA COUNTY,502,502 - BROKENBURG,502,FIRE RESCUE 2 (502),exact_key,1.0
1690,SPOTSYLVANIA COUNTY,503,503 - POST OAK,503,SPOTSYLVANIA HIGH (503),exact_key,1.0
1691,SPOTSYLVANIA COUNTY,504,504 - COURTHOUSE,504,PUBLIC SAFETY (504),exact_key,1.0
1692,SPOTSYLVANIA COUNTY,505,505 - BROCK,505,BROCK ROAD ELEMENTARY (505),exact_key,1.0
1693,SPOTSYLVANIA COUNTY,601,601 - SALEM,601,BATTLEFIELD ELEMENTARY (601),exact_key,1.0
1694,SPOTSYLVANIA COUNTY,602,602 - SMITH STATION,602,SMITH STATION ELEMENTARY (602),exact_key,1.0
1695,SPOTSYLVANIA COUNTY,603,603 - PIEDMONT,603,CHANCELLOR HIGH (603),exact_key,1.0
1696,SPOTSYLVANIA COUNTY,701,701 - BATTLEFIELD,701,SPOTSWOOD ELEMENTARY (701),exact_key,1.0
1697,SPOTSYLVANIA COUNTY,702,702 - BRENTS MILL,702,EASTLAND CHURCH (702),exact_key,1.0
1698,SPOTSYLVANIA COUNTY,703,703 - FAIRVIEW,703,LEE'S PARKE (703),exact_key,1.0
1699,SPOTSYLVANIA COUNTY,704,704 - GAYLE,704,COURTLAND ELEMENTARY (704),exact_key,1.0
1700,STAFFORD COUNTY,101,101 - HARTWOOD,101,HARTWOOD,exact_key,1.0
1701,STAFFORD COUNTY,102,102 - ROCKY RUN,102,SIMPSON,exact_key,1.0
1702,STAFFORD COUNTY,103,103 - SIMPSON,103,COLLEGE,exact_key,1.0
1703,STAFFORD COUNTY,104,104 - COLLEGE,104,WESTLAKE,exact_key,1.0
1704,STAFFORD COUNTY,201,201 - ROCK HILL,201,ROCK HILL,exact_key,1.0
1705,STAFFORD COUNTY,202,202 - ROSEVILLE,202,ROSEVILLE,exact_key,1.0
1706,STAFFORD COUNTY,203,203 - RUBY,203,RUBY,exact_key,1.0
1707,STAFFORD COUNTY,204,204 - STEFANIGA,204,STEFANIGA,exact_key,1.0
1708,STAFFORD COUNTY,301,301 - GRIFFIS,301,STAFFORDBORO,exact_key,1.0
1709,STAFFORD COUNTY,302,302 - WIDEWATER,302,WIDEWATER,exact_key,1.0
1710,STAFFORD COUNTY,303,303 - HARBOUR,303,BARRETT HEIGHTS,exact_key,1.0
1711,STAFFORD COUNTY,304,304 - BARRETT,304,AQUIA EPISCOPAL,exact_key,1.0
1712,STAFFORD COUNTY,401,401 - AQUIA,401,COURTHOUSE,exact_key,1.0
1713,STAFFORD COUNTY,402,402 - COURTHOUSE,402,BROOKE,exact_key,1.0
1714,STAFFORD COUNTY,403,403 - BROOKE,403,HARBOUR,exact_key,1.0
1715,STAFFORD COUNTY,404,404 - GOVERNMENT ISLAND,404,GOVERNMENT ISLAND,exact_key,1.0
1716,STAFFORD COUNTY,501,501 - GRAFTON,501,GRAFTON,exact_key,1.0
1717,STAFFORD COUNTY,502,502 - FALMOUTH,502,FALMOUTH,exact_key,1.0
1718,STAFFORD COUNTY,503,503 - DREW,503,DREW,exact_key,1.0
1719,STAFFORD COUNTY,504,504 - GAYLE,504,GAYLE,exact_key,1.0
1720,STAFFORD COUNTY,601,601 - FERRY FARM,601,FERRY FARM,exact_key,1.0
1721,STAFFORD COUNTY,602,602 - CHATHAM,602,CHATHAM,exact_key,1.0
1722,STAFFORD COUNTY,603,603 - WHITE OAK,603,WHITE OAK,exact_key,1.0
1723,STAFFORD COUNTY,604,604 - ENGLAND RUN,604,ENGLAND RUN,exact_key,1.0
1724,STAFFORD COUNTY,701,701 - WOODLANDS,701,PARK RIDGE,exact_key,1.0
1725,STAFFORD COUNTY,702,702 - WHITSON,702,WHITSON,exact_key,1.0
1726,STAFFORD COUNTY,703,703 - HAMPTON,703,HAMPTON,exact_key,1.0
1727,SURRY COUNTY,101,101 - SURRY,101,SURRY,exact_key,1.0
1728,SURRY COUNTY,201,201 - BACONS CASTLE,201,BACONS CASTLE,exact_key,1.0
1729,SURRY COUNTY,301,301 - DENDRON,301,DENDRON,exact_key,1.0
1730,SURRY COUNTY,302,302 - WALLS BRIDGE,301,DENDRON,largest_overlap,0.999959
1731,SURRY COUNTY,401,401 - CARSLEY,401,CARSLEY,exact_key,1.0
1732,SURRY COUNTY,501,501 - CLAREMONT,501,CLAREMONT,exact_key,1.0
1733,SURRY COUNTY,502,502 - SPRING GROVE,502,SPRING GROVE,exact_key,1.0
1734,SUSSEX COUNTY,101,101 - WAVERLY,101,WAVERLY,exact_key,1.0
1735,SUSSEX COUNTY,201,201 - STONY CREEK,201,STONY CREEK,exact_key,1.0
1736,SUSSEX COUNTY,202,202 - LITTLE MILL,501,HENRY,largest_overlap,0.838255
1737,SUSSEX COUNTY,301,301 - COURTHOUSE,301,COURTHOUSE,exact_key,1.0
1738,SUSSEX COUNTY,302,302 - WAKEFIELD,302,NEWVILLE ONE,exact_key,1.0
1739,SUSSEX COUNTY,401,401 - MARS HILL,401,WAKEFIELD FIREHOUSE,exact_key,1.0
1740,SUSSEX COUNTY,402,402 - WEST WAKEFIELD,702,NEWVILLE TWO,largest_overlap,0.932002
1741,SUSSEX COUNTY,501,501 - HENRY,501,HENRY,exact_key,1.0
1742,SUSSEX COUNTY,502,502 - YALE,701,YALE,largest_overlap,0.946251
1743,SUSSEX COUNTY,601,601 - BLACKWATER,601,BLACKWATER,exact_key,1.0
1744,SUSSEX COUNTY,602,602 - NEWVILLE,602,WAKEFIELD,exact_key,1.0
1745,TAZEWELL COUNTY,101,101 - INDIAN VALLEY,101,INDIAN VALLEY PRECINCT,exact_key,1.0
1746,TAZEWELL COUNTY,102,102 - TIP TOP,102,TIP TOP PRECINCT,exact_key,1.0
1747,TAZEWELL COUNTY,103,103 - MUNDY TOWN,103,MUNDY TOWN PRECINCT,exact_key,1.0
1748,TAZEWELL COUNTY,104,104 - FALLS MILLS,104,FALLS MILLS PRECINCT,exact_key,1.0
1749,TAZEWELL COUNTY,106,106 - POCAHONTAS,106,POCAHONTAS PRECINCT,exact_key,1.0
1750,TAZEWELL COUNTY,107,107 - AMONATE,109,BISHOP PRECINCT,largest_overlap,0.58067
1751,TAZEWELL COUNTY,109,109 - BISHOP,109,BISHOP PRECINCT,exact_key,1.0
1752,TAZEWELL COUNTY,112,112 - BANDY,112,BANDY PRECINCT,exact_key,1.0
1753,TAZEWELL COUNTY,203,203 - BURKES GARDEN,203,BURKES GARDEN PRECINCT,exact_key,1.0
1754,TAZEWELL COUNTY,204,204 - CLEAR FORK,204,CLEAR FORK PRECINCT,exact_key,1.0
1755,TAZEWELL COUNTY,207,207 - FREESTONE,207,FREESTONE PRECINCT,exact_key,1.0
1756,TAZEWELL COUNTY,209,209 - JEFFERSONVILLE,209,JEFFERSONVILLE PRECINCT,exact_key,1.0
1757,TAZEWELL COUNTY,214,214 - THOMPSON VALLEY,214,THOMPSON VALLEY PRECINCT,exact_key,1.0
1758,TAZEWELL COUNTY,301,301 - CEDAR BLUFF,301,CEDAR BLUFF PRECINCT,exact_key,1.0
1759,TAZEWELL COUNTY,302,302 - BAPTIST VALLEY,302,BAPTIST VALLEY PRECINCT,exact_key,1.0
1760,TAZEWELL COUNTY,303,303 - PAINT LICK,303,PAINT LICK PRECINCT,exact_key,1.0
1761,TAZEWELL COUNTY,401,401 - RICHLANDS,401,RICHLANDS PRECINCT,exact_key,1.0
1762,TAZEWELL COUNTY,402,402 - JEWELL RIDGE,402,JEWELL RIDGE PRECINCT,exact_key,1.0
1763,TAZEWELL COUNTY,501,501 - SPRINGVILLE,501,SPRINGVILE PRECINCT,exact_key,1.0
1764,TAZEWELL COUNTY,502,502 - GRAHAM,502,GRAHAM PRECINCT,exact_key,1.0
1765,WARREN COUNTY,101,101 - FORK TOWN,101,101 - FORK TOWN,exact_key,1.0
1766,WARREN COUNTY,102,102 - OTTERBURN,102,102 - OTTERBURN,exact_key,1.0
1767,WARREN COUNTY,201,201 - HAPPY CREEK,201,201 - HAPPY CREEK,exact_key,1.0
1768,WARREN COUNTY,202,202 - LINDEN,202,202 - LINDEN,exact_key,1.0
1769,WARREN COUNTY,301,301 - NORTH RIVER,301,301 - NORTH RIVER,exact_key,1.0
1770,WARREN COUNTY,302,302 - RIVERTON,302,302 - RIVERTON,exact_key,1.0
1771,WARREN COUNTY,401,401 - EAST SHENANDOAH,401,401 - EAST SHENANDOAH,exact_key,1.0
1772,WARREN COUNTY,402,402 - TOWN - WEST SHENANDOAH,402,402 - TOWN - WEST SHENANDOAH,exact_key,1.0
1773,WARREN COUNTY,501,501 - SOUTH RIVER,501,501 - SOUTH RIVER,exact_key,1.0
1774,WARREN COUNTY,502,502 - BENTONVILLE,502,502 - BENTONVILLE,exact_key,1.0
1775,WARREN COUNTY,504,504 - BROWNTOWN,504,504 - BROWNTOWN,exact_key,1.0
1776,WASHINGTON COUNTY,101,101 - EAST ABINGDON,101,EAST ABINGDON,exact_key,1.0
1777,WASHINGTON COUNTY,102,102 - WEST ABINGDON,102,WEST ABINGDON,exact_key,1.0
1778,WASHINGTON COUNTY,201,201 - CLINCHBURG,201,CLINCHBURG,exact_key,1.0
1779,WASHINGTON COUNTY,202,202 - GREENDALE,202,GREENDALE,exact_key,1.0
1780,WASHINGTON COUNTY,203,203 - HAYTERS GAP,203,HAYTERS GAP,exact_key,1.0
1781,WASHINGTON COUNTY,204,204 - 204 WOODLAND HILLS,204,WOODLAND HILLS,exact_key,1.0
1782,WASHINGTON COUNTY,301,301 - WATAUGA,301,WATAUGA,exact_key,1.0
1783,WASHINGTON COUNTY,302,302 - SOUTH ABINGDON,302,SOUTH ABINGDON,exact_key,1.0
1784,WASHINGTON COUNTY,401,401 - GLADE SPRING,401,GLADE SPRING,exact_key,1.0
1785,WASHINGTON COUNTY,402,402 - MEADOWVIEW,402,MEADOWVIEW,exact_key,1.0
1786,WASHINGTON COUNTY,501,501 - RHEA VALLEY,501,RHEA VALLEY,exact_key,1.0
1787,WASHINGTON COUNTY,502,502 - DAMASCUS,502,DAMASCUS,exact_key,1.0
1788,WASHINGTON COUNTY,504,504 - GREEN COVE,504,GREEN COVE,exact_key,1.0
1789,WASHINGTON COUNTY,601,601 - BURSON PLACE,601,BURSON PLACE,exact_key,1.0
1790,WASHINGTON COUNTY,602,602 - MENDOTA,602,MENDOTA,exact_key,1.0
1791,WASHINGTON COUNTY,603,603 - VALLEY INSTITUTE,603,VALLEY INSTITUTE,exact_key,1.0
1792,WASHINGTON COUNTY,701,701 - HIGH POINT,701,HIGH POINT,exact_key,1.0
1793,WASHINGTON COUNTY,7021,7021 - VTD 007021,702,WALLACE,largest_overlap,0.997151
1794,WASHINGTON COUNTY,7022,7022 - VTD 007022,702,WALLACE,largest_overlap,0.587217
1795,WASHINGTON COUNTY,703,703 - JOHN BATTLE,703,JOHN BATTLE,exact_key,1.0
1796,WESTMORELAND COUNTY,101,101 - PRECINCT 1-1,101,PRECINCT 1-1,exact_key,1.0
1797,WESTMORELAND COUNTY,102,102 - PRECINCT 1-2,102,PRECINCT 1-2,exact_key,1.0
1798,WESTMORELAND COUNTY,201,201 - PRECINCT 2-1,201,PRECINCT 2-1,exact_key,1.0
1799,WESTMORELAND COUNTY,202,202 - PRECINCT 2-2,202,PRECINCT 2-2,exact_key,1.0
1800,WESTMORELAND COUNTY,301,301 - PRECINCT 3-1,301,PRECINCT 3-1,exact_key,1.0
1801,WESTMORELAND COUNTY,302,302 - PRECINCT 3-2,302,PRECINCT 3-2,exact_key,1.0
1802,WESTMORELAND COUNTY,401,401 - PRECINCT 4-1,401,PRECINCT 4-1,exact_key,1.0
1803,WESTMORELAND COUNTY,501,501 - PRECINCT 5-1,501,PRECINCT 5-1,exact_key,1.0
1804,WISE COUNTY,101,101 - APPALACHIA,101,APPALACHIA,exact_key,1.0
1805,WISE COUNTY,102,102 - DORCHESTER,102,DORCHESTER,exact_key,1.0
1806,WISE COUNTY,103,103 - GUEST RIVER VOTING PLACE,103,GUEST RIVER,exact_key,1.0
1807,WISE COUNTY,104,104 - WEST POUND,104,WEST POUND,exact_key,1.0
1808,WISE COUNTY,201,201 - NORTH COEBURN,201,NORTH COEBURN,exact_key,1.0
1809,WISE COUNTY,202,202 - WISE,202,WISE,exact_key,1.0
1810,WISE COUNTY,203,203 - EAST POUND,203,EAST POUND,exact_key,1.0
1811,WISE COUNTY,301,301 - BIG STONE GAP,301,BIG STONE GAP,exact_key,1.0
1812,WISE COUNTY,302,302 - EAST STONE GAP,302,EAST STONE GAP,exact_key,1.0
1813,WISE COUNTY,401,401 - CLINCH VALLEY,401,CLINCH VALLEY,exact_key,1.0
1814,WISE COUNTY,402,402 - SOUTH COEBURN,402,SOUTH COEBURN,exact_key,1.0
1815,WISE COUNTY,403,403 - ST PAUL,403,ST. PAUL,exact_key,1.0
1816,WYTHE COUNTY,101,101 - ROYAL OAK,101,ROYAL OAK,exact_key,1.0
1817,WYTHE COUNTY,102,102 - RURAL RETREAT,102,RURAL RETREAT,exact_key,1.0
1818,WYTHE COUNTY,203,203 - WEST WYTHEVILLE,203,WEST WYTHEVILLE,exact_key,1.0
1819,WYTHE COUNTY,303,303 - EAST WYTHEVILLE,303,EAST WYTHEVILLE,exact_key,1.0
1820,WYTHE COUNTY,401,401 - FORT CHISWELL,401,FORT CHISWELL,exact_key,1.0
1821,WYTHE COUNTY,402,402 - MAX MEADOWS,402,MAX MEADOWS,exact_key,1.0
1822,WYTHE COUNTY,501,501 - JACKSON MEMORIAL,501,JACKSON MEMORIAL,exact_key,1.0
1823,WYTHE COUNTY,502,502 - SHEFFEY,502,SHEFFEY,exact_key,1.0
1824,WYTHE COUNTY,601,601 - HUDDLE,601,HUDDLE,exact_key,1.0
1825,WYTHE COUNTY,602,602 - ZION,602,ZION,exact_key,1.0
1826,WYTHE COUNTY,603,603 - 603 EVERGREEN,603,EVERGREEN,exact_key,1.0
1827,YORK COUNTY,101,101 - QUEENS LAKE,101,QUEENS LAKE,exact_key,1.0
1828,YORK COUNTY,102,102 - WALLER MILL,102,WALLER MILL,exact_key,1.0
1829,YORK COUNTY,103,103 - MAGRUDER,103,MAGRUDER,exact_key,1.0
1830,YORK COUNTY,201,201 - COVENTRY,201,COVENTRY,exact_key,1.0
1831,YORK COUNTY,202,202 - KILN CREEK,202,KILN CREEK,exact_key,1.0
1832,YORK COUNTY,301,301 - SEAFORD,301,SEAFORD,exact_key,1.0
1833,YORK COUNTY,302,302 - YORKTOWN,302,YORKTOWN,exact_key,1.0
1834,YORK COUNTY,303,303 - EDGEHILL,303,EDGEHILL,exact_key,1.0
1835,YORK COUNTY,401,401 - HARWOODS MILL,401,HARWOODS MILL,exact_key,1.0
1836,YORK COUNTY,402,402 - DARE,402,DARE,exact_key,1.0
1837,YORK COUNTY,403,403 - GRAFTON,403,GRAFTON,exact_key,1.0
1838,YORK COUNTY,501,501 - TABB,501,TABB,exact_key,1.0
1839,YORK COUNTY,502,502 - BETHEL,502,BETHEL,exact_key,1.0
1840,ALEXANDRIA CITY,101,101 - LADREY SENIOR BUILDING,101,OLD TOWN NORTH PRECINCT,exact_key,1.0
1841,ALEXANDRIA CITY,102,102 - CITY HALL,102,CITY HALL PRECINCT,exact_key,1.0
1842,ALEXANDRIA CITY,103,103 - LYLES CROUCH SCHOOL,103,LYLES CROUCH SCHOOL PRECINCT,exact_key,1.0
1843,ALEXANDRIA CITY,104,104 - DURANT CENTER,104,DURANT CENTER PRECINCT,exact_key,1.0
1844,ALEXANDRIA CITY,105,105 - LEE CENTER,105,LEE CENTER PRECINCT,exact_key,1.0
1845,ALEXANDRIA CITY,106,106 - CORA KELLY,106,CORA KELLY CENTER PRECINCT,exact_key,1.0
1846,ALEXANDRIA CITY,107,107 - MT VERNON RECREATION CENTER,107,MOUNT VERNON RECREATION CENTER PRECINCT,exact_key,1.0
1847,ALEXANDRIA CITY,108,108 - GEORGE WASHINGTON MIDDLE SCH,108,GEORGE WASHINGTON MIDDLE SCHOOL PRECINCT,exact_key,1.0
1848,ALEXANDRIA CITY,109,109 - FIRE DEPARTMENT HEADQUARTERS,109,FIRE DEPARTMENT HEADQUARTERS PRECINCT,exact_key,1.0
1849,ALEXANDRIA CITY,110,110 - CHARLES HOUSTON CENTER,110,CHARLES HOUSTON CENTER PRECINCT,exact_key,1.0
1850,ALEXANDRIA CITY,111,111 - POTOMAC YARD,111,POTOMAC YARD PRECINCT,exact_key,1.0
1851,ALEXANDRIA CITY,112,112 - ALEX RENEW,211,ALEX RENEW PRECINCT,largest_overlap,1.0
1852,ALEXANDRIA CITY,201,201 - MAURY SCHOOL,201,NAOMI L. BROOKS SCHOOL PRECINCT,exact_key,1.0
1853,ALEXANDRIA CITY,202,202 - GEORGE MASON SCHOOL,202,GEORGE MASON SCHOOL PRECINCT,exact_key,1.0
1854,ALEXANDRIA CITY,203,203 - AGUDAS ACHIM SYNAGOGUE,203,CHARLES BARRETT PRECINCT,exact_key,1.0
1855,ALEXANDRIA CITY,204,204 - BLESSED SACRAMENT CHURCH,204,BLESSED SACRAMENT CHURCH PRECINCT,exact_key,1.0
1856,ALEXANDRIA CITY,205,205 - DOUGLAS MACARTHUR SCHOOL,205,DOUGLAS MACARTHUR SCHOOL PRECINCT,exact_key,1.0
1857,ALEXANDRIA CITY,206,206 - CHINQUAPIN PARK RECREATION CTR,206,ALEXANDRIA CITY HIGH SCHOOL PRECINCT,exact_key,1.0
1858,ALEXANDRIA CITY,207,207 - TEMPLE BETH EL SYNAGOGUE,207,TEMPLE BETH EL SYNAGOGUE PRECINCT,exact_key,1.0
1859,ALEXANDRIA CITY,208,208 - NOVA ARTS CENTER,208,NOVA ARTS CENTER PRECINCT,exact_key,1.0
1860,ALEXANDRIA CITY,209,209 - JAMES K POLK SCHOOL,209,JAMES K POLK SCHOOL PRECINCT,exact_key,1.0
1861,ALEXANDRIA CITY,210,210 - ST JAMES CHURCH,210,F. T. DAY SCHOOL PRECINCT,exact_key,1.0
1862,ALEXANDRIA CITY,302,302 - PATRICK HENRY REC CENTER,302,PATRICK HENRY REC CENTER PRECINCT,exact_key,1.0
1863,ALEXANDRIA CITY,303,303 - CHARLES E BEATLEY LIBRARY,303,CHARLES E BEATLEY LIBRARY PRECINCT,exact_key,1.0
1864,ALEXANDRIA CITY,304,304 - SAMUEL TUCKER SCHOOL,304,SAMUEL TUCKER SCHOOL PRECINCT,exact_key,1.0
1865,ALEXANDRIA CITY,305,305 - JOHN ADAMS SCHOOL,305,JOHN ADAMS SCHOOL PRECINCT,exact_key,1.0
1866,ALEXANDRIA CITY,306,306 - WILLIAM RAMSAY SCHOOL,306,WILLIAM RAMSAY PRECINCT,exact_key,1.0
1867,ALEXANDRIA CITY,307,307 - SOUTH PORT,307,TUCKER WEST PRECINCT,exact_key,1.0
1868,ALEXANDRIA CITY,308,308 - CAMERON STATION COMMUNITY CTR,308,CAMERON STATION COMMUNITY CENTER PRECINCT,exact_key,1.0
1869,ALEXANDRIA CITY,309,309 - OLYMPUS CONDO,309,OLYMPUS CONDO PRECINCT,exact_key,1.0
1870,BRISTOL CITY,1,1 - FIRST WARD,1,001 - FIRST PRECINCT,exact_key,1.0
1871,BRISTOL CITY,2,2 - SECOND WARD,2,002 - SECOND PRECINCT,exact_key,1.0
1872,BRISTOL CITY,3,3 - THIRD WARD,3,003 - THIRD PRECINCT,exact_key,1.0
1873,BRISTOL CITY,41,41 - VTD 000041,5,005 - FIFTH PRECINCT,largest_overlap,0.608939
1874,BRISTOL CITY,42,42 - VTD 000042,5,005 - FIFTH PRECINCT,largest_overlap,0.975542
1875,BUENA VISTA CITY,1,1 - FIRST WARD,1,FIRST WARD,exact_key,1.0
1876,BUENA VISTA CITY,2,2 - SECOND WARD,2,SECOND WARD,exact_key,1.0
1877,CHARLOTTESVILLE CITY,101,101 - RECREATION,101,KEY REC.,exact_key,1.0
1878,CHARLOTTESVILLE CITY,102,102 - CLARK,102,CLARK,exact_key,1.0
1879,CHARLOTTESVILLE CITY,201,201 - CARVER,201,CARVER,exact_key,1.0
1880,CHARLOTTESVILLE CITY,202,202 - WALKER,202,VENABLE,exact_key,1.0
1881,CHARLOTTESVILLE CITY,301,301 - BENJAMIN TONSLER,301,JACKSON-VIA,exact_key,1.0
1882,CHARLOTTESVILLE CITY,302,302 - JOHNSON,302,JOHNSON,exact_key,1.0
1883,CHARLOTTESVILLE CITY,303,303 - BUFORD,303,BUFORD,exact_key,1.0
1884,CHARLOTTESVILLE CITY,401,401 - VENABLE,401,CHS,exact_key,1.0
1885,CHARLOTTESVILLE CITY,402,402 - ALUMNI HALL,402,WALKER,exact_key,1.0
1886,CHESAPEAKE CITY,1,1 - GREAT BRIDGE,1,GREAT BRIDGE PRECINCT,exact_key,1.0
1887,CHESAPEAKE CITY,10,10 - OSCAR SMITH,10,OSCAR SMITH PRECINCT,exact_key,1.0
1888,CHESAPEAKE CITY,11,11 - GENEVA PARK,11,GENEVA PARK PRECINCT,exact_key,1.0
1889,CHESAPEAKE CITY,12,12 - GEORGETOWN,12,GEORGETOWN PRECINCT,exact_key,1.0
1890,CHESAPEAKE CITY,13,13 - GILMERTON,13,GILMERTON PRECINCT,exact_key,1.0
1891,CHESAPEAKE CITY,14,14 - GRASSFIELD,14,GRASSFIELD PRECINCT,exact_key,1.0
1892,CHESAPEAKE CITY,15,15 - B M WILLIAMS,15,GREENBRIER MIDDLE SCHOOL PRECINCT,exact_key,1.0
1893,CHESAPEAKE CITY,16,16 - HICKORY GROVE,16,HICKORY GROVE PRECINCT,exact_key,1.0
1894,CHESAPEAKE CITY,17,17 - INDIAN CREEK,17,INDIAN CREEK PRECINCT,exact_key,1.0
1895,CHESAPEAKE CITY,18,18 - INDIAN RIVER,18,INDIAN RIVER PRECINCT,exact_key,1.0
1896,CHESAPEAKE CITY,19,19 - JOLLIFF,19,JOLLIFF PRECINCT,exact_key,1.0
1897,CHESAPEAKE CITY,2,2 - BETHEL,2,BETHEL PRECINCT,exact_key,1.0
1898,CHESAPEAKE CITY,20,20 - E W CHITTUM,20,E. W. CHITTUM PRECINCT,exact_key,1.0
1899,CHESAPEAKE CITY,21,21 - FELLOWSHIP,21,FELLOWSHIP PRECINCT,exact_key,1.0
1900,CHESAPEAKE CITY,22,22 - NORFOLK HIGHLANDS,22,NORFOLK HIGHLANDS PRECINCT,exact_key,1.0
1901,CHESAPEAKE CITY,23,23 - OAK GROVE,23,OAK GROVE PRECINCT,exact_key,1.0
1902,CHESAPEAKE CITY,24,24 - OAKLETTE,24,OAKLETTE PRECINCT,exact_key,1.0
1903,CHESAPEAKE CITY,25,25 - ST JULIANS,25,ST. JULIANS PRECINCT,exact_key,1.0
1904,CHESAPEAKE CITY,26,26 - JOHNSON PARK,26,JOHNSON PARK PRECINCT,exact_key,1.0
1905,CHESAPEAKE CITY,27,27 - SILVERWOOD,27,SILVERWOOD PRECINCT,exact_key,1.0
1906,CHESAPEAKE CITY,28,28 - SUNRAY I,28,SUNRAY I PRECINCT,exact_key,1.0
1907,CHESAPEAKE CITY,29,29 - TANGLEWOOD,29,TANGLEWOOD PRECINCT,exact_key,1.0
1908,CHESAPEAKE CITY,3,3 - CAMELOT,3,CAMELOT PRECINCT,exact_key,1.0
1909,CHESAPEAKE CITY,30,30 - SOUTH NORFOLK,30,SOUTH NORFOLK PRECINCT,exact_key,1.0
1910,CHESAPEAKE CITY,31,31 - CARVER SCHOOL,31,CARVER SCHOOL PRECINCT,exact_key,1.0
1911,CHESAPEAKE CITY,32,32 - PROVIDENCE,32,PROVIDENCE PRECINCT,exact_key,1.0
1912,CHESAPEAKE CITY,33,33 - WESTOVER,33,WESTOVER PRECINCT,exact_key,1.0
1913,CHESAPEAKE CITY,34,34 - HICKORY MIDDLE SCHOOL,34,HICKORY MIDDLE SCHOOL PRECINCT,exact_key,1.0
1914,CHESAPEAKE CITY,35,35 - TAYLOR ROAD,35,TAYLOR ROAD PRECINCT,exact_key,1.0
1915,CHESAPEAKE CITY,36,36 - GREAT BRIDGE BAPTIST CHURCH,36,GREAT BRIDGE BAPTIST CHURCH PRECINCT,exact_key,1.0
1916,CHESAPEAKE CITY,37,37 - BRIDGETOWN,37,BRIDGETOWN PRECINCT,exact_key,1.0
1917,CHESAPEAKE CITY,38,38 - BAILEY CREEK,38,BAILEY CREEK PRECINCT,exact_key,1.0
1918,CHESAPEAKE CITY,39,39 - LAKE DRUMMOND,39,LAKE DRUMMOND PRECINCT,exact_key,1.0
1919,CHESAPEAKE CITY,4,4 - CHURCHLAND,4,CHURCHLAND PRECINCT,exact_key,1.0
1920,CHESAPEAKE CITY,41,41 - JOHN T WEST,41,JOHN T. WEST PRECINCT,exact_key,1.0
1921,CHESAPEAKE CITY,42,42 - PARKWAYS,42,PARKWAYS PRECINCT,exact_key,1.0
1922,CHESAPEAKE CITY,43,43 - PLEASANT CROSSING,43,PLEASANT CROSSING PRECINCT,exact_key,1.0
1923,CHESAPEAKE CITY,44,44 - NANSEMOND,44,NANSEMOND PRECINCT,exact_key,1.0
1924,CHESAPEAKE CITY,45,45 - SUNRAY II,45,SUNRAY II PRECINCT,exact_key,1.0
1925,CHESAPEAKE CITY,46,46 - BELLS MILL II,46,BELLS MILL II PRECINCT,exact_key,1.0
1926,CHESAPEAKE CITY,48,48 - JOLLIFF MIDDLE SCHOOL,48,JOLLIFF MIDDLE SCHOOL PRECINCT,exact_key,1.0
1927,CHESAPEAKE CITY,49,49 - WATERWAY,49,WATERWAY PRECINCT,exact_key,1.0
1928,CHESAPEAKE CITY,5,5 - CRESTWOOD,5,CRESTWOOD PRECINCT,exact_key,1.0
1929,CHESAPEAKE CITY,50,50 - RIVER WALK,50,RIVER WALK PRECINCT,exact_key,1.0
1930,CHESAPEAKE CITY,51,51 - COOPERS WAY,51,COOPER'S WAY PRECINCT,exact_key,1.0
1931,CHESAPEAKE CITY,52,52 - SHIPYARD ROAD,52,SHIPYARD ROAD PRECINCT,exact_key,1.0
1932,CHESAPEAKE CITY,53,53 - FAIRWAYS,53,FAIRWAYS PRECINCT,exact_key,1.0
1933,CHESAPEAKE CITY,54,54 - PUGHSVILLE,54,PUGHSVILLE PRECINCT,exact_key,1.0
1934,CHESAPEAKE CITY,55,55 - GEORGETOWN EAST,55,GEORGETOWN EAST PRECINCT,exact_key,1.0
1935,CHESAPEAKE CITY,56,56 - GREEN TREE,56,GREEN TREE PRECINCT,exact_key,1.0
1936,CHESAPEAKE CITY,57,57 - CYPRESS,57,CYPRESS PRECINCT,exact_key,1.0
1937,CHESAPEAKE CITY,58,58 - EXPRESSWAY,58,EXPRESSWAY PRECINCT,exact_key,1.0
1938,CHESAPEAKE CITY,59,59 - CLEARFIELD,59,CLEARFIELD PRECINCT,exact_key,1.0
1939,CHESAPEAKE CITY,6,6 - DEEP CREEK,6,DEEP CREEK PRECINCT,exact_key,1.0
1940,CHESAPEAKE CITY,60,60 - PARKER ROAD,60,PARKER RD PRECINCT,exact_key,1.0
1941,CHESAPEAKE CITY,61,61 - CENTERVILLE,61,CENTERVILLE PRECINCT,exact_key,1.0
1942,CHESAPEAKE CITY,62,62 - FENTRESS,62,FENTRESS PRECINCT,exact_key,1.0
1943,CHESAPEAKE CITY,63,63 - POPLAR BRANCH,63,POPLAR BRANCH PRECINCT,exact_key,1.0
1944,CHESAPEAKE CITY,64,064 - DEEP CREEK II,64,DEEP CREEK II PRECINCT,exact_key,1.0
1945,CHESAPEAKE CITY,65,065 - WATERWAY II,65,WATERWAY II PRECINCT,exact_key,1.0
1946,CHESAPEAKE CITY,7,7 - GREENBRIER,7,GREENBRIER PRECINCT,exact_key,1.0
1947,CHESAPEAKE CITY,8,8 - SOUTH NORFOLK RECREATION,8,SOUTH NORFOLK REC PRECINCT,exact_key,1.0
1948,CHESAPEAKE CITY,9,9 - BELLS MILL,9,BELLS MILL PRECINCT,exact_key,1.0
1949,COLONIAL HEIGHTS CITY,1,1 - FIRST,1,FIRST,exact_key,1.0
1950,COLONIAL HEIGHTS CITY,2,2 - SECOND,2,SECOND,exact_key,1.0
1951,COLONIAL HEIGHTS CITY,3,3 - THIRD,3,THIRD,exact_key,1.0
1952,COLONIAL HEIGHTS CITY,4,4 - FOURTH,4,FOURTH,exact_key,1.0
1953,COLONIAL HEIGHTS CITY,5,5 - FIFTH,5,FIFTH,exact_key,1.0
1954,COVINGTON CITY,101,101 - PRECINCT 1-1,101,PRECINCT 1-1,exact_key,1.0
1955,COVINGTON CITY,201,201 - PRECINCT 2-1,201,PRECINCT 2-1,exact_key,1.0
1956,COVINGTON CITY,301,301 - PRECINCT 3-1,301,PRECINCT 3-1,exact_key,1.0
1957,COVINGTON CITY,401,401 - PRECINCT 4-1,401,PRECINCT 4-1,exact_key,1.0
1958,COVINGTON CITY,501,501 - PRECINCT 5-1,501,PRECINCT 5-1,exact_key,1.0
1959,DANVILLE CITY,1,1 - WARD ONE,1,WARD ONE,exact_key,1.0
1960,DANVILLE CITY,10,10 - WARD TEN,10,WARD TEN,exact_key,1.0
1961,DANVILLE CITY,11,11 - WARD ELEVEN,11,WARD ELEVEN,exact_key,1.0
1962,DANVILLE CITY,12,12 - WARD TWELVE,12,WARD TWELVE,exact_key,1.0
1963,DANVILLE CITY,13,13 - WARD THIRTEEN,13,WARD THIRTEEN,exact_key,1.0
1964,DANVILLE CITY,14,14 - WARD FOURTEEN,14,WARD FOURTEEN,exact_key,1.0
1965,DANVILLE CITY,15,15 - WARD FIFTEEN,15,WARD FIFTEEN,exact_key,1.0
1966,DANVILLE CITY,16,16 - WARD SIXTEEN,16,WARD SIXTEEN,exact_key,1.0
1967,DANVILLE CITY,17,17 - WARD SEVENTEEN,17,WARD SEVENTEEN,exact_key,1.0
1968,DANVILLE CITY,2,2 - WARD TWO,2,WARD TWO,exact_key,1.0
1969,DANVILLE CITY,3,3 - WARD THREE,3,WARD THREE,exact_key,1.0
1970,DANVILLE CITY,4,4 - WARD FOUR,4,WARD FOUR,exact_key,1.0
1971,DANVILLE CITY,6,6 - WARD SIX,6,WARD SIX,exact_key,1.0
1972,DANVILLE CITY,7,7 - WARD SEVEN,7,WARD SEVEN,exact_key,1.0
1973,DANVILLE CITY,8,8 - WARD EIGHT,8,WARD EIGHT,exact_key,1.0
1974,DANVILLE CITY,9,9 - WARD NINE,9,WARD NINE,exact_key,1.0
1975,EMPORIA CITY,101,101 - PRECINCT 1-1,101,PRECINCT 1-1,exact_key,1.0
1976,EMPORIA CITY,201,201 - PRECINCT 2-1,201,PRECINCT 2-1,exact_key,1.0
1977,EMPORIA CITY,301,301 - PRECINCT 3-1,301,PRECINCT 3-1,exact_key,1.0
1978,EMPORIA CITY,401,401 - PRECINCT 4-1,401,PRECINCT 4-1,exact_key,1.0
1979,EMPORIA CITY,501,501 - PRECINCT 5-1,501,PRECINCT 5-1,exact_key,1.0
1980,EMPORIA CITY,601,601 - DISTRICT 6,601,DISTRICT 6,exact_key,1.0
1981,EMPORIA CITY,701,701 - DISTRICT 7,701,DISTRICT 7,exact_key,1.0
1982,FAIRFAX CITY,1,1 - ONE,1,1,exact_key,1.0
1983,FAIRFAX CITY,2,2 - TWO,2,2,exact_key,1.0
1984,FAIRFAX CITY,3,3 - THREE,3,3,exact_key,1.0
1985,FAIRFAX CITY,4,4 - FOUR,4,4,exact_key,1.0
1986,FAIRFAX CITY,5,5 - FIVE,5,5,exact_key,1.0
1987,FAIRFAX CITY,6,6 - SIX,6,6,exact_key,1.0
1988,FALLS CHURCH CITY,1,1 - FIRST WARD,1,001 - FIRST WARD,exact_key,1.0
1989,FALLS CHURCH CITY,2,2 - SECOND WARD,2,002 - SECOND WARD,exact_key,1.0
1990,FALLS CHURCH CITY,3,3 - THIRD WARD,3,003 - THIRD WARD,exact_key,1.0
1991,FRANKLIN CITY,101,101 - PRECINCT 1-1,101,PRECINCT 1-1,exact_key,1.0
1992,FRANKLIN CITY,201,201 - PRECINCT 2-1,201,PRECINCT 2-1,exact_key,1.0
1993,FRANKLIN CITY,301,301 - PRECINCT 3-1,301,PRECICNT 3-1,exact_key,1.0
1994,FRANKLIN CITY,401,401 - PRECINCT 4-1,401,PRECINCT 4-1,exact_key,1.0
1995,FRANKLIN CITY,501,501 - PRECINCT 5-1,501,PRECINCT 5-1,exact_key,1.0
1996,FRANKLIN CITY,601,601 - PRECINCT 6-1,601,PRECINCT 6-1,exact_key,1.0
1997,FREDERICKSBURG CITY,101,101 - PRECINCT 1 - DISTRICT ONE,101,PRECINCT 1 - DISTRICT ONE,exact_key,1.0
1998,FREDERICKSBURG CITY,201,201 - PRECINCT 1 - DISTRICT TWO,201,PRECINCT 1 - DISTRICT TWO,exact_key,1.0
1999,FREDERICKSBURG CITY,301,301 - PRECINCT 1 - DISTRICT THREE,301,PRECINCT 1 - DISTRICT THREE,exact_key,1.0
2000,FREDERICKSBURG CITY,401,401 - PRECINCT 1 - DISTRICT FOUR,401,PRECINCT 1 - DISTRICT FOUR,exact_key,1.0
2001,FREDERICKSBURG CITY,402,402 - PRECINCT 2 - DISTRICT FOUR,402,PRECINCT 2 - DISTRICT FOUR,exact_key,1.0
2002,GALAX CITY,1,1 - EAST,1,EAST,exact_key,1.0
2003,GALAX CITY,2,2 - NORTH,5,WEST,largest_overlap,0.998128
2004,GALAX CITY,3,3 - SOUTH,5,WEST,largest_overlap,1.0
2005,HAMPTON CITY,101,101 - ABERDEEN,101,ABERDEEN,exact_key,1.0
2006,HAMPTON CITY,102,102 - BASSETTE,102,BASSETTE,exact_key,1.0
2007,HAMPTON CITY,103,103 - CITY HALL,103,CITY HALL,exact_key,1.0
2008,HAMPTON CITY,104,104 - COOPER,104,COOPER,exact_key,1.0
2009,HAMPTON CITY,105,105 - EAST HAMPTON,105,EAST HAMPTON,exact_key,1.0
2010,HAMPTON CITY,106,106 - ARMSTRONG,106,ARMSTRONG,exact_key,1.0
2011,HAMPTON CITY,107,107 - LINDSAY,107,LINDSAY,exact_key,1.0
2012,HAMPTON CITY,108,108 - THOMAS,108,THOMAS,exact_key,1.0
2013,HAMPTON CITY,109,109 - PHENIX,109,PHENIX,exact_key,1.0
2014,HAMPTON CITY,110,110 - PHOEBUS,110,PHOEBUS,exact_key,1.0
2015,HAMPTON CITY,111,111 - HAMPTON LIBRARY,111,HAMPTON LIBRARY,exact_key,1.0
2016,HAMPTON CITY,112,112 - SMITH,112,SMITH,exact_key,1.0
2017,HAMPTON CITY,115,115 - WYTHE,115,WYTHE,exact_key,1.0
2018,HAMPTON CITY,116,116 - JONES,116,JONES,exact_key,1.0
2019,HAMPTON CITY,117,117 - KECOUGHTAN,117,KECOUGHTAN,exact_key,1.0
2020,HAMPTON CITY,118,118 - MALLORY,118,MALLORY,exact_key,1.0
2021,HAMPTON CITY,201,201 - BOOKER,201,ALBERT W PATRICK,exact_key,1.0
2022,HAMPTON CITY,202,202 - BRYAN,202,BRYAN,exact_key,1.0
2023,HAMPTON CITY,203,203 - BURBANK,203,BURBANK,exact_key,1.0
2024,HAMPTON CITY,204,204 - FORREST,204,FORREST,exact_key,1.0
2025,HAMPTON CITY,205,205 - ASBURY,205,ASBURY,exact_key,1.0
2026,HAMPTON CITY,208,208 - KRAFT,208,KRAFT,exact_key,1.0
2027,HAMPTON CITY,209,209 - LANGLEY,209,LANGLEY,exact_key,1.0
2028,HAMPTON CITY,210,210 - MACHEN,210,MACHEN,exact_key,1.0
2029,HAMPTON CITY,212,212 - BETHEL,212,BETHEL,exact_key,1.0
2030,HAMPTON CITY,213,213 - PHILLIPS,213,PHILLIPS,exact_key,1.0
2031,HAMPTON CITY,214,214 - TUCKER CAPPS,214,MARY JACKSON,exact_key,1.0
2032,HAMPTON CITY,215,215 - TYLER,215,MARY S PEAKE,exact_key,1.0
2033,HAMPTON CITY,216,216 - SANDY BOTTOM,216,SANDY BOTTOM,exact_key,1.0
2034,HAMPTON CITY,217,217 - SYMS,217,SYMS,exact_key,1.0
2035,HARRISONBURG CITY,101,101 - NORTHEAST,101,NORTHEAST,exact_key,1.0
2036,HARRISONBURG CITY,102,102 - EAST CENTRAL,102,EAST CENTRAL,exact_key,1.0
2037,HARRISONBURG CITY,103,103 - SOUTHEAST,103,SOUTHEAST,exact_key,1.0
2038,HARRISONBURG CITY,104,104 - EAST,104,EAST,exact_key,1.0
2039,HARRISONBURG CITY,105,105 - SOUTH EAST CENTRAL,105,SOUTH EAST CENTRAL,exact_key,1.0
2040,HARRISONBURG CITY,201,201 - NORTHWEST,201,NORTHWEST,exact_key,1.0
2041,HARRISONBURG CITY,202,202 - SOUTHWEST,202,SOUTHWEST,exact_key,1.0
2042,HARRISONBURG CITY,203,203 - WEST,203,WEST,exact_key,1.0
2043,HOPEWELL CITY,101,101 - WARD ONE,101,WARD ONE,exact_key,1.0
2044,HOPEWELL CITY,201,201 - WARD TWO,201,WARD TWO,exact_key,1.0
2045,HOPEWELL CITY,301,301 - WARD THREE,301,WARD THREE,exact_key,1.0
2046,HOPEWELL CITY,401,401 - WARD FOUR,401,WARD FOUR,exact_key,1.0
2047,HOPEWELL CITY,501,501 - WARD FIVE,501,WARD FIVE,exact_key,1.0
2048,HOPEWELL CITY,601,601 - WARD SIX,601,WARD SIX,exact_key,1.0
2049,HOPEWELL CITY,701,701 - WARD SEVEN,701,WARD SEVEN,exact_key,1.0
2050,LEXINGTON CITY,1,1 - LEXINGTON,1,LEXINGTON,exact_key,1.0
2051,LYNCHBURG CITY,101,101 - FIRST WARD FIRST PRECINCT,101,WARD I PRECINCT 1,exact_key,1.0
2052,LYNCHBURG CITY,102,102 - FIRST WARD SECOND PRECINCT,102,WARD I PRECINCT 2,exact_key,1.0
2053,LYNCHBURG CITY,103,103 - FIRST WARD THIRD PRECINCT,103,WARD I PRECINCT 3,exact_key,1.0
2054,LYNCHBURG CITY,104,104 - FIRST WARD FOURTH PRECINCT,104,WARD I PRECINCT 4,exact_key,1.0
2055,LYNCHBURG CITY,105,105 - FIRST WARD FIFTH PRECINCT,105,WARD I PRECINCT 5,exact_key,1.0
2056,LYNCHBURG CITY,201,201 - SECOND WARD FIRST PRECINCT,201,WARD II PRECINCT 1,exact_key,1.0
2057,LYNCHBURG CITY,202,202 - SECOND WARD SECOND PRECINCT,202,WARD II PRECINCT 2,exact_key,1.0
2058,LYNCHBURG CITY,203,203 - SECOND WARD THIRD PRECINCT,203,WARD II PRECINCT 3,exact_key,1.0
2059,LYNCHBURG CITY,204,204 - SECOND WARD FOURTH PRECINCT,204,WARD II PRECINCT 4,exact_key,1.0
2060,LYNCHBURG CITY,301,301 - THIRD WARD FIRST PRECINCT,301,WARD III PRECINCT 1,exact_key,1.0
2061,LYNCHBURG CITY,302,302 - THIRD WARD SECOND PRECINCT,302,WARD III PRECINCT 2,exact_key,1.0
2062,LYNCHBURG CITY,303,303 - THIRD WARD THIRD PRECINCT,303,WARD III PRECINCT 3,exact_key,1.0
2063,LYNCHBURG CITY,304,304 - THIRD WARD FOURTH PRECINCT,304,WARD III PRECINCT 4,exact_key,1.0
2064,LYNCHBURG CITY,305,305 - THIRD WARD FIFTH PRECINCT,305,WARD III PRECINCT 5,exact_key,1.0
2065,LYNCHBURG CITY,401,401 - FOURTH WARD FIRST PRECINCT,401,WARD IV PRECINCT 1,exact_key,1.0
2066,LYNCHBURG CITY,402,402 - FOURTH WARD SECOND PRECINCT,402,WARD IV PRECINCT  2,exact_key,1.0
2067,LYNCHBURG CITY,403,403 - FOURTH WARD THIRD PRECINCT,403,WARD IV PRECINCT 3,exact_key,1.0
2068,LYNCHBURG CITY,404,404 - FOURTH WARD FOURTH PRECINCT,404,WARD IV PRECINCT 4,exact_key,1.0
2069,MANASSAS CITY,1,1 - DEAN,1,DEAN,exact_key,1.0
2070,MANASSAS CITY,2,2 - WEEMS,2,WEEMS,exact_key,1.0
2071,MANASSAS CITY,3,3 - METZ,3,METZ,exact_key,1.0
2072,MANASSAS CITY,4,4 - HAYDON,4,HAYDON,exact_key,1.0
2073,MANASSAS CITY,5,5 - BALDWIN,5,BALDWIN,exact_key,1.0
2074,MANASSAS CITY,6,6 - ROUND,6,ROUND,exact_key,1.0
2075,MANASSAS PARK CITY,1,1 - PRECINCT ONE,1,PRECINCT 1,exact_key,1.0
2076,MANASSAS PARK CITY,2,2 - PRECINCT TWO,2,PRECINCT 2,exact_key,1.0
2077,MANASSAS PARK CITY,3,3 - PRECINCT THREE,3,PRECINCT 3,exact_key,1.0
2078,MARTINSVILLE CITY,1,1 - PRECINCT #1,1,PRECINCT 1,exact_key,1.0
2079,MARTINSVILLE CITY,2,2 - PRECINCT #2,2,PRECINCT 2,exact_key,1.0
2080,MARTINSVILLE CITY,3,3 - PRECINCT #3,3,PRECINCT 3,exact_key,1.0
2081,MARTINSVILLE CITY,4,4 - PRECINCT #4,4,PRECINCT 4,exact_key,1.0
2082,MARTINSVILLE CITY,5,5 - PRECINCT #5,5,PRECINCT 5,exact_key,1.0
2083,MARTINSVILLE CITY,6,6 - PRECINCT #6,6,PRECINCT 6,exact_key,1.0
2084,NEWPORT NEWS CITY,101,101 - DENBIGH,101,DENBIGH PRECINCT,exact_key,1.0
2085,NEWPORT NEWS CITY,102,102 - EPES,102,STONEY RUN PRECINCT,exact_key,1.0
2086,NEWPORT NEWS CITY,103,103 - JENKINS,220,JENKINS PRECINCT,largest_overlap,0.999959
2087,NEWPORT NEWS CITY,104,104 - MCINTOSH,104,MCINTOSH PRECINCT,exact_key,1.0
2088,NEWPORT NEWS CITY,105,105 - OYSTER POINT,216,YATES PRECINCT,largest_overlap,0.999983
2089,NEWPORT NEWS CITY,106,106 - RESERVOIR,106,RESERVOIR PRECINCT,exact_key,1.0
2090,NEWPORT NEWS CITY,107,107 - RICHNECK,107,RICHNECK PRECINCT,exact_key,1.0
2091,NEWPORT NEWS CITY,108,108 - LEE HALL,108,KATHERINE JOHNSON PRECINCT,exact_key,1.0
2092,NEWPORT NEWS CITY,109,109 - WINDSOR,109,WINDSOR PRECINCT,exact_key,1.0
2093,NEWPORT NEWS CITY,110,110 - GREENWOOD,110,GREENWOOD PRECINCT,exact_key,1.0
2094,NEWPORT NEWS CITY,201,201 - BLAND,201,BLAND PRECINCT,exact_key,1.0
2095,NEWPORT NEWS CITY,202,202 - BOULEVARD,202,BOULEVARD PRECINCT,exact_key,1.0
2096,NEWPORT NEWS CITY,203,203 - CHARLES,203,CHARLES PRECINCT,exact_key,1.0
2097,NEWPORT NEWS CITY,204,204 - WELLESLEY,204,MARINERS' MUSEUM PRECINCT,exact_key,1.0
2098,NEWPORT NEWS CITY,205,205 - DEEP CREEK,205,DEEP CREEK PRECINCT,exact_key,1.0
2099,NEWPORT NEWS CITY,208,208 - HIDENWOOD,208,HIDENWOOD PRECINCT,exact_key,1.0
2100,NEWPORT NEWS CITY,209,209 - HILTON,321,HILTON PRECINCT,largest_overlap,0.227025
2101,NEWPORT NEWS CITY,210,210 - NELSON,112,KNOLLWOOD MEADOWS PRECINCT,largest_overlap,0.973973
2102,NEWPORT NEWS CITY,211,211 - PALMER,211,PALMER PRECINCT,exact_key,1.0
2103,NEWPORT NEWS CITY,212,212 - RIVERSIDE,212,RIVERSIDE PRECINCT,exact_key,1.0
2104,NEWPORT NEWS CITY,213,213 - SANFORD,113,SANFORD PRECINCT,largest_overlap,0.782847
2105,NEWPORT NEWS CITY,215,215 - WARWICK,322,WARWICK PRECINCT,largest_overlap,0.316508
2106,NEWPORT NEWS CITY,216,216 - YATES,216,YATES PRECINCT,exact_key,1.0
2107,NEWPORT NEWS CITY,217,217 - RIVERVIEW,217,RIVERVIEW PRECINCT,exact_key,1.0
2108,NEWPORT NEWS CITY,218,218 - KILN CREEK,218,KILN CREEK PRECINCT,exact_key,1.0
2109,NEWPORT NEWS CITY,219,219 - DEER PARK,219,DEER PARK PRECINCT,exact_key,1.0
2110,NEWPORT NEWS CITY,302,302 - BRIARFIELD,302,BRIARFIELD PRECINCT,exact_key,1.0
2111,NEWPORT NEWS CITY,303,303 - CARVER,303,CARVER PRECINCT,exact_key,1.0
2112,NEWPORT NEWS CITY,304,304 - CHESTNUT,304,CHESTNUT PRECINCT,exact_key,1.0
2113,NEWPORT NEWS CITY,305,305 - DOWNTOWN,305,DOWNTOWN PRECINCT,exact_key,1.0
2114,NEWPORT NEWS CITY,306,306 - DUNBAR,305,DOWNTOWN PRECINCT,largest_overlap,0.099561
2115,NEWPORT NEWS CITY,307,307 - HUNTINGTON,317,WASHINGTON PRECINCT,largest_overlap,0.833805
2116,NEWPORT NEWS CITY,308,308 - JEFFERSON,308,JEFFERSON PRECINCT,exact_key,1.0
2117,NEWPORT NEWS CITY,309,309 - MAGRUDER,309,MAGRUDER PRECINCT,exact_key,1.0
2118,NEWPORT NEWS CITY,310,310 - MARSHALL,310,MARSHALL PRECINCT,exact_key,1.0
2119,NEWPORT NEWS CITY,311,311 - NEWMARKET,311,NEWMARKET PRECINCT,exact_key,1.0
2120,NEWPORT NEWS CITY,312,312 - NEWSOME PARK,312,NEWSOME PARK PRECINCT,exact_key,1.0
2121,NEWPORT NEWS CITY,313,313 - REED,313,REED PRECINCT,exact_key,1.0
2122,NEWPORT NEWS CITY,314,314 - RIVER,314,RIVER PRECINCT,exact_key,1.0
2123,NEWPORT NEWS CITY,315,315 - SEDGEFIELD,315,SEDGEFIELD PRECINCT,exact_key,1.0
2124,NEWPORT NEWS CITY,316,316 - SOUTH MORRISON,316,SOUTH MORRISON PRECINCT,exact_key,1.0
2125,NEWPORT NEWS CITY,317,317 - WASHINGTON,317,WASHINGTON PRECINCT,exact_key,1.0
2126,NEWPORT NEWS CITY,318,318 - WILSON,318,WILSON PRECINCT,exact_key,1.0
2127,NEWPORT NEWS CITY,319,319 - SAUNDERS,319,SAUNDERS PRECINCT,exact_key,1.0
2128,NEWPORT NEWS CITY,320,320 - WATKINS,320,WATKINS PRECINCT,exact_key,1.0
2129,NORFOLK CITY,101,101 - GRANBY,101,GRANBY,exact_key,1.0
2130,NORFOLK CITY,102,102 - OCEAN VIEW SCHOOL,102,OCEAN VIEW SCHOOL,exact_key,1.0
2131,NORFOLK CITY,103,103 - NORTHSIDE,103,NORTHSIDE,exact_key,1.0
2132,NORFOLK CITY,104,104 - TITUSTOWN,104,TITUSTOWN,exact_key,1.0
2133,NORFOLK CITY,106,106 - SECOND PRESBYTERIAN,106,SECOND PRESBYTERIAN,exact_key,1.0
2134,NORFOLK CITY,201,201 - LARCHMONT SCHOOL,201,LARCHMONT SCHOOL,exact_key,1.0
2135,NORFOLK CITY,203,203 - GHENT SQUARE,203,GHENT SQUARE,exact_key,1.0
2136,NORFOLK CITY,207,207 - LAMBERT'S POINT,207,LAMBERT'S POINT,exact_key,1.0
2137,NORFOLK CITY,208,208 - LARCHMONT LIBRARY,208,LARCHMONT UMC,exact_key,1.0
2138,NORFOLK CITY,210,210 - MAURY,210,MAURY,exact_key,1.0
2139,NORFOLK CITY,211,211 - CHRYSLER MUSEUM,211,CHRYSLER MUSEUM,exact_key,1.0
2140,NORFOLK CITY,212,212 - PARK PLACE,212,PARK PLACE,exact_key,1.0
2141,NORFOLK CITY,213,213 - TAYLOR ELEMENTARY SCHOOL,213,W.H. TAYLOR ELEMENTARY,exact_key,1.0
2142,NORFOLK CITY,214,214 - STUART,214,VIRGINIA ZOO,exact_key,1.0
2143,NORFOLK CITY,215,215 - SUBURBAN PARK,215,SUBURBAN PARK,exact_key,1.0
2144,NORFOLK CITY,217,217 - WESLEY,107,WESLEY,largest_overlap,0.995327
2145,NORFOLK CITY,218,218 - WILLARD,218,WILLARD,exact_key,1.0
2146,NORFOLK CITY,301,301 - BALLENTINE,301,BALLENTINE,exact_key,1.0
2147,NORFOLK CITY,302,302 - TANNERS CREEK,302,TANNERS CREEK,exact_key,1.0
2148,NORFOLK CITY,303,303 - BROAD CREEK,303,BROAD CREEK,exact_key,1.0
2149,NORFOLK CITY,304,304 - COLEMAN PLACE SCHOOL,304,COLEMAN PLACE SCHOOL,exact_key,1.0
2150,NORFOLK CITY,305,305 - LAFAYETTE-WINONA,305,LAFAYETTE-WINONA,exact_key,1.0
2151,NORFOLK CITY,306,306 - LINDENWOOD,306,LINDENWOOD,exact_key,1.0
2152,NORFOLK CITY,309,309 - NORVIEW,309,NORVIEW,exact_key,1.0
2153,NORFOLK CITY,310,310 - ROSEMONT,310,ROSEMONT,exact_key,1.0
2154,NORFOLK CITY,311,311 - SHERWOOD,311,311 - SHERWOOD,exact_key,1.0
2155,NORFOLK CITY,313,313 - UNION CHAPEL,313,UNION CHAPEL,exact_key,1.0
2156,NORFOLK CITY,402,402 - BERKLEY,402,BERKLEY,exact_key,1.0
2157,NORFOLK CITY,404,404 - CAMPOSTELLA,404,CAMPOSTELLA,exact_key,1.0
2158,NORFOLK CITY,405,405 - CHESTERFIELD,405,CHESTERFIELD,exact_key,1.0
2159,NORFOLK CITY,406,406 - BARRON BLACK,406,BARRON BLACK,exact_key,1.0
2160,NORFOLK CITY,408,408 - EASTON,408,EASTSIDE,exact_key,1.0
2161,NORFOLK CITY,409,409 - FAIRLAWN,409,FAIRLAWN,exact_key,1.0
2162,NORFOLK CITY,411,411 - RUFFNER ACADEMY,411,RUFFNER ACADEMY,exact_key,1.0
2163,NORFOLK CITY,412,412 - INGLESIDE,412,INGLESIDE,exact_key,1.0
2164,NORFOLK CITY,413,413 - POPLAR HALLS,413,POPLAR HALLS,exact_key,1.0
2165,NORFOLK CITY,414,414 - YOUNG PARK,414,YOUNG PARK,exact_key,1.0
2166,NORFOLK CITY,415,415 - LAKE TAYLOR HIGH SCHOOL,415,LAKE TAYLOR HIGH SCHOOL,exact_key,1.0
2167,NORFOLK CITY,501,501 - BAYVIEW,501,BAYVIEW,exact_key,1.0
2168,NORFOLK CITY,503,503 - EAST OCEAN VIEW,503,EAST OCEAN VIEW,exact_key,1.0
2169,NORFOLK CITY,504,504 - LARRYMORE,504,LARRYMORE,exact_key,1.0
2170,NORFOLK CITY,505,505 - LITTLE CREEK,505,LITTLE CREEK,exact_key,1.0
2171,NORFOLK CITY,506,506 - OCEAN VIEW CENTER,506,OCEAN VIEW GOLF COURSE,exact_key,1.0
2172,NORFOLK CITY,507,507 - PRETLOW,507,PRETLOW,exact_key,1.0
2173,NORFOLK CITY,509,509 - TARRALLTON,509,TARRALLTON,exact_key,1.0
2174,NORFOLK CITY,510,510 - THIRD PRESBYTERIAN,510,THIRD PRESBYTERIAN,exact_key,1.0
2175,NORFOLK CITY,511,511 - CROSSROADS,511,CROSSROADS,exact_key,1.0
2176,NORFOLK CITY,512,512 - AZALEA GARDENS,512,AZALEA GARDENS,exact_key,1.0
2177,NORTON CITY,1,1 - EAST WARD,1,EAST WARD,exact_key,1.0
2178,PETERSBURG CITY,101,101 - FIRST WARD FIRST PRECINCT,101,FIRST WARD FIRST PRECINCT,exact_key,1.0
2179,PETERSBURG CITY,201,201 - SECOND WARD FIRST PRECINCT,201,SECOND WARD FIRST PRECINCT,exact_key,1.0
2180,PETERSBURG CITY,301,301 - THIRD WARD FIRST PRECINCT,301,THIRD WARD FIRST PRECINCT,exact_key,1.0
2181,PETERSBURG CITY,401,401 - FOURTH WARD FIRST PRECINCT,401,FOURTH WARD FIRST PRECINCT,exact_key,1.0
2182,PETERSBURG CITY,501,501 - FIFTH WARD FIRST PRECINCT,501,FIFTH WARD FIRST PRECINCT,exact_key,1.0
2183,PETERSBURG CITY,601,601 - SIXTH WARD FIRST PRECINCT,601,SIXTH WARD FIRST PRECINCT,exact_key,1.0
2184,PETERSBURG CITY,701,701 - SEVENTH WARD FIRST PRECINCT,701,SEVENTH WARD FIRST PRECINCT,exact_key,1.0
2185,POQUOSON CITY,1,1 - CENTRAL,1,CENTRAL,exact_key,1.0
2186,POQUOSON CITY,2,2 - EASTERN,2,EASTERN,exact_key,1.0
2187,POQUOSON CITY,3,3 - WESTERN,3,WESTERN,exact_key,1.0
2188,PORTSMOUTH CITY,1,1 - EMANUEL A. M. E. CHURCH,1,EMANUEL A. M. E. CHURCH,exact_key,1.0
2189,PORTSMOUTH CITY,10,10 - TEN,10,MOUNT HERMON PRESCHOOL CENTER,exact_key,1.0
2190,PORTSMOUTH CITY,11,11 - ELEVEN,11,JOSEPH E. PARKER RECREATION CENTER,exact_key,1.0
2191,PORTSMOUTH CITY,13,13 - ST. MARK MISSIONARY BAPTIST CHURCH,13,ST. MARK MISSIONARY BAPTIST CHURCH,exact_key,1.0
2192,PORTSMOUTH CITY,14,14 - BRIGHTON ELEMENTARY SCHOOL,14,BRIGHTON ELEMENTARY SCHOOL,exact_key,1.0
2193,PORTSMOUTH CITY,16,16 - CRADOCK MIDDLE SCHOOL,16,CRADOCK MIDDLE SCHOOL,exact_key,1.0
2194,PORTSMOUTH CITY,17,17 - VICTORY LIFE FELLOWSHIP,17,VICTORY LIFE FELLOWSHIP,exact_key,1.0
2195,PORTSMOUTH CITY,19,19 - NINETEEN,19,VICTORY ELEMENTARY SCHOOL,exact_key,1.0
2196,PORTSMOUTH CITY,20,20 - NOBLE STREET BAPTIST CHURCH,20,NOBLE STREET BAPTIST CHURCH,exact_key,1.0
2197,PORTSMOUTH CITY,21,21 - JOHN F. KENNEDY COMMUNITY CENTER,21,JOHN F. KENNEDY COMMUNITY CENTER,exact_key,1.0
2198,PORTSMOUTH CITY,22,22 - TWENTY-TWO,22,ST. MARK DELIVERANCE CENTER,exact_key,1.0
2199,PORTSMOUTH CITY,23,23 - WESTHAVEN BAPTIST CHURCH,23,WESTHAVEN BAPTIST CHURCH,exact_key,1.0
2200,PORTSMOUTH CITY,24,24 - TWENTY-FOUR,24,THE SENIOR STATION,exact_key,1.0
2201,PORTSMOUTH CITY,25,25 - JOHN TYLER ELEMENTARY SCHOOL,25,WATERIVEW ELEMENTARY SCHOOL,exact_key,1.0
2202,PORTSMOUTH CITY,26,26 - WILLIAM E. WATERS MIDDLE SCHOOL,26,WILLIAM E. WATERS MIDDLE SCHOOL,exact_key,1.0
2203,PORTSMOUTH CITY,27,27 - CAVALIER MANOR RECREATION CENTER,27,CAVALIER MANOR RECREATION CENTER,exact_key,1.0
2204,PORTSMOUTH CITY,28,28 - LAKEVIEW ELEMENTARY SCHOOL,28,LAKEVIEW ELEMENTARY SCHOOL,exact_key,1.0
2205,PORTSMOUTH CITY,29,29 - MANOR HIGH SCHOOL,29,MANOR HIGH SCHOOL,exact_key,1.0
2206,PORTSMOUTH CITY,30,30 - THE RESCUE CHURCH,30,THE RESCUE CHURCH,exact_key,1.0
2207,PORTSMOUTH CITY,31,31 - WEST PARK CHURCH OF CHRIST,31,WEST PARK CHURCH OF CHRIST,exact_key,1.0
2208,PORTSMOUTH CITY,32,32 - HODGES MANOR ELEMENTARY SCHOOL,32,HODGES MANOR ELEMENTARY SCHOOL,exact_key,1.0
2209,PORTSMOUTH CITY,33,33 - THIRTY-THREE,33,PINECREST BAPTIST CHURCH,exact_key,1.0
2210,PORTSMOUTH CITY,34,34 - THIRTY-FOUR,34,CHURCHLAND BRANCH LIBRARY,exact_key,1.0
2211,PORTSMOUTH CITY,35,35 - CHURCHLAND ELEMENTARY SCHOOL,35,CHURCHLAND ELEMENTARY SCHOOL,exact_key,1.0
2212,PORTSMOUTH CITY,36,36 - THIRTY-SIX,36,CHURCHLAND HIGH SCHOOL,exact_key,1.0
2213,PORTSMOUTH CITY,37,37 - CHURCHLAND MIDDLE SCHOOL,37,CHURCHLAND MIDDLE SCHOOL,exact_key,1.0
2214,PORTSMOUTH CITY,38,38 - GROVE BAPTIST CHURCH,38,GROVE BAPTIST CHURCH,exact_key,1.0
2215,PORTSMOUTH CITY,39,39 - CHURCHLAND PRIMARY AND INTERMEDIATE SCHOOL,39,CHURCHLAND PRIMARY AND INTERMEDIATE SCHOOL,exact_key,1.0
2216,PORTSMOUTH CITY,5,5 - FIVE,5,CHARLES A. FISHER MEMORIAL ACADEMY,exact_key,1.0
2217,PORTSMOUTH CITY,7,7 - SEVEN,7,PARK VIEW ELEMENTARY SCHOOL,exact_key,1.0
2218,PORTSMOUTH CITY,9,9 - THIRD BAPTIST CHURCH,9,THIRD BAPTIST CHURCH,exact_key,1.0
2219,RADFORD CITY,1,1 - EAST PRECINCT,1,EAST PRECINCT,exact_key,1.0
2220,RADFORD CITY,2,2 - CENTRAL PRECINCT,2,CENTRAL PRECINCT,exact_key,1.0
2221,RADFORD CITY,3,3 - WEST PRECINCT,3,WEST PRECINCT,exact_key,1.0
2222,RADFORD CITY,4,4 - NEW RIVER PRECINCT,4,NEW RIVER PRECINCT,exact_key,1.0
2223,RICHMOND CITY,101,101 - ONE HUNDRED ONE,101,ONE HUNDRED ONE,exact_key,1.0
2224,RICHMOND CITY,102,102 - ONE HUNDRED TWO,102,ONE HUNDRED TWO,exact_key,1.0
2225,RICHMOND CITY,104,104 - ONE HUNDRED FOUR,104,ONE HUNDRED FOUR,exact_key,1.0
2226,RICHMOND CITY,105,105 - ONE HUNDRED FIVE,105,ONE HUNDRED FIVE,exact_key,1.0
2227,RICHMOND CITY,106,106 - ONE HUNDRED SIX,106,ONE HUNDRED SIX,exact_key,1.0
2228,RICHMOND CITY,111,111 - ONE HUNDRED ELEVEN,111,ONE HUNDRED ELEVEN,exact_key,1.0
2229,RICHMOND CITY,112,112 - ONE HUNDRED TWELVE,112,ONE HUNDRED TWELVE,exact_key,1.0
2230,RICHMOND CITY,113,113 - ONE HUNDRED THIRTEEN,113,ONE HUNDRED THIRTEEN,exact_key,1.0
2231,RICHMOND CITY,114,114 - ONE HUNDRED FOURTEEN,114,ONE HUNDRED FOURTEEN,exact_key,1.0
2232,RICHMOND CITY,115,115 - ONE HUNDRED FIFTEEN,115,ONE HUNDRED FIFTEEN,exact_key,1.0
2233,RICHMOND CITY,203,203 - TWO HUNDRED THREE,307,THREE HUNDRED SEVEN,largest_overlap,0.840219
2234,RICHMOND CITY,204,204 - TWO HUNDRED FOUR,204,TWO HUNDRED FOUR,exact_key,1.0
2235,RICHMOND CITY,206,206 - TWO HUNDRED SIX,206,TWO HUNDRED SIX,exact_key,1.0
2236,RICHMOND CITY,207,207 - TWO HUNDRED SEVEN,207,TWO HUNDRED SEVEN,exact_key,1.0
2237,RICHMOND CITY,208,208 - TWO HUNDRED EIGHT,208,TWO HUNDRED EIGHT,exact_key,1.0
2238,RICHMOND CITY,213,213 - TWO HUNDRED THIRTEEN,213,TWO HUNDRED THIRTEEN,exact_key,1.0
2239,RICHMOND CITY,214,214 - TWO HUNDRED FOURTEEN,214,TWO HUNDRED FOURTEEN,exact_key,1.0
2240,RICHMOND CITY,215,215 - TWO HUNDRED FIFTEEN,215,TWO HUNDRED FIFTEEN,exact_key,1.0
2241,RICHMOND CITY,301,301 - THREE HUNDRED ONE,301,THREE HUNDRED ONE,exact_key,1.0
2242,RICHMOND CITY,302,302 - THREE HUNDRED TWO,302,THREE HUNDRED TWO,exact_key,1.0
2243,RICHMOND CITY,303,303 - THREE HUNDRED THREE,303,THREE HUNDRED THREE,exact_key,1.0
2244,RICHMOND CITY,304,304 - THREE HUNDRED FOUR,304,THREE HUNDRED FOUR,exact_key,1.0
2245,RICHMOND CITY,305,305 - THREE HUNDRED FIVE,305,THREE HUNDRED FIVE,exact_key,1.0
2246,RICHMOND CITY,306,306 - THREE HUNDRED SIX,306,THREE HUNDRED SIX,exact_key,1.0
2247,RICHMOND CITY,307,307 - THREE HUNDRED SEVEN,307,THREE HUNDRED SEVEN,exact_key,1.0
2248,RICHMOND CITY,308,308 - THREE HUNDRED EIGHT,308,THREE HUNDRED EIGHT,exact_key,1.0
2249,RICHMOND CITY,309,309 - THREE HUNDRED NINE,309,THREE HUNDRED NINE,exact_key,1.0
2250,RICHMOND CITY,310,310 - THREE HUNDRED TEN,310,THREE HUNDRED TEN,exact_key,1.0
2251,RICHMOND CITY,402,402 - FOUR HUNDRED TWO,402,FOUR HUNDRED TWO,exact_key,1.0
2252,RICHMOND CITY,404,404 - FOUR HUNDRED FOUR,404,FOUR HUNDRED FOUR,exact_key,1.0
2253,RICHMOND CITY,409,409 - FOUR HUNDRED NINE,409,FOUR HUNDRED NINE,exact_key,1.0
2254,RICHMOND CITY,410,410 - FOUR HUNDRED TEN,410,FOUR HUNDRED TEN,exact_key,1.0
2255,RICHMOND CITY,412,412 - FOUR HUNDRED TWELVE,412,FOUR HUNDRED TWELVE,exact_key,1.0
2256,RICHMOND CITY,413,413 - FOUR HUNDRED THIRTEEN,413,FOUR HUNDRED THIRTEEN,exact_key,1.0
2257,RICHMOND CITY,414,414 - FOUR HUNDRED FOURTEEN,414,FOUR HUNDRED FOURTEEN,exact_key,1.0
2258,RICHMOND CITY,415,415 - FOUR HUNDRED FIFTEEN,415,FOUR HUNDRED FIFTEEN,exact_key,1.0
2259,RICHMOND CITY,501,501 - FIVE HUNDRED ONE,501,FIVE HUNDRED ONE,exact_key,1.0
2260,RICHMOND CITY,503,503 - FIVE HUNDRED THREE,503,FIVE HUNDRED THREE,exact_key,1.0
2261,RICHMOND CITY,504,504 - FIVE HUNDRED FOUR,504,FIVE HUNDRED FOUR,exact_key,1.0
2262,RICHMOND CITY,505,505 - FIVE HUNDRED FIVE,505,FIVE HUNDRED FIVE,exact_key,1.0
2263,RICHMOND CITY,508,508 - FIVE HUNDRED EIGHT,508,FIVE HUNDRED EIGHT,exact_key,1.0
2264,RICHMOND CITY,509,509 - FIVE HUNDRED NINE,509,FIVE HUNDRED NINE,exact_key,1.0
2265,RICHMOND CITY,510,510 - FIVE HUNDRED TEN,510,FIVE HUNDRED TEN,exact_key,1.0
2266,RICHMOND CITY,602,602 - SIX HUNDRED TWO,602,SIX HUNDRED TWO,exact_key,1.0
2267,RICHMOND CITY,603,603 - SIX HUNDRED THREE,603,SIX HUNDRED THREE,exact_key,1.0
2268,RICHMOND CITY,604,604 - SIX HUNDRED FOUR,604,SIX HUNDRED FOUR,exact_key,1.0
2269,RICHMOND CITY,606,606 - SIX HUNDRED SIX,606,SIX HUNDRED SIX,exact_key,1.0
2270,RICHMOND CITY,607,607 - SIX HUNDRED SEVEN,607,SIX HUNDRED SEVEN,exact_key,1.0
2271,RICHMOND CITY,609,609 - SIX HUNDRED NINE,609,SIX HUNDRED NINE,exact_key,1.0
2272,RICHMOND CITY,610,610 - SIX HUNDRED TEN,610,SIX HUNDRED TEN,exact_key,1.0
2273,RICHMOND CITY,701,701 - SEVEN HUNDRED ONE,701,SEVEN HUNDRED ONE,exact_key,1.0
2274,RICHMOND CITY,702,702 - SEVEN HUNDRED TWO,702,SEVEN HUNDRED TWO,exact_key,1.0
2275,RICHMOND CITY,703,703 - SEVEN HUNDRED THREE,703,SEVEN HUNDRED THREE,exact_key,1.0
2276,RICHMOND CITY,705,705 - SEVEN HUNDRED FIVE,705,SEVEN HUNDRED FIVE,exact_key,1.0
2277,RICHMOND CITY,706,706 - SEVEN HUNDRED SIX,706,SEVEN HUNDRED SIX,exact_key,1.0
2278,RICHMOND CITY,707,707 - SEVEN HUNDRED SEVEN,707,SEVEN HUNDRED SEVEN,exact_key,1.0
2279,RICHMOND CITY,708,708 - SEVEN HUNDRED EIGHT,708,SEVEN HUNDRED EIGHT,exact_key,1.0
2280,RICHMOND CITY,802,802 - EIGHT HUNDRED TWO,802,EIGHT HUNDRED TWO,exact_key,1.0
2281,RICHMOND CITY,806,806 - EIGHT HUNDRED SIX,806,EIGHT HUNDRED SIX,exact_key,1.0
2282,RICHMOND CITY,810,810 - EIGHT HUNDRED TEN,810,EIGHT HUNDRED TEN,exact_key,1.0
2283,RICHMOND CITY,811,811 - EIGHT HUNDRED ELEVEN,811,EIGHT HUNDRED ELEVEN,exact_key,1.0
2284,RICHMOND CITY,812,812 - EIGHT HUNDRED TWELVE,812,EIGHT HUNDRED TWELVE,exact_key,1.0
2285,RICHMOND CITY,814,814 - EIGHT HUNDRED FOURTEEN,814,EIGHT HUNDRED FOURTEEN,exact_key,1.0
2286,RICHMOND CITY,902,902 - NINE HUNDRED TWO,902,NINE HUNDRED TWO,exact_key,1.0
2287,RICHMOND CITY,903,903 - NINE HUNDRED THREE,903,NINE HUNDRED THREE,exact_key,1.0
2288,RICHMOND CITY,908,908 - NINE HUNDRED EIGHT,908,NINE HUNDRED EIGHT,exact_key,1.0
2289,RICHMOND CITY,909,909 - NINE HUNDRED NINE,909,NINE HUNDRED NINE,exact_key,1.0
2290,RICHMOND CITY,910,910 - NINE HUNDRED TEN,910,NINE HUNDRED TEN,exact_key,1.0
2291,RICHMOND CITY,911,911 - NINE HUNDRED ELEVEN,911,NINE HUNDRED ELEVEN,exact_key,1.0
2292,ROANOKE CITY,1,1 - 1 -PETERS CREEK,1,PETERS CREEK PRECINCT,exact_key,1.0
2293,ROANOKE CITY,10,10 - OLD SOUTHWEST-WASENA,10,OLD SOUTHWEST-WASENA PRECINCT,exact_key,1.0
2294,ROANOKE CITY,11,11 - RALEIGH COURT,11,RALEIGH COURT PRECINCT,exact_key,1.0
2295,ROANOKE CITY,12,12 - SOUTH ROANOKE,12,SOUTH ROANOKE PRECINCT,exact_key,1.0
2296,ROANOKE CITY,13,13 - GARDEN CITY,13,GARDEN CITY PRECINCT,exact_key,1.0
2297,ROANOKE CITY,14,14 - CRYSTAL SPRING,14,CRYSTAL SPRING PRECINCT,exact_key,1.0
2298,ROANOKE CITY,15,15 - GRANDIN COURT,15,GRANDIN COURT PRECINCT,exact_key,1.0
2299,ROANOKE CITY,16,16 - DEYERLE,16,DEYERLE PRECINCT,exact_key,1.0
2300,ROANOKE CITY,17,17 - LEE-HI,17,LEE HI PRECINCT,exact_key,1.0
2301,ROANOKE CITY,18,18 - PETERS CREEK,18,SUMMIT HILLS PRECINCT,exact_key,1.0
2302,ROANOKE CITY,19,19 - FOREST PARK,19,FOREST PARK PRECINCT,exact_key,1.0
2303,ROANOKE CITY,2,2 - GRANDVIEW,2,GRANDVIEW PRECINCT,exact_key,1.0
2304,ROANOKE CITY,20,20 - EUREKA PARK,20,EUREKA PARK PRECINCT,exact_key,1.0
2305,ROANOKE CITY,3,3 - 3 -PRESTON PARK,3,PRESTON PARK PRECINCT,exact_key,1.0
2306,ROANOKE CITY,4,4 - WILLIAMSON ROAD,4,WILLIAMSON ROAD PRECINCT,exact_key,1.0
2307,ROANOKE CITY,5,5 - EAST GATE,5,EAST GATE PRECINCT,exact_key,1.0
2308,ROANOKE CITY,6,6 - HOLLINS ROAD,6,HOLLINS ROAD PRECINCT,exact_key,1.0
2309,ROANOKE CITY,7,7 - SOUTHEAST,7,SOUTHEAST PRECINCT,exact_key,1.0
2310,ROANOKE CITY,8,8 - LINCOLN TERRACE,8,LINCOLN TERRACE PRECINCT,exact_key,1.0
2311,ROANOKE CITY,9,9 - HIGHLAND,9,HIGHLAND PRECINCT,exact_key,1.0
2312,SALEM CITY,1,1 - NORTH SALEM NO 2,1,NORTH SALEM #2,exact_key,1.0
2313,SALEM CITY,10,10 - HIDDEN VALLEY,10,HIDDEN VALLEY,exact_key,1.0
2314,SALEM CITY,2,2 - CONEHURST,2,CONEHURST,exact_key,1.0
2315,SALEM CITY,3,3 - BEVERLY HEIGHTS,3,BEVERLY HEIGHTS,exact_key,1.0
2316,SALEM CITY,4,4 - WEST SALEM,4,WEST SALEM,exact_key,1.0
2317,SALEM CITY,5,5 - NORTH SALEM NO 1,5,NORTH SALEM #1,exact_key,1.0
2318,SALEM CITY,6,6 - SOUTH SALEM NO 1,6,SOUTH SALEM #1,exact_key,1.0
2319,SALEM CITY,7,7 - SOUTH SALEM NO 2,7,SOUTH SALEM #2,exact_key,1.0
2320,SALEM CITY,8,8 - EAST SALEM,8,EAST SALEM,exact_key,1.0
2321,SALEM CITY,9,9 - SOUTH SIDE HILLS,9,SOUTHSIDE HILLS,exact_key,1.0
2322,STAUNTON CITY,101,101 - WARD NO 1,101,WARD 1,exact_key,1.0
2323,STAUNTON CITY,201,201 - WARD TWO,201,WARD 2,exact_key,1.0
2324,STAUNTON CITY,301,301 - WARD NO 3,301,WARD 3,exact_key,1.0
2325,STAUNTON CITY,401,401 - WARD NO 4,401,WARD 4,exact_key,1.0
2326,STAUNTON CITY,501,501 - WARD NO 5,501,WARD 5,exact_key,1.0
2327,SUFFOLK CITY,101,101 - BELLEHARBOUR,101,BELLEHARBOUR,exact_key,1.0
2328,SUFFOLK CITY,102,102 - DRIVER,102,DRIVER,exact_key,1.0
2329,SUFFOLK CITY,104,104 - BENNETTS CREEK,104,BENNETTS CREEK,exact_key,1.0
2330,SUFFOLK CITY,201,201 - EBENEZER,201,EBENEZER,exact_key,1.0
2331,SUFFOLK CITY,202,202 - CHUCKATUCK,202,CHUCKATUCK,exact_key,1.0
2332,SUFFOLK CITY,203,203 - KINGS FORK,203,KINGS FORK,exact_key,1.0
2333,SUFFOLK CITY,204,204 - HILLPOINT,204,HILLPOINT,exact_key,1.0
2334,SUFFOLK CITY,301,301 - WHITE MARSH,301,WHITE MARSH,exact_key,1.0
2335,SUFFOLK CITY,302,302 - JOHN F KENNEDY,302,JOHN F KENNEDY,exact_key,1.0
2336,SUFFOLK CITY,304,304 - NANSEMOND RIVER,304,NANSEMOND RIVER,exact_key,1.0
2337,SUFFOLK CITY,305,305 - SHOULDERS HILL,305,SHOULDERS HILL,exact_key,1.0
2338,SUFFOLK CITY,401,401 - AIRPORT,401,AIRPORT,exact_key,1.0
2339,SUFFOLK CITY,402,402 - WHALEYVILLE,402,WHALEYVILLE,exact_key,1.0
2340,SUFFOLK CITY,403,403 - SOUTHSIDE,403,SOUTHSIDE,exact_key,1.0
2341,SUFFOLK CITY,404,404 - BOOKER T WASHINGTON,404,BOOKER T WASHINGTON,exact_key,1.0
2342,SUFFOLK CITY,405,405 - PITTMANTOWN,405,HOLLYWOOD,exact_key,1.0
2343,SUFFOLK CITY,501,501 - KILBYS MILL,501,KILBYS MILL,exact_key,1.0
2344,SUFFOLK CITY,502,502 - HOLLAND,502,HOLLAND,exact_key,1.0
2345,SUFFOLK CITY,504,504 - LAKE COHOON,504,LAKE COHOON,exact_key,1.0
2346,SUFFOLK CITY,601,601 - LAKESIDE,601,LAKESIDE,exact_key,1.0
2347,SUFFOLK CITY,602,602 - OLDE TOWNE,602,OLDE TOWNE,exact_key,1.0
2348,SUFFOLK CITY,603,603 - ELEPHANTS FORK/WESTHAVEN,603,ELEPHANTS FORK,exact_key,1.0
2349,SUFFOLK CITY,604,604 - WILROY,604,WILROY,exact_key,1.0
2350,SUFFOLK CITY,605,605 - HOLLYWOOD,605,MACK BENN JR.,exact_key,1.0
2351,SUFFOLK CITY,702,702 - HARBOURVIEW,105,HARBOURVIEW,largest_overlap,0.950991
2352,SUFFOLK CITY,704,704 - BURBAGE GRANT,704,BURBAGE GRANT,exact_key,1.0
2353,SUFFOLK CITY,706,706 - HUNTERSVILLE,706,HUNTERSVILLE,exact_key,1.0
2354,VIRGINIA BEACH CITY,1,1 - NORTH BEACH,1,PRECINCT 1,exact_key,1.0
2355,VIRGINIA BEACH CITY,10,10 - GREAT NECK,10,PRECINCT 10,exact_key,1.0
2356,VIRGINIA BEACH CITY,100,100 - PRECINCT 100,100,PRECINCT 00,exact_key,1.0
2357,VIRGINIA BEACH CITY,11,11 - CAPE HENRY,11,PRECINCT 11,exact_key,1.0
2358,VIRGINIA BEACH CITY,12,12 - PLAZA,12,PRECINCT 12,exact_key,1.0
2359,VIRGINIA BEACH CITY,13,13 - MT TRASHMORE,13,PRECINCT 13,exact_key,1.0
2360,VIRGINIA BEACH CITY,14,14 - MALIBU,14,PRECINCT 14,exact_key,1.0
2361,VIRGINIA BEACH CITY,15,15 - OLD DONATION,15,PRECINCT 15,exact_key,1.0
2362,VIRGINIA BEACH CITY,16,16 - ARAGONA,16,PRECINCT 16,exact_key,1.0
2363,VIRGINIA BEACH CITY,17,17 - OCEAN PARK,17,PRECINCT 17,exact_key,1.0
2364,VIRGINIA BEACH CITY,18,18 - THOROUGHGOOD,18,PRECINCT 18,exact_key,1.0
2365,VIRGINIA BEACH CITY,19,19 - LAKE SMITH,19,PRECINCT 19,exact_key,1.0
2366,VIRGINIA BEACH CITY,2,2 - SOUTH BEACH,2,PRECINCT 2,exact_key,1.0
2367,VIRGINIA BEACH CITY,20,20 - BAYSIDE,20,PRECINCT 20,exact_key,1.0
2368,VIRGINIA BEACH CITY,21,21 - DAVIS CORNER,21,PRECINCT 21,exact_key,1.0
2369,VIRGINIA BEACH CITY,22,22 - POINT O VIEW,22,PRECINCT 22,exact_key,1.0
2370,VIRGINIA BEACH CITY,23,23 - ARROWHEAD,23,PRECINCT 23,exact_key,1.0
2371,VIRGINIA BEACH CITY,24,24 - LARKSPUR,24,PRECINCT 24,exact_key,1.0
2372,VIRGINIA BEACH CITY,25,25 - AVALON,25,PRECINCT 25,exact_key,1.0
2373,VIRGINIA BEACH CITY,26,26 - FAIRFIELD,26,PRECINCT 26,exact_key,1.0
2374,VIRGINIA BEACH CITY,27,27 - EDWIN,27,PRECINCT 27,exact_key,1.0
2375,VIRGINIA BEACH CITY,28,28 - THALIA,28,PRECINCT 28,exact_key,1.0
2376,VIRGINIA BEACH CITY,29,29 - HOLLAND,29,PRECINCT 29,exact_key,1.0
2377,VIRGINIA BEACH CITY,3,3 - OCEAN LAKES,3,PRECINCT 3,exact_key,1.0
2378,VIRGINIA BEACH CITY,30,30 - RED WING,30,PRECINCT 30,exact_key,1.0
2379,VIRGINIA BEACH CITY,31,31 - SIGMA,31,PRECINCT 31,exact_key,1.0
2380,VIRGINIA BEACH CITY,32,32 - CREEDS,32,PRECINCT 32,exact_key,1.0
2381,VIRGINIA BEACH CITY,33,33 - CAPPS SHOP,33,PRECINCT 33,exact_key,1.0
2382,VIRGINIA BEACH CITY,34,34 - BLACKWATER,34,PRECINCT 34,exact_key,1.0
2383,VIRGINIA BEACH CITY,35,35 - COURTHOUSE,35,PRECINCT 35,exact_key,1.0
2384,VIRGINIA BEACH CITY,36,36 - WINDSOR OAKS,36,PRECINCT 36,exact_key,1.0
2385,VIRGINIA BEACH CITY,37,37 - CHESAPEAKE BEACH,37,PRECINCT 37,exact_key,1.0
2386,VIRGINIA BEACH CITY,38,38 - WITCHDUCK,38,PRECINCT 38,exact_key,1.0
2387,VIRGINIA BEACH CITY,39,39 - PEMBROKE,39,PRECINCT 39,exact_key,1.0
2388,VIRGINIA BEACH CITY,4,4 - LINKHORN,4,PRECINCT 4,exact_key,1.0
2389,VIRGINIA BEACH CITY,40,40 - BONNEY,40,PRECINCT 40,exact_key,1.0
2390,VIRGINIA BEACH CITY,41,41 - COLLEGE PARK,41,PRECINCT 41,exact_key,1.0
2391,VIRGINIA BEACH CITY,42,42 - BRANDON,42,PRECINCT 42,exact_key,1.0
2392,VIRGINIA BEACH CITY,43,43 - BELLAMY,43,PRECINCT 43,exact_key,1.0
2393,VIRGINIA BEACH CITY,44,44 - CENTERVILLE,44,PRECINCT 44,exact_key,1.0
2394,VIRGINIA BEACH CITY,45,45 - TIMBERLAKE,45,PRECINCT 45,exact_key,1.0
2395,VIRGINIA BEACH CITY,46,46 - GREEN RUN,46,PRECINCT 46,exact_key,1.0
2396,VIRGINIA BEACH CITY,47,47 - KINGS GRANT,47,PRECINCT 47,exact_key,1.0
2397,VIRGINIA BEACH CITY,48,48 - WOLFSNARE,48,PRECINCT 48,exact_key,1.0
2398,VIRGINIA BEACH CITY,49,49 - LYNNHAVEN,49,PRECINCT 49,exact_key,1.0
2399,VIRGINIA BEACH CITY,5,5 - SEATACK,5,PRECINCT 5,exact_key,1.0
2400,VIRGINIA BEACH CITY,50,50 - OCEANA,50,PRECINCT 50,exact_key,1.0
2401,VIRGINIA BEACH CITY,51,51 - STRATFORD CHASE,51,PRECINCT 51,exact_key,1.0
2402,VIRGINIA BEACH CITY,52,52 - HOMESTEAD,52,PRECINCT 52,exact_key,1.0
2403,VIRGINIA BEACH CITY,53,53 - SHANNON,53,PRECINCT 53,exact_key,1.0
2404,VIRGINIA BEACH CITY,54,54 - CROMWELL,54,PRECINCT 54,exact_key,1.0
2405,VIRGINIA BEACH CITY,55,55 - MAGIC HOLLOW,55,PRECINCT 55,exact_key,1.0
2406,VIRGINIA BEACH CITY,56,56 - EDINBURGH,56,PRECINCT 56,exact_key,1.0
2407,VIRGINIA BEACH CITY,57,57 - SHERRY PARK,57,PRECINCT 57,exact_key,1.0
2408,VIRGINIA BEACH CITY,58,58 - GLENWOOD,58,PRECINCT 58,exact_key,1.0
2409,VIRGINIA BEACH CITY,59,59 - SHELTON PARK,59,PRECINCT 59,exact_key,1.0
2410,VIRGINIA BEACH CITY,6,6 - ALANTON,6,PRECINCT 6,exact_key,1.0
2411,VIRGINIA BEACH CITY,60,60 - FOXFIRE,60,PRECINCT 60,exact_key,1.0
2412,VIRGINIA BEACH CITY,61,61 - BAKER,61,PRECINCT 61,exact_key,1.0
2413,VIRGINIA BEACH CITY,62,62 - LANDSTOWN,62,PRECINCT 62,exact_key,1.0
2414,VIRGINIA BEACH CITY,63,63 - CULVER,63,PRECINCT 63,exact_key,1.0
2415,VIRGINIA BEACH CITY,64,64 - ROSEMONT FOREST,64,PRECINCT 64,exact_key,1.0
2416,VIRGINIA BEACH CITY,65,65 - COLONIAL,65,PRECINCT 65,exact_key,1.0
2417,VIRGINIA BEACH CITY,66,66 - HUNT,66,PRECINCT 66,exact_key,1.0
2418,VIRGINIA BEACH CITY,67,67 - EASTERN SHORE,67,PRECINCT 67,exact_key,1.0
2419,VIRGINIA BEACH CITY,68,68 - MANOR,68,PRECINCT 68,exact_key,1.0
2420,VIRGINIA BEACH CITY,69,69 - SHELL,69,PRECINCT 69,exact_key,1.0
2421,VIRGINIA BEACH CITY,7,7 - KINGSTON,7,PRECINCT 7,exact_key,1.0
2422,VIRGINIA BEACH CITY,70,70 - CORPORATE LANDING,70,PRECINCT 70,exact_key,1.0
2423,VIRGINIA BEACH CITY,71,71 - ROUND HILL,71,PRECINCT 71,exact_key,1.0
2424,VIRGINIA BEACH CITY,72,72 - RUDEE,72,PRECINCT 72,exact_key,1.0
2425,VIRGINIA BEACH CITY,73,73 - DAHLIA,73,PRECINCT 73,exact_key,1.0
2426,VIRGINIA BEACH CITY,74,74 - BUCKNER,74,PRECINCT 74,exact_key,1.0
2427,VIRGINIA BEACH CITY,75,75 - COLONY,75,PRECINCT 75,exact_key,1.0
2428,VIRGINIA BEACH CITY,76,76 - VILLAGE,76,PRECINCT 76,exact_key,1.0
2429,VIRGINIA BEACH CITY,77,77 - BROOKWOOD,77,PRECINCT 77,exact_key,1.0
2430,VIRGINIA BEACH CITY,78,78 - INDIAN LAKES,78,PRECINCT 78,exact_key,1.0
2431,VIRGINIA BEACH CITY,79,79 - PLEASANT HALL,79,PRECINCT 79,exact_key,1.0
2432,VIRGINIA BEACH CITY,8,8 - LONDON BRIDGE,8,PRECINCT 8,exact_key,1.0
2433,VIRGINIA BEACH CITY,80,80 - CHIMNEY HILL,80,PRECINCT 80,exact_key,1.0
2434,VIRGINIA BEACH CITY,81,81 - ROCK LAKE,81,PRECINCT 81,exact_key,1.0
2435,VIRGINIA BEACH CITY,82,82 - SHELBURNE,82,PRECINCT 82,exact_key,1.0
2436,VIRGINIA BEACH CITY,83,83 - STRAWBRIDGE,83,PRECINCT 83,exact_key,1.0
2437,VIRGINIA BEACH CITY,84,84 - TALLWOOD,84,PRECINCT 84,exact_key,1.0
2438,VIRGINIA BEACH CITY,85,85 - UPTON,85,PRECINCT 85,exact_key,1.0
2439,VIRGINIA BEACH CITY,86,86 - HAYGOOD,86,PRECINCT 86,exact_key,1.0
2440,VIRGINIA BEACH CITY,87,87 - HILLCREST,87,PRECINCT 87,exact_key,1.0
2441,VIRGINIA BEACH CITY,88,88 - NORTH LANDING,88,PRECINCT 88,exact_key,1.0
2442,VIRGINIA BEACH CITY,89,89 - LAKE CHRISTOPHER,89,PRECINCT 89,exact_key,1.0
2443,VIRGINIA BEACH CITY,9,9 - TRANTWOOD,9,PRECINCT 9,exact_key,1.0
2444,VIRGINIA BEACH CITY,90,90 - LAKE JOYCE,90,PRECINCT 90,exact_key,1.0
2445,VIRGINIA BEACH CITY,91,91 - LEXINGTON,91,PRECINCT 91,exact_key,1.0
2446,VIRGINIA BEACH CITY,92,92 - LITTLE NECK,92,PRECINCT 92,exact_key,1.0
2447,VIRGINIA BEACH CITY,93,93 - NEWTOWN,93,PRECINCT 93,exact_key,1.0
2448,VIRGINIA BEACH CITY,94,94 - PINEWOOD,94,PRECINCT 94,exact_key,1.0
2449,VIRGINIA BEACH CITY,95,95 - DAM NECK,95,PRECINCT 95,exact_key,1.0
2450,VIRGINIA BEACH CITY,96,96 - HILLTOP,96,PRECINCT 96,exact_key,1.0
2451,VIRGINIA BEACH CITY,97,97 - INDIAN RIVER,97,PRECINCT 97,exact_key,1.0
2452,VIRGINIA BEACH CITY,98,98 - INDEPENDENCE,98,PRECINCT 98,exact_key,1.0
2453,VIRGINIA BEACH CITY,99,099 - PRECINCT 99,99,PRECINCT 99,exact_key,1.0
2454,WAYNESBORO CITY,1,1 - WARD A,1,WARD A,exact_key,1.0
2455,WAYNESBORO CITY,2,2 - WARD B,2,WARD B,exact_key,1.0
2456,WAYNESBORO CITY,3,3 - WARD C,3,WARD C,exact_key,1.0
2457,WAYNESBORO CITY,4,4 - WARD D,4,WARD D,exact_key,1.0
2458,WILLIAMSBURG CITY,1,1 - STRYKER,1,STRYKER PRECINCT,exact_key,1.0
2459,WILLIAMSBURG CITY,2,2 - MATOAKA,2,MATOAKA PRECINCT,exact_key,1.0
2460,WINCHESTER CITY,101,101 - MERRIMANS,101,MERRIMANS,exact_key,1.0
2461,WINCHESTER CITY,102,102 - OLD TOWN,102,OLD TOWN,exact_key,1.0
2462,WINCHESTER CITY,201,201 - VIRGINIA AVENUE,201,VIRGINIA AVENUE,exact_key,1.0
2463,WINCHESTER CITY,301,301 - WAR MEMORIAL,301,WAR MEMORIAL,exact_key,1.0
2464,WINCHESTER CITY,401,401 - FREDERICK DOUGLASS,401,FREDERICK DOUGLASS,exact_key,1.0
2465,WINCHESTER CITY,402,402 - ROLLING HILLS,402,ROLLING HILLS,exact_key,1.0
