countyfp00,county_nam,vtdst00,name00,vtd20_countyfp,vtd20_code,area_weight_m2,equal_block_population_weight,source_blocks,block_paths,old_vtd_area_weight_m2,area_share,old_vtd_equal_block_population_weight,equal_block_population_share
001,ACCOMACK COUNTY,101,CHINCOTEAGUE,001,000101,303210638.80038226,203.99999999962733,204,923,303300841.8794084,0.9997025953555974,204.99999999962733,0.9951219512195033
001,ACCOMACK COUNTY,101,CHINCOTEAGUE,001,000201,90203.07902619144,1.0,1,1,303300841.8794084,0.0002974046444027212,204.99999999962733,0.004878048780496673
001,ACCOMACK COUNTY,201,ATLANTIC,001,000201,124850313.92915747,46.82921051030347,48,339,163618605.35447112,0.763056949780716,126.00000000020347,0.37166040087482416
001,ACCOMACK COUNTY,201,ATLANTIC,001,000202,36983755.255692385,71.91386834680353,73,196,163618605.35447112,0.22603636778084632,126.00000000020347,0.5707449868784714
001,ACCOMACK COUNTY,201,ATLANTIC,001,000301,1784536.1696212597,7.256921143096475,9,12,163618605.35447112,0.010906682438437584,126.00000000020347,0.05759461224670442
001,ACCOMACK COUNTY,202,GREENBACKVILLE,001,000202,38189654.44814598,69.0000000001,69,112,38189654.44814598,1.0,69.0000000001,1.0
001,ACCOMACK COUNTY,203,HALLWOOD,001,000201,22557050.17685276,39.474630185,40,104,26909963.892198823,0.8382415623899083,43.000000000200004,0.9180146554608464
001,ACCOMACK COUNTY,203,HALLWOOD,001,000403,3715262.64468402,3.0,3,4,26909963.892198823,0.1380627138545166,43.000000000200004,0.06976744186014061
001,ACCOMACK COUNTY,203,HALLWOOD,001,000301,637651.0706620445,0.5253698152,1,1,26909963.892198823,0.02369572375557512,43.000000000200004,0.01221790267901294
001,ACCOMACK COUNTY,204,SAXIS,001,000403,80756893.0077319,29.99707624964293,30,81,80876105.16426592,0.9985259903862594,29.99999999984293,0.9999025416599995
001,ACCOMACK COUNTY,204,SAXIS,001,000301,119212.1565340119,0.0029237502,1,1,80876105.16426592,0.0014740096137404535,29.99999999984293,9.745834000051026e-05
001,ACCOMACK COUNTY,205,TANGIER,001,000602,528812910.1783698,51.0000000001,51,155,528812910.1783698,1.0,51.0000000001,1.0
001,ACCOMACK COUNTY,301,NEW CHURCH,001,000301,79709252.9886912,93.0000000003,93,248,79822273.590691,0.9985840969329018,95.0000000003,0.9789473684211191
001,ACCOMACK COUNTY,301,NEW CHURCH,001,000202,113020.60199980636,2.0,2,3,79822273.590691,0.0014159030670981413,95.0000000003,0.021052631578880886
001,ACCOMACK COUNTY,302,OAK HALL,001,000301,81129519.24982841,53.0021380105,54,166,81717782.29451756,0.9928012847611429,56.0000000002,0.9464667501841197
001,ACCOMACK COUNTY,302,OAK HALL,001,000201,588263.0446891518,2.9978619897,3,6,81717782.29451756,0.007198715238857116,56.0000000002,0.05353324981588024
001,ACCOMACK COUNTY,401,BLOXOM,001,000401,51323017.15177354,105.4702639554,106,214,77596972.15825297,0.6614048940866437,115.0000000003,0.917132730044564
001,ACCOMACK COUNTY,401,BLOXOM,001,000403,25568767.1426928,6.5297360449,7,22,77596972.15825297,0.329507278847779,115.0000000003,0.05678031343376492
001,ACCOMACK COUNTY,401,BLOXOM,001,000501,704668.4115601581,2.0,2,4,77596972.15825297,0.00908113283238735,115.0000000003,0.017391304347780717
001,ACCOMACK COUNTY,401,BLOXOM,001,000402,519.4522264654195,1.0,1,2,77596972.15825297,6.694233190001759e-06,115.0000000003,0.008695652173890359
001,ACCOMACK COUNTY,402,PARKSLEY,001,000402,64429122.459072955,110.71381549166279,112,256,96078942.79833561,0.670585256067046,131.0000000001,0.8451436297067044
001,ACCOMACK COUNTY,402,PARKSLEY,001,000601,29972947.15800018,18.241145149137207,20,66,96078942.79833561,0.3119616669899432,131.0000000001,0.139245382817735
001,ACCOMACK COUNTY,402,PARKSLEY,001,000403,1231606.9395818673,0.0450393593,1,1,96078942.79833561,0.012818697871883772,131.0000000001,0.0003438119030531727
001,ACCOMACK COUNTY,402,PARKSLEY,001,000502,445266.2416806031,2.0,2,3,96078942.79833561,0.004634379071126879,131.0000000001,0.015267175572507431
001,ACCOMACK COUNTY,501,MAPPSVILLE,001,000201,53227395.74017321,8.922059262502959,10,74,78285984.46192895,0.6799096429075129,23.999999999902958,0.37175246927245975
001,ACCOMACK COUNTY,501,MAPPSVILLE,001,000501,25013652.194779634,14.0678802078,19,109,78285984.46192895,0.3195163523420205,23.999999999902958,0.5861616753273701
001,ACCOMACK COUNTY,501,MAPPSVILLE,001,000502,23070.72591135321,0.0100605296,1,2,78285984.46192895,0.0002946980365632711,23.999999999902958,0.0004191887333350283
001,ACCOMACK COUNTY,501,MAPPSVILLE,001,000401,21865.801064740946,1.0,1,1,78285984.46192895,0.0002793067139032332,23.999999999902958,0.04166666666683514
001,ACCOMACK COUNTY,502,RUE,001,000502,127981606.69124435,36.6478921905695,38,204,164182142.03390476,0.779509909578444,67.0,0.5469834655308881
001,ACCOMACK COUNTY,502,RUE,001,000501,30478635.833018854,21.2399778459,24,141,164182142.03390476,0.1856391654746763,67.0,0.3170145947149254
001,ACCOMACK COUNTY,502,RUE,001,000601,5524325.069513157,8.1121299635305,12,46,164182142.03390476,0.03364753925778569,67.0,0.1210765666198582
001,ACCOMACK COUNTY,502,RUE,001,000201,197574.4401284093,1.0,1,1,164182142.03390476,0.00120338568909406,67.0,0.014925373134328358
001,ACCOMACK COUNTY,601,ACCOMAC,001,000601,256424047.1878979,148.85157832879946,164,570,471854386.2377938,0.543438939356752,195.9999999996956,0.75944682820934
001,ACCOMACK COUNTY,601,ACCOMAC,001,000701,210166914.86667538,42.148421670896134,45,478,471854386.2377938,0.44540629693492034,195.9999999996956,0.2150429677089877
001,ACCOMACK COUNTY,601,ACCOMAC,001,000402,3022858.531777134,1.6112182501999999,2,2,471854386.2377938,0.006406337675228787,195.9999999996956,0.008220501276543378
001,ACCOMACK COUNTY,601,ACCOMAC,001,000403,1851271.1920101675,0.3887817498,1,1,471854386.2377938,0.003923395110874753,195.9999999996956,0.0019835803561255297
001,ACCOMACK COUNTY,601,ACCOMAC,001,000502,389294.45943323086,3.0,3,5,471854386.2377938,0.0008250309222240516,195.9999999996956,0.015306122449003362
001,ACCOMACK COUNTY,701,ONANCOCK,001,000701,60738819.55417006,125.9999999997,126,286,63167788.57282163,0.961547347571755,128.99999999969998,0.9767441860464576
001,ACCOMACK COUNTY,701,ONANCOCK,001,000802,2424571.1328874878,2.0,2,9,63167788.57282163,0.03838303014347847,128.99999999969998,0.015503875969028306
001,ACCOMACK COUNTY,701,ONANCOCK,001,000601,4397.885764084106,1.0,1,1,63167788.57282163,6.962228476645336e-05,128.99999999969998,0.007751937984514153
001,ACCOMACK COUNTY,702,ONLEY,001,000701,16938455.58867196,52.09593093956067,54,115,36796927.83400303,0.460322548259575,72.00000000089614,0.7235545963737814
001,ACCOMACK COUNTY,702,ONLEY,001,000802,12442311.212752897,11.351379892135473,14,45,36796927.83400303,0.338134511361443,72.00000000089614,0.15765805405547487
001,ACCOMACK COUNTY,702,ONLEY,001,000803,7416161.032578174,8.5526891692,9,44,36796927.83400303,0.20154294037898193,72.00000000089614,0.11878734957074376
001,ACCOMACK COUNTY,801,BOBTOWN,001,000701,263335812.94341248,1.0,1,2,380293579.70321715,0.6924540065833374,44.000000000200004,0.022727272727169418
001,ACCOMACK COUNTY,801,BOBTOWN,001,000801,111183902.63787942,38.000000000200004,38,145,380293579.70321715,0.29236334393193764,44.000000000200004,0.8636363636369835
001,ACCOMACK COUNTY,801,BOBTOWN,001,000901,5701823.292983098,4.8076923077,6,7,380293579.70321715,0.014993214709101392,44.000000000200004,0.10926573426541242
001,ACCOMACK COUNTY,801,BOBTOWN,001,000802,72040.82894216284,0.1923076923,1,1,380293579.70321715,0.00018943477562356913,44.000000000200004,0.004370629370434679
001,ACCOMACK COUNTY,802,KELLER,001,000801,8619541.085423246,22.3692662718,24,40,14600290.816311514,0.5903677669073176,31.000000000100002,0.7215892345718659
001,ACCOMACK COUNTY,802,KELLER,001,000901,5765901.164872585,8.5625519101,11,18,14600290.816311514,0.3949168710003292,31.000000000100002,0.27621135193781865
001,ACCOMACK COUNTY,802,KELLER,001,000802,214848.56601568297,0.0681818182,1,3,14600290.816311514,0.014715362092353197,31.000000000100002,0.0021994134903154856
001,ACCOMACK COUNTY,803,MELFA,001,000802,25038736.954095136,56.2926829267,57,118,27339968.547397256,0.9158290328932659,59.999999999900005,0.9382113821132303
001,ACCOMACK COUNTY,803,MELFA,001,000901,2301231.5933021205,3.7073170732,4,7,27339968.547397256,0.08417096710673415,59.999999999900005,0.06178861788676964
001,ACCOMACK COUNTY,804,QUINBY,001,000803,262483179.17293036,39.00000000016764,39,581,262563629.0310725,0.9996935986204981,40.00000000016764,0.9750000000001048
001,ACCOMACK COUNTY,804,QUINBY,001,000901,80449.85814213146,1.0,2,3,262563629.0310725,0.0003064013795018456,40.00000000016764,0.024999999999895228
001,ACCOMACK COUNTY,805,WACHAPREAGUE,001,000803,36699299.93998291,51.1675249814,52,140,43341696.48663353,0.8467435037135864,56.0000000004,0.9137058032327592
001,ACCOMACK COUNTY,805,WACHAPREAGUE,001,000901,6623453.69532595,4.0,4,10,43341696.48663353,0.15281943791398675,56.0000000004,0.07142857142806122
001,ACCOMACK COUNTY,805,WACHAPREAGUE,001,000701,18942.851324673593,0.832475019,2,2,43341696.48663353,0.00043705837242701196,56.0000000004,0.01486562533917953
001,ACCOMACK COUNTY,901,PAINTER,001,000901,338167093.4526731,140.2721190665035,145,407,373633125.8509183,0.9050779228488527,154.0000000003,0.9108579160144822
001,ACCOMACK COUNTY,901,PAINTER,001,000801,25210051.631540462,7.697998798896491,11,26,373633125.8509183,0.06747274234351323,154.0000000003,0.04998700518754218
001,ACCOMACK COUNTY,901,PAINTER,001,000803,10255980.76670473,6.0298821349,8,39,373633125.8509183,0.027449334807634066,154.0000000003,0.039155078797975675
003,ALBEMARLE COUNTY,101,WOODBROOK,003,000101,5338665.682284702,37.8584919218,38,76,5391439.994185795,0.9902114626226006,38.0,0.9962761032052633
003,ALBEMARLE COUNTY,101,WOODBROOK,003,000104,52774.3119010939,0.1415080782,5,8,5391439.994185795,0.009788537377399445,38.0,0.003723896794736842
003,ALBEMARLE COUNTY,102,COMMONWEALTH,003,000104,1125735.332863257,15.0,15,41,2211955.3237448623,0.5089322197328,19.0,0.7894736842105263
003,ALBEMARLE COUNTY,102,COMMONWEALTH,003,000203,1086219.990881605,4.0,4,18,2211955.3237448623,0.4910677802671999,19.0,0.21052631578947367
003,ALBEMARLE COUNTY,103,BRANCHLANDS,003,000103,1455810.9616626124,23.4754175957,24,48,1493072.7417813572,0.9750435601186527,24.0,0.9781423998208334
003,ALBEMARLE COUNTY,103,BRANCHLANDS,003,000104,35032.07078225522,0.5245824043,4,7,1493072.7417813572,0.02346307035279414,24.0,0.02185760017916667
003,ALBEMARLE COUNTY,103,BRANCHLANDS,003,000203,2229.7093364895322,0.0,1,1,1493072.7417813572,0.001493369528553115,24.0,0.0
003,ALBEMARLE COUNTY,104,AGNOR-HURT,003,000106,18788249.004687432,12.999316839395194,13,72,22441274.974807855,0.8372184301372698,31.999999999795193,0.4062286512336998
003,ALBEMARLE COUNTY,104,AGNOR-HURT,003,000104,3634641.51413559,18.999999999899998,19,44,22441274.974807855,0.16196234475161367,31.999999999795193,0.5937500000006751
003,ALBEMARLE COUNTY,104,AGNOR-HURT,003,000603,18384.455984831366,0.0006831605000000001,1,5,22441274.974807855,0.0008192251111164318,31.999999999795193,2.134876562513664e-05
003,ALBEMARLE COUNTY,201,JACK JOUETT,003,000201,39729748.0144702,38.9985660464,39,126,40506590.2458877,0.9808218310476932,54.0000000002,0.7221956675232512
003,ALBEMARLE COUNTY,201,JACK JOUETT,003,000203,776022.2815827201,14.9709974132,15,20,40506590.2458877,0.01915792657125721,54.0000000002,0.2772406928360102
003,ALBEMARLE COUNTY,201,JACK JOUETT,540,000402,768.9479974316357,0.0290025868,1,1,40506590.2458877,1.898328130716213e-05,54.0000000002,0.0005370849407387516
003,ALBEMARLE COUNTY,201,JACK JOUETT,003,000603,51.001837350372455,0.0014339538,1,1,40506590.2458877,1.2590997425548613e-06,54.0000000002,2.655469999990165e-05
003,ALBEMARLE COUNTY,202,UNIVERSITY HALL,003,000202,3128353.743840127,25.9436518176,26,71,3132190.723194873,0.9987749854035605,26.0000000001,0.9978327622115468
003,ALBEMARLE COUNTY,202,UNIVERSITY HALL,540,000402,3836.9793547461136,0.0563481825,5,5,3132190.723194873,0.0012250145964395002,26.0000000001,0.002167237788453203
003,ALBEMARLE COUNTY,301,IVY,003,000301,52032000.045801446,65.9999999999,66,154,52032000.045801446,1.0,65.9999999999,1.0
003,ALBEMARLE COUNTY,304,EAST IVY,003,000304,19033561.190936472,53.8747858176,54,120,27253804.550411932,0.6983818041158142,72.99999999997027,0.7380107646249581
003,ALBEMARLE COUNTY,304,EAST IVY,003,000201,6726708.548875711,11.991818728270278,12,32,27253804.550411932,0.24681723010206438,72.99999999997027,0.16427148942842687
003,ALBEMARLE COUNTY,304,EAST IVY,003,000202,1468780.1287316165,5.987095844692897,7,19,27253804.550411932,0.05389266390366832,72.99999999997027,0.08201501157116897
003,ALBEMARLE COUNTY,304,EAST IVY,003,000301,14102.001286278559,0.0081812719,1,4,27253804.550411932,0.0005174323922443119,72.99999999997027,0.00011207221780826483
003,ALBEMARLE COUNTY,304,EAST IVY,003,000302,7599.938211579558,0.1252141822,1,3,27253804.550411932,0.000278857881934311,72.99999999997027,0.0017152627698637122
003,ALBEMARLE COUNTY,304,EAST IVY,540,000302,3052.742370274329,1.0129041553071032,2,3,27253804.550411932,0.00011201160427446405,72.99999999997027,0.013875399387774188
003,ALBEMARLE COUNTY,399,NORTH GARDEN 302/BATESVILLE 303,003,000302,193850152.08561674,191.99998052348985,192,521,253638286.81760183,0.7642779586546397,269.99999999877326,0.7111110389791193
003,ALBEMARLE COUNTY,399,NORTH GARDEN 302/BATESVILLE 303,003,000305,30000692.689426545,24.999999999327034,25,71,253638286.81760183,0.11828140406499771,269.99999999877326,0.09259259259052081
003,ALBEMARLE COUNTY,399,NORTH GARDEN 302/BATESVILLE 303,003,000307,29760266.706966966,52.9999999997,53,120,253638286.81760183,0.11733349519257864,269.99999999877326,0.19629629629607706
003,ALBEMARLE COUNTY,399,NORTH GARDEN 302/BATESVILLE 303,003,000301,26927.34397340514,0.0,2,2,253638286.81760183,0.00010616435046641568,269.99999999877326,0.0
003,ALBEMARLE COUNTY,399,NORTH GARDEN 302/BATESVILLE 303,125,000101,247.9916181780459,1.94762563440438e-05,1,1,253638286.81760183,9.77737317538276e-07,269.99999999877326,7.213428275604551e-08
003,ALBEMARLE COUNTY,401,SCOTTSVILLE,003,000401,135767957.62578365,106.82896042334544,108,285,149251879.5088396,0.9096566024667223,114.0000000001448,0.9370961440632434
003,ALBEMARLE COUNTY,401,SCOTTSVILLE,003,000302,13294228.937391726,6.9986095847000005,7,14,149251879.5088396,0.08907243902817559,114.0000000001448,0.06139131214641326
003,ALBEMARLE COUNTY,401,SCOTTSVILLE,065,000401,188245.98085815998,0.09546206209935977,11,18,149251879.5088396,0.001261263720615397,114.0000000001448,0.0008373865096424431
003,ALBEMARLE COUNTY,401,SCOTTSVILLE,029,000102,1446.9648060760244,0.07696793,1,1,149251879.5088396,9.694784486719487e-06,114.0000000001448,0.0006751572807008969
003,ALBEMARLE COUNTY,402,MONTICELLO,003,000402,131736332.19433276,83.37020795339784,84,234,159074054.0676898,0.8281446837224367,120.99999999931481,0.6890099830898342
003,ALBEMARLE COUNTY,402,MONTICELLO,003,000406,27190631.48458618,36.395495936038074,37,107,159074054.0676898,0.17093065015502726,120.99999999931481,0.3007892226135882
003,ALBEMARLE COUNTY,402,MONTICELLO,065,000401,141696.13824649097,0.6296493736169715,7,14,159074054.0676898,0.0008907558122973083,120.99999999931481,0.005203713831574686
003,ALBEMARLE COUNTY,402,MONTICELLO,540,000101,3273.7037024160736,0.6045040639619235,4,4,159074054.0676898,2.057974646841549e-05,120.99999999931481,0.004995901355085509
003,ALBEMARLE COUNTY,402,MONTICELLO,003,000405,2120.5468219605204,0.0001426723,1,1,159074054.0676898,1.3330563770369347e-05,120.99999999931481,1.179109917362049e-06
003,ALBEMARLE COUNTY,403,PORTER'S,003,000306,184852712.77521604,98.0000000001,98,274,194198593.70265865,0.9518746209781916,103.9999999999,0.9423076923095599
003,ALBEMARLE COUNTY,403,PORTER'S,003,000302,9341428.432208577,4.9999999998,5,16,194198593.70265865,0.04810245148588164,103.9999999999,0.04807692307504623
003,ALBEMARLE COUNTY,403,PORTER'S,003,000401,2884.5414529391905,1.0,1,1,194198593.70265865,1.4853565095099347e-05,103.9999999999,0.00961538461539386
003,ALBEMARLE COUNTY,403,PORTER'S,125,000202,1567.9537811053067,0.0,2,5,194198593.70265865,8.073970831663344e-06,103.9999999999,0.0
003,ALBEMARLE COUNTY,404,COVESVILLE,003,000302,55753477.22317879,46.99999999969947,47,136,55753477.22317879,1.0,46.99999999969947,1.0
003,ALBEMARLE COUNTY,405,CALE,003,000305,19186789.051039122,21.3437467684066,23,95,32313022.688971445,0.5937788375826457,73.9999999994066,0.28842901038618585
003,ALBEMARLE COUNTY,405,CALE,003,000405,8253831.869279574,20.0640383497,21,57,32313022.688971445,0.25543360485729605,73.9999999994066,0.27113565337649853
003,ALBEMARLE COUNTY,405,CALE,003,000407,4869702.375907173,30.65796005819574,33,71,32313022.688971445,0.15070401871036412,73.9999999994066,0.4142967575465079
003,ALBEMARLE COUNTY,405,CALE,540,000302,2097.9029376983526,0.9982931728042598,2,2,32313022.688971445,6.492437918580655e-05,73.9999999994066,0.013490448281246825
003,ALBEMARLE COUNTY,405,CALE,540,000102,601.4898078765507,0.9359616503,2,2,32313022.688971445,1.861447050825862e-05,73.9999999994066,0.012648130409560884
003,ALBEMARLE COUNTY,501,KESWICK,003,000501,130404072.47810474,166.32740969537264,174,337,156578338.15292498,0.8328359721811794,218.0000000007457,0.7629697692422187
003,ALBEMARLE COUNTY,501,KESWICK,003,000406,25284051.256167144,47.4121369468,48,137,156578338.15292498,0.1614786026881511,218.0000000007457,0.2174868667276964
003,ALBEMARLE COUNTY,501,KESWICK,003,000502,822192.3810183352,3.8618606503444823,14,20,156578338.15292498,0.0052509969815577335,218.0000000007457,0.01771495711161134
003,ALBEMARLE COUNTY,501,KESWICK,137,000102,57011.100636394025,0.39658401849999997,2,2,156578338.15292498,0.00036410592492502463,218.0000000007457,0.001819192745406621
003,ALBEMARLE COUNTY,501,KESWICK,109,000101,6274.353735868991,0.0,5,6,156578338.15292498,4.007165876125875e-05,218.0000000007457,0.0
003,ALBEMARLE COUNTY,501,KESWICK,137,000101,4540.095503096614,0.0017678165801149122,2,2,156578338.15292498,2.8995680734984237e-05,218.0000000007457,8.109250367471858e-06
003,ALBEMARLE COUNTY,501,KESWICK,003,000507,196.48775940921533,0.00024087314846736637,2,2,156578338.15292498,1.2548846904819753e-06,218.0000000007457,1.1049226993878092e-06
003,ALBEMARLE COUNTY,502,STONY POINT,003,000502,91821531.6915563,61.99988142867879,62,161,91828420.74414816,0.9999249790801581,63.0000000003,0.9841251020378342
003,ALBEMARLE COUNTY,502,STONY POINT,003,000501,5700.716706670812,1.0,1,1,91828420.74414816,6.208009089641339e-05,63.0000000003,0.015873015872940287
003,ALBEMARLE COUNTY,502,STONY POINT,137,000101,1188.3358852026668,0.00011857162120628384,1,1,91828420.74414816,1.2940828945687759e-05,63.0000000003,1.8820892254876067e-06
003,ALBEMARLE COUNTY,503,HOLLYMEAD,003,000506,37498898.049935,25.54997375604764,27,126,52070474.56797289,0.7201566408038756,61.999999999030166,0.4120963509104404
003,ALBEMARLE COUNTY,503,HOLLYMEAD,003,000106,8693081.156930182,19.433018513830167,28,124,52070474.56797289,0.1669483758129037,61.999999999030166,0.31343578248603465
003,ALBEMARLE COUNTY,503,HOLLYMEAD,003,000503,5662666.323398377,16.716050482913467,18,55,52070474.56797289,0.10875004252181958,61.999999999030166,0.2696137174705637
003,ALBEMARLE COUNTY,503,HOLLYMEAD,003,000603,155722.34220666796,0.1326951597,3,10,52070474.56797289,0.0029906073163091253,61.999999999030166,0.0021402445113238014
003,ALBEMARLE COUNTY,503,HOLLYMEAD,079,000201,57193.61629814405,0.16485133813889627,1,5,52070474.56797289,0.0010983886122159958,61.999999999030166,0.002658892550668951
003,ALBEMARLE COUNTY,503,HOLLYMEAD,137,000101,2913.0792045207945,0.0034107484,1,1,52070474.56797289,5.594493287588642e-05,61.999999999030166,5.501207096860246e-05
003,ALBEMARLE COUNTY,504,FREE BRIDGE,003,000507,22546234.234200627,34.01612045884504,36,101,45582593.07653806,0.49462377439438515,102.00000000060534,0.3334913770455212
003,ALBEMARLE COUNTY,504,FREE BRIDGE,003,000502,9827508.276139745,4.9999999999,8,25,45582593.07653806,0.215597832699827,102.00000000060534,0.049019607841865945
003,ALBEMARLE COUNTY,504,FREE BRIDGE,003,000105,5361362.474176425,25.946446040455186,26,92,45582593.07653806,0.11761863712259901,102.00000000060534,0.2543769219637373
003,ALBEMARLE COUNTY,504,FREE BRIDGE,003,000504,4595632.426217344,21.746578132295145,25,116,45582593.07653806,0.10081989891406098,102.00000000060534,0.21320174639378514
003,ALBEMARLE COUNTY,504,FREE BRIDGE,003,000406,3210941.492235428,15.030376995017521,16,40,45582593.07653806,0.07044227358553105,102.00000000060534,0.1473566372051796
003,ALBEMARLE COUNTY,504,FREE BRIDGE,540,000101,20741.140438550567,0.20692275398247884,1,1,45582593.07653806,0.00045502326740657267,102.00000000060534,0.0020286544507965767
003,ALBEMARLE COUNTY,504,FREE BRIDGE,540,000202,20125.025292845265,0.05355395994481315,5,6,45582593.07653806,0.0004415068107041034,102.00000000060534,0.0005250388229852482
003,ALBEMARLE COUNTY,504,FREE BRIDGE,003,000501,48.00783710324926,1.66016515897945e-06,3,3,45582593.07653806,1.0532054861959904e-06,102.00000000060534,1.6276129009505858e-08
003,ALBEMARLE COUNTY,601,CROZET,003,000601,175504654.16175735,116.99903518915775,119,358,259998712.6680022,0.6750212428392403,245.00000000053709,0.47754708240367866
003,ALBEMARLE COUNTY,601,CROZET,003,000604,66875910.27510035,79.00103444408853,85,293,259998712.6680022,0.2572163130688097,245.00000000053709,0.3224532018118994
003,ALBEMARLE COUNTY,601,CROZET,003,000606,17006215.178823866,34.99972455709283,35,115,259998712.6680022,0.06540884377585153,245.00000000053709,0.14285601860006575
003,ALBEMARLE COUNTY,601,CROZET,003,000602,605867.3694681517,14.0,14,25,259998712.6680022,0.002330270651154325,245.00000000053709,0.05714285714273187
003,ALBEMARLE COUNTY,601,CROZET,015,000801,5986.215709105961,0.0,8,8,259998712.6680022,2.3024020571786003e-05,245.00000000053709,0.0
003,ALBEMARLE COUNTY,601,CROZET,125,000101,79.46714335294779,0.00020581019795726916,1,1,259998712.6680022,3.0564437237972424e-07,245.00000000053709,8.400416243135428e-07
003,ALBEMARLE COUNTY,602,FREE UNION,003,000602,178952504.75987798,108.2065652343,109,300,178987600.49820665,0.9998039208401533,109.0000000002,0.9927207819642335
003,ALBEMARLE COUNTY,602,FREE UNION,003,000603,35095.738328669955,0.7934347659,1,1,178987600.49820665,0.00019607915984672688,109.0000000002,0.00727921803576646
003,ALBEMARLE COUNTY,603,EARLYSVILLE,003,000603,85058591.51931426,46.87335570614117,48,135,96969651.60158676,0.8771671354331483,50.999999999801176,0.919085406006351
003,ALBEMARLE COUNTY,603,EARLYSVILLE,003,000106,11861992.344038328,2.0,2,7,96969651.60158676,0.12232685327957005,50.999999999801176,0.03921568627466269
003,ALBEMARLE COUNTY,603,EARLYSVILLE,079,000401,49067.7382341729,2.126644293660009,4,6,96969651.60158676,0.000506011287281659,50.999999999801176,0.04169890771898627
005,ALLEGHANY COUNTY,101,ARRITT,005,005101,196343173.7465097,88.0000000002,88,276,220335127.4358134,0.8911115355571577,100.0000000001,0.88000000000112
005,ALLEGHANY COUNTY,101,ARRITT,005,005402,23991953.6893037,11.9999999999,12,39,220335127.4358134,0.10888846444284232,100.0000000001,0.11999999999888
005,ALLEGHANY COUNTY,103,DAMERON,005,005103,157028136.67247033,59.9999999999,60,149,164825435.25782534,0.9526935962695429,68.9999999999,0.8695652173911154
005,ALLEGHANY COUNTY,103,DAMERON,005,005201,6092102.030829554,7.0,7,22,164825435.25782534,0.03696093398024455,68.9999999999,0.10144927536246587
005,ALLEGHANY COUNTY,103,DAMERON,005,005101,1705196.5545254527,2.0,3,3,164825435.25782534,0.01034546975021257,68.9999999999,0.02898550724641882
005,ALLEGHANY COUNTY,201,HUMPBACK BRIDGE,005,005201,116342566.55692962,113.0000000001,113,356,116563895.48642585,0.9981012222646419,115.0000000001,0.982608695652189
005,ALLEGHANY COUNTY,201,HUMPBACK BRIDGE,005,005302,221328.92949622704,2.0,2,6,116563895.48642585,0.0018987777353580409,115.0000000001,0.017391304347810964
005,ALLEGHANY COUNTY,202,DOLLY ANN,005,005202,45500135.81756022,23.0683428068,24,58,67482562.77551427,0.6742502647523891,40.9999999999,0.5626425074842991
005,ALLEGHANY COUNTY,202,DOLLY ANN,005,005401,19856688.47390393,10.0000000001,11,24,67482562.77551427,0.29424917574572074,40.9999999999,0.24390243902742417
005,ALLEGHANY COUNTY,202,DOLLY ANN,005,005402,1624400.8328209245,6.9316520364,8,17,67482562.77551427,0.024071415874121642,40.9999999999,0.1690646838150465
005,ALLEGHANY COUNTY,202,DOLLY ANN,005,005502,499732.45668731484,1.0,1,3,67482562.77551427,0.007405356823061266,40.9999999999,0.024390243902498512
005,ALLEGHANY COUNTY,202,DOLLY ANN,005,005201,1605.1945418786172,5.1566e-06,1,3,67482562.77551427,2.378680470714213e-05,40.9999999999,1.2577073170762384e-07
005,ALLEGHANY COUNTY,301,CALLAGHAN,005,005301,162651272.12262443,47.805549429122664,48,172,162718498.31679574,0.9995868558592494,48.99999999924363,0.9756234577522571
005,ALLEGHANY COUNTY,301,CALLAGHAN,005,005201,33112.567412973134,1.0,1,2,162718498.31679574,0.00020349602384177895,48.99999999924363,0.020408163265621147
005,ALLEGHANY COUNTY,301,CALLAGHAN,017,000101,26425.49456077862,0.14080651772127967,3,4,162718498.31679574,0.00016240006412381568,48.99999999924363,0.0028736024025194525
005,ALLEGHANY COUNTY,301,CALLAGHAN,017,000102,7688.132197553875,0.053644052399685296,6,6,162718498.31679574,4.7248052784913815e-05,48.99999999924363,0.0010947765796023134
005,ALLEGHANY COUNTY,302,GRIFFITH,005,005302,88899316.6546928,70.6363959460487,71,233,103850891.472237,0.8560284403380275,75.00000000004869,0.9418186126133712
005,ALLEGHANY COUNTY,302,GRIFFITH,005,005201,14759572.86148744,2.0003272106,3,24,103850891.472237,0.1421227362832335,75.00000000004869,0.026671029474649353
005,ALLEGHANY COUNTY,302,GRIFFITH,005,005202,192001.95605676837,2.3632768434,3,4,103850891.472237,0.0018488233787390957,75.00000000004869,0.03151035791197954
005,ALLEGHANY COUNTY,401,LOW MOOR,005,005401,117151001.38332215,78.3939100498,79,273,150139985.0180439,0.7802784938951665,117.9999999997,0.6643551699152483
005,ALLEGHANY COUNTY,401,LOW MOOR,005,005502,29434119.145358995,7.999906315243467,8,21,150139985.0180439,0.19604450567796172,117.9999999997,0.0677958162310492
005,ALLEGHANY COUNTY,401,LOW MOOR,005,005402,2060037.969940297,2.0006986419,4,8,150139985.0180439,0.013720781773707521,117.9999999997,0.016955073236483785
005,ALLEGHANY COUNTY,401,LOW MOOR,005,005701,1150116.4977970608,28.6053913081,30,54,150139985.0180439,0.007660294475577836,117.9999999997,0.24241857040824344
005,ALLEGHANY COUNTY,401,LOW MOOR,005,005501,343226.02192373597,1.0,1,2,150139985.0180439,0.0022860400704215263,117.9999999997,0.008474576271207986
005,ALLEGHANY COUNTY,401,LOW MOOR,017,000301,1483.9997016784062,9.36846565329325e-05,5,5,150139985.0180439,9.884107165057051e-06,117.9999999997,7.939377672302601e-07
005,ALLEGHANY COUNTY,402,JACKSON HEIGHTS,005,005402,14594989.042583818,15.9999999998,16,56,14594989.042583818,1.0,15.9999999998,1.0
005,ALLEGHANY COUNTY,501,IRON GATE,005,005501,4526737.279824612,50.9943748285,52,118,4534328.507940146,0.9983258319060383,51.9999999999,0.9806610543961167
005,ALLEGHANY COUNTY,501,IRON GATE,005,005701,4244.235074270353,1.0,1,2,4534328.507940146,0.0009360228459050099,51.9999999999,0.019230769230806213
005,ALLEGHANY COUNTY,501,IRON GATE,005,005401,3346.9930412640097,0.0056251714,1,2,4534328.507940146,0.0007381452480566921,51.9999999999,0.00010817637307713112
005,ALLEGHANY COUNTY,502,PETERS SWITCH,005,005502,147935749.2513594,112.790619215,116,382,149249826.56386206,0.9911954516614438,132.9999999998,0.8480497685351099
005,ALLEGHANY COUNTY,502,PETERS SWITCH,005,005601,1295817.2990280872,18.0,18,29,149249826.56386206,0.008682203047476399,132.9999999998,0.13533834586486518
005,ALLEGHANY COUNTY,502,PETERS SWITCH,005,005501,9250.733812103497,0.24244463479999998,2,7,149249826.56386206,6.19815381034646e-05,132.9999999998,0.0018228919909801847
005,ALLEGHANY COUNTY,502,PETERS SWITCH,163,000201,9009.279662479574,1.96693615,4,4,149249826.56386206,6.036375297645401e-05,132.9999999998,0.014788993609044796
007,AMELIA COUNTY,101,DISTRICT 1,007,000101,240288908.5534265,61.528436699,62,240,256658457.95717368,0.9362204949954207,80.9999999995,0.7596103296219728
007,AMELIA COUNTY,101,DISTRICT 1,007,000301,16369549.403747182,19.4715633005,22,49,256658457.95717368,0.06377950500457936,80.9999999995,0.2403896703780271
007,AMELIA COUNTY,201,DISTRICT 2,007,000201,166572361.36757722,69.7568835885,70,236,170521750.8733242,0.9768393798121341,70.99999999970001,0.9824913181520386
007,AMELIA COUNTY,201,DISTRICT 2,007,000401,3949389.5057469653,1.2431164112,2,3,170521750.8733242,0.02316062018786598,70.99999999970001,0.0175086818479613
007,AMELIA COUNTY,301,DISTRICT 3,007,000301,136696621.1275178,82.3478260872,83,240,168568508.63080767,0.8109262058366165,107.0000000002,0.7696058512808045
007,AMELIA COUNTY,301,DISTRICT 3,007,000501,31871887.503289867,24.652173913,25,64,168568508.63080767,0.18907379416338352,107.0000000002,0.2303941487191955
007,AMELIA COUNTY,401,DISTRICT 4,007,000401,53245860.19841529,62.2633163691,64,144,104633394.29028335,0.5088801769222534,105.00000000029999,0.5929839654183058
007,AMELIA COUNTY,401,DISTRICT 4,007,000501,20746166.871084712,15.5036915864,16,75,104633394.29028335,0.19827481476447983,105.00000000029999,0.14765420558434006
007,AMELIA COUNTY,401,DISTRICT 4,007,000201,17703674.69854492,18.0318655046,19,48,104633394.29028335,0.16919717475120608,105.00000000029999,0.17173205242427125
007,AMELIA COUNTY,401,DISTRICT 4,007,000301,12937692.52223843,9.2011265402,10,27,104633394.29028335,0.12364783356206072,105.00000000029999,0.08762977657308298
007,AMELIA COUNTY,501,DISTRICT 5,007,000501,211600985.89748454,86.9999999998,87,286,228183682.77783453,0.9273274202674021,92.9999999998,0.9354838709676032
007,AMELIA COUNTY,501,DISTRICT 5,007,000401,16582696.880349986,6.0,6,24,228183682.77783453,0.07267257973259782,92.9999999998,0.06451612903239681
009,AMHERST COUNTY,101,WRIGHT SHOP,009,000101,60849674.96493005,32.99437086252126,33,255,60858501.802140236,0.9998549613127369,33.00000000019928,0.999829420070364
009,AMHERST COUNTY,101,WRIGHT SHOP,031,000601,8826.837210184995,0.005629137678018344,1,3,60858501.802140236,0.00014503868726315866,33.00000000019928,0.00017057992963588942
009,AMHERST COUNTY,102,NEW GLASGOW,009,000102,186341827.25165173,97.9777808805,98,441,186395946.5867635,0.9997096539055554,98.00000000040001,0.9997732742867356
009,AMHERST COUNTY,102,NEW GLASGOW,009,000103,41803.32349735004,0.0056944796999999995,1,2,186395946.5867635,0.00022427163392145679,98.00000000040001,5.810693571404853e-05
009,AMHERST COUNTY,102,NEW GLASGOW,009,000101,12316.011614398492,0.0165246402,3,3,186395946.5867635,6.607446052302238e-05,98.00000000040001,0.00016861877755033216
009,AMHERST COUNTY,103,COOLWELL,009,000103,29494054.630185228,11.0,11,71,39803450.72762152,0.7409924036992575,17.0000000002,0.6470588235217993
009,AMHERST COUNTY,103,COOLWELL,009,000402,10309396.097436292,6.0000000002,6,41,39803450.72762152,0.25900759630074255,17.0000000002,0.35294117647820067
009,AMHERST COUNTY,201,COURTHOUSE,009,000201,126296577.58492482,134.99999999971172,135,491,132193517.5544159,0.9553916101289636,140.99999999971172,0.9574468085105513
009,AMHERST COUNTY,201,COURTHOUSE,009,000102,5896939.969491083,6.0,6,13,132193517.5544159,0.044608389871036436,140.99999999971172,0.0425531914894487
009,AMHERST COUNTY,202,TEMPERANCE,009,000202,273571441.4600378,116.00345742936724,117,411,273591591.6620297,0.9999263493374579,118.99999999986724,0.9748189699957702
009,AMHERST COUNTY,202,TEMPERANCE,163,000402,20150.201991838218,2.9965425705,5,5,273591591.6620297,7.365066254203439e-05,118.99999999986724,0.025181030004229773
009,AMHERST COUNTY,301,MONROE,009,000301,47154793.76798936,60.00000000022857,60,167,48998643.13376344,0.9623693790715698,67.00000000011927,0.8955223880615187
009,AMHERST COUNTY,301,MONROE,009,000402,1843849.365774082,6.9999999998907,7,59,48998643.13376344,0.03763062092843022,67.00000000011927,0.10447761193848118
009,AMHERST COUNTY,302,ELON,009,000302,221063637.5648567,122.62618369026276,123,386,221077377.96049657,0.9999378480251275,123.0000000002,0.9969608430086453
009,AMHERST COUNTY,302,ELON,019,000502,13740.395639880624,0.37381630993723985,7,9,221077377.96049657,6.215197487250749e-05,123.0000000002,0.0030391569913547317
009,AMHERST COUNTY,303,PLEASANT VIEW,009,000303,215243191.77208024,100.95108255816,104,270,215753309.92234772,0.9976356416017391,105.0000000001932,0.9614388815045166
009,AMHERST COUNTY,303,PLEASANT VIEW,009,000301,487418.7955509702,0.0240335493332,1,2,215753309.92234772,0.0022591486347365805,105.0000000001932,0.00022889094603005503
009,AMHERST COUNTY,303,PLEASANT VIEW,009,000302,14195.952858382376,0.3247100803,1,1,215753309.92234772,6.579714982584357e-05,105.0000000001932,0.003092476955232405
009,AMHERST COUNTY,303,PLEASANT VIEW,163,000301,8503.401858117166,3.7001738124,6,8,215753309.92234772,3.941261369838379e-05,105.0000000001932,0.035239750594220874
009,AMHERST COUNTY,401,AMELON,009,000401,27612712.77513279,35.99369476245761,36,153,40032417.004674666,0.689758821504792,42.999999999958,0.8370626688951806
009,AMHERST COUNTY,401,AMELON,009,000402,12404786.260077981,2.999999999737663,3,32,40032417.004674666,0.3098685312612888,42.999999999958,0.0697674418544324
009,AMHERST COUNTY,401,AMELON,009,000201,11160.080296167489,2.0,2,2,40032417.004674666,0.00027877608026675744,42.999999999958,0.04651162790702217
009,AMHERST COUNTY,401,AMELON,680,000201,2695.903024489568,0.006305237762731459,3,3,40032417.004674666,6.734299915427945e-05,42.999999999958,0.0001466334363427353
009,AMHERST COUNTY,401,AMELON,009,000301,1061.9861432367748,2.0,2,3,40032417.004674666,2.65281544982099e-05,42.999999999958,0.04651162790702217
009,AMHERST COUNTY,501,MADISON,009,000501,21499504.640151404,69.91953428688903,70,231,21511115.010514766,0.9994602618061552,70.99999999959999,0.9847821730603232
009,AMHERST COUNTY,501,MADISON,680,000201,10332.09088330522,0.0804657127109642,3,3,21511115.010514766,0.00048031405523399557,70.99999999959999,0.0011333198973439089
009,AMHERST COUNTY,501,MADISON,680,000202,1278.2794800558636,1.0,1,1,21511115.010514766,5.9424138610715095e-05,70.99999999959999,0.014084507042332871
011,APPOMATTOX COUNTY,101,VERA,011,000101,113868723.75865096,45.4878096066,46,172,139818507.75639692,0.814403798079738,60.00000000040001,0.7581301601049457
011,APPOMATTOX COUNTY,101,VERA,011,000502,23728424.890984673,9.0000000001,9,28,139818507.75639692,0.1697087550979034,60.00000000040001,0.15000000000066666
011,APPOMATTOX COUNTY,101,VERA,011,000501,1923992.2414158904,3.0,3,6,139818507.75639692,0.013760640649720171,60.00000000040001,0.04999999999966666
011,APPOMATTOX COUNTY,101,VERA,011,000401,297366.8653454083,2.5121903937,7,10,139818507.75639692,0.0021268061726384953,60.00000000040001,0.041869839894720866
011,APPOMATTOX COUNTY,102,PAMPLIN,011,000102,147129810.59350938,102.9999999997,103,263,147129810.59350938,1.0,102.9999999997,1.0
011,APPOMATTOX COUNTY,201,CHAP,011,000201,65271868.901991,31.0,31,87,86944068.7617892,0.7507340044186792,53.0000000001,0.5849056603762549
011,APPOMATTOX COUNTY,201,CHAP,011,000401,17304600.311865013,19.000000000100002,19,41,86944068.7617892,0.19903140672282596,53.0000000001,0.35849056603894625
011,APPOMATTOX COUNTY,201,CHAP,011,000102,3595588.872613443,1.0,1,2,86944068.7617892,0.04135519448100246,53.0000000001,0.018867924528266286
011,APPOMATTOX COUNTY,201,CHAP,011,000202,772010.675319745,2.0,2,3,86944068.7617892,0.008879394377492415,53.0000000001,0.03773584905653257
011,APPOMATTOX COUNTY,202,SPOUT SPRING,011,000202,98695556.05276977,54.9477802822,55,158,98705229.23739326,0.9999019992689523,55.0000000001,0.999050550583638
011,APPOMATTOX COUNTY,202,SPOUT SPRING,031,000401,7397.036513208937,0.0112134774,2,2,98705229.23739326,7.494067508235583e-05,55.0000000001,0.00020388140727235657
011,APPOMATTOX COUNTY,202,SPOUT SPRING,031,000703,2276.148110279103,0.0410062405,2,2,98705229.23739326,2.30600559652701e-05,55.0000000001,0.0007455680090895535
011,APPOMATTOX COUNTY,301,460,011,000301,39373150.88608766,30.0000000002,30,74,39748642.31312693,0.9905533521351179,34.000000000200004,0.8823529411771626
011,APPOMATTOX COUNTY,301,460,011,000202,316109.8334274075,4.0,4,9,39748642.31312693,0.007952720269970395,34.000000000200004,0.11764705882283735
011,APPOMATTOX COUNTY,301,460,011,000401,59381.593611856835,0.0,2,4,39748642.31312693,0.0014939275949117426,34.000000000200004,0.0
011,APPOMATTOX COUNTY,302,STONEWALL,011,000302,76224304.91093494,59.9658528937,62,132,109137488.2904747,0.6984245844842999,78.0,0.7687929858166667
011,APPOMATTOX COUNTY,302,STONEWALL,011,000301,20429136.754145164,13.0716696978,14,38,109137488.2904747,0.1871871624878523,78.0,0.16758550894615384
011,APPOMATTOX COUNTY,302,STONEWALL,011,000501,12484046.625394592,4.9624774085,5,21,109137488.2904747,0.11438825302784776,78.0,0.06362150523717948
011,APPOMATTOX COUNTY,401,COURTHOUSE,011,000401,21693543.94473305,113.29970006765139,116,225,22033001.673598904,0.9845932145835303,119.00000000009999,0.9520983198954301
011,APPOMATTOX COUNTY,401,COURTHOUSE,011,000101,226464.67971934783,1.4357515015,4,4,22033001.673598904,0.010278430650269031,119.00000000009999,0.012065138668057088
011,APPOMATTOX COUNTY,401,COURTHOUSE,011,000501,71397.34680443547,2.0847864027486116,4,8,22033001.673598904,0.003240472989660211,119.00000000009999,0.01751921346846101
011,APPOMATTOX COUNTY,401,COURTHOUSE,011,000202,37875.786516476466,2.1667317925,4,8,22033001.673598904,0.0017190479571315613,119.00000000009999,0.01820783018906033
011,APPOMATTOX COUNTY,401,COURTHOUSE,011,000301,3719.915825593077,0.0130302357,1,1,22033001.673598904,0.0001688338194087497,119.00000000009999,0.00010949777899150464
011,APPOMATTOX COUNTY,501,OAKVILLE,011,000501,141790867.8663504,82.59863934734696,84,222,141967716.90672532,0.9987543010183709,86.9999999998,0.9494096476728373
011,APPOMATTOX COUNTY,501,OAKVILLE,011,000401,176849.04037489634,4.401360652453038,7,22,141967716.90672532,0.001245698981628961,86.9999999998,0.05059035232716271
011,APPOMATTOX COUNTY,502,AGEE,011,000502,81466918.39720455,56.0000000001,56,124,81466918.39720455,1.0,56.0000000001,1.0
013,ARLINGTON COUNTY,1,ARLINGTON,013,000001,886420.1885831726,22.0,22,26,1149054.4734666233,0.7714344350524132,33.0,0.6666666666666666
013,ARLINGTON COUNTY,1,ARLINGTON,013,000047,262634.28488345066,11.0,11,12,1149054.4734666233,0.2285655649475868,33.0,0.3333333333333333
013,ARLINGTON COUNTY,10,WILSON,013,000010,6328612.7351862965,60.88833107362581,62,249,6587346.78931861,0.9607225697375078,77.0000000005933,0.7907575464046318
013,ARLINGTON COUNTY,10,WILSON,013,000018,243394.17004859605,15.0,15,19,6587346.78931861,0.036948740947305214,77.0000000005933,0.1948051948036938
013,ARLINGTON COUNTY,10,WILSON,013,000019,15339.884083717718,1.1116689269675017,3,7,6587346.78931861,0.0023286893151870124,77.0000000005933,0.014437258791674495
013,ARLINGTON COUNTY,11,EAST FALLS CHURCH,013,000011,1396421.8422800186,56.0,56,74,1396421.8422800186,1.0,56.0,1.0
013,ARLINGTON COUNTY,12,FAIRLINGTON,013,000012,781365.9440695073,17.9796431459,18,25,790015.8730140942,0.98905094284804,18.0,0.9988690636611111
013,ARLINGTON COUNTY,12,FAIRLINGTON,510,000206,8649.928944586882,0.0203568541,3,4,790015.8730140942,0.010949057151959988,18.0,0.0011309363388888889
013,ARLINGTON COUNTY,13,GLEN CARLYN,013,000013,1282990.692081793,29.000000000100002,29,37,1768679.8372600742,0.7253945372438463,42.0000000001,0.6904761904769274
013,ARLINGTON COUNTY,13,GLEN CARLYN,013,000043,482241.2067440462,13.0,13,18,1768679.8372600742,0.27265602093994773,42.0000000001,0.30952380952307257
013,ARLINGTON COUNTY,13,GLEN CARLYN,013,000039,3447.9384342350504,0.0,2,2,1768679.8372600742,0.001949441816205909,42.0000000001,0.0
013,ARLINGTON COUNTY,14,CLARENDON,013,000014,462312.01261368557,22.0,22,22,657871.115678208,0.7027394904503173,29.0,0.7586206896551724
013,ARLINGTON COUNTY,14,CLARENDON,013,000046,75846.33746420278,4.0,4,8,657871.115678208,0.11529057235779655,29.0,0.13793103448275862
013,ARLINGTON COUNTY,14,CLARENDON,013,000049,67042.28327269279,0.9927051628,1,1,657871.115678208,0.10190792949402866,29.0,0.034231212510344826
013,ARLINGTON COUNTY,14,CLARENDON,013,000051,52670.482327626814,2.0072948372,3,9,657871.115678208,0.08006200769785754,29.0,0.06921706335172413
013,ARLINGTON COUNTY,15,LYON PARK,013,000015,636764.7940546827,33.9990676188,34,46,923536.9193554483,0.6894849363456865,49.0,0.693858522832653
013,ARLINGTON COUNTY,15,LYON PARK,013,000054,281056.53264509566,14.8494739955,15,16,923536.9193554483,0.3043262556750299,49.0,0.30305048970408166
013,ARLINGTON COUNTY,15,LYON PARK,013,000048,3284.639580130779,0.0,5,5,923536.9193554483,0.0035565871935289636,49.0,0.0
013,ARLINGTON COUNTY,15,LYON PARK,013,000026,1292.7300239265917,0.0009323812,1,1,923536.9193554483,0.0013997599845047984,49.0,1.9028187755102042e-05
013,ARLINGTON COUNTY,15,LYON PARK,013,000041,649.8191909198738,0.1505260045,3,3,923536.9193554483,0.0007036201556223582,49.0,0.003071959275510204
013,ARLINGTON COUNTY,15,LYON PARK,013,000002,488.40386069279737,0.0,2,2,923536.9193554483,0.0005288406456275322,49.0,0.0
013,ARLINGTON COUNTY,16,LYON VILLAGE,013,000016,950297.6559724918,60.0000000001,60,68,1257597.3766940758,0.7556453866583264,85.0000000001,0.7058823529415225
013,ARLINGTON COUNTY,16,LYON VILLAGE,013,000048,305282.7849097474,24.0,24,26,1257597.3766940758,0.24275081243590316,85.0000000001,0.2823529411761384
013,ARLINGTON COUNTY,16,LYON VILLAGE,013,000002,2016.935811836575,1.0,1,1,1257597.3766940758,0.0016038009057705092,85.0000000001,0.0117647058823391
013,ARLINGTON COUNTY,17,OVERLEE KNOLLS,013,000017,1523998.9355799896,66.0,66,76,1523998.9355799896,1.0,66.0,1.0
013,ARLINGTON COUNTY,18,PARK LANE,013,000044,801727.7378539813,22.999999999899998,23,46,1172006.9079963714,0.6840640037050563,41.9999999999,0.5476190476179705
013,ARLINGTON COUNTY,18,PARK LANE,013,000018,370279.17014238995,19.0,19,21,1172006.9079963714,0.3159359962949436,41.9999999999,0.4523809523820295
013,ARLINGTON COUNTY,19,ROSSLYN,013,000019,914538.9187725389,37.0,37,73,914538.9187725389,1.0,37.0,1.0
013,ARLINGTON COUNTY,2,ASHTON HEIGHTS,013,000002,1287550.3134346688,68.0000000001,68,80,1287550.3134346688,1.0,68.0000000001,1.0
013,ARLINGTON COUNTY,20,THRIFTON,013,000020,3841643.3113238923,45.978308235121936,46,69,3842388.038863054,0.9998061810697855,45.9999999999,0.999528439896128
013,ARLINGTON COUNTY,20,THRIFTON,013,000035,744.7275391615258,0.021691764778064587,2,3,3842388.038863054,0.0001938189302145255,45.9999999999,0.00047156010387199444
013,ARLINGTON COUNTY,21,VIRGINIA HIGHLANDS,013,000021,434242.49077348755,26.0,26,26,841622.8294453074,0.515958545301921,34.0000000000203,0.7647058823524846
013,ARLINGTON COUNTY,21,VIRGINIA HIGHLANDS,013,000053,407296.3366793771,7.997497094820302,8,24,841622.8294453074,0.4839416451521592,34.0000000000203,0.23522050278869197
013,ARLINGTON COUNTY,21,VIRGINIA HIGHLANDS,013,000006,84.00199244266423,0.0025029052,1,1,841622.8294453074,9.980954591978909e-05,34.0000000000203,7.361485882348546e-05
013,ARLINGTON COUNTY,22,ABINGDON,013,000022,565189.9292812018,7.8766859066,8,19,568393.0061309681,0.9943646793412018,7.9999999999,0.9845857383373073
013,ARLINGTON COUNTY,22,ABINGDON,510,000208,2962.0714694595,0.1164701574,1,1,568393.0061309681,0.005211308790764721,7.9999999999,0.014558769675181984
013,ARLINGTON COUNTY,22,ABINGDON,510,000206,126.00304121307354,0.000162889,1,1,568393.0061309681,0.000221682955022216,7.9999999999,2.0361125000254512e-05
013,ARLINGTON COUNTY,22,ABINGDON,013,000042,115.00233909369322,0.0066810469,1,2,568393.0061309681,0.00020232891301128113,7.9999999999,0.0008351308625104392
013,ARLINGTON COUNTY,23,WESTOVER,013,000023,948570.2616117392,43.0,43,44,948570.2616117392,1.0,43.0,1.0
013,ARLINGTON COUNTY,24,WOODLAWN,013,000024,1455487.7673617403,51.000000000050235,51,83,1460558.5356662727,0.9965281991918118,52.000000000050235,0.9807692307692494
013,ARLINGTON COUNTY,24,WOODLAWN,013,000014,5070.768304532339,1.0,1,1,1460558.5356662727,0.0034718008081881997,52.000000000050235,0.019230769230750653
013,ARLINGTON COUNTY,25,ARLINGTON FOREST,013,000025,1071422.366555944,30.0000000001,30,51,1617838.0451558323,0.6622556378643841,43.0000000001,0.6976744186053542
013,ARLINGTON COUNTY,25,ARLINGTON FOREST,013,000045,533981.6204955088,13.0,13,17,1617838.0451558323,0.3300587608842361,43.0000000001,0.3023255813946457
013,ARLINGTON COUNTY,25,ARLINGTON FOREST,013,000002,7872.066863412595,0.0,5,9,1617838.0451558323,0.0048657941300016515,43.0000000001,0.0
013,ARLINGTON COUNTY,25,ARLINGTON FOREST,013,000049,4561.991240966963,0.0,1,2,1617838.0451558323,0.0028198071213781763,43.0000000001,0.0
013,ARLINGTON COUNTY,26,FILLMORE,013,000026,1066957.197310388,31.999999999899998,32,42,1242650.9085677157,0.8586137828041884,36.9999999999,0.8648648648644996
013,ARLINGTON COUNTY,26,FILLMORE,013,000038,175326.13961000342,5.0,5,7,1242650.9085677157,0.14109042081020567,36.9999999999,0.13513513513550038
013,ARLINGTON COUNTY,26,FILLMORE,013,000010,367.57164732415225,0.0,1,1,1242650.9085677157,0.0002957963856058471,36.9999999999,0.0
013,ARLINGTON COUNTY,27,JEFFERSON,013,000027,1263151.3849676778,48.0,48,57,1431666.6961646506,0.882294313579819,52.0,0.9230769230769231
013,ARLINGTON COUNTY,27,JEFFERSON,013,000005,168515.31119697285,4.0,5,5,1431666.6961646506,0.11770568642018095,52.0,0.07692307692307693
013,ARLINGTON COUNTY,28,CLAREMONT,013,000028,1534167.3895257441,29.000000000100002,29,34,1534167.3895257441,1.0,29.000000000100002,1.0
013,ARLINGTON COUNTY,29,DOMINION HILLS,013,000029,1550487.7526727582,55.9809731309,56,61,1579839.6857494586,0.9814209420478153,61.0,0.9177208709983606
013,ARLINGTON COUNTY,29,DOMINION HILLS,013,000023,29267.003903470206,5.0,5,5,1579839.6857494586,0.01852529985634983,61.0,0.08196721311475409
013,ARLINGTON COUNTY,29,DOMINION HILLS,013,000017,84.92917323026826,0.0190268691,3,3,1579839.6857494586,5.375809583488137e-05,61.0,0.0003119158868852459
013,ARLINGTON COUNTY,3,AURORA HILLS,013,000050,3924388.8511246163,13.2263810528,15,90,5411639.9430527855,0.7251755276443634,57.000000000200004,0.23204177285532618
013,ARLINGTON COUNTY,3,AURORA HILLS,013,000003,1377712.9422364053,42.0000000001,42,50,5411639.9430527855,0.2545832606629807,57.000000000200004,0.7368421052623269
013,ARLINGTON COUNTY,3,AURORA HILLS,013,000006,109538.149691764,1.7736189473000001,5,8,5411639.9430527855,0.02024121169265595,57.000000000200004,0.031116121882346963
013,ARLINGTON COUNTY,30,GLEBE,013,000030,1208836.8077182523,42.20860507858952,44,52,1464817.3359382336,0.8252474749310482,48.0,0.8793459391372817
013,ARLINGTON COUNTY,30,GLEBE,013,000047,227424.23957870746,4.7921577731,5,7,1464817.3359382336,0.15525774716001667,48.0,0.09983662027291666
013,ARLINGTON COUNTY,30,GLEBE,013,000009,28556.288641273946,0.9992371483104758,7,15,1464817.3359382336,0.01949477790893517,48.0,0.02081744058980158
013,ARLINGTON COUNTY,31,LEXINGTON,013,000031,1532946.4710574963,74.0,74,75,1532946.4710574963,1.0,74.0,1.0
013,ARLINGTON COUNTY,32,OAKRIDGE,013,000032,731780.8430462794,12.026044496,13,22,1294913.526195129,0.5651194680130388,32.9999999999,0.3644255907889832
013,ARLINGTON COUNTY,32,OAKRIDGE,013,000052,563132.6831488495,20.9739555039,21,50,1294913.526195129,0.43488053198696125,32.9999999999,0.6355744092110169
013,ARLINGTON COUNTY,33,ROCK SPRING,013,000033,2294646.7119960664,69.9671803928817,70,95,2295500.6867192527,0.9996279788857712,70.00000000020066,0.9995311484668734
013,ARLINGTON COUNTY,33,ROCK SPRING,059,000305,853.9747231865231,0.03281960731895227,3,5,2295500.6867192527,0.0003720211142289094,70.00000000020066,0.00046885153312654557
013,ARLINGTON COUNTY,34,YORKTOWN,013,000034,1420542.4625089513,51.0,51,75,1433838.6551997156,0.9907268557431155,52.0,0.9807692307692307
013,ARLINGTON COUNTY,34,YORKTOWN,013,000024,13296.192690764357,1.0,1,1,1433838.6551997156,0.009273144256884584,52.0,0.019230769230769232
013,ARLINGTON COUNTY,35,MADISON,013,000035,2771033.0122819818,61.0000000001,61,83,2771033.0122819818,1.0,61.0000000001,1.0
013,ARLINGTON COUNTY,36,MARSHALL,013,000036,2566570.8653678494,56.9997080785,57,87,2567265.144733815,0.9997295646040341,58.0,0.9827535875603448
013,ARLINGTON COUNTY,36,MARSHALL,013,000007,694.2793659657194,1.0002919215,2,3,2567265.144733815,0.0002704353959659688,58.0,0.01724641243965517
013,ARLINGTON COUNTY,37,NOTTINGHAM,013,000037,1331234.0152851075,52.0,52,73,1331234.0152851075,1.0,52.0,1.0
013,ARLINGTON COUNTY,38,ARLINGTON VIEW,013,000038,491112.6652707046,16.9988251633,17,24,593893.904361007,0.8269366997445635,16.9999999999,0.9999308919647054
013,ARLINGTON COUNTY,38,ARLINGTON VIEW,013,000009,101284.23655796793,0.0,1,4,593893.904361007,0.17054264375207467,16.9999999999,0.0
013,ARLINGTON COUNTY,38,ARLINGTON VIEW,013,000010,1497.0025323345137,0.0011748366,1,1,593893.904361007,0.0025206565033618175,16.9999999999,6.910803529452416e-05
013,ARLINGTON COUNTY,39,ASHLAWN,013,000039,1197900.6307358919,22.991338020200796,23,32,1199902.231213112,0.9983318636925974,23.000000000100002,0.9996233921782971
013,ARLINGTON COUNTY,39,ASHLAWN,013,000029,2001.60047722013,0.008661979899205002,1,1,1199902.231213112,0.001668136307402724,23.000000000100002,0.00037660782170292786
013,ARLINGTON COUNTY,4,BALLSTON,013,000004,1249792.6503269083,37.0,37,51,1717261.2619822358,0.7277824743360669,57.0,0.6491228070175439
013,ARLINGTON COUNTY,4,BALLSTON,013,000023,454648.52708752477,20.0,20,23,1717261.2619822358,0.26475210100688096,57.0,0.3508771929824561
013,ARLINGTON COUNTY,4,BALLSTON,013,000014,5331.7232585125075,0.0,2,2,1717261.2619822358,0.003104782817006013,57.0,0.0
013,ARLINGTON COUNTY,4,BALLSTON,013,000051,4094.3931375576262,0.0,2,2,1717261.2619822358,0.0023842575548646953,57.0,0.0
013,ARLINGTON COUNTY,4,BALLSTON,013,000049,3393.968171732622,0.0,2,2,1717261.2619822358,0.0019763842851814885,57.0,0.0
013,ARLINGTON COUNTY,40,VIRGINIA SQUARE,013,000040,589153.0339251524,23.6814304462,24,36,1166629.0998680512,0.5050045759974503,54.0,0.43854500826296294
013,ARLINGTON COUNTY,40,VIRGINIA SQUARE,013,000049,373200.73003055464,22.3185695538,23,25,1166629.0998680512,0.3198966407342013,54.0,0.41330684358888886
013,ARLINGTON COUNTY,40,VIRGINIA SQUARE,013,000046,204275.3359123441,8.0,8,9,1166629.0998680512,0.17509878326834824,54.0,0.14814814814814814
013,ARLINGTON COUNTY,41,WOODBURY,013,000041,288862.42289148236,19.000000000100002,19,28,288862.42289148236,1.0,19.000000000100002,1.0
013,ARLINGTON COUNTY,42,SHIRLINGTON,013,000042,616815.9714001548,7.7420923036,8,16,755233.7240847523,0.8167219653063794,8.0,0.96776153795
013,ARLINGTON COUNTY,42,SHIRLINGTON,013,000022,138417.7526845975,0.2579076964,1,1,755233.7240847523,0.18327803469362058,8.0,0.03223846205
013,ARLINGTON COUNTY,5,BARCROFT,013,000005,1526281.7061376467,32.97584242472337,35,46,1572759.9749041728,0.970447958043084,35.0000000001,0.9421669264179757
013,ARLINGTON COUNTY,5,BARCROFT,013,000013,38021.838729625415,1.0,2,5,1572759.9749041728,0.024175232925762916,35.0000000001,0.028571428571346938
013,ARLINGTON COUNTY,5,BARCROFT,013,000025,8057.294949953907,0.024157575376635453,8,12,1572759.9749041728,0.005123028992675652,35.0000000001,0.0006902164393304695
013,ARLINGTON COUNTY,5,BARCROFT,013,000027,399.13508694687624,1.0,1,3,1572759.9749041728,0.00025378003847738767,35.0000000001,0.028571428571346938
013,ARLINGTON COUNTY,6,CRYSTAL CITY,013,000006,870029.5203022297,18.90071876887407,19,55,1076974.7750899675,0.8078457735739909,26.999999999985086,0.7000266210697967
013,ARLINGTON COUNTY,6,CRYSTAL CITY,013,000050,198678.4781872454,6.099281231111014,8,11,1076974.7750899675,0.1844783023545267,26.999999999985086,0.22589930485608828
013,ARLINGTON COUNTY,6,CRYSTAL CITY,013,000010,8266.776600492343,2.0,2,4,1076974.7750899675,0.007675924071482323,26.999999999985086,0.074074074074115
013,ARLINGTON COUNTY,7,CHERRYDALE,013,000007,1486747.539961971,55.0,55,96,1486747.539961971,1.0,55.0,1.0
013,ARLINGTON COUNTY,8,HUME,013,000008,998664.6992449474,23.0000000001,23,47,999047.9217417251,0.9996164122977108,24.0000000001,0.9583333333335069
013,ARLINGTON COUNTY,8,HUME,013,000038,383.2224967776741,1.0,1,2,999047.9217417251,0.00038358770228916526,24.0000000001,0.04166666666649306
013,ARLINGTON COUNTY,9,COLUMBIA,013,000009,1967343.499412946,41.0,42,70,1971344.311280643,0.9979705159343281,42.0,0.9761904761904762
013,ARLINGTON COUNTY,9,COLUMBIA,013,000038,4000.8118676971367,1.0,1,3,1971344.311280643,0.0020294840656719638,42.0,0.023809523809523808
015,AUGUSTA COUNTY,101,JOLIVUE,015,000405,29527689.196801733,18.174694725453424,19,71,53695192.50159324,0.5499130894432604,55.0000000002,0.33044899500704245
015,AUGUSTA COUNTY,101,JOLIVUE,015,000101,22025607.497806355,31.055154793975685,34,136,53695192.50159324,0.4101970115323232,55.0000000002,0.564639178070232
015,AUGUSTA COUNTY,101,JOLIVUE,015,000504,1991965.3205733977,3.0,3,8,53695192.50159324,0.037097647438628555,55.0000000002,0.0545454545452562
015,AUGUSTA COUNTY,101,JOLIVUE,790,000101,149930.4864117552,2.7701504807708877,9,22,53695192.50159324,0.0027922515857878053,55.0000000002,0.050366372377469354
015,AUGUSTA COUNTY,102,EXPO,015,000102,17253612.138322923,25.0000000001,25,74,17253612.138322923,1.0,25.0000000001,1.0
015,AUGUSTA COUNTY,103,VERONA,015,000103,41246995.67476633,85.46922100764081,88,295,47904637.10651929,0.8610230275422142,98.9999999998,0.8633254647253887
015,AUGUSTA COUNTY,103,VERONA,015,000301,5832009.910646259,9.9996884251,10,24,47904637.10651929,0.1217420747323141,98.9999999998,0.10100695378909295
015,AUGUSTA COUNTY,103,VERONA,790,000401,495502.313585057,1.8375427327,4,6,47904637.10651929,0.010343514605554221,98.9999999998,0.018561037704077903
015,AUGUSTA COUNTY,103,VERONA,790,000501,314966.7557898686,1.0126881932591838,5,10,47904637.10651929,0.006574869883462808,98.9999999998,0.01022917366930535
015,AUGUSTA COUNTY,103,VERONA,790,000101,15162.451731770194,0.6808596411,1,1,47904637.10651929,0.0003165132364546553,98.9999999998,0.006877370112135106
015,AUGUSTA COUNTY,201,CRIMORA,015,000201,83608603.0432806,114.1908240257,115,321,84451987.78075261,0.9900134412506484,116.0000000005,0.9844036553897224
015,AUGUSTA COUNTY,201,CRIMORA,015,000801,843226.7376485049,1.8086059234,2,3,84451987.78075261,0.00998468786593421,116.0000000005,0.015591430374070727
015,AUGUSTA COUNTY,201,CRIMORA,165,000302,157.99982350368734,0.0005700513999999999,1,2,84451987.78075261,1.8708834173788027e-06,116.0000000005,4.914236206875369e-06
015,AUGUSTA COUNTY,202,NEW HOPE,015,000202,65872707.66978532,37.6487300082,41,179,83433075.52669092,0.7895275015807384,56.99999999999999,0.660504035231579
015,AUGUSTA COUNTY,202,NEW HOPE,015,000103,17554513.62842686,18.3512699918,22,100,83433075.52669092,0.21040233166055386,56.99999999999999,0.3219521051192983
015,AUGUSTA COUNTY,202,NEW HOPE,015,000203,5854.228478722467,1.0,1,1,83433075.52669092,7.016675870769803e-05,56.99999999999999,0.01754385964912281
015,AUGUSTA COUNTY,203,WEYERS CAVE,015,000203,97892708.63898684,94.74557515304846,95,395,97896795.89129859,0.999958249376044,96.0000000004,0.9869330745068093
015,AUGUSTA COUNTY,203,WEYERS CAVE,165,000304,2850.5133745482913,1.2542054127,5,8,97896795.89129859,2.9117534936622524e-05,96.0000000004,0.013064639715570564
015,AUGUSTA COUNTY,203,WEYERS CAVE,165,000302,1236.7389372002185,0.000219434651535021,6,9,97896795.89129859,1.2633089019312267e-05,96.0000000004,2.285777620146945e-06
015,AUGUSTA COUNTY,301,FORT DEFIANCE,015,000301,99005988.97120774,83.9834090646226,84,300,99015771.45143059,0.9999012028075986,84.0,0.9998024888645548
015,AUGUSTA COUNTY,301,FORT DEFIANCE,165,000402,9782.48022285565,0.016590935377387702,5,5,99015771.45143059,9.879719240135568e-05,84.0,0.00019751113544509168
015,AUGUSTA COUNTY,302,NORTH RIVER,015,000302,93016701.0303925,29.99830079704898,30,109,93018090.24670199,0.99998506509534,30.00000000029178,0.9999433598919072
015,AUGUSTA COUNTY,302,NORTH RIVER,165,000402,1389.2163094831476,0.0016992032428014502,1,1,93018090.24670199,1.4934904659928805e-05,30.00000000029178,5.664010809283079e-05
015,AUGUSTA COUNTY,303,MOUNT SOLON,015,000303,270109063.6353386,138.0354096451,139,308,270224775.50819856,0.9995717939902352,142.0000000003,0.9720803496113267
015,AUGUSTA COUNTY,303,MOUNT SOLON,015,000304,115711.87285996258,3.9645903552,4,7,270224775.50819856,0.00042820600976482966,142.0000000003,0.02791965038867341
015,AUGUSTA COUNTY,304,CHURCHVILLE FIRE STATION,015,000304,192712033.14461938,54.995885015816434,55,182,192722167.9821921,0.9999474121857447,57.0,0.9648400879967796
015,AUGUSTA COUNTY,304,CHURCHVILLE FIRE STATION,015,000303,8106.30208879582,2.0,2,2,192722167.9821921,4.206211549853911e-05,57.0,0.03508771929824561
015,AUGUSTA COUNTY,304,CHURCHVILLE FIRE STATION,015,000402,2028.5354839407528,0.004114984183563085,3,4,192722167.9821921,1.052569875681449e-05,57.0,7.219270497479096e-05
015,AUGUSTA COUNTY,401,BUFFALO GAP,015,000401,95173938.02121012,57.99999626590447,58,145,95193843.96551137,0.9997908904245062,57.99999999959999,0.9999999356259393
015,AUGUSTA COUNTY,401,BUFFALO GAP,015,000405,18511.37329848588,0.0,2,3,95193843.96551137,0.00019445977310457733,57.99999999959999,0.0
015,AUGUSTA COUNTY,401,BUFFALO GAP,015,000402,1394.5710027555765,3.73369552513394e-06,1,3,95193843.96551137,1.4649802389121171e-05,57.99999999959999,6.437406077861535e-08
015,AUGUSTA COUNTY,402,CHURCHVILLE SCHOOL,015,000402,92112039.44788098,46.000000000200004,46,172,92269430.74848844,0.9982942205307792,47.000000000200004,0.9787234042554097
015,AUGUSTA COUNTY,402,CHURCHVILLE SCHOOL,015,000304,157066.18848081486,1.0,2,3,92269430.74848844,0.001702255960687044,47.000000000200004,0.021276595744590312
015,AUGUSTA COUNTY,402,CHURCHVILLE SCHOOL,015,000401,325.112126638508,0.0,1,1,92269430.74848844,3.5235085336628026e-06,47.000000000200004,0.0
015,AUGUSTA COUNTY,403,CRAIGSVILLE,015,000403,151267141.22379774,141.9981893688664,143,382,151271319.4366239,0.9999723793456571,143.0000000004664,0.9929943312475753
015,AUGUSTA COUNTY,403,CRAIGSVILLE,163,000501,4178.212826171617,1.0018106316,2,2,151271319.4366239,2.762065434302043e-05,143.0000000004664,0.007005668752424703
015,AUGUSTA COUNTY,404,DEERFIELD,015,000404,262804875.4779681,132.9999999998,133,353,262804875.4779681,1.0,132.9999999998,1.0
015,AUGUSTA COUNTY,405,CEDAR GREEN,015,000405,21223601.605846778,13.781153212174651,14,59,21452209.486783914,0.9893433876320303,14.9999999998,0.91874354749056
015,AUGUSTA COUNTY,405,CEDAR GREEN,790,000301,214750.03719601705,1.0784250701166758,3,14,21452209.486783914,0.010010625587463068,14.9999999998,0.07189500467540365
015,AUGUSTA COUNTY,405,CEDAR GREEN,790,000201,13857.843741119845,0.14042171750867372,3,3,21452209.486783914,0.0006459867805065609,14.9999999998,0.009361447834036401
015,AUGUSTA COUNTY,501,GREENVILLE,015,000501,87373807.97942078,105.9999999996,106,254,87494528.59188747,0.9986202495812077,107.9999999996,0.9814814814814129
015,AUGUSTA COUNTY,501,GREENVILLE,015,000101,120720.6124667,2.0,2,2,87494528.59188747,0.0013797504187923958,107.9999999996,0.018518518518587105
015,AUGUSTA COUNTY,502,MIDDLEBROOK,015,000502,194878086.63133463,75.9999999999,76,168,194878086.63133463,1.0,75.9999999999,1.0
015,AUGUSTA COUNTY,503,SPOTTSWOOD,015,000503,119534860.6250566,78.99999999959999,79,171,119555382.16584153,0.9998283511757214,79.99999999959999,0.9874999999999375
015,AUGUSTA COUNTY,503,SPOTTSWOOD,015,000501,20521.540784935874,1.0,2,4,119555382.16584153,0.0001716488242785203,79.99999999959999,0.012500000000062501
015,AUGUSTA COUNTY,504,WHITE HILL,015,000504,90773382.33005168,74.02412136712914,75,331,93929532.0150584,0.9663987500278322,75.99999999992914,0.9740015969368178
015,AUGUSTA COUNTY,504,WHITE HILL,015,000501,3156095.6361197405,1.9758201817,2,13,93929532.0150584,0.03360067455263983,75.99999999992914,0.02599763396976108
015,AUGUSTA COUNTY,504,WHITE HILL,015,000503,54.04888697457648,5.84511e-05,1,2,93929532.0150584,5.754195279703042e-07,75.99999999992914,7.690934210533486e-07
015,AUGUSTA COUNTY,601,SHERANDO,015,000601,123451266.02288103,124.99982311239198,125,301,123452599.76019643,0.9999891963610488,125.00000000009197,0.9999985848984001
015,AUGUSTA COUNTY,601,SHERANDO,015,000603,1333.7373154086404,0.0001768877,1,1,123452599.76019643,1.0803638951301078e-05,125.00000000009197,1.4151015999989587e-06
015,AUGUSTA COUNTY,602,STUARTS DRAFT,015,000602,32012331.67123608,70.68330654274642,71,208,42715360.97167222,0.7494337152497873,89.99999999988019,0.785370072698228
015,AUGUSTA COUNTY,602,STUARTS DRAFT,015,000102,6592335.196562773,13.0089018582,15,28,42715360.97167222,0.15433172157750574,89.99999999988019,0.1445433539801924
015,AUGUSTA COUNTY,602,STUARTS DRAFT,015,000504,4080535.3215431334,6.307791598933767,9,13,42715360.97167222,0.09552852249684239,89.99999999988019,0.07008657332157961
015,AUGUSTA COUNTY,602,STUARTS DRAFT,015,000603,30158.78233023564,0.0,1,5,42715360.97167222,0.0007060406758645023,89.99999999988019,0.0
015,AUGUSTA COUNTY,603,LYNDHURST,015,000603,24536562.32138001,47.532364488178224,48,188,24538555.260371625,0.9999187833606964,47.9999999999,0.9902575935057761
015,AUGUSTA COUNTY,603,LYNDHURST,820,000004,1992.9389916137138,0.46763551172177603,1,1,24538555.260371625,8.12166393036267e-05,47.9999999999,0.009742406494223964
015,AUGUSTA COUNTY,801,DOOMS,015,000801,53271881.626111545,61.60142152597862,66,242,95361076.61422046,0.5586333912904621,101.00000000014768,0.6099150646127579
015,AUGUSTA COUNTY,801,DOOMS,015,000603,22979696.711898435,27.94155838933777,28,116,95361076.61422046,0.24097564255552512,101.00000000014768,0.2766490929633358
015,AUGUSTA COUNTY,801,DOOMS,015,000201,18499442.14186649,8.8245761608,10,46,95361076.61422046,0.19399363764217206,101.00000000014768,0.08737204119591184
015,AUGUSTA COUNTY,801,DOOMS,015,000601,484232.841581902,0.0,1,1,95361076.61422046,0.005077887737581312,101.00000000014768,0.0
015,AUGUSTA COUNTY,801,DOOMS,820,000001,108499.26712684157,2.577267540959981,13,22,95361076.61422046,0.0011377730933740519,101.00000000014768,0.025517500405507054
015,AUGUSTA COUNTY,801,DOOMS,820,000002,12306.505543819827,0.053249237971299206,1,2,95361076.61422046,0.00012905166322319659,101.00000000014768,0.0005272201779328846
015,AUGUSTA COUNTY,801,DOOMS,820,000003,5017.52009142517,0.0019271451,3,4,95361076.61422046,5.2616017662251794e-05,101.00000000014768,1.9080644554427545e-05
015,AUGUSTA COUNTY,802,FISHERSVILLE,015,000802,38559446.47257794,51.464376567732224,52,165,39907267.52429716,0.9662261754479026,64.0,0.804130883870816
015,AUGUSTA COUNTY,802,FISHERSVILLE,015,000603,1286873.215057257,11.0,12,23,39907267.52429716,0.03224658802494449,64.0,0.171875
015,AUGUSTA COUNTY,802,FISHERSVILLE,820,000004,36847.203368437134,1.4579502722428415,13,29,39907267.52429716,0.000923320629406738,64.0,0.022780473003794398
015,AUGUSTA COUNTY,802,FISHERSVILLE,820,000003,24100.633293538453,0.0776731600249363,2,2,39907267.52429716,0.0006039158977463192,64.0,0.0012136431253896296
015,AUGUSTA COUNTY,803,WILSON,015,000803,23228458.68083638,52.27181588065182,53,195,30402267.65619806,0.7640370430098767,56.00000000035182,0.933425283577204
015,AUGUSTA COUNTY,803,WILSON,015,000103,7173808.975361679,3.7281841197,4,18,30402267.65619806,0.2359629569901233,56.00000000035182,0.06657471642279603
017,BATH COUNTY,101,WARM SPRINGS,017,000101,150208612.45267767,71.99999999991294,72,178,151799896.77961734,0.9895172239197904,76.99999999991294,0.9350649350648617
017,BATH COUNTY,101,WARM SPRINGS,017,000201,1591284.3269396736,5.0,5,12,151799896.77961734,0.010482776080209697,76.99999999991294,0.06493506493513836
017,BATH COUNTY,102,MOUNTAIN GROVE,017,000102,259337132.03563854,70.6938819694,75,180,259377194.50682002,0.9998455435865992,75.0000000002,0.9425850929228197
017,BATH COUNTY,102,MOUNTAIN GROVE,005,005301,40062.47118147023,4.3061180308,5,9,259377194.50682002,0.00015445641340074265,75.0000000002,0.05741490707718023
017,BATH COUNTY,201,HOT SPRINGS,017,000201,44592439.466112584,30.1813068244,31,90,58937365.76968317,0.7566072708504139,44.000000000200004,0.6859387914605184
017,BATH COUNTY,201,HOT SPRINGS,017,000101,14264168.90845512,12.8186931758,14,27,58937365.76968317,0.24202250511495504,44.000000000200004,0.2913339358123121
017,BATH COUNTY,201,HOT SPRINGS,017,000501,80757.39511546657,1.0,1,1,58937365.76968317,0.001370224034631141,44.000000000200004,0.022727272727169418
017,BATH COUNTY,301,FAIRVIEW,017,000301,411866847.8727419,116.9989746848339,117,313,412319708.22888386,0.9989016766671492,117.0000000004339,0.9999912366188034
017,BATH COUNTY,301,FAIRVIEW,017,000401,449642.08544186846,0.0,1,3,412319708.22888386,0.0010905180530256548,117.0000000004339,0.0
017,BATH COUNTY,301,FAIRVIEW,017,000101,3123.2587409028865,0.0010253156,1,1,412319708.22888386,7.574847087273176e-06,117.0000000004339,8.763381196548696e-06
017,BATH COUNTY,301,FAIRVIEW,015,000404,95.01195918321706,0.0,1,1,412319708.22888386,2.304327377203001e-07,117.0000000004339,0.0
017,BATH COUNTY,302,BURNSVILLE,017,000302,77956195.92057976,7.0,7,28,77956195.92057976,1.0,7.0,1.0
017,BATH COUNTY,303,STARR CHAPEL,017,000101,59380920.52516216,19.9919487107,21,41,76553313.88864438,0.775680600993166,24.9999999999,0.7996779484311987
017,BATH COUNTY,303,STARR CHAPEL,017,000302,17171168.39474507,3.9999999998,4,18,76553313.88864438,0.22430339749527387,24.9999999999,0.15999999999264
017,BATH COUNTY,303,STARR CHAPEL,091,000003,1224.9687371453547,1.0080512894,2,2,76553313.88864438,1.6001511559998732e-05,24.9999999999,0.04032205157616128
017,BATH COUNTY,401,MILLBORO,017,000401,256634693.36735636,87.97521189728087,88,323,256644092.46696708,0.9999633769103338,87.99999999970764,0.9997183170178767
017,BATH COUNTY,401,MILLBORO,017,000301,8925.97428480865,0.0247830629,1,1,256644092.46696708,3.47795821014564e-05,87.99999999970764,0.0002816257147736629
017,BATH COUNTY,401,MILLBORO,163,000501,473.125325932438,5.03952676556784e-06,5,5,256644092.46696708,1.843507564832549e-06,87.99999999970764,5.7267349608915715e-08
017,BATH COUNTY,501,HEALING SPRINGS,017,000501,90610552.07389088,42.9999999999,43,100,90974776.23468995,0.9959964269671906,43.9999999999,0.9772727272726757
017,BATH COUNTY,501,HEALING SPRINGS,017,000201,364224.1607990742,1.0,2,6,90974776.23468995,0.004003573032809401,43.9999999999,0.02272727272732438
019,BEDFORD COUNTY,101,STEWARTSVILLE,019,000101,45857361.4842706,83.2653840714,90,264,91379816.57224953,0.5018324965449393,125.0,0.6661230725712001
019,BEDFORD COUNTY,101,STEWARTSVILLE,019,000104,44310809.563998096,37.522787889,38,124,91379816.57224953,0.48490805985546837,125.0,0.300182303112
019,BEDFORD COUNTY,101,STEWARTSVILLE,019,000602,1146983.036970845,3.2118280396,4,9,91379816.57224953,0.012551820303381566,125.0,0.0256946243168
019,BEDFORD COUNTY,101,STEWARTSVILLE,019,000102,64662.48700999479,1.0,1,1,91379816.57224953,0.0007076232962108141,125.0,0.008
019,BEDFORD COUNTY,102,HARDY,019,000102,18880723.0994708,18.0,18,64,21579918.60955475,0.8749209596699383,33.0,0.5454545454545454
019,BEDFORD COUNTY,102,HARDY,019,000101,2699195.5100839473,15.0,15,22,21579918.60955475,0.1250790403300617,33.0,0.45454545454545453
019,BEDFORD COUNTY,201,CHAMBLISSBURG,019,000602,19304042.646690436,6.9999999999,7,23,37693301.63004753,0.5121345653441527,36.0,0.19444444444166667
019,BEDFORD COUNTY,201,CHAMBLISSBURG,019,000103,18389258.98335709,29.000000000100002,29,102,37693301.63004753,0.48786543465584714,36.0,0.8055555555583334
019,BEDFORD COUNTY,202,STAUNTON RIVER,019,000202,55195557.914703555,51.0,51,133,97432075.05421285,0.5665029497112918,85.9999999997,0.5930232558160222
019,BEDFORD COUNTY,202,STAUNTON RIVER,019,000103,19104140.132071543,14.9999999998,15,49,97432075.05421285,0.1960764986421738,85.9999999997,0.17441860464944567
019,BEDFORD COUNTY,202,STAUNTON RIVER,019,000201,8981659.69784407,5.0,5,15,97432075.05421285,0.0921838079795234,85.9999999997,0.058139534883923746
019,BEDFORD COUNTY,202,STAUNTON RIVER,019,000602,8355474.626616092,4.0,4,10,97432075.05421285,0.085756919597237,85.9999999997,0.046511627907138996
019,BEDFORD COUNTY,202,STAUNTON RIVER,019,000204,5795242.682977586,10.9999999999,11,24,97432075.05421285,0.05947982406977389,85.9999999997,0.12790697674346946
019,BEDFORD COUNTY,203,MONETA,019,000203,84572242.53240032,138.79167081891467,140,355,113633644.09562151,0.7442535457301156,177.99999999971675,0.7797284877479524
019,BEDFORD COUNTY,203,MONETA,019,000103,12851056.789776843,21.20832918080209,22,64,113633644.09562151,0.11309200626324026,177.99999999971675,0.11914791674626875
019,BEDFORD COUNTY,203,MONETA,019,000202,8361322.748778186,7.0,7,27,113633644.09562151,0.07358140113628867,177.99999999971675,0.039325842696691794
019,BEDFORD COUNTY,203,MONETA,019,000204,7849022.024666157,11.0,11,25,113633644.09562151,0.06907304687035547,177.99999999971675,0.0617977528090871
019,BEDFORD COUNTY,204,MOUNTAIN VIEW,019,000204,42051047.347308405,16.000000000100002,16,53,42051047.347308405,1.0,16.000000000100002,1.0
019,BEDFORD COUNTY,301,NEW LONDON,019,000306,40512606.19292168,21.949662876415605,23,136,83835710.72568157,0.4832380597986792,42.00000000050136,0.5226110208607997
019,BEDFORD COUNTY,301,NEW LONDON,019,000301,34437934.753584996,18.81555400416159,22,72,83835710.72568157,0.4107788251031735,42.00000000050136,0.44798938104611874
019,BEDFORD COUNTY,301,NEW LONDON,019,000303,8884444.799473807,0.4340038529,4,15,83835710.72568157,0.1059744674741836,42.00000000050136,0.010333425068924268
019,BEDFORD COUNTY,301,NEW LONDON,031,000102,724.9797010900346,0.8007792670241626,3,4,83835710.72568157,8.647623963757368e-06,42.00000000050136,0.019066173024157227
019,BEDFORD COUNTY,302,OTTER HILL,019,000302,77669185.30075826,43.10003085192682,45,159,87910645.63081355,0.8835014774767441,53.0000000001,0.8132081292801037
019,BEDFORD COUNTY,302,OTTER HILL,019,000704,7680444.278290105,6.8999691481731835,10,48,87910645.63081355,0.08736648699572322,53.0000000001,0.13018809713509744
019,BEDFORD COUNTY,302,OTTER HILL,019,000201,2504645.1479375614,3.0,3,6,87910645.63081355,0.028490805976513708,53.0000000001,0.05660377358479886
019,BEDFORD COUNTY,302,OTTER HILL,019,000701,56370.90382762564,0.0,2,6,87910645.63081355,0.0006412295510188709,53.0000000001,0.0
019,BEDFORD COUNTY,303,WALTON'S STORE,019,000303,66024087.57003056,37.9945282124,38,104,66127348.96479533,0.9984384464766652,37.9999999995,0.9998560056026297
019,BEDFORD COUNTY,303,WALTON'S STORE,019,000302,103261.39476476601,0.0054717871,1,1,66127348.96479533,0.0015615535233348004,37.9999999995,0.00014399439737031573
019,BEDFORD COUNTY,304,WHITE HOUSE,019,000205,146982081.02410796,185.9785723768107,186,527,147017132.006088,0.9997615857315284,186.00000000034055,0.9998847977229579
019,BEDFORD COUNTY,304,WHITE HOUSE,019,000305,35050.981980016324,0.021427623529870196,1,2,147017132.006088,0.000238414268471547,186.00000000034055,0.00011520227704210196
019,BEDFORD COUNTY,305,HUDDLESTON,019,000305,126209781.42709629,69.99999999959999,70,234,126209781.42709629,1.0,69.99999999959999,1.0
019,BEDFORD COUNTY,401,FOREST,019,000506,25109910.363822673,17.8306494043,18,50,54774730.53487968,0.45842143117131506,60.9999999999,0.29230572793982346
019,BEDFORD COUNTY,401,FOREST,019,000401,23993513.673395064,28.1946777087,31,86,54774730.53487968,0.4380398303943527,60.9999999999,0.46220783129092163
019,BEDFORD COUNTY,401,FOREST,019,000403,5555402.4884992475,14.9746728869,15,44,54774730.53487968,0.10142272603169915,60.9999999999,0.2454864407692549
019,BEDFORD COUNTY,401,FOREST,019,000503,115904.00916269193,0.0,1,3,54774730.53487968,0.00211601240263311,60.9999999999,0.0
019,BEDFORD COUNTY,402,JEFFERSON,019,000404,15496317.715647029,15.9999999997,16,47,27485866.09874683,0.5637922290669078,94.9999999996,0.16842105262913018
019,BEDFORD COUNTY,402,JEFFERSON,019,000403,4796028.709946817,33.84660509686815,34,61,27485866.09874683,0.17449072525917178,94.9999999996,0.3562800536527438
019,BEDFORD COUNTY,402,JEFFERSON,019,000402,4389875.57678529,26.0,26,52,27485866.09874683,0.15971392573237628,94.9999999996,0.2736842105274681
019,BEDFORD COUNTY,402,JEFFERSON,019,000304,2764584.3173332172,17.999999999899998,18,35,27485866.09874683,0.10058203395887401,94.9999999996,0.18947368421027144
019,BEDFORD COUNTY,402,JEFFERSON,031,000101,26394.161588637413,0.08542852471882427,1,1,27485866.09874683,0.0009602812403223055,94.9999999996,0.0008992476286229891
019,BEDFORD COUNTY,402,JEFFERSON,680,000401,7768.720967924195,0.027194925195471936,1,3,27485866.09874683,0.00028264421212029396,94.9999999996,0.00028626237047985726
019,BEDFORD COUNTY,402,JEFFERSON,680,000101,4896.896477916191,1.040771453217554,5,6,27485866.09874683,0.00017816053022755052,94.9999999996,0.010955488981283538
019,BEDFORD COUNTY,501,COVE,019,000502,14746521.456701353,22.990944446500002,23,58,26026366.210871253,0.5665993222880922,35.000000000200004,0.6568841270391035
019,BEDFORD COUNTY,501,COVE,019,000505,10948568.83968316,12.0,12,27,26026366.210871253,0.4206722041400434,35.000000000200004,0.34285714285518365
019,BEDFORD COUNTY,501,COVE,019,000506,331275.9144867381,0.0090555537,1,1,26026366.210871253,0.012728473571864352,35.000000000200004,0.0002587301057128072
019,BEDFORD COUNTY,502,BIG ISLAND,019,000502,76123263.44017456,64.9999999999,65,161,76123263.44017456,1.0,64.9999999999,1.0
019,BEDFORD COUNTY,503,SEDALIA,019,000503,135011360.3775809,52.16666666666444,56,128,146824224.9811435,0.9195441719165913,66.99999999996444,0.7786069651745093
019,BEDFORD COUNTY,503,SEDALIA,019,000504,10316462.388633031,9.8330684919,10,14,146824224.9811435,0.07026403435780414,66.99999999996444,0.14676221629709282
019,BEDFORD COUNTY,503,SEDALIA,019,000502,1490967.7997750556,3.0,3,6,146824224.9811435,0.010154780656710697,66.99999999996444,0.04477611940300884
019,BEDFORD COUNTY,503,SEDALIA,023,000301,4527.8602698108425,2.0,3,4,146824224.9811435,3.083864580516159e-05,66.99999999996444,0.029850746268672557
019,BEDFORD COUNTY,503,SEDALIA,019,000701,906.5548846818765,0.0002648414,1,1,146824224.9811435,6.17442308854894e-06,66.99999999996444,3.952856716420008e-06
019,BEDFORD COUNTY,504,KELSO,019,000504,108739482.41170993,83.95997305264899,84,171,108819276.30677795,0.9992667301439951,88.00000000034899,0.9540906028672276
019,BEDFORD COUNTY,504,KELSO,019,000503,79792.47677895693,4.0400269476999995,5,9,108819276.30677795,0.000733256822568916,88.00000000034899,0.04590939713277247
019,BEDFORD COUNTY,504,KELSO,023,000301,1.4182890715737972,0.0,1,1,108819276.30677795,1.3033435984038586e-08,88.00000000034899,0.0
019,BEDFORD COUNTY,505,BOONSBORO,019,000505,53798958.626629405,45.9909337764,46,135,86902534.0288569,0.6190723806599805,79.0000000002,0.5821637186871337
019,BEDFORD COUNTY,505,BOONSBORO,019,000506,33102110.12825556,33.0,33,90,86902534.0288569,0.38091075822097037,79.0000000002,0.41772151898628423
019,BEDFORD COUNTY,505,BOONSBORO,680,000102,1465.273971938723,0.0090662238,2,2,86902534.0288569,1.686111904921165e-05,79.0000000002,0.00011476232658198794
019,BEDFORD COUNTY,601,MONTVALE,019,000601,111741868.72620793,149.9540607485198,151,347,112250465.53744183,0.9954690895151409,152.00000000030002,0.9865398733435777
019,BEDFORD COUNTY,601,MONTVALE,019,000703,508596.8112339029,2.0459392517802124,4,9,112250465.53744183,0.004530910484859034,152.00000000030002,0.013460126656422199
019,BEDFORD COUNTY,602,SHADY GROVE,019,000602,73176638.21628094,54.99163487253905,55,170,76319419.53800473,0.9588206862585115,65.00000000098905,0.846025151872343
019,BEDFORD COUNTY,602,SHADY GROVE,019,000104,3142781.3217237922,10.008365128449995,13,28,76319419.53800473,0.04117931374148861,65.00000000098905,0.15397484812765702
019,BEDFORD COUNTY,603,THAXTON,019,000703,70554998.1009923,64.9999999999,65,135,120585849.44004238,0.5851018044706284,104.9999999999,0.6190476190472562
019,BEDFORD COUNTY,603,THAXTON,019,000603,35216704.90963768,34.9256618357,37,110,120585849.44004238,0.29204674572656314,104.9999999999,0.33262535081650724
019,BEDFORD COUNTY,603,THAXTON,019,000604,12089010.326048747,4.0743381643,7,28,120585849.44004238,0.10025231303826937,104.9999999999,0.038803220612417914
019,BEDFORD COUNTY,603,THAXTON,019,000602,2517691.275029236,1.0,1,3,120585849.44004238,0.020878828541827214,104.9999999999,0.009523809523818594
019,BEDFORD COUNTY,603,THAXTON,019,000601,207444.82833441338,0.0,1,1,120585849.44004238,0.0017203082227119774,104.9999999999,0.0
019,BEDFORD COUNTY,701,GOODE,019,000701,68681489.20146258,58.0000000003,58,163,68711324.03306568,0.9995657945466349,59.0000000003,0.9830508474577133
019,BEDFORD COUNTY,701,GOODE,019,000702,16912.04799479085,1.0,1,1,68711324.03306568,0.0002461318892159949,59.0000000003,0.0169491525422867
019,BEDFORD COUNTY,701,GOODE,019,000504,12922.783608307382,0.0,1,1,68711324.03306568,0.00018807356414917288,59.0000000003,0.0
019,BEDFORD COUNTY,702,LIBERTY HIGH SCHOOL,019,000702,44373912.35722174,34.63205370358038,36,104,78816648.12490557,0.5630017694599202,77.00000000009719,0.44976693121476197
019,BEDFORD COUNTY,702,LIBERTY HIGH SCHOOL,019,000704,16577258.794794923,13.409090334716804,17,51,78816648.12490557,0.2103268686144065,77.00000000009719,0.17414403032077766
019,BEDFORD COUNTY,702,LIBERTY HIGH SCHOOL,019,000701,8873330.578070553,3.9588559618,7,20,78816648.12490557,0.11258193274101738,77.00000000009719,0.05141371378954549
019,BEDFORD COUNTY,702,LIBERTY HIGH SCHOOL,019,000703,8582532.166451644,23.0,23,61,78816648.12490557,0.10889237706290655,77.00000000009719,0.2987012987009217
019,BEDFORD COUNTY,702,LIBERTY HIGH SCHOOL,019,000604,409614.2283667123,2.0,3,6,78816648.12490557,0.005197052121749348,77.00000000009719,0.02597402597399319
019,BEDFORD COUNTY,703,SIGN ROCK,019,000201,45128917.20421819,26.2985043751832,29,108,93828767.57153268,0.4809710110474705,67.00000000018203,0.3925149906733097
019,BEDFORD COUNTY,703,SIGN ROCK,019,000604,28827912.353043556,26.537120239698,32,110,93828767.57153268,0.3072395929219243,67.00000000018203,0.3960764214869538
019,BEDFORD COUNTY,703,SIGN ROCK,019,000302,19345807.698488984,13.563209860300821,17,48,93828767.57153268,0.20618205055011757,67.00000000018203,0.2024359680636414
019,BEDFORD COUNTY,703,SIGN ROCK,019,000603,526130.3157819527,0.601165525,2,18,93828767.57153268,0.005607345480487573,67.00000000018203,0.008972619776095026
021,BLAND COUNTY,101,BASTIAN,021,000101,76486713.6376127,45.79911264917545,48,166,116271833.4471433,0.6578266753863758,54.999999999699995,0.8327111390804594
021,BLAND COUNTY,101,BASTIAN,021,000401,26779559.144594114,4.4516129032,5,16,116271833.4471433,0.23031854190867293,54.999999999699995,0.08093841642225967
021,BLAND COUNTY,101,BASTIAN,021,000102,8815387.52312024,4.5181105353651985,9,13,116271833.4471433,0.07581705097243245,54.999999999699995,0.08214746427981533
021,BLAND COUNTY,101,BASTIAN,021,000202,4190173.1418162487,0.2311639119593498,3,3,116271833.4471433,0.03603773173251873,54.999999999699995,0.004202980217465649
021,BLAND COUNTY,102,CERES,021,000102,189647465.67433098,96.5100416022532,98,234,193328942.7339761,0.9809574448213328,97.99999999984045,0.9847963428817379
021,BLAND COUNTY,102,CERES,021,000101,3681477.05964512,1.4899583975872523,4,6,193328942.7339761,0.019042555178667143,97.99999999984045,0.01520365711826202
021,BLAND COUNTY,201,DAVIS,021,000201,78789626.43411183,27.166098951417744,28,119,110655891.91917466,0.7120237799145969,30.9999999996,0.8763257726376863
021,BLAND COUNTY,201,DAVIS,021,000202,31387510.249175318,3.8297247957,6,40,110655891.91917466,0.2836496973166273,30.9999999996,0.12353950954030372
021,BLAND COUNTY,201,DAVIS,021,000302,466166.63085641456,0.0026574555,1,3,110655891.91917466,0.004212759237410623,30.9999999996,8.572437096884806e-05
021,BLAND COUNTY,201,DAVIS,197,000303,12588.605031084831,0.0015187969822553593,1,3,110655891.91917466,0.00011376353136514239,30.9999999996,4.8993451041127634e-05
021,BLAND COUNTY,202,SEDDON,021,000202,166389456.69035834,98.7699533709,102,352,180381855.35769826,0.9224290123882309,107.0000000007163,0.9230836763573719
021,BLAND COUNTY,202,SEDDON,021,000102,7764716.786764303,6.7282436018,8,12,180381855.35769826,0.04304599690122282,107.0000000007163,0.0628807813248127
021,BLAND COUNTY,202,SEDDON,021,000301,6227681.88057563,1.5018030280162964,2,9,180381855.35769826,0.03452499071054625,107.0000000007163,0.014035542317815354
021,BLAND COUNTY,301,HOLLYBROOK,021,000301,73754689.53035916,34.76247264276967,36,126,81002599.8216692,0.910522497953564,36.999999999799996,0.9395262876475022
021,BLAND COUNTY,301,HOLLYBROOK,021,000401,4672055.975854275,1.194967154,3,9,81002599.8216692,0.05767785214474612,36.999999999799996,0.03229640956774214
021,BLAND COUNTY,301,HOLLYBROOK,021,000302,2555961.433114423,0.8882659790303259,1,1,81002599.8216692,0.03155406664405198,36.999999999799996,0.02400718862257101
021,BLAND COUNTY,301,HOLLYBROOK,021,000202,19892.88234134607,0.154294224,1,1,81002599.8216692,0.0002455832576379169,36.999999999799996,0.004170114162184704
021,BLAND COUNTY,302,MECHANICSBURG,021,000302,45107117.09298112,18.67605986,19,101,48793372.20294314,0.9244517248238139,22.0000000001,0.8489118118143232
021,BLAND COUNTY,302,MECHANICSBURG,021,000301,3443641.3662922145,3.1777777778,5,17,48793372.20294314,0.07057600675700991,22.0000000001,0.14444444444479798
021,BLAND COUNTY,302,MECHANICSBURG,021,000202,242613.74366979892,0.1461623623,2,6,48793372.20294314,0.004972268419176095,22.0000000001,0.006643743740878892
021,BLAND COUNTY,401,ROCKY GAP,021,000401,196385183.94413978,74.99999999977253,75,361,198655451.34873348,0.9885718343534992,81.99999999977253,0.9146341463412266
021,BLAND COUNTY,401,ROCKY GAP,021,000101,2270267.404593719,7.0,8,29,198655451.34873348,0.01142816564650086,81.99999999977253,0.0853658536587734
023,BOTETOURT COUNTY,101,AMSTERDAM,023,000101,35656424.55060517,60.6792231633,66,241,50421614.056435876,0.707165472939753,72.0000000005,0.8427669883733142
023,BOTETOURT COUNTY,101,AMSTERDAM,023,000102,14555669.639834033,10.978418432,11,41,50421614.056435876,0.2886791688886074,72.0000000005,0.15247803377671892
023,BOTETOURT COUNTY,101,AMSTERDAM,023,000501,191359.90337240952,0.0314166802,3,5,50421614.056435876,0.003795195908608247,72.0000000005,0.0004363427805525254
023,BOTETOURT COUNTY,101,AMSTERDAM,161,000206,18159.962624261912,0.31094172499999995,4,9,50421614.056435876,0.00036016226303140235,72.0000000005,0.004318635069414454
023,BOTETOURT COUNTY,102,ASBURY,023,000102,105579424.45128492,51.0000000001,52,174,117551687.33695282,0.8981532025878085,56.0000000001,0.9107142857144451
023,BOTETOURT COUNTY,102,ASBURY,023,000406,11972262.885667909,5.0,6,27,117551687.33695282,0.10184679741219148,56.0000000001,0.08928571428555485
023,BOTETOURT COUNTY,103,TOWN HALL,023,000406,50687192.92713241,24.000000000100002,25,122,55471742.655310676,0.9137479823212259,27.0,0.8888888888925927
023,BOTETOURT COUNTY,103,TOWN HALL,023,000102,4784549.728178266,2.9999999999,4,18,55471742.655310676,0.08625201767877415,27.0,0.1111111111074074
023,BOTETOURT COUNTY,201,BLUE RIDGE,023,000201,24424441.51660434,42.9999999997,44,109,24458377.56242421,0.9986124980803304,43.9999999997,0.9772727272725723
023,BOTETOURT COUNTY,201,BLUE RIDGE,023,000302,22150.0246895842,1.0,1,1,24458377.56242421,0.0009056211775720411,43.9999999997,0.022727272727427684
023,BOTETOURT COUNTY,201,BLUE RIDGE,023,000202,11786.02113028397,0.0,2,2,24458377.56242421,0.0004818807420975879,43.9999999997,0.0
023,BOTETOURT COUNTY,202,RAINBOW FOREST,023,000202,8308386.911841629,25.535197315270054,26,52,8818196.209934285,0.9421866687976026,26.000000000100002,0.9821229736604554
023,BOTETOURT COUNTY,202,RAINBOW FOREST,023,000501,507789.2952177368,0.4643669520299474,7,11,8818196.209934285,0.057584259085285305,26.000000000100002,0.017860267385698514
023,BOTETOURT COUNTY,202,RAINBOW FOREST,023,000201,2020.002874919371,0.0004357328,1,1,8818196.209934285,0.0002290721171120805,26.000000000100002,1.6758953846089388e-05
023,BOTETOURT COUNTY,302,MILL CREEK,023,000302,54460432.31032481,33.0,33,88,55306357.662757926,0.9847047357992489,34.0,0.9705882352941176
023,BOTETOURT COUNTY,302,MILL CREEK,023,000501,808167.7656002776,0.9897896059,1,2,55306357.662757926,0.014612565349688175,34.0,0.029111458997058824
023,BOTETOURT COUNTY,302,MILL CREEK,023,000201,33128.67192237216,0.0,1,1,55306357.662757926,0.0005990029595581245,34.0,0.0
023,BOTETOURT COUNTY,302,MILL CREEK,023,000202,4610.004720314604,0.0102103941,1,1,55306357.662757926,8.335397439160741e-05,34.0,0.00030030570882352945
023,BOTETOURT COUNTY,302,MILL CREEK,019,000601,18.91019014645186,0.0,1,1,55306357.662757926,3.4191711306972515e-07,34.0,0.0
023,BOTETOURT COUNTY,303,ROARING RUN,023,000301,173080572.70677945,112.0000000002,112,235,173084555.29748103,0.9999769904906031,112.0000000002,1.0
023,BOTETOURT COUNTY,303,ROARING RUN,019,000504,3982.5907015789894,0.0,3,3,173084555.29748103,2.300950939691931e-05,112.0000000002,0.0
023,BOTETOURT COUNTY,399,BUCHANAN 301/ SPRINGWOOD 304,023,000301,123582590.36157572,171.645233788,174,519,205515112.50430274,0.6013309136036813,244.99999999973932,0.7005927909721741
023,BOTETOURT COUNTY,399,BUCHANAN 301/ SPRINGWOOD 304,023,000302,81931642.3850095,73.35469121013931,78,225,205515112.50430274,0.39866480565167267,244.99999999973932,0.29940690289884636
023,BOTETOURT COUNTY,399,BUCHANAN 301/ SPRINGWOOD 304,019,000601,879.7577175291199,7.50016e-05,2,2,205515112.50430274,4.280744646020623e-06,244.99999999973932,3.0612897959216243e-07
023,BOTETOURT COUNTY,402,COURTHOUSE,023,000406,130308826.60380815,81.7501700688,83,254,172582581.2000121,0.7550520203008705,91.9999999998,0.888588805097584
023,BOTETOURT COUNTY,402,COURTHOUSE,023,000301,33032774.331029203,7.1400103112,9,40,172582581.2000121,0.19140271342185075,91.9999999998,0.0776088077306035
023,BOTETOURT COUNTY,402,COURTHOUSE,023,000302,9160467.723327838,3.1098111068,4,10,172582581.2000121,0.05307875024021947,91.9999999998,0.03380229463920392
023,BOTETOURT COUNTY,402,COURTHOUSE,023,000403,80512.54184690627,8.513e-06,2,12,172582581.2000121,0.00046651603705936826,91.9999999998,9.253260869585334e-08
023,BOTETOURT COUNTY,403,EAGLE ROCK,023,000403,193323995.6148793,124.78101826618541,127,405,234050291.34756038,0.825993398691381,147.99999999978542,0.843114988286259
023,BOTETOURT COUNTY,403,EAGLE ROCK,023,000301,40722461.9278305,21.2189817336,22,49,234050291.34756038,0.1739902210476568,147.99999999978542,0.14337149820020786
023,BOTETOURT COUNTY,403,EAGLE ROCK,023,000406,3809.219536030374,1.0,1,1,234050291.34756038,1.6275218091370598e-05,147.99999999978542,0.006756756756766553
023,BOTETOURT COUNTY,403,EAGLE ROCK,163,000104,24.58531452271651,1.0,1,1,234050291.34756038,1.0504287083414807e-07,147.99999999978542,0.006756756756766553
023,BOTETOURT COUNTY,404,GLEN WILTON,023,000403,155055983.67474693,65.9903704620489,66,339,155056239.08588624,0.9999983527838621,66.0000000001,0.9998540979083169
023,BOTETOURT COUNTY,404,GLEN WILTON,005,005502,210.5126370792008,0.009629538051102952,3,4,155056239.08588624,1.3576534444550602e-06,66.0000000001,0.000145902091683157
023,BOTETOURT COUNTY,404,GLEN WILTON,163,000104,44.898502224344924,0.0,1,1,155056239.08588624,2.8956269343973624e-07,66.0000000001,0.0
023,BOTETOURT COUNTY,405,ORISKANY,023,000406,89861867.28797108,41.0,41,124,89861867.28797108,1.0,41.0,1.0
023,BOTETOURT COUNTY,501,COYNER SPRINGS,023,000202,17311713.015547484,22.9869406311,23,70,18676441.6927028,0.9269278002946065,38.9999999999,0.5894087341322806
023,BOTETOURT COUNTY,501,COYNER SPRINGS,023,000502,872231.528543315,11.9620475064,12,31,18676441.6927028,0.04670223283935882,38.9999999999,0.3067191668315557
023,BOTETOURT COUNTY,501,COYNER SPRINGS,023,000501,479688.3063174237,4.0130593687000005,5,5,18676441.6927028,0.02568413802854352,38.9999999999,0.10289895817205873
023,BOTETOURT COUNTY,501,COYNER SPRINGS,161,000205,12808.842294577757,0.0379524937,1,4,18676441.6927028,0.000685828837491158,38.9999999999,0.0009731408641050594
023,BOTETOURT COUNTY,502,CLOVERDALE,023,000502,11074767.666559938,47.501177622,49,184,20923138.568259425,0.5293071892837555,74.0,0.6419078057027027
023,BOTETOURT COUNTY,502,CLOVERDALE,023,000501,9219191.765694201,21.9999999999,22,81,20923138.568259425,0.4406218376663524,74.0,0.29729729729594595
023,BOTETOURT COUNTY,502,CLOVERDALE,023,000101,496051.0437516783,2.0,2,5,20923138.568259425,0.023708252092933698,74.0,0.02702702702702703
023,BOTETOURT COUNTY,502,CLOVERDALE,161,000203,123580.29602628316,2.4988223578,7,20,20923138.568259425,0.005906393805265693,74.0,0.0337678697
023,BOTETOURT COUNTY,502,CLOVERDALE,161,000205,9547.796227324829,2.03e-08,1,1,20923138.568259425,0.0004563271516926679,74.0,2.743243243243243e-10
023,BOTETOURT COUNTY,503,TROUTVILLE,023,000501,25686573.207944155,35.444348927631175,36,93,32236124.08135689,0.7968257332400412,52.0,0.681622094762138
023,BOTETOURT COUNTY,503,TROUTVILLE,023,000302,3751043.041559098,15.2313887981,16,20,32236124.08135689,0.11636147795225908,52.0,0.2929113230403846
023,BOTETOURT COUNTY,503,TROUTVILLE,023,000202,2798507.8318536403,1.3242622742688228,6,14,32236124.08135689,0.08681278880769976,52.0,0.025466582197477362
025,BRUNSWICK COUNTY,101,BRODNAX,025,000101,75027011.67045026,59.0000000003,59,152,79932758.2831725,0.9386265816657673,61.0000000002,0.9672131147558453
025,BRUNSWICK COUNTY,101,BRODNAX,025,000501,3109747.353411684,1.0,1,2,79932758.2831725,0.0389045420201188,61.0000000002,0.016393442622897072
025,BRUNSWICK COUNTY,101,BRODNAX,025,000304,1795999.2593105703,0.9999999999,1,5,79932758.2831725,0.02246887631411395,61.0000000002,0.016393442621257727
025,BRUNSWICK COUNTY,102,ROCK STORE,025,000102,138970218.00319648,76.99682726415732,77,271,142213389.5680252,0.9771950336414884,83.00000000015731,0.9276726176386914
025,BRUNSWICK COUNTY,102,ROCK STORE,025,000501,3239009.5646740384,6.0,6,16,142213389.5680252,0.022775700477378164,83.00000000015731,0.072289156626369
025,BRUNSWICK COUNTY,102,ROCK STORE,025,000201,4162.000154683732,0.003172736,1,1,142213389.5680252,2.9265881133456246e-05,83.00000000015731,3.822573493968658e-05
025,BRUNSWICK COUNTY,103,TILLMAN,025,000103,99530569.94574611,110.99557197243507,111,247,99579978.94137424,0.9995038260084668,110.99557197243507,1.0
025,BRUNSWICK COUNTY,103,TILLMAN,025,000101,49408.9956281407,0.0,1,1,99579978.94137424,0.0004961739915332707,110.99557197243507,0.0
025,BRUNSWICK COUNTY,201,DROMGOOLE,025,000201,60633564.304527506,49.4930609806,50,132,64283582.90655464,0.9432200503302226,60.0000000004,0.8248843496711674
025,BRUNSWICK COUNTY,201,DROMGOOLE,025,000103,3173691.5233587706,10.0000000001,10,33,64283582.90655464,0.04937017166532525,60.0000000004,0.1666666666672222
025,BRUNSWICK COUNTY,201,DROMGOOLE,025,000102,476327.07866836287,0.5069390197,1,8,64283582.90655464,0.007409778004452121,60.0000000004,0.00844898366161034
025,BRUNSWICK COUNTY,202,EDGERTON,025,000202,105118693.0904338,82.0,82,287,105476820.66070193,0.996604679890569,84.0,0.9761904761904762
025,BRUNSWICK COUNTY,202,EDGERTON,025,000501,357905.9454717154,1.0,1,3,105476820.66070193,0.0033932189388133725,84.0,0.011904761904761904
025,BRUNSWICK COUNTY,202,EDGERTON,025,000203,221.62479640234523,1.0,1,1,105476820.66070193,2.10117061752618e-06,84.0,0.011904761904761904
025,BRUNSWICK COUNTY,203,FITZHUGH,025,000203,187350950.13779393,109.99999999959999,110,292,187350950.13779393,1.0,109.99999999959999,1.0
025,BRUNSWICK COUNTY,301,ALBERTA,025,000301,2814086.281210912,28.8387238228,30,47,2959687.433411877,0.950805226742096,29.9999999998,0.9612907940997419
025,BRUNSWICK COUNTY,301,ALBERTA,025,000302,82031.26922291057,0.7325101159,2,3,2959687.433411877,0.02771619337125283,29.9999999998,0.024417003863496115
025,BRUNSWICK COUNTY,301,ALBERTA,025,000303,63569.88297805468,0.4287660611,3,3,2959687.433411877,0.02147857988665121,29.9999999998,0.014292202036761948
025,BRUNSWICK COUNTY,302,DANIELTOWN,025,000302,243119755.25210086,158.7043195108,160,423,249614784.34859514,0.9739797900455136,168.00000000039998,0.9446685685144175
025,BRUNSWICK COUNTY,302,DANIELTOWN,025,000303,2914734.986317644,4.0854482756,5,17,249614784.34859514,0.011676932493898767,168.00000000039998,0.024318144497561152
025,BRUNSWICK COUNTY,302,DANIELTOWN,025,000301,2163425.708098092,4.2102322139999995,8,26,249614784.34859514,0.008667057577314003,168.00000000039998,0.025060906035654616
025,BRUNSWICK COUNTY,302,DANIELTOWN,025,000501,1416868.4020785536,1.0,1,4,249614784.34859514,0.005676219883273624,168.00000000039998,0.005952380952366781
025,BRUNSWICK COUNTY,303,ELMORE,025,000303,108160431.29610728,74.65172475204395,75,226,108724810.42245975,0.994809104525825,75.00000000004394,0.9953563300266695
025,BRUNSWICK COUNTY,303,ELMORE,025,000302,513993.7251010515,0.1360890067,1,1,108724810.42245975,0.004727474098173949,75.00000000004394,0.0018145200893322701
025,BRUNSWICK COUNTY,303,ELMORE,025,000301,50385.401251415686,0.2121862413,1,1,108724810.42245975,0.000463421376000922,75.00000000004394,0.0028291498839983424
025,BRUNSWICK COUNTY,304,SEYMOUR,025,000304,40502334.124030575,20.999999999899998,21,103,40502334.124030575,1.0,20.999999999899998,1.0
025,BRUNSWICK COUNTY,401,STURGEON,025,000401,243049321.0869283,198.0,198,480,243049321.0869283,1.0,198.0,1.0
025,BRUNSWICK COUNTY,402,KING'S STORE,025,000402,65472161.250518285,44.3516445895,46,119,66547519.459525585,0.9838407469167753,46.9999999999,0.943652012544561
025,BRUNSWICK COUNTY,402,KING'S STORE,025,000303,898910.1035704155,0.3103448276,1,3,66547519.459525585,0.013507792790340376,46.9999999999,0.006603081438311922
025,BRUNSWICK COUNTY,402,KING'S STORE,025,000301,176448.10543688788,2.3380105828,5,10,66547519.459525585,0.002651460292884458,46.9999999999,0.04974490601712712
025,BRUNSWICK COUNTY,501,LAWRENCEVILLE,025,000501,83907734.75709744,119.28663907577233,120,266,84457271.96013913,0.9934933109927935,123.00000000017232,0.9698100737854082
025,BRUNSWICK COUNTY,501,LAWRENCEVILLE,025,000301,549537.203041685,3.7133609244,6,14,84457271.96013913,0.006506689007206476,123.00000000017232,0.03018992621459185
027,BUCHANAN COUNTY,102,BLACKEY,027,000102,34176536.59756869,33.9999999999,34,95,34176536.59756869,1.0,33.9999999999,1.0
027,BUCHANAN COUNTY,103,PAW-PAW,027,000103,100816578.58936909,36.9902709859,37,187,101667455.40819184,0.9916307847441789,38.9999999999,0.9484684868203807
027,BUCHANAN COUNTY,103,PAW-PAW,027,000203,850876.8188227514,2.009729014,5,12,101667455.40819184,0.008369215255821108,38.9999999999,0.051531513179619313
027,BUCHANAN COUNTY,104,HURLEY,027,000103,78934588.08892061,51.88609213963185,52,205,82767303.99629244,0.953692874815114,55.000000000031854,0.9433834934473054
027,BUCHANAN COUNTY,104,HURLEY,027,000102,3571638.129683376,2.0924841113,3,12,82767303.99629244,0.04315276633685407,55.000000000031854,0.03804516565997797
027,BUCHANAN COUNTY,104,HURLEY,027,000301,260464.03336948765,0.0214237491,1,3,82767303.99629244,0.0031469435488819973,55.000000000031854,0.0003895227109088653
027,BUCHANAN COUNTY,104,HURLEY,027,000203,613.7443189677124,1.0,1,1,82767303.99629244,7.4152991499542505e-06,55.000000000031854,0.01818181818180765
027,BUCHANAN COUNTY,299,GRASSY 201/BULL 202/ROCK LICK 203,027,000203,94082819.07264318,64.85631482639111,66,347,175638796.72277838,0.5356608040371623,109.99999197237645,0.5896029050863753
027,BUCHANAN COUNTY,299,GRASSY 201/BULL 202/ROCK LICK 203,027,000202,55353655.60435451,28.53221593138991,33,153,175638796.72277838,0.31515619918372945,109.99999197237645,0.2593838001238674
027,BUCHANAN COUNTY,299,GRASSY 201/BULL 202/ROCK LICK 203,027,000201,21441254.404168304,12.15310926619544,16,83,175638796.72277838,0.12207584431365906,109.99999197237645,0.11048281957372658
027,BUCHANAN COUNTY,299,GRASSY 201/BULL 202/ROCK LICK 203,027,000501,4696801.868755021,3.4583519484,6,19,175638796.72277838,0.026741255100763844,109.99999197237645,0.03143956546168178
027,BUCHANAN COUNTY,299,GRASSY 201/BULL 202/ROCK LICK 203,027,000302,36018.28613130149,0.0,1,1,175638796.72277838,0.0002050702168505025,109.99999197237645,0.0
027,BUCHANAN COUNTY,299,GRASSY 201/BULL 202/ROCK LICK 203,027,000103,27265.958071357465,0.0,1,2,175638796.72277838,0.00015523881158439624,109.99999197237645,0.0
027,BUCHANAN COUNTY,299,GRASSY 201/BULL 202/ROCK LICK 203,051,000401,981.5286547155555,1.0,1,2,175638796.72277838,5.588336250474108e-06,109.99999197237645,0.009090909754349102
027,BUCHANAN COUNTY,301,SLATE,027,000301,81958571.63340443,83.14275269582457,84,270,97140154.20614551,0.8437146543897434,90.99999999883266,0.9136566230427595
027,BUCHANAN COUNTY,301,SLATE,027,000102,15181582.572741078,7.857247303008089,10,42,97140154.20614551,0.15628534561025667,90.99999999883266,0.08634337695724045
027,BUCHANAN COUNTY,302,NORTH GRUNDY,027,000302,66607388.35740468,53.8426610748,56,185,69983116.81087051,0.951763673764506,61.0,0.8826665749967213
027,BUCHANAN COUNTY,302,NORTH GRUNDY,027,000403,3134739.8105711625,5.1573389252,7,21,69983116.81087051,0.04479280079855263,61.0,0.08454653975737705
027,BUCHANAN COUNTY,302,NORTH GRUNDY,027,000203,237594.7324554143,0.0,2,5,69983116.81087051,0.0033950293053896766,61.0,0.0
027,BUCHANAN COUNTY,302,NORTH GRUNDY,027,000701,3393.910439261147,2.0,2,4,69983116.81087051,4.849613155174548e-05,61.0,0.03278688524590164
027,BUCHANAN COUNTY,403,SOUTH GRUNDY,027,000403,30226557.395257648,73.2752341886,74,233,31242008.77262893,0.9674972443429785,74.0000000004,0.9902058674081611
027,BUCHANAN COUNTY,403,SOUTH GRUNDY,027,000202,950579.349427919,0.5612915616,1,3,31242008.77262893,0.030426319778154597,74.0000000004,0.007585021102661704
027,BUCHANAN COUNTY,403,SOUTH GRUNDY,027,000503,36623.38302791909,0.1617568302,3,4,31242008.77262893,0.0011722480233090765,74.0000000004,0.0021859031107989953
027,BUCHANAN COUNTY,403,SOUTH GRUNDY,027,000501,28248.644915441277,0.0017174199999999999,2,2,31242008.77262893,0.0009041878555577984,74.0000000004,2.320837837825293e-05
027,BUCHANAN COUNTY,499,PARK 402/OAKWOOD 404,027,000403,35232082.65487282,58.7695400799,62,290,84526271.6455563,0.41681813203132134,92.99999999960019,0.631930538496265
027,BUCHANAN COUNTY,499,PARK 402/OAKWOOD 404,027,000701,29473742.95518528,17.4389236289002,21,141,84526271.6455563,0.34869328057881716,92.99999999960019,0.18751530783844267
027,BUCHANAN COUNTY,499,PARK 402/OAKWOOD 404,027,000404,13752901.075110031,12.313004262459657,16,87,84526271.6455563,0.16270563941090435,92.99999999960019,0.13239789529583432
027,BUCHANAN COUNTY,499,PARK 402/OAKWOOD 404,027,000602,6062181.936432272,4.478532028340342,6,29,84526271.6455563,0.07171949996626845,92.99999999960019,0.04815625836945801
027,BUCHANAN COUNTY,499,PARK 402/OAKWOOD 404,027,000503,5363.023955892309,0.0,1,6,84526271.6455563,6.344801268865917e-05,92.99999999960019,0.0
027,BUCHANAN COUNTY,501,PRATER,027,000501,51079019.26529281,35.30899175690883,39,152,56564648.27359318,0.9030201870651197,40.000000000208836,0.8827247939181122
027,BUCHANAN COUNTY,501,PRATER,027,000502,4413111.944776609,3.6905453380999997,6,17,56564648.27359318,0.0780189054377421,40.000000000208836,0.0922636334520183
027,BUCHANAN COUNTY,501,PRATER,027,000202,906330.5177410343,0.0,2,5,56564648.27359318,0.016022914406844255,40.000000000208836,0.0
027,BUCHANAN COUNTY,501,PRATER,027,000403,166186.5457827283,1.0004629052,2,6,56564648.27359318,0.0029379930902940195,40.000000000208836,0.02501157262986942
027,BUCHANAN COUNTY,502,FOX,027,000502,43328914.02499973,28.99993816045039,29,93,43329827.40463415,0.9999789203029615,28.99999999985039,0.9999978676068965
027,BUCHANAN COUNTY,502,FOX,027,000603,913.3796344183033,6.183939999999999e-05,1,4,43329827.40463415,2.107969703845663e-05,28.99999999985039,2.1323931034592763e-06
027,BUCHANAN COUNTY,502,FOX,051,000401,0.0,0.0,4,6,43329827.40463415,0.0,28.99999999985039,0.0
027,BUCHANAN COUNTY,503,VANSANT,027,000503,52273338.45914314,47.34050496999485,48,201,52522773.34617751,0.9952509193413999,49.00000000129485,0.9661327544641604
027,BUCHANAN COUNTY,503,VANSANT,027,000603,155267.99599819866,0.0514337507,2,8,52522773.34617751,0.002956203302038671,49.00000000129485,0.0010496683816049151
027,BUCHANAN COUNTY,503,VANSANT,027,000403,94166.8910361715,1.6080612805999999,5,14,52522773.34617751,0.001792877356561461,49.00000000129485,0.03281757715423482
027,BUCHANAN COUNTY,601,COUNCIL,027,000601,52421253.308801286,31.999999999898904,32,109,52421253.308801286,1.0,31.999999999898904,1.0
027,BUCHANAN COUNTY,602,GARDEN,027,000602,71274293.95915467,37.8382712473231,38,259,71304314.86753213,0.9995789748708301,38.0000000003231,0.9957439801842467
027,BUCHANAN COUNTY,602,GARDEN,027,000603,24631.958951720837,0.1612903226,1,1,71304314.86753213,0.0003454483644851177,38.0000000003231,0.004244482173648122
027,BUCHANAN COUNTY,602,GARDEN,027,000702,3947.6670440290586,4.18871e-05,1,1,71304314.86753213,5.536364876884327e-05,38.0000000003231,1.1022921052537855e-06
027,BUCHANAN COUNTY,602,GARDEN,027,000601,1441.2823817131732,0.0003965433,1,1,71304314.86753213,2.0213115915786604e-05,38.0000000003231,1.0435349999911273e-05
027,BUCHANAN COUNTY,603,HURRICANE,027,000603,66362075.24449611,29.777001573936985,30,188,73556672.8290033,0.9021897360524662,35.00000000043731,0.8507714735304267
027,BUCHANAN COUNTY,603,HURRICANE,027,000502,7139011.446325603,5.219501785899995,6,41,73556672.8290033,0.09705457264117444,35.00000000043731,0.14912862245242228
027,BUCHANAN COUNTY,603,HURRICANE,027,000503,55586.138181603696,0.003496640600331382,1,13,73556672.8290033,0.0007556913063594436,35.00000000043731,9.990401715107694e-05
027,BUCHANAN COUNTY,603,HURRICANE,051,000401,0.0,0.0,1,1,73556672.8290033,0.0,35.00000000043731,0.0
027,BUCHANAN COUNTY,701,WHITEWOOD,027,000701,168145143.1210974,141.2640753345128,143,514,184487893.86465254,0.9114155926375048,157.00000000024653,0.8997711804731909
027,BUCHANAN COUNTY,701,WHITEWOOD,027,000702,16278775.791546678,10.332738283154752,12,53,184487893.86465254,0.08823763690147289,157.00000000024653,0.06581361963782502
027,BUCHANAN COUNTY,701,WHITEWOOD,027,000301,57873.490819988496,4.0,4,7,184487893.86465254,0.00031369804060122627,157.00000000024653,0.025477707006329422
027,BUCHANAN COUNTY,701,WHITEWOOD,185,000402,3045.8220393220377,0.4031863825789725,3,4,184487893.86465254,1.6509603831005685e-05,157.00000000024653,0.0025680661310722255
027,BUCHANAN COUNTY,701,WHITEWOOD,027,000404,1655.402911933696,0.0,1,2,184487893.86465254,8.972962275498487e-06,157.00000000024653,0.0
027,BUCHANAN COUNTY,701,WHITEWOOD,185,000112,1400.2362372308016,1.0,3,3,184487893.86465254,7.589854314549599e-06,157.00000000024653,0.0063694267515823555
027,BUCHANAN COUNTY,702,CONTRARY,027,000702,54108793.451205276,81.63830976038714,83,313,55463953.32462202,0.9755668358963667,86.9999999999751,0.9383713765564426
027,BUCHANAN COUNTY,702,CONTRARY,027,000602,1347934.213900167,4.3603770341,5,24,55463953.32462202,0.024302887426918787,86.9999999999751,0.05011927625403733
027,BUCHANAN COUNTY,702,CONTRARY,185,000401,7225.659516583498,1.0013132054879619,4,4,55463953.32462202,0.00013027667671456486,86.9999999999751,0.011509347189520097
027,BUCHANAN COUNTY,703,PATTERSON,027,000701,38176584.730712526,27.00000000005312,27,134,38176584.730712526,1.0,27.00000000005312,1.0
029,BUCKINGHAM COUNTY,101,NEW CANTON,029,000101,86779310.73254742,57.5594370678,58,191,104814013.98936865,0.8279361454599907,65.0000000001,0.8855298010417145
029,BUCKINGHAM COUNTY,101,NEW CANTON,029,000701,11734590.174985524,4.0,4,5,104814013.98936865,0.1119563093555006,65.0000000001,0.06153846153836686
029,BUCKINGHAM COUNTY,101,NEW CANTON,029,000601,6300113.0818357,3.4405629322999998,6,24,104814013.98936865,0.06010754518450867,65.0000000001,0.052931737419918565
029,BUCKINGHAM COUNTY,201,WHITE HALL,029,000201,51865452.357898116,47.47278137790489,49,108,117953984.70374444,0.4397092009071538,77.9999999999056,0.6086254022815685
029,BUCKINGHAM COUNTY,201,WHITE HALL,029,000701,42161287.52641215,16.04458965250071,19,54,117953984.70374444,0.3574384335747985,77.9999999999056,0.20569986734000167
029,BUCKINGHAM COUNTY,201,WHITE HALL,029,000401,19139095.32368235,8.4826289695,11,31,117953984.70374444,0.16225899762311954,77.9999999999056,0.10875165345525983
029,BUCKINGHAM COUNTY,201,WHITE HALL,029,000301,4788149.495751831,6.0,7,17,117953984.70374444,0.04059336789492819,77.9999999999056,0.07692307692317002
029,BUCKINGHAM COUNTY,301,CURDSVILLE,029,000301,128158024.75704418,80.86358637140312,84,156,154679434.01587442,0.8285395248077492,87.99999999970001,0.9189043905872588
029,BUCKINGHAM COUNTY,301,CURDSVILLE,029,000401,14539961.079576742,4.0265646411,6,14,154679434.01587442,0.09400060953212783,87.99999999970001,0.04575641637629235
029,BUCKINGHAM COUNTY,301,CURDSVILLE,029,000302,11981448.1792535,3.109848987196889,6,8,154679434.01587442,0.07745986566012306,87.99999999970001,0.03533919303644876
029,BUCKINGHAM COUNTY,302,NEW STORE,029,000302,134641311.060125,43.4685488949,49,109,175228316.24251774,0.7683764470679504,58.0,0.7494577395672415
029,BUCKINGHAM COUNTY,302,NEW STORE,029,000401,26476164.7100266,6.4790885212,7,24,175228316.24251774,0.15109524121308865,58.0,0.11170842277931034
029,BUCKINGHAM COUNTY,302,NEW STORE,029,000501,13258893.843920989,5.9970379599,6,22,175228316.24251774,0.0756663884481464,58.0,0.10339720620517241
029,BUCKINGHAM COUNTY,302,NEW STORE,029,000301,851946.6284451417,2.055324624,4,4,175228316.24251774,0.004861923270814513,58.0,0.03543663144827586
029,BUCKINGHAM COUNTY,401,MAYSVILLE,029,000401,135299784.54488388,71.62048972000542,73,230,163086356.82991895,0.8296204978445045,83.00000000010542,0.8628974665049935
029,BUCKINGHAM COUNTY,401,MAYSVILLE,029,000302,9892157.202199107,2.1120332388,3,6,163086356.82991895,0.060655945687201375,83.00000000010542,0.02544618359996768
029,BUCKINGHAM COUNTY,401,MAYSVILLE,029,000601,8724381.397921082,2.9982462721000003,4,14,163086356.82991895,0.053495470543987,83.00000000010542,0.03612344906139991
029,BUCKINGHAM COUNTY,401,MAYSVILLE,029,000501,5964043.6619568765,4.2692307692,5,17,163086356.82991895,0.036569850341170565,83.00000000010542,0.05143651529150094
029,BUCKINGHAM COUNTY,401,MAYSVILLE,029,000701,3205990.022958003,2.0,2,5,163086356.82991895,0.019658235583136462,83.00000000010542,0.024096385542138072
029,BUCKINGHAM COUNTY,501,WRIGHTS,029,000501,245761807.4983491,141.88994854211148,143,417,255932442.78274065,0.9602604688416727,144.99999999994614,0.9785513692563047
029,BUCKINGHAM COUNTY,501,WRIGHTS,029,000401,8780667.26956356,2.5435128847,5,9,255932442.78274065,0.03430853538571274,144.99999999994614,0.017541468170351345
029,BUCKINGHAM COUNTY,501,WRIGHTS,029,000601,1389968.0148279865,0.5665385731346777,1,2,255932442.78274065,0.005430995772614577,144.99999999994614,0.003907162573344056
029,BUCKINGHAM COUNTY,502,GLENMORE,029,000502,136092123.23469546,63.8134712577,67,174,159651637.03296968,0.8524317430368162,71.9999999999,0.886298211913731
029,BUCKINGHAM COUNTY,502,GLENMORE,029,000601,22895711.637475997,6.3924239188,11,28,159651637.03296968,0.14341044077579862,71.9999999999,0.0887836655390122
029,BUCKINGHAM COUNTY,502,GLENMORE,003,000306,663802.1607982324,1.7941048233999999,2,5,159651637.03296968,0.004157816187385229,71.9999999999,0.02491812254725683
029,BUCKINGHAM COUNTY,601,SLATE RIVER,029,000601,193012128.8048785,71.9373535506,77,243,271958392.041222,0.7097119796752688,112.00000000019999,0.6422977995577817
029,BUCKINGHAM COUNTY,601,SLATE RIVER,029,000102,32500121.0957946,20.8927971284,23,57,271958392.041222,0.1195040199048846,112.00000000019999,0.18654283150323836
029,BUCKINGHAM COUNTY,601,SLATE RIVER,029,000701,22445204.528038487,6.8320206019,7,33,271958392.041222,0.08253175921350632,112.00000000019999,0.06100018394542679
029,BUCKINGHAM COUNTY,601,SLATE RIVER,029,000502,11206405.540396249,4.2829027291,6,15,271958392.041222,0.0412063237184372,112.00000000019999,0.03824020293832457
029,BUCKINGHAM COUNTY,601,SLATE RIVER,029,000401,7844773.33878287,6.0453751238999995,8,15,271958392.041222,0.028845490958755934,112.00000000019999,0.05397656360615361
029,BUCKINGHAM COUNTY,601,SLATE RIVER,029,000101,4949758.733331245,2.0095508662999997,5,24,271958392.041222,0.018200426529147103,112.00000000019999,0.0179424184490751
029,BUCKINGHAM COUNTY,701,GOLD HILL,029,000701,77958890.05632934,35.178665278184475,37,116,108097359.20780756,0.7211914391586598,45.00000000018447,0.7817481172897837
029,BUCKINGHAM COUNTY,701,GOLD HILL,029,000101,21611837.632451624,6.982434669,7,35,108097359.20780756,0.19992937654383203,45.00000000018447,0.15516521486603058
029,BUCKINGHAM COUNTY,701,GOLD HILL,029,000201,5758373.350092858,1.8389000530000001,4,18,108097359.20780756,0.05327025000696731,45.00000000018447,0.040864445622054706
029,BUCKINGHAM COUNTY,701,GOLD HILL,029,000601,2768258.1689337366,1.0,1,2,108097359.20780756,0.02560893429054087,45.00000000018447,0.022222222222131126
031,CAMPBELL COUNTY,101,BROOKVILLE,031,000101,5181057.586169268,41.99206425860791,42,109,5194273.775783049,0.9974556232142792,42.0,0.9998110537763788
031,CAMPBELL COUNTY,101,BROOKVILLE,019,000403,13216.189613780676,0.007935741392092107,1,1,5194273.775783049,0.002544376785720792,42.0,0.00018894622362124064
031,CAMPBELL COUNTY,102,NEW LONDON,031,000102,6145442.737975427,27.0,27,105,6145442.737975427,1.0,27.0,1.0
031,CAMPBELL COUNTY,201,COURTHOUSE,031,000402,61149194.60619906,60.7028753602,62,199,114811479.14325014,0.5326052330525529,90.0000000001,0.6744763928903617
031,CAMPBELL COUNTY,201,COURTHOUSE,031,000401,50655679.185089685,24.3042644839,26,88,114811479.14325014,0.44120744339411094,90.0000000001,0.2700473831541444
031,CAMPBELL COUNTY,201,COURTHOUSE,031,000602,3006605.351961388,4.992860156,5,9,114811479.14325014,0.026187323553336073,90.0000000001,0.05547622395549391
031,CAMPBELL COUNTY,202,WHITE'S CHURCH,031,000402,13220491.807729106,20.0000000002,20,76,13220491.807729106,1.0,20.0000000002,1.0
031,CAMPBELL COUNTY,203,MORRIS CHURCH,031,000703,94914010.59299389,46.7767450236,48,107,203567073.52803323,0.4662542372301839,101.9999999998,0.45859553944795806
031,CAMPBELL COUNTY,203,MORRIS CHURCH,031,000702,62931699.49691423,37.9999999997,38,123,203567073.52803323,0.30914478656219374,101.9999999998,0.37254901960563247
031,CAMPBELL COUNTY,203,MORRIS CHURCH,031,000401,45713325.4018111,16.8219178083,17,52,203567073.52803323,0.22456149027222674,101.9999999998,0.16492076282679397
031,CAMPBELL COUNTY,203,MORRIS CHURCH,011,000202,8038.036313999641,0.4013371682,1,1,203567073.52803323,3.9485935395601795e-05,101.9999999998,0.003934678119615558
031,CAMPBELL COUNTY,301,BEDFORD SPRINGS,031,000202,8588520.206767203,21.2666368929,22,71,11328589.278835174,0.7581279535672504,31.999999999699998,0.6645824029093554
031,CAMPBELL COUNTY,301,BEDFORD SPRINGS,031,000102,2739022.0459872126,9.7333631068,10,33,11328589.278835174,0.24177962309079704,31.999999999699998,0.3041675970903516
031,CAMPBELL COUNTY,301,BEDFORD SPRINGS,031,000301,1047.0260807581221,1.0,1,1,11328589.278835174,9.242334195258064e-05,31.999999999699998,0.031250000000292974
031,CAMPBELL COUNTY,302,WALKER,031,000201,7739750.578423115,41.0000000006505,41,181,9259333.312861446,0.8358863772267932,58.0000000006505,0.7068965517274253
031,CAMPBELL COUNTY,302,WALKER,031,000501,1519582.73443833,17.0,17,27,9259333.312861446,0.16411362277320674,58.0000000006505,0.29310344827257473
031,CAMPBELL COUNTY,401,CONCORD,031,000602,97953807.7206037,90.91398360700761,95,326,99389805.76959223,0.9855518577798865,96.0000000002,0.9470206625710229
031,CAMPBELL COUNTY,401,CONCORD,011,000302,774273.1282372129,2.9895034914923952,13,23,99389805.76959223,0.007790267042398201,96.0000000002,0.031140661369647573
031,CAMPBELL COUNTY,401,CONCORD,009,000101,606531.5634343982,1.0,1,2,99389805.76959223,0.006102553061029959,96.0000000002,0.010416666666644965
031,CAMPBELL COUNTY,401,CONCORD,011,000202,40569.46940113242,0.0877778645,1,1,99389805.76959223,0.00040818541788059746,96.0000000002,0.0009143527552064283
031,CAMPBELL COUNTY,401,CONCORD,031,000601,14623.887915783665,1.0087350372,2,2,99389805.76959223,0.00014713669880475573,96.0000000002,0.010507656637478107
031,CAMPBELL COUNTY,402,KINGS,031,000601,37804761.834080346,50.9998489564,53,218,45704549.37639585,0.8271553346416898,62.000000000200004,0.82257820897154
031,CAMPBELL COUNTY,402,KINGS,031,000402,7663887.189622973,3.9999999999,4,10,45704549.37639585,0.1676832458516918,62.000000000200004,0.06451612903043705
031,CAMPBELL COUNTY,402,KINGS,031,000501,213459.90673707446,6.0,6,7,45704549.37639585,0.004670430179261673,62.000000000200004,0.09677419354807491
031,CAMPBELL COUNTY,402,KINGS,009,000101,22422.433764804704,1.0001510439,2,4,45704549.37639585,0.0004905952267496764,62.000000000200004,0.016131468449947964
031,CAMPBELL COUNTY,402,KINGS,031,000602,18.01219065685765,0.0,1,1,45704549.37639585,3.9410060710849194e-07,62.000000000200004,0.0
031,CAMPBELL COUNTY,403,AIRPORT,031,000501,30146218.90433132,48.8333333332,49,254,30747250.34008659,0.980452514318925,49.999999999900005,0.9766666666659533
031,CAMPBELL COUNTY,403,AIRPORT,031,000601,579376.4738815196,1.0,1,1,30747250.34008659,0.018843196301236737,49.999999999900005,0.020000000000039996
031,CAMPBELL COUNTY,403,AIRPORT,031,000202,21654.961873751614,0.1666666667,1,1,30747250.34008659,0.0007042893798382698,49.999999999900005,0.003333333334006666
031,CAMPBELL COUNTY,501,BROOKNEAL,031,000701,133923518.52900246,142.96440395719767,144,438,228181746.9315266,0.5869160015204485,178.00000000019767,0.8031708087474096
031,CAMPBELL COUNTY,501,BROOKNEAL,031,000703,66610196.80820177,22.0000000002,22,73,228181746.9315266,0.2919172883192552,178.00000000019767,0.12359550561896387
031,CAMPBELL COUNTY,501,BROOKNEAL,031,000702,27648031.59432236,13.0355960428,15,36,228181746.9315266,0.12116671016029629,178.00000000019767,0.07323368563362653
031,CAMPBELL COUNTY,502,GLADYS,031,000702,125917838.88195686,75.5840147062,76,220,136088234.23513755,0.9252661671279535,85.0,0.8892237024258823
031,CAMPBELL COUNTY,502,GLADYS,031,000401,7529192.22909697,3.6426065540000003,4,9,136088234.23513755,0.05532581322267576,85.0,0.04285419475294118
031,CAMPBELL COUNTY,502,GLADYS,031,000402,2641203.124083717,5.7733787398,8,16,136088234.23513755,0.019408019649370736,85.0,0.06792210282117647
031,CAMPBELL COUNTY,503,STAUNTON RIVER,031,000702,23055707.956990965,4.6653371659000005,5,19,41914587.79054227,0.5500640510221915,11.0,0.4241215605363637
031,CAMPBELL COUNTY,503,STAUNTON RIVER,031,000502,14263494.726409113,4.0000000001,4,26,41914587.79054227,0.3402990576380563,11.0,0.36363636364545454
031,CAMPBELL COUNTY,503,STAUNTON RIVER,031,000302,4595385.107142188,2.334662834,4,6,41914587.79054227,0.10963689133975223,11.0,0.2122420758181818
031,CAMPBELL COUNTY,601,ALTAVISTA,031,000303,13476406.808854481,132.0,132,425,13476406.808854481,1.0,132.0,1.0
031,CAMPBELL COUNTY,602,LYNCH STATION,031,000303,45840276.18754872,44.999999999799996,45,155,121344721.1497954,0.37776901832392573,97.99999999949999,0.4591836734696897
031,CAMPBELL COUNTY,602,LYNCH STATION,031,000301,41882316.90798056,34.9999999999,35,73,121344721.1497954,0.3451515361453462,97.99999999949999,0.3571428571436589
031,CAMPBELL COUNTY,602,LYNCH STATION,031,000302,33574779.288595386,17.9999999998,18,88,121344721.1497954,0.27668924507353404,97.99999999949999,0.1836734693866514
031,CAMPBELL COUNTY,602,LYNCH STATION,143,000501,47348.76567073784,0.0,1,7,121344721.1497954,0.0003902004571940761,97.99999999949999,0.0
031,CAMPBELL COUNTY,603,EVINGTON,031,000301,30225852.359042976,22.0,22,68,52140054.01483721,0.5797050450013299,30.999999999899998,0.709677419357128
031,CAMPBELL COUNTY,603,EVINGTON,031,000202,21907447.89399832,7.9999999999,8,28,52140054.01483721,0.4201654238364279,30.999999999899998,0.25806451612663894
031,CAMPBELL COUNTY,603,EVINGTON,031,000302,6753.761795912887,1.0,1,1,52140054.01483721,0.00012953116224219876,30.999999999899998,0.032258064516233094
031,CAMPBELL COUNTY,701,YELLOW BRANCH,031,000502,45444397.74488634,23.9999999998,24,140,118175475.63207698,0.38455015731327535,65.9999999995,0.36363636363608814
031,CAMPBELL COUNTY,701,YELLOW BRANCH,031,000302,34269487.72363091,23.9483878114,24,105,118175475.63207698,0.2899881514361256,65.9999999995,0.36285436078153677
031,CAMPBELL COUNTY,701,YELLOW BRANCH,031,000702,19807502.248483643,5.0516121883,6,21,118175475.63207698,0.16761093740084926,65.9999999995,0.0765395786111859
031,CAMPBELL COUNTY,701,YELLOW BRANCH,031,000402,14848719.302875282,12.0,12,29,118175475.63207698,0.12564975282269833,65.9999999995,0.18181818181955922
031,CAMPBELL COUNTY,701,YELLOW BRANCH,031,000301,3805368.612200809,1.0,1,2,118175475.63207698,0.03220100102705149,65.9999999995,0.015151515151629935
031,CAMPBELL COUNTY,702,SPRING HILL,031,000202,20197154.494509023,11.0167440119,12,62,63345560.97267854,0.3188408814189872,63.999999999928775,0.17213662518612907
031,CAMPBELL COUNTY,702,SPRING HILL,031,000501,14218886.712613309,11.9999999998,12,76,63345560.97267854,0.22446540048395863,63.999999999928775,0.18749999999708367
031,CAMPBELL COUNTY,702,SPRING HILL,031,000502,12155244.093214054,9.9832559885,10,53,63345560.97267854,0.19188785933171718,63.999999999928775,0.1559883748204861
031,CAMPBELL COUNTY,702,SPRING HILL,031,000601,11894481.34361177,16.999999999899998,17,63,63345560.97267854,0.18777134752570834,63.999999999928775,0.26562499999873307
031,CAMPBELL COUNTY,702,SPRING HILL,031,000402,4879794.328730385,13.999999999828775,14,43,63345560.97267854,0.07703451123962861,63.999999999928775,0.21874999999756806
033,CAROLINE COUNTY,101,BOWLING GREEN,033,000102,228650870.8090593,91.90851650871774,92,277,267248184.91929907,0.8555750186969652,192.99999999977908,0.4762099300975282
033,CAROLINE COUNTY,101,BOWLING GREEN,033,000101,35613538.89855936,74.83073816647907,77,206,267248184.91929907,0.13326017128727585,192.99999999977908,0.38772403195111255
033,CAROLINE COUNTY,101,BOWLING GREEN,033,000301,1310502.4284458647,10.1692618335,15,28,267248184.91929907,0.004903690660580528,192.99999999977908,0.05269047582130384
033,CAROLINE COUNTY,101,BOWLING GREEN,033,000502,1211686.4440174398,16.0,16,22,267248184.91929907,0.004533937038275238,192.99999999977908,0.08290155440423998
033,CAROLINE COUNTY,101,BOWLING GREEN,057,000201,461586.3392171064,0.09148349108226614,1,2,267248184.91929907,0.0017271823169032622,192.99999999977908,0.00047400772581539306
033,CAROLINE COUNTY,201,MADISON,033,000601,31763222.637677304,52.218667266,53,102,124538927.45535183,0.25504654076184063,189.0000000005947,0.27628924479278144
033,CAROLINE COUNTY,201,MADISON,033,000201,25580614.89501573,13.1943217382,14,75,124538927.45535183,0.20540256301939472,189.0000000005947,0.06981122612782266
033,CAROLINE COUNTY,201,MADISON,033,000402,24798416.496283535,6.0,6,33,124538927.45535183,0.1991218087627578,189.0000000005947,0.03174603174593186
033,CAROLINE COUNTY,201,MADISON,033,000202,21918693.11925219,62.6131401563,63,111,124538927.45535183,0.17599873041391184,189.0000000005947,0.33128645585239674
033,CAROLINE COUNTY,201,MADISON,033,000602,14683840.143681373,43.45441637569469,45,86,124538927.45535183,0.11790562552375958,189.0000000005947,0.22991754696062414
033,CAROLINE COUNTY,201,MADISON,033,000501,4205697.473350078,11.0,11,18,124538927.45535183,0.03377014367542111,189.0000000005947,0.05820105820087507
033,CAROLINE COUNTY,201,MADISON,177,000101,1156737.0484488402,0.3028699353,5,16,124538927.45535183,0.009288156499208163,189.0000000005947,0.0016024864301536878
033,CAROLINE COUNTY,201,MADISON,177,000102,431705.6416427712,0.21658452909999998,1,5,124538927.45535183,0.0034664313437060956,189.0000000005947,0.0011459498894143836
033,CAROLINE COUNTY,301,PORT ROYAL,033,000301,401406734.0634347,136.82511145763857,139,949,402171470.98518807,0.9980984804320406,140.00000000033856,0.9773222246950549
033,CAROLINE COUNTY,301,PORT ROYAL,033,000101,412049.21307803615,1.0044739103,2,5,402171470.98518807,0.001024561021368947,140.00000000033856,0.007174813644982649
033,CAROLINE COUNTY,301,PORT ROYAL,057,000201,213003.91758752885,2.0,2,5,402171470.98518807,0.0005296345786679975,140.00000000033856,0.014285714285679738
033,CAROLINE COUNTY,301,PORT ROYAL,177,000104,139683.79108777156,0.1704146324,2,3,402171470.98518807,0.0003473239679224191,140.00000000033856,0.0012172473742827707
033,CAROLINE COUNTY,303,WOODFORD,033,000302,109092246.75656626,91.5765835603,96,254,117294418.76812279,0.9300719326827369,114.00000000040055,0.8033033645612125
033,CAROLINE COUNTY,303,WOODFORD,033,000101,3393743.1029410386,3.9944536715,4,9,117294418.76812279,0.02893354294759811,114.00000000040055,0.035039067293736535
033,CAROLINE COUNTY,303,WOODFORD,177,000104,1985297.3212038176,5.4820709774,10,23,117294418.76812279,0.016925761191830584,114.00000000040055,0.04808834190684858
033,CAROLINE COUNTY,303,WOODFORD,033,000301,1216823.3749417749,12.005546328600555,13,21,117294418.76812279,0.010374094417461507,114.00000000040055,0.10531180989963486
033,CAROLINE COUNTY,303,WOODFORD,177,000103,804294.7251837606,0.292379959,5,9,117294418.76812279,0.006857058789589607,114.00000000040055,0.0025647364824471293
033,CAROLINE COUNTY,303,WOODFORD,177,000102,802013.4872861457,0.6489655036,4,9,117294418.76812279,0.006837609970783278,114.00000000040055,0.00569267985612035
033,CAROLINE COUNTY,401,REEDY CHURCH,033,000401,151330420.80271366,93.0000000001,93,261,224557870.12510914,0.6739038837445427,132.9999999999,0.6992481203020294
033,CAROLINE COUNTY,401,REEDY CHURCH,033,000402,25622573.564370144,9.9999999999,10,60,224557870.12510914,0.11410231825807264,132.9999999999,0.07518796992411668
033,CAROLINE COUNTY,401,REEDY CHURCH,033,000502,25256990.95894632,15.0,16,36,224557870.12510914,0.11247430760219963,132.9999999999,0.11278195488730283
033,CAROLINE COUNTY,401,REEDY CHURCH,033,000102,22347884.799078986,14.9999999999,16,42,224557870.12510914,0.09951949039518494,132.9999999999,0.11278195488655095
033,CAROLINE COUNTY,501,MATTAPONI,033,000501,93081184.88566887,64.0616660732098,67,241,259997472.01868376,0.3580080381665401,185.0000000002098,0.34627927607101167
033,CAROLINE COUNTY,501,MATTAPONI,033,000502,82379905.05214061,76.24943643484133,85,240,259997472.01868376,0.3168488693852403,185.0000000002098,0.41215911586353976
033,CAROLINE COUNTY,501,MATTAPONI,033,000302,45525934.89722528,20.6831593242,21,78,259997472.01868376,0.175101452117018,185.0000000002098,0.11180086121176509
033,CAROLINE COUNTY,501,MATTAPONI,033,000402,15958308.37382284,1.0,1,7,259997472.01868376,0.06137870591555619,185.0000000002098,0.005405405405399275
033,CAROLINE COUNTY,501,MATTAPONI,033,000101,10369284.89889919,9.78622597295867,15,19,259997472.01868376,0.03988225277111171,185.0000000002098,0.05289851877268958
033,CAROLINE COUNTY,501,MATTAPONI,033,000102,6634079.258183242,8.9999999999,9,17,259997472.01868376,0.025515937546140864,185.0000000002098,0.04864864864805293
033,CAROLINE COUNTY,501,MATTAPONI,033,000401,6048774.652743726,4.2195121951,6,13,259997472.01868376,0.023264744098392822,185.0000000002098,0.022808174027541702
035,CARROLL COUNTY,101,MOUNT BETHEL,035,000101,41263911.76397564,51.99999999983508,52,137,41263911.76397564,1.0,51.99999999983508,1.0
035,CARROLL COUNTY,102,ST PAUL,035,000102,49989824.17122037,64.52319071606539,66,165,71502709.43520302,0.699131886974465,98.99999999983011,0.6517494011734961
035,CARROLL COUNTY,102,ST PAUL,035,000105,13712879.221167684,22.47680928376472,26,69,71502709.43520302,0.1917812531788677,98.99999999983011,0.22703847761417467
035,CARROLL COUNTY,102,ST PAUL,035,000103,7800006.042814971,12.0,12,27,71502709.43520302,0.10908685984666736,98.99999999983011,0.12121212121232922
035,CARROLL COUNTY,199,LAMBSBURG 103/OAKLAND A 104,035,000103,38021168.865306005,45.096801129209325,48,122,107520321.2586973,0.3536184455199484,118.99917923146812,0.37896732919048515
035,CARROLL COUNTY,199,LAMBSBURG 103/OAKLAND A 104,035,000401,37267726.334325396,39.9818983525,40,86,107520321.2586973,0.34661100244165066,118.99917923146812,0.33598465645490094
035,CARROLL COUNTY,199,LAMBSBURG 103/OAKLAND A 104,035,000105,32231426.059065897,33.9204797497588,37,57,107520321.2586973,0.29977055203840086,118.99917923146812,0.2850480143546139
035,CARROLL COUNTY,201,HILLSVILLE B,035,000201,125801144.57846057,126.9997282399412,127,307,137041015.05931628,0.9179817044116998,135.0000000000412,0.9407387277029811
035,CARROLL COUNTY,201,HILLSVILLE B,035,000301,11239870.480855715,8.0002717601,9,24,137041015.05931628,0.08201829558830029,135.0000000000412,0.05926127229701895
035,CARROLL COUNTY,202,LAUREL FORK,035,000202,112182243.87154078,118.9999999999056,119,294,112429525.1679001,0.9978005662125671,119.9999999999056,0.9916666666666601
035,CARROLL COUNTY,202,LAUREL FORK,035,000203,247281.296359314,1.0,1,1,112429525.1679001,0.0021994337874328726,119.9999999999056,0.008333333333339889
035,CARROLL COUNTY,203,GLADESBORO,035,000203,83838054.61727278,110.4364070791,111,245,84654432.43181875,0.9903563488515089,117.0,0.9439009152059828
035,CARROLL COUNTY,203,GLADESBORO,035,000105,433404.68175541045,4.0,4,6,84654432.43181875,0.005119692723762308,117.0,0.03418803418803419
035,CARROLL COUNTY,203,GLADESBORO,035,000101,197104.90192139248,2.0,2,3,84654432.43181875,0.0023283470960618878,117.0,0.017094017094017096
035,CARROLL COUNTY,203,GLADESBORO,035,000201,185868.23086916542,0.5635929209,2,4,84654432.43181875,0.0021956113286668707,117.0,0.004817033511965812
035,CARROLL COUNTY,204,HILLSVILLE E,035,000201,1518366.2517214462,6.0,6,29,1518366.2517214462,1.0,6.0,1.0
035,CARROLL COUNTY,301,HILLSVILLE C,035,000301,86634692.92717803,90.9999999999105,91,261,86634692.92717803,1.0,90.9999999999105,1.0
035,CARROLL COUNTY,302,SYLVATUS,035,000302,80181689.0151162,61.0,61,172,80181689.0151162,1.0,61.0,1.0
035,CARROLL COUNTY,303,DUGSPUR,035,000303,92118859.30347745,68.00000000021487,68,218,92121196.77554053,0.9999746261214042,68.00000000021487,1.0
035,CARROLL COUNTY,303,DUGSPUR,035,000301,2337.4720630764746,0.0,1,1,92121196.77554053,2.5373878595736027e-05,68.00000000021487,0.0
035,CARROLL COUNTY,401,HILLSVILLE D,035,000402,12537720.393674435,14.9999999999,15,64,29029915.249034815,0.4318896657506187,45.0000000001,0.33333333333037035
035,CARROLL COUNTY,401,HILLSVILLE D,035,000201,10569496.340138461,27.0000000002,28,115,29029915.249034815,0.36408981044096833,45.0000000001,0.600000000003111
035,CARROLL COUNTY,401,HILLSVILLE D,035,000105,5922698.515221921,3.0,3,5,29029915.249034815,0.20402052380841307,45.0000000001,0.06666666666651852
035,CARROLL COUNTY,4021,WOODLAND D PART 1,035,000402,57939636.764895625,39.0000000001,39,139,62324545.9053529,0.9296439456275177,61.0,0.6393442622967214
035,CARROLL COUNTY,4021,WOODLAND D PART 1,035,000502,2028553.395641957,4.9856960481999995,5,7,62324545.9053529,0.032548225842231604,61.0,0.08173272210163933
035,CARROLL COUNTY,4021,WOODLAND D PART 1,035,000406,1679598.0276988298,10.9999999999,11,23,62324545.9053529,0.02694922206492279,61.0,0.18032786885081967
035,CARROLL COUNTY,4021,WOODLAND D PART 1,035,000503,674420.191781688,6.0,6,9,62324545.9053529,0.01082110077153027,61.0,0.09836065573770492
035,CARROLL COUNTY,4021,WOODLAND D PART 1,640,000001,2337.5253348000765,0.0143039518,1,1,62324545.9053529,3.750569379759111e-05,61.0,0.0002344910131147541
035,CARROLL COUNTY,4022,WOODLAWN D PART 2,035,000502,2796501.1121214293,2.0,2,9,2796501.1121214293,1.0,2.0,1.0
035,CARROLL COUNTY,403,OAKLAND D,035,000401,41337911.544154264,35.9999999996,36,104,41337911.544154264,1.0,35.9999999996,1.0
035,CARROLL COUNTY,404,FANCY GAP,035,000105,36850424.8477098,55.1949213616,56,135,51008087.886992425,0.7224427806302268,66.0,0.8362866872969698
035,CARROLL COUNTY,404,FANCY GAP,035,000201,13849677.525813283,8.8050786384,9,28,51008087.886992425,0.27151924527139726,66.0,0.1334102824
035,CARROLL COUNTY,404,FANCY GAP,035,000402,307985.5134693436,2.0,2,2,51008087.886992425,0.0060379740983759365,66.0,0.030303030303030304
035,CARROLL COUNTY,501,VAUGHN,035,000501,63999806.47707915,55.90874090678611,56,174,64147699.48259064,0.9976944924493882,55.999999999808544,0.9983703733388795
035,CARROLL COUNTY,501,VAUGHN,035,000502,98562.26242629913,0.06081898629455222,3,10,64147699.48259064,0.0015364894333123893,55.999999999808544,0.0010860533266921456
035,CARROLL COUNTY,501,VAUGHN,035,000504,49330.74308518671,0.030440106727881874,1,4,64147699.48259064,0.0007690181172993558,55.999999999808544,0.0005435733344283204
035,CARROLL COUNTY,502,GLADEVILLE,035,000502,67839858.8826882,38.9222477716,39,215,67868272.52199946,0.9995813413505986,39.0000000001,0.9980063531153897
035,CARROLL COUNTY,502,GLADEVILLE,640,000001,23517.641093141905,0.0204656199,1,2,67868272.52199946,0.0003465189287898653,39.0000000001,0.0005247594846140391
035,CARROLL COUNTY,502,GLADEVILLE,035,000501,4895.998218139136,0.0572866086,2,6,67868272.52199946,7.213972061174978e-05,39.0000000001,0.0014688873999962335
035,CARROLL COUNTY,502,GLADEVILLE,035,000504,0.0,0.0,1,2,67868272.52199946,0.0,39.0000000001,0.0
035,CARROLL COUNTY,503,WOODLAWN E,035,000503,33093822.342733935,18.999999999973678,19,62,36179986.83465411,0.9146996789682585,22.999999999973678,0.8260869565215401
035,CARROLL COUNTY,503,WOODLAWN E,035,000301,3086164.4919201722,4.0,4,12,36179986.83465411,0.08530032103174139,22.999999999973678,0.1739130434784599
035,CARROLL COUNTY,504,LAUREL,035,000504,67548478.282311,36.922694436778045,37,170,67552598.2747412,0.9999390106001039,37.00000000017805,0.9979106604486586
035,CARROLL COUNTY,504,LAUREL,035,000501,4119.992430199839,0.0773055634,2,6,67552598.2747412,6.0989399896115586e-05,37.00000000017805,0.0020893395513412972
035,CARROLL COUNTY,504,LAUREL,035,000502,0.0,0.0,2,4,67552598.2747412,0.0,37.00000000017805,0.0
036,CHARLES CITY COUNTY,101,PRECINCT 1-1,036,000101,128227701.61528257,100.0000000001,100,248,129608893.81181188,0.989343384115794,101.0000000001,0.9900990099009999
036,CHARLES CITY COUNTY,101,PRECINCT 1-1,036,000201,1381192.1965293153,1.0,1,1,129608893.81181188,0.010656615884205939,101.0000000001,0.009900990099000098
036,CHARLES CITY COUNTY,201,PRECINCT 2-1,036,000201,108968452.91149199,44.0000000003,44,163,120252239.20126954,0.9061656866872012,47.0000000003,0.9361702127663649
036,CHARLES CITY COUNTY,201,PRECINCT 2-1,036,000301,11283786.289777542,3.0,4,12,120252239.20126954,0.09383431331279872,47.0000000003,0.06382978723363514
036,CHARLES CITY COUNTY,301,PRECINCT 3-1,036,000301,274005643.8534969,152.0000000004948,152,361,279123567.5793164,0.9816643081406404,160.0000000004948,0.9500000000001546
036,CHARLES CITY COUNTY,301,PRECINCT 3-1,036,000201,5117923.725819441,8.0,9,20,279123567.5793164,0.018335691859359456,160.0000000004948,0.049999999999845376
037,CHARLOTTE COUNTY,101,COUNTY SEAT,037,000101,132589427.09776007,77.2545402387,79,211,185590720.68408442,0.7144184073914771,86.99999999970001,0.8879832211375447
037,CHARLOTTE COUNTY,101,COUNTY SEAT,037,000501,39355762.394578256,5.7578485604,6,28,185590720.68408442,0.21205673564666136,86.99999999970001,0.06618216736114775
037,CHARLOTTE COUNTY,101,COUNTY SEAT,037,000702,8160694.404484403,3.0,3,8,185590720.68408442,0.043971457055634114,86.99999999970001,0.03448275862080856
037,CHARLOTTE COUNTY,101,COUNTY SEAT,037,000401,5484836.787261683,0.9876112006,1,6,185590720.68408442,0.029553399906227327,86.99999999970001,0.011351852880498912
037,CHARLOTTE COUNTY,201,RED OAK WYLLIESBURG,037,000201,151483505.39166966,134.0,134,306,151483505.39166966,1.0,134.0,1.0
037,CHARLOTTE COUNTY,301,PRIDDY'S STORE,037,000702,50113100.77827114,18.783476707,19,39,55500257.528481856,0.9029345630072777,19.9999999998,0.9391738353593917
037,CHARLOTTE COUNTY,301,PRIDDY'S STORE,037,000602,5361134.581191536,0.2165232928,2,3,55500257.528481856,0.09659657125807546,19.9999999998,0.01082616464010826
037,CHARLOTTE COUNTY,301,PRIDDY'S STORE,037,000302,26022.169019184592,1.0,1,2,55500257.528481856,0.0004688657346469145,19.9999999998,0.0500000000005
037,CHARLOTTE COUNTY,302,DRAKES BRANCH,037,000302,115585562.5331465,90.8414977506,92,251,136048023.6499445,0.8495938377653429,101.9999999997,0.8906029191261489
037,CHARLOTTE COUNTY,302,DRAKES BRANCH,037,000702,20441226.13735558,11.1125611682,12,28,136048023.6499445,0.15025007779570135,101.9999999997,0.10894667811992827
037,CHARLOTTE COUNTY,302,DRAKES BRANCH,037,000401,21234.97944242303,0.0459410809,1,1,136048023.6499445,0.00015608443895562382,101.9999999997,0.0004504027539228934
037,CHARLOTTE COUNTY,401,KEYSVILLE,037,000401,62095342.256850205,107.6603978978,109,249,80705811.16199358,0.7694036075321982,123.0,0.8752877877869918
037,CHARLOTTE COUNTY,401,KEYSVILLE,037,000302,18610468.905143376,15.3396021022,17,50,80705811.16199358,0.23059639246780186,123.0,0.12471221221300814
037,CHARLOTTE COUNTY,501,CULLEN,037,000501,102623558.15079272,39.354700826053346,40,133,141042818.90576607,0.7276056941215693,62.00000000005335,0.6347532391293466
037,CHARLOTTE COUNTY,501,CULLEN,037,000101,33853883.778185144,19.999999999899998,20,65,141042818.90576607,0.2400255755013213,62.00000000005335,0.3225806451593998
037,CHARLOTTE COUNTY,501,CULLEN,037,000602,4565294.974726396,2.6451950772,4,5,141042818.90576607,0.03236814897876207,62.00000000005335,0.042664436728995545
037,CHARLOTTE COUNTY,501,CULLEN,147,000501,82.00206181903887,0.0001040969,1,1,141042818.90576607,5.813983473616357e-07,62.00000000005335,1.6789822580630713e-06
037,CHARLOTTE COUNTY,503,RED HOUSE,037,000501,47618495.14371631,22.1559826547,23,57,70596747.72491272,0.674514006357156,28.0,0.7912850948107143
037,CHARLOTTE COUNTY,503,RED HOUSE,037,000602,22978252.5811964,5.8440173453,7,14,70596747.72491272,0.325485993642844,28.0,0.20871490518928573
037,CHARLOTTE COUNTY,601,ASPEN,037,000602,121650027.00996898,53.0000000001,53,126,121650027.00996898,1.0,53.0000000001,1.0
037,CHARLOTTE COUNTY,602,PHENIX,037,000602,101560957.59536786,66.0,66,143,101561175.14905812,0.999997857904953,67.0,0.9850746268656716
037,CHARLOTTE COUNTY,602,PHENIX,037,000501,217.55369024964958,1.0,1,1,101561175.14905812,2.1420950469542413e-06,67.0,0.014925373134328358
037,CHARLOTTE COUNTY,701,BACON,037,000702,77695454.56768268,43.0871866068,44,91,105185060.90126829,0.7386548422557015,51.999999999708784,0.828599742443102
037,CHARLOTTE COUNTY,701,BACON,037,000201,27483968.330654416,8.91054850260878,9,40,105185060.90126829,0.26129155694887296,51.999999999708784,0.1713567019742054
037,CHARLOTTE COUNTY,701,BACON,037,000302,5638.002931192412,0.0022648903,1,1,105185060.90126829,5.3600795425545365e-05,51.999999999708784,4.355558269255162e-05
037,CHARLOTTE COUNTY,702,SAXE,037,000702,65563332.683812626,36.2034923176,37,145,87404889.50903855,0.7501105836537064,48.9999999998,0.7388467819948524
037,CHARLOTTE COUNTY,702,SAXE,037,000201,21841556.825225927,12.7965076822,14,29,87404889.50903855,0.24988941634629364,48.9999999998,0.2611532180051475
041,CHESTERFIELD COUNTY,101,BELLWOOD,041,000101,19732987.872303654,72.9997069594,73,204,26231703.870451797,0.7522571911362381,119.9999999999745,0.6083308913284626
041,CHESTERFIELD COUNTY,101,BELLWOOD,041,000105,6497255.998370788,46.999999999974506,47,224,26231703.870451797,0.2476871510313708,119.9999999999745,0.39166666666653743
041,CHESTERFIELD COUNTY,101,BELLWOOD,041,000109,1459.9997773555995,0.0002930406,1,1,26231703.870451797,5.565783239113905e-05,119.9999999999745,2.442005000000519e-06
041,CHESTERFIELD COUNTY,102,SOUTH CHESTER,041,000102,9453392.90796982,79.6858941543,80,179,9535050.692135483,0.9914360408977149,79.9999999997,0.9960736769324854
041,CHESTERFIELD COUNTY,102,SOUTH CHESTER,041,000106,81269.79174132553,0.23198061260000002,1,3,9535050.692135483,0.008523267926447095,79.9999999997,0.0028997576575108745
041,CHESTERFIELD COUNTY,102,SOUTH CHESTER,041,000108,387.99242433761884,0.0821252328,1,1,9535050.692135483,4.069117583796752e-05,79.9999999997,0.0010265654100038498
041,CHESTERFIELD COUNTY,103,ENON,041,000103,42061483.99236753,67.99145113945926,68,225,42063179.98975955,0.9999596797628607,68.00000000055925,0.9998742814544128
041,CHESTERFIELD COUNTY,103,ENON,041,000109,1695.9973920201712,0.0085488611,1,1,42063179.98975955,4.032023713930018e-05,68.00000000055925,0.00012571854558720134
041,CHESTERFIELD COUNTY,104,NORTH CHESTER,041,000104,9979166.199875463,68.9999999999,69,161,9979166.199875463,1.0,68.9999999999,1.0
041,CHESTERFIELD COUNTY,105,DREWRY'S BLUFF,041,000105,6417262.116932145,79.0000000002,79,220,7115674.285850483,0.9018487720401803,94.0,0.8404255319170213
041,CHESTERFIELD COUNTY,105,DREWRY'S BLUFF,041,000214,697982.0899365351,14.9999999998,15,49,7115674.285850483,0.09809078688782487,94.0,0.15957446808297873
041,CHESTERFIELD COUNTY,105,DREWRY'S BLUFF,760,000806,430.0789818023656,0.0,1,1,7115674.285850483,6.0441071994761985e-05,94.0,0.0
041,CHESTERFIELD COUNTY,106,HARROWGATE,041,000111,10066424.987941938,3.0000000001010045,3,24,19849132.761161562,0.5071468415808437,26.000000000101004,0.11538461538805193
041,CHESTERFIELD COUNTY,106,HARROWGATE,041,000106,9782707.773219625,23.0,24,77,19849132.761161562,0.4928531584191563,26.000000000101004,0.8846153846119481
041,CHESTERFIELD COUNTY,107,WELLS,041,000111,14467485.444207696,12.00000000017545,12,74,23262803.70086368,0.6219149518796205,53.00000000007545,0.2264150943426107
041,CHESTERFIELD COUNTY,107,WELLS,041,000112,4981733.44841972,22.9999999999,23,39,23262803.70086368,0.21415017349068557,53.00000000007545,0.43396226414843886
041,CHESTERFIELD COUNTY,107,WELLS,041,000107,3813584.8082362628,18.0,18,48,23262803.70086368,0.16393487462969372,53.00000000007545,0.33962264150895044
041,CHESTERFIELD COUNTY,108,ECOFF,041,000108,12449255.918001823,51.00000000023653,51,139,12449255.918001823,1.0,51.00000000023653,1.0
041,CHESTERFIELD COUNTY,109,POINT OF ROCKS,041,000103,18224048.19607256,17.8805713722,19,125,18263981.951653533,0.9978135241434929,19.0000000002,0.9410827037900938
041,CHESTERFIELD COUNTY,109,POINT OF ROCKS,041,000110,36639.65020401272,0.1015625,1,1,18263981.951653533,0.0020061151123014305,19.0000000002,0.005345394736785838
041,CHESTERFIELD COUNTY,109,POINT OF ROCKS,041,000102,2449.981993331805,0.017866128,1,1,18263981.951653533,0.00013414281725732845,19.0000000002,0.0009403225263058913
041,CHESTERFIELD COUNTY,109,POINT OF ROCKS,670,000401,844.1233836269547,1.0,2,3,18263981.951653533,4.621792694831983e-05,19.0000000002,0.0526315789468144
041,CHESTERFIELD COUNTY,110,DUTCH GAP,041,000109,28181117.572238613,50.71634651864473,51,220,38288136.15019664,0.7360274070717302,66.00000000004472,0.7684294927062176
041,CHESTERFIELD COUNTY,110,DUTCH GAP,041,000110,9951983.417117499,14.9999999998,15,52,38288136.15019664,0.25992342322639767,66.00000000004472,0.22727272726954298
041,CHESTERFIELD COUNTY,110,DUTCH GAP,041,000103,154622.1610256615,0.2836534816,5,9,38288136.15019664,0.004038383075611462,66.00000000004472,0.004297780024239512
041,CHESTERFIELD COUNTY,110,DUTCH GAP,041,000104,412.9998148634345,0.0,1,1,38288136.15019664,1.0786626260503239e-05,66.00000000004472,0.0
041,CHESTERFIELD COUNTY,111,IRON BRIDGE,041,000113,5791178.925861089,25.99999999968588,26,89,5791178.925861089,1.0,25.99999999968588,1.0
041,CHESTERFIELD COUNTY,201,GATES,041,000201,3852037.355227692,31.999999999899998,32,71,3852037.355227692,1.0,31.999999999899998,1.0
041,CHESTERFIELD COUNTY,202,BEULAH,041,000202,7537917.074212622,57.9999999999,58,97,7537917.074212622,1.0,57.9999999999,1.0
041,CHESTERFIELD COUNTY,203,BIRD,041,000215,4272483.9968165085,16.0,16,35,8290116.585364757,0.5153707976024228,30.999999999899998,0.5161290322597295
041,CHESTERFIELD COUNTY,203,BIRD,041,000203,3977891.5678257397,14.9950406789,15,34,8290116.585364757,0.47983541930498874,30.999999999899998,0.4837109896434959
041,CHESTERFIELD COUNTY,203,BIRD,041,000210,33996.02181596534,0.0040779504000000005,1,3,8290116.585364757,0.004100789351500965,30.999999999899998,0.00013154678709719855
041,CHESTERFIELD COUNTY,203,BIRD,041,000201,5744.998906543697,0.0008813706,1,3,8290116.585364757,0.0006929937410875293,30.999999999899998,2.843130967751107e-05
041,CHESTERFIELD COUNTY,204,JACOBS,041,000212,6268011.497139314,29.04335310086558,30,59,9366033.2341654,0.669227979490279,45.0000000000617,0.6454078466850168
041,CHESTERFIELD COUNTY,204,JACOBS,041,000204,2960347.284580213,13.956646899196123,14,27,9366033.2341654,0.31607268633015984,45.0000000000617,0.31014770887059967
041,CHESTERFIELD COUNTY,204,JACOBS,041,000210,82604.84444801132,1.0,1,2,9366033.2341654,0.008819618976653372,45.0000000000617,0.02222222222219175
041,CHESTERFIELD COUNTY,204,JACOBS,041,000201,55069.60799786199,1.0,1,3,9366033.2341654,0.005879715202907797,45.0000000000617,0.02222222222219175
041,CHESTERFIELD COUNTY,205,FALLING CREEK,041,000205,6509568.678982543,75.0,75,148,6510777.865745575,0.9998142792170204,75.0,1.0
041,CHESTERFIELD COUNTY,205,FALLING CREEK,041,000207,1209.1867630327858,0.0,3,3,6510777.865745575,0.00018572078297964125,75.0,0.0
041,CHESTERFIELD COUNTY,206,BELMONT,041,000515,2166196.7125394605,29.4538454041,30,60,4155328.2459422196,0.5213057992842816,56.000000000200004,0.5259615250713359
041,CHESTERFIELD COUNTY,206,BELMONT,041,000206,1977149.3767228606,26.000000000100002,26,56,4155328.2459422196,0.4758106362965659,56.000000000200004,0.46428571428584187
041,CHESTERFIELD COUNTY,206,BELMONT,760,000910,11736.894317131824,0.546154596,1,1,4155328.2459422196,0.0028245408358757674,56.000000000200004,0.009752760642822312
041,CHESTERFIELD COUNTY,206,BELMONT,041,000207,245.26236276679796,0.0,1,1,4155328.2459422196,5.9023583276797135e-05,56.000000000200004,0.0
041,CHESTERFIELD COUNTY,207,CHIPPENHAM,041,000216,6942163.0110163195,29.70094387773962,31,97,13091825.571387645,0.5302669954745278,71.99999999923962,0.41251310941740676
041,CHESTERFIELD COUNTY,207,CHIPPENHAM,041,000207,3230966.0695789573,23.737621628421305,25,103,13091825.571387645,0.24679263040597452,71.99999999923962,0.32968918928711105
041,CHESTERFIELD COUNTY,207,CHIPPENHAM,041,000213,2870777.1710419552,18.1906576306,19,65,13091825.571387645,0.21928012677743555,71.99999999923962,0.2526480226498904
041,CHESTERFIELD COUNTY,207,CHIPPENHAM,760,000812,47919.31975041262,0.3707768624786953,5,10,13091825.571387645,0.0036602473420621275,71.99999999923962,0.005149678645591819
041,CHESTERFIELD COUNTY,208,MEADOWBROOK,041,000208,5720062.482214061,37.0000000004,37,105,5720062.482214061,1.0,37.0000000004,1.0
041,CHESTERFIELD COUNTY,209,SALEM CHURCH,041,000209,6371521.687902976,46.000000000200004,46,79,6371521.687902976,1.0,46.000000000200004,1.0
041,CHESTERFIELD COUNTY,210,FIVE FORKS,041,000210,14175108.812840058,21.89225140537436,22,87,17269974.745832156,0.8207949937078514,23.0000000004,0.9518370176084184
041,CHESTERFIELD COUNTY,210,FIVE FORKS,041,000201,2992306.7681170567,1.0000000002,1,10,17269974.745832156,0.17326642407738344,23.0000000004,0.043478260877504726
041,CHESTERFIELD COUNTY,210,FIVE FORKS,041,000213,102559.1648750421,0.10774859482563905,1,1,17269974.745832156,0.005938582214765148,23.0000000004,0.004684721514076746
041,CHESTERFIELD COUNTY,301,ETTRICK,041,000301,7783975.455672025,72.8157943945,73,121,7804579.356991571,0.9973600241118582,73.0,0.9974766355410959
041,CHESTERFIELD COUNTY,301,ETTRICK,730,000701,20603.901319546487,0.1842056055,1,1,7804579.356991571,0.0026399758881417365,73.0,0.0025233644589041098
041,CHESTERFIELD COUNTY,302,DEER RUN,041,000307,15890556.533002699,39.000000000000796,39,137,25909694.2746732,0.6133054433041212,70.00000000026863,0.5571428571407304
041,CHESTERFIELD COUNTY,302,DEER RUN,041,000317,7705439.321426753,9.000000000067828,9,79,25909694.2746732,0.29739599548107526,70.00000000026863,0.12857142857190415
041,CHESTERFIELD COUNTY,302,DEER RUN,041,000302,2313698.42024375,22.0000000002,22,49,25909694.2746732,0.08929856121480355,70.00000000026863,0.31428571428736535
041,CHESTERFIELD COUNTY,303,MATOACA,041,000303,42751244.20237031,60.000000000200004,60,150,42751244.20237031,1.0,60.000000000200004,1.0
041,CHESTERFIELD COUNTY,304,WINFREES STORE,041,000304,61895037.4679119,26.9439810727,27,138,103402088.3509894,0.5985859517441715,48.9999999996,0.5498771647534684
041,CHESTERFIELD COUNTY,304,WINFREES STORE,041,000314,37704211.34134934,20.0,20,67,103402088.3509894,0.36463684576046157,48.9999999996,0.4081632653094544
041,CHESTERFIELD COUNTY,304,WINFREES STORE,041,000111,3252622.064138263,1.6449990439,2,7,103402088.3509894,0.031456057764496205,48.9999999996,0.03357140905945773
041,CHESTERFIELD COUNTY,304,WINFREES STORE,041,000211,548820.5340586486,0.3550009561,1,2,103402088.3509894,0.005307634911547676,48.9999999996,0.0072449174714877135
041,CHESTERFIELD COUNTY,304,WINFREES STORE,041,000305,1396.9435312621576,0.0560189269,3,6,103402088.3509894,1.3509819323187692e-05,48.9999999996,0.0011432434061317816
041,CHESTERFIELD COUNTY,305,BEACH,041,000305,38712186.65515049,17.16287523837305,19,81,65962537.39247723,0.5868814054985924,44.9999999999,0.3813972275202487
041,CHESTERFIELD COUNTY,305,BEACH,041,000211,27246332.229393523,27.62597901772695,28,133,65962537.39247723,0.4130576734378454,44.9999999999,0.613910644839741
041,CHESTERFIELD COUNTY,305,BEACH,041,000304,3929.0663138197215,0.2111457438,1,5,65962537.39247723,5.956511785533308e-05,44.9999999999,0.004692127640010427
041,CHESTERFIELD COUNTY,305,BEACH,041,000111,89.44161939750796,0.0,2,3,65962537.39247723,1.3559457069598482e-06,44.9999999999,0.0
041,CHESTERFIELD COUNTY,306,WINTERPOCK,041,000306,154009465.11024064,81.0000000001,81,258,154009465.11024064,1.0,81.0000000001,1.0
041,CHESTERFIELD COUNTY,309,SKINQUARTER,041,000319,74143150.0861041,18.5934642648,20,158,125502409.13999063,0.5907707317666048,45.99999999974677,0.4042057448891817
041,CHESTERFIELD COUNTY,309,SKINQUARTER,041,000309,44743561.83114683,17.37626360062562,20,72,125502409.13999063,0.3565155612370595,45.99999999974677,0.37774486088524517
041,CHESTERFIELD COUNTY,309,SKINQUARTER,041,000417,4986453.038704494,4.030272134321148,5,27,125502409.13999063,0.039731930828056025,45.99999999974677,0.08761461161615945
041,CHESTERFIELD COUNTY,309,SKINQUARTER,041,000403,1500301.7899925774,1.0,2,12,125502409.13999063,0.01195436645617757,45.99999999974677,0.021739130434902283
041,CHESTERFIELD COUNTY,309,SKINQUARTER,041,000416,119436.89985715432,4.0,4,15,125502409.13999063,0.0009516701764978026,45.99999999974677,0.08695652173960913
041,CHESTERFIELD COUNTY,309,SKINQUARTER,041,000306,9505.49418548556,1.0,1,1,125502409.13999063,7.573953560431445e-05,45.99999999974677,0.021739130434902283
041,CHESTERFIELD COUNTY,309,SKINQUARTER,041,000411,0.0,0.0,1,1,125502409.13999063,0.0,45.99999999974677,0.0
041,CHESTERFIELD COUNTY,310,TOMAHAWK,041,000310,3723874.2135872673,27.8717396693,29,69,6345319.2790337475,0.5868694780878436,31.999999999899998,0.8709918646683469
041,CHESTERFIELD COUNTY,310,TOMAHAWK,041,000313,2621445.06544648,4.1282603306,5,13,6345319.2790337475,0.41313052191215643,31.999999999899998,0.12900813533165315
041,CHESTERFIELD COUNTY,311,WALTHALL,041,000106,7000986.809720245,16.2219360293,17,67,8776445.23966889,0.7977018734277856,28.0000000004,0.5793548581810092
041,CHESTERFIELD COUNTY,311,WALTHALL,041,000107,1775365.807763709,10.7780639711,11,23,8776445.23966889,0.20228757307562126,28.0000000004,0.38493085610521527
041,CHESTERFIELD COUNTY,311,WALTHALL,041,000314,92.62218493696065,1.0,1,1,8776445.23966889,1.0553496593166804e-05,28.0000000004,0.03571428571377551
041,CHESTERFIELD COUNTY,312,EVERGREEN,041,000503,14189778.747067444,11.9999999999,15,59,35899058.142336234,0.3952688310318997,44.999999999971,0.2666666666646163
041,CHESTERFIELD COUNTY,312,EVERGREEN,041,000517,9428395.45644099,1.0000000001,1,25,35899058.142336234,0.2626362903187691,44.999999999971,0.022222222224458764
041,CHESTERFIELD COUNTY,312,EVERGREEN,041,000416,6502764.227930436,5.9687355375,6,36,35899058.142336234,0.18114024613536142,44.999999999971,0.13263856750008546
041,CHESTERFIELD COUNTY,312,EVERGREEN,041,000415,5648098.413769959,25.000335510971002,27,103,35899058.142336234,0.15733277434120427,44.999999999971,0.5555630113552692
041,CHESTERFIELD COUNTY,312,EVERGREEN,041,000309,128697.64497651494,1.0,1,1,35899058.142336234,0.0035849866719689814,44.999999999971,0.02222222222223654
041,CHESTERFIELD COUNTY,312,EVERGREEN,041,000514,1323.6521508934864,0.0309289515,1,1,35899058.142336234,3.6871500796631926e-05,44.999999999971,0.0006873100333337762
041,CHESTERFIELD COUNTY,313,WOOLRIDGE,041,000313,6650660.052309494,11.999999999747336,12,71,6667836.432174499,0.9974239950185156,18.999999999747338,0.6315789473635217
041,CHESTERFIELD COUNTY,313,WOOLRIDGE,041,000310,17176.379865004943,7.0,7,9,6667836.432174499,0.0025760049814844395,18.999999999747338,0.36842105263647823
041,CHESTERFIELD COUNTY,314,BRANCHES,041,000314,12322491.080783028,6.0,6,31,26589245.48681799,0.4634389150640655,18.0,0.3333333333333333
041,CHESTERFIELD COUNTY,314,BRANCHES,041,000301,8424047.63348873,5.9999999999,6,17,26589245.48681799,0.31682161262022557,18.0,0.33333333332777776
041,CHESTERFIELD COUNTY,314,BRANCHES,041,000111,5842706.772546231,6.0000000001,6,13,26589245.48681799,0.21973947231570895,18.0,0.33333333333888887
041,CHESTERFIELD COUNTY,315,BAILEY BRIDGE,041,000315,14224747.77836957,21.18326661,23,76,21396495.250224773,0.6648167193746433,24.000000000100002,0.8826361087463223
041,CHESTERFIELD COUNTY,315,BAILEY BRIDGE,041,000318,7171747.471855203,2.8167333901,3,13,21396495.250224773,0.33518328062535674,24.000000000100002,0.11736389125367765
041,CHESTERFIELD COUNTY,316,SPRING RUN,041,000316,4999851.5554339355,26.000000000100002,26,37,4999851.5554339355,1.0,26.000000000100002,1.0
041,CHESTERFIELD COUNTY,399,POCAHONTAS 307/CRENSHAW 308,041,000201,13949841.093249196,14.8493982476,15,65,29989663.05050759,0.46515497922585325,89.9999999999,0.16499331386240554
041,CHESTERFIELD COUNTY,399,POCAHONTAS 307/CRENSHAW 308,041,000414,8482164.889086382,52.995715607,53,100,29989663.05050759,0.2828362851160082,89.9999999999,0.5888412845228765
041,CHESTERFIELD COUNTY,399,POCAHONTAS 307/CRENSHAW 308,041,000308,4128630.7779296013,9.9999999999,10,84,29989663.05050759,0.13766846166215002,89.9999999999,0.11111111111012346
041,CHESTERFIELD COUNTY,399,POCAHONTAS 307/CRENSHAW 308,041,000210,1991338.9792653094,0.9655374835,1,6,29989663.05050759,0.06640084538167577,89.9999999999,0.010728194261123031
041,CHESTERFIELD COUNTY,399,POCAHONTAS 307/CRENSHAW 308,041,000212,1421119.2902397846,11.0387469094,13,49,29989663.05050759,0.0473869708988188,89.9999999999,0.12265274343791406
041,CHESTERFIELD COUNTY,399,POCAHONTAS 307/CRENSHAW 308,041,000305,16568.02073731606,0.1506017525,1,2,29989663.05050759,0.000552457715493927,89.9999999999,0.0016733528055574147
041,CHESTERFIELD COUNTY,402,GENITO,041,000412,14143451.857800137,44.43507586433602,45,151,18612893.48593156,0.7598738943244036,57.000000000499995,0.7795627344551973
041,CHESTERFIELD COUNTY,402,GENITO,041,000402,4428495.752378693,12.5022219808,13,58,18612893.48593156,0.23792623944933353,57.000000000499995,0.21933722773140935
041,CHESTERFIELD COUNTY,402,GENITO,041,000405,27996.97710281667,0.0026865618,3,7,18612893.48593156,0.0015041711340570455,57.000000000499995,4.7132663157481296e-05
041,CHESTERFIELD COUNTY,402,GENITO,041,000410,8372.990886242105,0.0,2,2,18612893.48593156,0.0004498489658564252,57.000000000499995,0.0
041,CHESTERFIELD COUNTY,402,GENITO,041,000411,4272.093738681,0.06001559356397659,3,3,18612893.48593156,0.0002295233539003506,57.000000000499995,0.0010529051502359674
041,CHESTERFIELD COUNTY,402,GENITO,041,000414,303.8140249922811,0.0,1,2,18612893.48593156,1.6322772449211993e-05,57.000000000499995,0.0
041,CHESTERFIELD COUNTY,403,BRANDERMILL,041,000403,2773755.1973855793,31.999999999899998,32,56,2798841.849975996,0.9910367738031958,33.9999999999,0.9411764705880623
041,CHESTERFIELD COUNTY,403,BRANDERMILL,041,000416,25086.65259041672,2.0,2,9,2798841.849975996,0.008963226196804178,33.9999999999,0.05882352941193772
041,CHESTERFIELD COUNTY,404,PROVIDENCE,041,000404,4712680.779760716,32.0,32,48,4739558.068552816,0.9943291571907447,34.0,0.9411764705882353
041,CHESTERFIELD COUNTY,404,PROVIDENCE,041,000405,23309.49426222206,1.0,1,1,4739558.068552816,0.004918073357278101,34.0,0.029411764705882353
041,CHESTERFIELD COUNTY,404,PROVIDENCE,041,000516,3567.7945298783866,1.0,1,1,4739558.068552816,0.0007527694519771507,34.0,0.029411764705882353
041,CHESTERFIELD COUNTY,405,LYNDALE,041,000405,5909712.78451796,43.0,43,93,5909712.78451796,1.0,43.0,1.0
041,CHESTERFIELD COUNTY,406,SMOKETREE,041,000406,3457233.676593363,22.5238708111,23,38,3718012.3618140602,0.9298607266885308,23.999999999899998,0.9384946171330771
041,CHESTERFIELD COUNTY,406,SMOKETREE,041,000407,260778.6852206974,1.4761291887999999,2,6,3718012.3618140602,0.07013927331146917,23.999999999899998,0.06150538286692294
041,CHESTERFIELD COUNTY,407,MONACAN,041,000407,2338500.6672474984,15.5763523049,16,49,2538772.1491748425,0.9211148263177391,16.0,0.97352201905625
041,CHESTERFIELD COUNTY,407,MONACAN,041,000406,200271.4819273443,0.4236476951,2,4,2538772.1491748425,0.07888517368226093,16.0,0.02647798094375
041,CHESTERFIELD COUNTY,408,REAMS,041,000408,6783203.871181329,50.8499146953,51,91,6906095.361239677,0.9822053586534477,50.9999999998,0.9970571508921453
041,CHESTERFIELD COUNTY,408,REAMS,041,000407,122891.49005834895,0.1500853045,1,3,6906095.361239677,0.01779464134655235,50.9999999998,0.0029428491078546774
041,CHESTERFIELD COUNTY,409,MANCHESTER,041,000405,2945859.570405724,17.0,17,33,6732047.908913638,0.43758743405631856,33.9999999999,0.5000000000014706
041,CHESTERFIELD COUNTY,409,MANCHESTER,041,000409,2306037.070626749,5.6844374349999995,6,12,6732047.908913638,0.3425461467042468,33.9999999999,0.16718933632402114
041,CHESTERFIELD COUNTY,409,MANCHESTER,041,000516,1480151.2678811648,11.3155625649,12,28,6732047.908913638,0.21986641923943456,33.9999999999,0.3328106636745083
041,CHESTERFIELD COUNTY,410,WAGSTAFF,041,000410,3586275.8840238363,28.0,28,54,3586275.8840238363,1.0,28.0,1.0
041,CHESTERFIELD COUNTY,412,DAVIS,041,000515,3977713.464137459,15.901996771321329,16,55,6419640.812723054,0.6196162028651274,29.9999999998,0.530066559047578
041,CHESTERFIELD COUNTY,412,DAVIS,041,000516,1386327.7773552458,9.0,9,19,6419640.812723054,0.215950988193559,29.9999999998,0.300000000002
041,CHESTERFIELD COUNTY,412,DAVIS,041,000513,1055599.571230348,5.098003228478672,7,14,6419640.812723054,0.16443280894131343,29.9999999998,0.16993344095042195
041,CHESTERFIELD COUNTY,499,HARBOUR POINTE (401)/SWIFT CREEK (411),041,000411,6683499.209129546,40.7747991495,42,75,11067482.94138722,0.6038861089305482,69.0,0.5909391181086956
041,CHESTERFIELD COUNTY,499,HARBOUR POINTE (401)/SWIFT CREEK (411),041,000401,4377078.369261313,28.1338893947,30,80,11067482.94138722,0.39548995850656193,69.0,0.40773752745942027
041,CHESTERFIELD COUNTY,499,HARBOUR POINTE (401)/SWIFT CREEK (411),041,000412,6905.362996360988,0.0913114558,2,2,11067482.94138722,0.0006239325628899915,69.0,0.001323354431884058
041,CHESTERFIELD COUNTY,501,HUGUENOT,041,000501,6349472.065578148,39.0000000001,39,84,6349472.065578148,1.0,39.0000000001,1.0
041,CHESTERFIELD COUNTY,502,CRESTWOOD,041,000502,4238462.301954333,39.1934437109,41,75,4451238.955536928,0.9521983304630454,42.9999999997,0.9114754351435683
041,CHESTERFIELD COUNTY,502,CRESTWOOD,041,000513,196796.7006596175,3.0948162066,4,9,4451238.955536928,0.04421166839736174,42.9999999997,0.07197246992143236
041,CHESTERFIELD COUNTY,502,CRESTWOOD,760,000412,8698.5880309177,0.3868129699891942,2,3,4451238.955536928,0.0019541948023476616,42.9999999997,0.008995650464927741
041,CHESTERFIELD COUNTY,502,CRESTWOOD,760,000410,7281.364892059987,0.32492711221080584,2,2,4451238.955536928,0.0016358063372451945,42.9999999997,0.007556444470071459
041,CHESTERFIELD COUNTY,503,MIDLOTHIAN,041,000503,10406925.59798549,10.2467602871,17,118,20333113.95405002,0.511821535132478,39.000000000140545,0.26273744325802756
041,CHESTERFIELD COUNTY,503,MIDLOTHIAN,041,000518,7553447.062177606,8.950405372940542,10,59,20333113.95405002,0.3714850110635948,39.000000000140545,0.22949757366431506
041,CHESTERFIELD COUNTY,503,MIDLOTHIAN,041,000508,2059936.9861034572,17.9321855377,18,57,20333113.95405002,0.10130946940830732,39.000000000140545,0.4597996291701379
041,CHESTERFIELD COUNTY,503,MIDLOTHIAN,041,000416,312804.30778346787,1.8706488023999999,2,12,20333113.95405002,0.015383984395619955,39.000000000140545,0.04796535390751945
041,CHESTERFIELD COUNTY,504,ROBIOUS,041,000504,14543777.771059856,35.993747231099576,36,107,14591619.23146342,0.9967213055902387,35.99999999949958,0.9998263119888864
041,CHESTERFIELD COUNTY,504,ROBIOUS,041,000511,29199.06361066662,0.0041494463,5,8,14591619.23146342,0.0020010845367802402,35.99999999949958,0.00011526239722382444
041,CHESTERFIELD COUNTY,504,ROBIOUS,041,000505,16567.466002809437,0.0009945975,3,4,14591619.23146342,0.0011354096992255366,35.99999999949958,2.7627708333717376e-05
041,CHESTERFIELD COUNTY,504,ROBIOUS,041,000507,2074.9307900866233,0.0011087246,1,1,14591619.23146342,0.00014220017375539239,35.99999999949958,3.0797905555983664e-05
041,CHESTERFIELD COUNTY,504,ROBIOUS,087,000410,0.0,0.0,1,4,14591619.23146342,0.0,35.99999999949958,0.0
041,CHESTERFIELD COUNTY,505,BON AIR,041,000505,5034504.140983864,91.9999999999,92,118,5034504.140983864,1.0,91.9999999999,1.0
041,CHESTERFIELD COUNTY,506,GREENFIELD,041,000506,2691262.62862627,33.9919095748,34,65,2715248.389660957,0.9911662737280247,34.000000000099995,0.9997620463147067
041,CHESTERFIELD COUNTY,506,GREENFIELD,041,000509,23985.761034686788,0.0080904253,1,3,2715248.389660957,0.00883372627197536,34.000000000099995,0.00023795368529341783
041,CHESTERFIELD COUNTY,507,SALISBURY,041,000507,10263390.866324367,37.5738172224,38,68,10335752.79227557,0.9929988722248385,38.0000000001,0.9887846637447664
041,CHESTERFIELD COUNTY,507,SALISBURY,041,000511,72361.92595120284,0.4261827777,1,2,10335752.79227557,0.0070011277751614335,38.0000000001,0.011215336255233644
041,CHESTERFIELD COUNTY,509,CRANBECK,041,000509,4307870.408892589,40.999999999901746,41,129,4307870.408892589,1.0,40.999999999901746,1.0
041,CHESTERFIELD COUNTY,510,SYCAMORE,041,000510,6292347.946376915,44.0000000001,44,96,6292347.946376915,1.0,44.0000000001,1.0
041,CHESTERFIELD COUNTY,512,SHENANDOAH,041,000413,5502756.965771012,60.9999999998,61,121,5537212.037479435,0.9937775415723276,62.9999999997,0.9682539682554044
041,CHESTERFIELD COUNTY,512,SHENANDOAH,041,000501,18615.956310228423,0.9999999999,1,3,5537212.037479435,0.0033619728094614366,62.9999999997,0.015873015871504158
041,CHESTERFIELD COUNTY,512,SHENANDOAH,041,000509,15839.115398194619,1.0,1,1,5537212.037479435,0.0028604856182109758,62.9999999997,0.015873015873091458
041,CHESTERFIELD COUNTY,513,BEAUFONT,041,000513,2911412.120167962,17.3226521775,19,114,2941906.671798917,0.9896344258900952,18.9999999998,0.9117185356674918
041,CHESTERFIELD COUNTY,513,BEAUFONT,760,000908,19980.117195865205,1.1400482331,2,2,2941906.671798917,0.006791553718340005,18.9999999998,0.06000253858484213
041,CHESTERFIELD COUNTY,513,BEAUFONT,760,000412,10514.434435090197,0.5372995892,1,1,2941906.671798917,0.0035740203915649135,18.9999999998,0.028278925747666092
041,CHESTERFIELD COUNTY,514,WATKINS,041,000514,4726542.279025161,33.000000000200004,33,77,4949741.2023422485,0.9549069508499821,35.0000000001,0.9428571428601633
041,CHESTERFIELD COUNTY,514,WATKINS,041,000407,223198.92331708773,1.9999999999,2,5,4949741.2023422485,0.045093049150017904,35.0000000001,0.05714285713983673
041,CHESTERFIELD COUNTY,599,BELGRADE 508/BLACK HEATH 511,041,000508,4021119.183499327,40.8874540385,41,78,7909573.680527676,0.5083863360927771,62.0,0.6594750651370969
041,CHESTERFIELD COUNTY,599,BELGRADE 508/BLACK HEATH 511,041,000511,3864841.504491561,21.0,21,28,7909573.680527676,0.4886282953538052,62.0,0.3387096774193548
041,CHESTERFIELD COUNTY,599,BELGRADE 508/BLACK HEATH 511,041,000509,13852.035570438882,0.0878071778,4,6,7909573.680527676,0.0017512998967998442,62.0,0.0014162448032258065
041,CHESTERFIELD COUNTY,599,BELGRADE 508/BLACK HEATH 511,041,000505,9760.956966348818,0.024738783700000003,3,3,7909573.680527676,0.0012340686566178658,62.0,0.0003990126403225807
043,CLARKE COUNTY,101,RUSSELL,043,000101,100062342.19496213,56.0000000002,56,268,103121767.4183967,0.9703319163351658,63.0000000002,0.8888888888892417
043,CLARKE COUNTY,101,RUSSELL,043,000301,2708936.873388728,4.0,4,20,103121767.4183967,0.026269302216259918,63.0000000002,0.06349206349186193
043,CLARKE COUNTY,101,RUSSELL,043,000201,349731.889955538,3.0,3,3,103121767.4183967,0.0033914458480581336,63.0000000002,0.04761904761889645
043,CLARKE COUNTY,101,RUSSELL,069,000301,756.4600903007679,0.0,1,2,103121767.4183967,7.335600516150745e-06,63.0000000002,0.0
043,CLARKE COUNTY,201,BERRYVILLE,043,000201,2559004.281368905,37.99825263507015,38,60,2760972.8360019317,0.9268487715636167,42.0,0.9047203008350037
043,CLARKE COUNTY,201,BERRYVILLE,043,000301,201968.55463302645,4.001747364929849,5,11,2760972.8360019317,0.07315122843638333,42.0,0.0952796991649964
043,CLARKE COUNTY,301,MILLWOOD,043,000301,86979671.1977231,66.57601008242311,67,252,95298854.26152238,0.9127042698648875,85.0000000002,0.7832471774384289
043,CLARKE COUNTY,301,MILLWOOD,043,000401,8047487.534069933,15.0000000001,16,41,95298854.26152238,0.08444474591463337,85.0000000002,0.17647058823605535
043,CLARKE COUNTY,301,MILLWOOD,107,000308,237443.0789599748,0.4239899176768887,6,21,95298854.26152238,0.0024915627874011513,85.0000000002,0.004988116678539895
043,CLARKE COUNTY,301,MILLWOOD,043,000302,21890.019979628756,1.0,1,1,95298854.26152238,0.00022969866898459675,85.0000000002,0.011764705882325258
043,CLARKE COUNTY,301,MILLWOOD,043,000501,12362.43078974659,2.0,2,2,95298854.26152238,0.000129722764093482,85.0000000002,0.023529411764650517
043,CLARKE COUNTY,302,PINE GROVE,043,000302,36937084.16468187,34.82390855413838,36,96,36996707.2846465,0.998388420907139,36.0,0.9673307931705105
043,CLARKE COUNTY,302,PINE GROVE,107,000308,55556.43336937926,0.27511670066162613,2,11,36996707.2846465,0.0015016588622856978,36.0,0.00764213057393406
043,CLARKE COUNTY,302,PINE GROVE,043,000502,4066.6865952602293,0.9009747452,1,1,36996707.2846465,0.00010992023057543527,36.0,0.025027076255555555
043,CLARKE COUNTY,401,WHITE POST,043,000401,135353728.8188581,146.77197415071328,149,473,135564006.16315785,0.9984488703878618,149.99999999980722,0.9784798276726794
043,CLARKE COUNTY,401,WHITE POST,187,000401,142367.9155994501,1.0593783546187363,6,9,135564006.16315785,0.0010501896456800149,149.99999999980722,0.007062522364133986
043,CLARKE COUNTY,401,WHITE POST,187,000402,60421.719015436836,1.0096520939160085,7,8,135564006.16315785,0.00044570620716767817,149.99999999980722,0.006731013959448708
043,CLARKE COUNTY,401,WHITE POST,043,000301,6112.662320486839,1.0,1,1,135564006.16315785,4.5090599588285655e-05,149.99999999980722,0.006666666666675235
043,CLARKE COUNTY,401,WHITE POST,069,000401,964.6775708163602,0.0,2,5,135564006.16315785,7.116030265845965e-06,149.99999999980722,0.0
043,CLARKE COUNTY,401,WHITE POST,187,000302,292.0607046230887,0.005002436859199219,1,2,135564006.16315785,2.154411874429113e-06,149.99999999980722,3.3349579061370985e-05
043,CLARKE COUNTY,401,WHITE POST,069,000503,118.30908895198938,0.1539929637,1,1,135564006.16315785,8.727175619876463e-07,149.99999999980722,0.0010266197580013196
043,CLARKE COUNTY,501,BUCKMARSH,043,000501,72421403.95022793,66.6316735472,67,206,76752716.55442719,0.9435679569578775,76.00000000029999,0.8767325466702235
043,CLARKE COUNTY,501,BUCKMARSH,043,000301,3746312.778131759,6.4565320308,7,18,76752716.55442719,0.04881016524640087,76.00000000029999,0.08495436882598045
043,CLARKE COUNTY,501,BUCKMARSH,043,000201,584999.8260675037,2.9117944223,7,30,76752716.55442719,0.007621877795721618,76.00000000029999,0.038313084503796134
043,CLARKE COUNTY,502,BLUE RIDGE,043,000502,10930002.443204379,24.113052266230934,25,57,11385463.604236891,0.9599962569057775,27.000000000300002,0.8930760098504819
043,CLARKE COUNTY,502,BLUE RIDGE,043,000501,394787.3794455769,2.0000000001,2,7,11385463.604236891,0.03467468635169709,27.000000000300002,0.07407407407695472
043,CLARKE COUNTY,502,BLUE RIDGE,107,000311,60673.7815869359,0.8869477339690649,5,6,11385463.604236891,0.0053290567425253775,27.000000000300002,0.03284991607256333
045,CRAIG COUNTY,101,COURT HOUSE,045,000101,12362689.958448492,55.0,55,102,12362689.958448492,1.0,55.0,1.0
045,CRAIG COUNTY,201,AMMENDALE,045,000201,154216111.19300973,48.95660500918039,49,213,154328005.97097006,0.9992749548129237,50.0,0.9791321001836079
045,CRAIG COUNTY,201,AMMENDALE,161,000101,95665.94917574056,0.04339499081960517,3,12,154328005.97097006,0.0006198871590016905,50.0,0.0008678998163921034
045,CRAIG COUNTY,201,AMMENDALE,121,000101,16228.828784580483,1.0,2,2,154328005.97097006,0.00010515802807452339,50.0,0.02
045,CRAIG COUNTY,202,NORTH MOUNTAIN,045,000201,64017348.92736119,13.0000000001,13,91,66077981.00756989,0.9688151476666239,18.000000000100002,0.7222222222237653
045,CRAIG COUNTY,202,NORTH MOUNTAIN,045,000401,2060632.0802086976,5.0,5,20,66077981.00756989,0.031184852333376104,18.000000000100002,0.2777777777762345
045,CRAIG COUNTY,301,GIVENS AND REYNOLDS STORE,045,000301,74816773.77144147,47.768723188077296,48,131,75820227.9961059,0.9867653494168342,48.0000000003,0.9951817330787238
045,CRAIG COUNTY,301,GIVENS AND REYNOLDS STORE,071,000303,673403.8711825969,0.2312768122227021,9,23,75820227.9961059,0.008881585943228536,48.0000000003,0.00481826692127618
045,CRAIG COUNTY,301,GIVENS AND REYNOLDS STORE,045,000403,330050.3534818236,0.0,1,2,75820227.9961059,0.00435306463993718,48.0000000003,0.0
045,CRAIG COUNTY,399,MCGUIRE'S STORE 302/MARSHALL'S STORE 303,045,000303,69113502.39842802,29.999999999899998,30,95,69113502.39842802,1.0,29.999999999899998,1.0
045,CRAIG COUNTY,401,BARBOURS CREEK,045,000401,101054554.5822339,43.000000000200004,43,124,101054554.5822339,1.0,43.000000000200004,1.0
045,CRAIG COUNTY,402,PAINT BANK,045,000402,84542403.02314968,23.000000000100002,23,106,84542403.02314968,1.0,23.000000000100002,1.0
045,CRAIG COUNTY,499,CRAIG SPRINGS 403/FORKS OF JOHN CREEK 404,045,000403,250996051.62100893,83.85925391087493,84,330,252359142.81120908,0.9945986058796377,86.0000000002,0.975107603612557
045,CRAIG COUNTY,499,CRAIG SPRINGS 403/FORKS OF JOHN CREEK 404,071,000303,1363091.1902001454,2.1407460893250763,9,10,252359142.81120908,0.005401394120362342,86.0000000002,0.024892396387442995
045,CRAIG COUNTY,501,CRAIG CITY,045,000501,40604619.938661866,48.999999999799996,49,126,40628268.198869154,0.9994179358053971,49.999999999799996,0.97999999999992
045,CRAIG COUNTY,501,CRAIG CITY,045,000401,23648.260207285788,1.0,1,1,40628268.198869154,0.0005820641946029098,49.999999999799996,0.020000000000080002
047,CULPEPER COUNTY,101,WEST FAIRFAX,047,000101,6619476.847504265,72.64546593420461,74,169,8885461.598849025,0.7449783867572751,95.99999999982539,0.7567236034826743
047,CULPEPER COUNTY,101,WEST FAIRFAX,047,000304,2066799.4414148512,18.745823930345196,19,37,8885461.598849025,0.2326046225536075,95.99999999982539,0.19526899927478428
047,CULPEPER COUNTY,101,WEST FAIRFAX,047,000201,143522.14146638598,3.0,3,3,8885461.598849025,0.01615246882446457,95.99999999982539,0.031250000000056836
047,CULPEPER COUNTY,101,WEST FAIRFAX,047,000303,33100.30393490019,0.26582166634559606,7,7,8885461.598849025,0.003725220526437009,95.99999999982539,0.002768975691104995
047,CULPEPER COUNTY,101,WEST FAIRFAX,047,000401,16971.427861309938,0.6915872541874313,3,4,8885461.598849025,0.001910022081858789,95.99999999982539,0.007204033897798845
047,CULPEPER COUNTY,101,WEST FAIRFAX,047,000602,5591.436667312293,0.6513012147425563,4,5,8885461.598849025,0.0006292792563569886,95.99999999982539,0.006784387653580634
047,CULPEPER COUNTY,201,EAST FAIRFAX,047,000201,6627198.524995474,82.996716305601,84,166,7617698.45894857,0.8699738589954886,99.99999999991981,0.8299671630566755
047,CULPEPER COUNTY,201,EAST FAIRFAX,047,000603,986968.4000666353,17.0,17,26,7617698.45894857,0.1295625450896177,99.99999999991981,0.17000000000013632
047,CULPEPER COUNTY,201,EAST FAIRFAX,047,000702,1911.9976776527394,0.00328369431880509,1,1,7617698.45894857,0.0002509941405473592,99.99999999991981,3.283694318807724e-05
047,CULPEPER COUNTY,201,EAST FAIRFAX,047,000602,1619.5362088077532,0.0,4,4,7617698.45894857,0.00021260177434632781,99.99999999991981,0.0
047,CULPEPER COUNTY,301,CATALPA,047,000303,34888875.99695114,24.82311812512952,27,53,88405511.17697491,0.39464593929114566,49.9999999998108,0.496462362504469
047,CULPEPER COUNTY,301,CATALPA,047,000302,31897705.62908118,11.9999999997108,13,51,88405511.17697491,0.36081127979936267,49.9999999998108,0.23999999999512417
047,CULPEPER COUNTY,301,CATALPA,047,000702,18881515.899127543,10.762047763381263,12,36,88405511.17697491,0.21357849355488154,49.9999999998108,0.21524095526843975
047,CULPEPER COUNTY,301,CATALPA,047,000401,2233710.0829160037,0.9141104294,1,1,88405511.17697491,0.025266638393668044,49.9999999998108,0.01828220858806918
047,CULPEPER COUNTY,301,CATALPA,047,000201,490852.2127943232,0.3587263664187372,2,13,88405511.17697491,0.005552280692226403,49.9999999998108,0.0071745273284018925
047,CULPEPER COUNTY,301,CATALPA,047,000101,8703.955698591108,0.03321728902204957,2,3,88405511.17697491,9.84548992784744e-05,49.9999999998108,0.0006643457804435053
047,CULPEPER COUNTY,301,CATALPA,047,000304,4147.400406137445,1.1087800267484311,7,7,88405511.17697491,4.6913369437284925e-05,49.9999999998108,0.022175600535052537
047,CULPEPER COUNTY,401,ELDORADO,047,000401,72799672.57386185,31.719247386932786,32,108,74782099.86609921,0.973490617463444,32.99999999962319,0.9611893147665143
047,CULPEPER COUNTY,401,ELDORADO,047,000302,1809203.8628328622,1.0,1,5,74782099.86609921,0.024193006963863343,32.99999999962319,0.030303030303376315
047,CULPEPER COUNTY,401,ELDORADO,047,000402,147040.59724536343,0.0184067803,1,1,74782099.86609921,0.0019662539231800977,32.99999999962319,0.0005577812212184903
047,CULPEPER COUNTY,401,ELDORADO,047,000101,26182.83215912987,0.26234583239041076,5,7,74782099.86609921,0.00035012164951253626,32.99999999962319,0.007949873708891102
047,CULPEPER COUNTY,402,BROWN'S STORE,047,000402,74395370.21739157,44.99622029833442,45,128,75323618.47427322,0.987676531270219,48.99999999989108,0.9182902101721314
047,CULPEPER COUNTY,402,BROWN'S STORE,047,000401,487461.22364029655,3.0053119000277273,5,16,75323618.47427322,0.006471558768871266,48.99999999989108,0.06133289591906954
047,CULPEPER COUNTY,402,BROWN'S STORE,047,000101,399357.7551746519,0.9394545678155809,2,4,75323618.47427322,0.0053018928626092565,48.99999999989108,0.019172542200360593
047,CULPEPER COUNTY,402,BROWN'S STORE,047,000602,39149.74235623748,0.055233532056692076,1,5,75323618.47427322,0.0005197538720157089,48.99999999989108,0.0011272149399349969
047,CULPEPER COUNTY,402,BROWN'S STORE,113,000007,1834.8946557887007,0.003654557256658091,1,1,75323618.47427322,2.436015014885947e-05,48.99999999989108,7.458280115645336e-05
047,CULPEPER COUNTY,402,BROWN'S STORE,113,000009,444.6410546785992,0.0001251444,1,1,75323618.47427322,5.903076135813448e-06,48.99999999989108,2.5539673469444523e-06
047,CULPEPER COUNTY,501,JEFFERSONTON,047,000501,59793245.989269495,30.9918572989,31,106,96230574.41543339,0.6213539340536234,50.9999999997,0.6076834764525942
047,CULPEPER COUNTY,501,JEFFERSONTON,047,000502,36437328.4261639,20.0081427008,21,64,96230574.41543339,0.3786460659463766,50.9999999997,0.39231652354740576
047,CULPEPER COUNTY,502,RIXEYVILLE,047,000502,55711034.411374874,29.0000000002,29,109,83659237.10703501,0.6659280712791733,48.000000000300005,0.6041666666670572
047,CULPEPER COUNTY,502,RIXEYVILLE,047,000302,27948202.69566013,19.000000000100002,19,57,83659237.10703501,0.3340719287208266,48.000000000300005,0.3958333333329427
047,CULPEPER COUNTY,601,MITCHELLS,047,000601,86778864.58518529,57.0,57,147,143163178.56398284,0.6061535197502049,81.00000000014121,0.7037037037024769
047,CULPEPER COUNTY,601,MITCHELLS,047,000703,56384006.25428359,24.00000000014121,24,74,143163178.56398284,0.3938443307828927,81.00000000014121,0.2962962962975231
047,CULPEPER COUNTY,601,MITCHELLS,137,000302,307.72451395747254,0.0,3,4,143163178.56398284,2.149466902342794e-06,81.00000000014121,0.0
047,CULPEPER COUNTY,602,PEARL SAMPLE,047,000602,50224905.32120596,39.501751817239814,42,144,63686863.73085595,0.7886226825905427,48.9999999994,0.8061582003617042
047,CULPEPER COUNTY,602,PEARL SAMPLE,047,000402,11080553.979223156,5.4907854182,6,24,63686863.73085595,0.1739849213811213,48.9999999994,0.11205684527075986
047,CULPEPER COUNTY,602,PEARL SAMPLE,047,000703,2260065.4657843495,2.367045255913927,4,18,63686863.73085595,0.03548715281907279,48.9999999994,0.04830704603965125
047,CULPEPER COUNTY,602,PEARL SAMPLE,047,000201,119808.9711863608,1.6257281448888643,3,3,63686863.73085595,0.0018812195195021667,48.9999999994,0.033178125406301454
047,CULPEPER COUNTY,602,PEARL SAMPLE,047,000702,1529.993456122867,0.014689363157396463,1,1,63686863.73085595,2.4023689761026704e-05,48.9999999994,0.0002997829215831904
047,CULPEPER COUNTY,702,BRANDY STATION,047,000702,146123900.15277207,111.69473964237304,116,331,147747296.85667273,0.9890123424357774,123.99999999971436,0.900764029376051
047,CULPEPER COUNTY,702,BRANDY STATION,047,000201,1617676.3080379285,12.305226947187762,17,75,147747296.85667273,0.010948940132604999,123.99999999971436,0.09923570118722667
047,CULPEPER COUNTY,702,BRANDY STATION,047,000303,5720.3958627455195,3.341015356158948e-05,2,4,147747296.85667273,3.8717431617681526e-05,123.99999999971436,2.694367222715035e-07
047,CULPEPER COUNTY,703,LIGNUM,047,000703,113474100.01098382,35.00000000014877,35,144,113474100.01098382,1.0,35.00000000014877,1.0
047,CULPEPER COUNTY,704,RICHARDSVILLE,047,000704,87795980.70352624,18.999999999989658,19,150,87809141.90890287,0.9998501157727941,18.999999999989658,1.0
047,CULPEPER COUNTY,704,RICHARDSVILLE,061,000301,10644.21458282042,0.0,3,4,87809141.90890287,0.00012121989067907306,18.999999999989658,0.0
047,CULPEPER COUNTY,704,RICHARDSVILLE,137,000402,2091.226480831701,0.0,2,4,87809141.90890287,2.381558953168262e-05,18.999999999989658,0.0
047,CULPEPER COUNTY,704,RICHARDSVILLE,177,000202,425.7643129786786,0.0,2,3,87809141.90890287,4.8487469951635055e-06,18.999999999989658,0.0
049,CUMBERLAND COUNTY,101,PRECINCT 1-1,049,000101,76613680.03723149,43.0,43,140,84012711.33913322,0.9119296213160633,47.0,0.9148936170212766
049,CUMBERLAND COUNTY,101,PRECINCT 1-1,049,000201,7399031.301901733,4.0,5,9,84012711.33913322,0.08807037868393679,47.0,0.0851063829787234
049,CUMBERLAND COUNTY,102,PRECINCT 1-2,049,000101,110248773.43015978,53.0000000001,53,155,110320012.93793888,0.9993542467419834,53.0000000001,1.0
049,CUMBERLAND COUNTY,102,PRECINCT 1-2,075,000101,71239.50777911158,0.0,2,2,110320012.93793888,0.0006457532580166369,53.0000000001,0.0
049,CUMBERLAND COUNTY,201,PRECINCT 2,049,000201,188817974.99580693,90.6693535074,91,232,218554767.23127145,0.8639389448595396,99.00000000040001,0.9158520556266025
049,CUMBERLAND COUNTY,201,PRECINCT 2,049,000101,24650747.946905952,4.0,4,18,218554767.23127145,0.112789797537662,99.00000000040001,0.04040404040387715
049,CUMBERLAND COUNTY,201,PRECINCT 2,049,000301,5065003.484400253,3.3094584018,4,7,218554767.23127145,0.023174985147043442,99.00000000040001,0.03342887274531948
049,CUMBERLAND COUNTY,201,PRECINCT 2,145,000501,16382.99255363397,0.0211880912,1,4,218554767.23127145,7.496058201419934e-05,99.00000000040001,0.00021402112323145846
049,CUMBERLAND COUNTY,201,PRECINCT 2,049,000401,4657.811604685857,1.0,1,1,218554767.23127145,2.131187374081403e-05,99.00000000040001,0.010101010100969287
049,CUMBERLAND COUNTY,301,PRECINCT 3,049,000301,103416610.79039241,39.9930469954,40,115,114341446.88032678,0.9044542780592183,44.9999999998,0.8887343776795055
049,CUMBERLAND COUNTY,301,PRECINCT 3,049,000401,9365939.849800264,4.0,4,9,114341446.88032678,0.08191202844934209,44.9999999998,0.08888888888928394
049,CUMBERLAND COUNTY,301,PRECINCT 3,049,000201,1558896.2401341002,1.0069530044,2,3,114341446.88032678,0.01363369349143962,44.9999999998,0.02237673343121056
049,CUMBERLAND COUNTY,401,PRECINCT 4,049,000401,167937082.4619125,48.003204505006394,49,258,172970808.2139785,0.9708984087890781,52.00000000030639,0.9231385481677606
049,CUMBERLAND COUNTY,401,PRECINCT 4,049,000501,5028452.472721733,0.9967954953,1,9,172970808.2139785,0.029071104683173716,52.00000000030639,0.01916914414027167
049,CUMBERLAND COUNTY,401,PRECINCT 4,049,000301,5273.27934427403,3.0,3,6,172970808.2139785,3.0486527748373407e-05,52.00000000030639,0.05769230769196776
049,CUMBERLAND COUNTY,501,PRECINCT 5,049,000501,76167985.97805862,74.0000000002,74,250,76167985.97805862,1.0,74.0000000002,1.0
051,DICKENSON COUNTY,101,SOUTH CLINTWOOD,051,000101,94941684.0540498,94.9207811495,95,356,101003032.30838229,0.9399884526652034,102.9999999998,0.9215609820357701
051,DICKENSON COUNTY,101,SOUTH CLINTWOOD,051,000203,5746848.607917721,7.9999999999,10,34,101003032.30838229,0.05689778293359998,102.9999999998,0.0776699029118013
051,DICKENSON COUNTY,101,SOUTH CLINTWOOD,051,000303,247579.11345797605,0.0653429639,4,7,101003032.30838229,0.0024512047589033558,102.9999999998,0.0006343977077682222
051,DICKENSON COUNTY,101,SOUTH CLINTWOOD,051,000201,66920.53295678023,0.013875886499999998,2,5,101003032.30838229,0.0006625596422932984,102.9999999998,0.00013471734466045574
051,DICKENSON COUNTY,201,NORA,051,000201,120288064.39068274,37.00181815897377,38,179,121571747.58906876,0.989440941470011,38.99999999977377,0.9487645681843182
051,DICKENSON COUNTY,201,NORA,051,000302,1279925.2709718542,0.9981818408,1,3,121571747.58906876,0.010528147339776663,38.99999999977377,0.025594406174507443
051,DICKENSON COUNTY,201,NORA,167,000304,3588.932349956078,0.9350249904,2,2,121571747.58906876,2.952110520025773e-05,38.99999999977377,0.023974999753985225
051,DICKENSON COUNTY,201,NORA,167,000202,168.99506420878967,0.0649750096,1,1,121571747.58906876,1.390085012021206e-06,38.99999999977377,0.0016660258871891512
051,DICKENSON COUNTY,201,NORA,051,000101,0.0,0.0,1,3,121571747.58906876,0.0,38.99999999977377,0.0
051,DICKENSON COUNTY,202,FRYING PAN,051,000202,101830545.57820874,44.93588118274592,45,167,101835308.53782469,0.9999532287996734,45.99999999975818,0.9768669822387424
051,DICKENSON COUNTY,202,FRYING PAN,051,000401,3114.7319252967877,0.0640164092,2,4,101835308.53782469,3.0585972292114015e-05,45.99999999975818,0.0013916610695725333
051,DICKENSON COUNTY,202,FRYING PAN,167,000304,1648.2276906443915,1.000102407812257,5,5,101835308.53782469,1.6185228034461056e-05,45.99999999975818,0.021741356691685094
051,DICKENSON COUNTY,203,CLINCHCO,051,000203,50900816.43577006,64.9999754212,65,213,51641595.8085876,0.9856553740987539,67.99999999990001,0.9558819914896409
051,DICKENSON COUNTY,203,CLINCHCO,051,000401,735392.7141208884,2.0000245787,3,4,51641595.8085876,0.014240317376067574,67.99999999990001,0.02941212615739619
051,DICKENSON COUNTY,203,CLINCHCO,051,000201,5386.658696658886,1.0,1,2,51641595.8085876,0.00010430852517851754,67.99999999990001,0.0147058823529628
051,DICKENSON COUNTY,203,CLINCHCO,051,000101,0.0,0.0,2,3,51641595.8085876,0.0,67.99999999990001,0.0
051,DICKENSON COUNTY,301,WEST DANTE,051,000301,32418522.897869762,22.98560470484501,27,87,34693702.28165378,0.9344209688169504,33.9999999999,0.6760471972033122
051,DICKENSON COUNTY,301,WEST DANTE,051,000302,2261918.5421909634,9.006973974942634,12,32,34693702.28165378,0.06519680499440611,33.9999999999,0.2649109992637978
051,DICKENSON COUNTY,301,WEST DANTE,195,000403,12450.378714352693,2.001629277754991,3,3,34693702.28165378,0.000358865670007681,33.9999999999,0.05887144934590818
051,DICKENSON COUNTY,301,WEST DANTE,195,000402,810.4628786954372,0.005792042357366092,1,3,34693702.28165378,2.3360518635799055e-05,33.9999999999,0.0001703541869818567
051,DICKENSON COUNTY,302,HERALD,051,000302,59249588.80788582,28.66634286285469,31,123,84420460.44878645,0.7018392045353684,47.00000000046012,0.6099221885654054
051,DICKENSON COUNTY,302,HERALD,051,000201,25108900.74110435,14.284220362133448,15,72,84420460.44878645,0.2974267210534421,47.00000000046012,0.3039195821700768
051,DICKENSON COUNTY,302,HERALD,167,000202,43401.32338155084,1.0077789575266722,3,5,84420460.44878645,0.0005141090578140141,47.00000000046012,0.021442105479080986
051,DICKENSON COUNTY,302,HERALD,195,000402,10070.450905382753,3.0023084508894113,7,14,84420460.44878645,0.00011928922031279346,47.00000000046012,0.06387890320978765
051,DICKENSON COUNTY,302,HERALD,195,000201,8499.125509357003,0.039349367055897706,1,2,84420460.44878645,0.00010067613306270682,47.00000000046012,0.0008372205756492018
051,DICKENSON COUNTY,303,RIDGE,051,000303,59426572.45310554,31.918779293743654,33,91,59436847.60134749,0.9998271249459448,33.0000000001,0.967235736171119
051,DICKENSON COUNTY,303,RIDGE,051,000302,5912.038229673788,0.0812043294,1,1,59436847.60134749,9.946756041516167e-05,33.0000000001,0.0024607372545379976
051,DICKENSON COUNTY,303,RIDGE,195,000202,2852.6932932185796,1.0,1,1,59436847.60134749,4.799536665120689e-05,33.0000000001,0.030303030302938475
051,DICKENSON COUNTY,303,RIDGE,195,000201,1510.4167190575927,1.6376956347204377e-05,1,1,59436847.60134749,2.5412126988769675e-05,33.0000000001,4.962714044592348e-07
051,DICKENSON COUNTY,304,LONGS FORK,051,000303,34696046.070831105,27.9951919667,29,94,34718549.30671845,0.9993518382439157,30.0,0.9331730655566666
051,DICKENSON COUNTY,304,LONGS FORK,051,000101,22503.23588734068,2.0048080333,3,7,34718549.30671845,0.0006481617560842624,30.0,0.06682693444333333
051,DICKENSON COUNTY,401,COLLEY,051,000401,68447067.11229758,29.99704953023623,30,195,68459372.15762448,0.9998202576953441,29.99999999993623,0.9999016510099998
051,DICKENSON COUNTY,401,COLLEY,051,000203,12232.157249648577,0.0029342333999999998,2,6,68459372.15762448,0.0001786776136579899,29.99999999993623,9.78077800002079e-05
051,DICKENSON COUNTY,401,COLLEY,027,000502,72.88807725661994,1.62363e-05,2,7,68459372.15762448,1.0646909978782535e-06,29.99999999993623,5.412100000011504e-07
051,DICKENSON COUNTY,402,HAYSI,051,000401,64308773.986407034,67.84529697302204,68,330,65075820.97997273,0.9882130262513054,69.0,0.9832651735220587
051,DICKENSON COUNTY,402,HAYSI,051,000203,579867.8831086378,0.09018730429999999,2,4,65075820.97997273,0.008910650290329702,69.0,0.0013070623811594201
051,DICKENSON COUNTY,402,HAYSI,051,000501,176629.43102849653,1.0,1,3,65075820.97997273,0.0027142097997173904,69.0,0.014492753623188406
051,DICKENSON COUNTY,402,HAYSI,027,000501,10549.679428552143,0.06451572267795513,7,9,65075820.97997273,0.00016211365864748502,69.0,0.0009350104735935526
051,DICKENSON COUNTY,501,TARPON,051,000501,38984107.31744405,22.508656036550377,23,80,46344927.794537514,0.8411731158644494,27.999999999950376,0.8038805727353667
051,DICKENSON COUNTY,501,TARPON,051,000401,7360820.477093466,5.4913439634,8,39,46344927.794537514,0.15882688413555054,27.999999999950376,0.1961194272646333
051,DICKENSON COUNTY,502,ARTRIP,051,000502,44215637.77384626,17.000000000100002,17,49,52530914.78243057,0.8417069825830366,22.000000000100002,0.7727272727283058
051,DICKENSON COUNTY,502,ARTRIP,051,000501,7512075.020704992,3.0,3,10,52530914.78243057,0.14300293554410884,22.000000000100002,0.13636363636301652
051,DICKENSON COUNTY,502,ARTRIP,051,000101,803201.9878793109,2.0,2,4,52530914.78243057,0.015290081872854591,22.000000000100002,0.09090909090867767
051,DICKENSON COUNTY,503,NORTH CLINTWOOD,051,000502,42497028.04550617,31.999999999772104,32,166,42497028.04550617,1.0,31.999999999772104,1.0
053,DINWIDDIE COUNTY,101,DARVILLS,053,000102,97257087.68806808,73.9999694591,74,191,179936738.66247568,0.5405071160620644,119.0000000002,0.6218484828485347
053,DINWIDDIE COUNTY,101,DARVILLS,053,000101,65968084.35643036,28.000000000100002,28,170,179936738.66247568,0.366618206191749,119.0000000002,0.23529411764750371
053,DINWIDDIE COUNTY,101,DARVILLS,053,000402,16711566.617977245,17.000030541,19,50,179936738.66247568,0.09287467774618671,119.0000000002,0.1428573995039616
053,DINWIDDIE COUNTY,102,WHITE OAK,053,000101,125374593.79435168,66.9999999995,67,239,135602117.45994267,0.9245769619444753,73.9999999995,0.9054054054047662
053,DINWIDDIE COUNTY,102,WHITE OAK,053,000102,10227523.665590998,7.0,7,9,135602117.45994267,0.07542303805552479,73.9999999995,0.09459459459523374
053,DINWIDDIE COUNTY,103,CHURCH ROAD,053,000103,116787228.95725314,96.00000000013497,96,394,132288943.0030609,0.8828192765479342,107.00000000023498,0.8971962616815341
053,DINWIDDIE COUNTY,103,CHURCH ROAD,053,000202,15501714.045807756,11.0000000001,11,39,132288943.0030609,0.11718072345206566,107.00000000023498,0.10280373831846583
053,DINWIDDIE COUNTY,104,FIVE FORKS,053,000401,23934713.03918407,27.999999999899998,28,67,71341126.7427807,0.33549670620538835,53.0000000003,0.5283018867875756
053,DINWIDDIE COUNTY,104,FIVE FORKS,053,000103,22103306.178094648,12.0000000003,12,40,71341126.7427807,0.30982558290378237,53.0000000003,0.22641509434400142
053,DINWIDDIE COUNTY,104,FIVE FORKS,053,000102,15334080.637588443,9.0,9,28,71341126.7427807,0.21494026430049568,53.0000000003,0.1698113207537558
053,DINWIDDIE COUNTY,104,FIVE FORKS,053,000202,9969026.88791354,4.0000000001,4,9,71341126.7427807,0.13973744659033363,53.0000000003,0.07547169811466714
053,DINWIDDIE COUNTY,201,ROHOIC,053,000201,17739712.3838649,20.9999999998,21,93,29110558.890524622,0.6093909928207908,37.9999999996,0.5526315789479225
053,DINWIDDIE COUNTY,201,ROHOIC,053,000202,9955860.449087733,12.9999999999,13,45,29110558.890524622,0.3420016938365388,37.9999999996,0.34210526315886425
053,DINWIDDIE COUNTY,201,ROHOIC,053,000302,1414986.057571989,3.9999999999,4,21,29110558.890524622,0.04860731334267037,37.9999999996,0.10526315789321329
053,DINWIDDIE COUNTY,202,CHESDIN,053,000202,26069726.206426546,51.80180566750557,52,188,32385908.47140263,0.8049712803161476,73.99999999975229,0.7000244009145807
053,DINWIDDIE COUNTY,202,CHESDIN,053,000502,4872992.653388014,12.999999999728972,14,39,32385908.47140263,0.15046644924878236,73.99999999975229,0.1756756756726012
053,DINWIDDIE COUNTY,202,CHESDIN,053,000201,1365615.5679868476,9.0000000001,9,21,32385908.47140263,0.0421669680562678,73.99999999975229,0.1216216216233801
053,DINWIDDIE COUNTY,202,CHESDIN,053,000501,77574.04360122514,0.1981943324177473,2,5,32385908.47140263,0.0023953023788023265,73.99999999975229,0.002678301789437983
053,DINWIDDIE COUNTY,301,EDGEHILL,053,000501,4554207.773180048,22.8383715221646,24,70,9545559.9295238,0.47710221367886213,70.0,0.32626245031663714
053,DINWIDDIE COUNTY,301,EDGEHILL,053,000502,3953369.917881533,36.778824085400004,37,59,9545559.9295238,0.41415799042380064,70.0,0.5254117726485715
053,DINWIDDIE COUNTY,301,EDGEHILL,053,000202,924382.0598320646,6.382804392435401,8,22,9545559.9295238,0.09683895619082654,70.0,0.09118291989193429
053,DINWIDDIE COUNTY,301,EDGEHILL,053,000201,113600.17863015478,4.0,4,5,9545559.9295238,0.011900839706510749,70.0,0.05714285714285714
053,DINWIDDIE COUNTY,302,NEW HOPE,053,000302,41469926.6049927,37.9783554682,40,122,83336146.47962824,0.49762232064726136,71.0000000001,0.534906415044317
053,DINWIDDIE COUNTY,302,NEW HOPE,053,000301,33018001.965933222,18.0000000001,18,67,83336146.47962824,0.3962026486790407,71.0000000001,0.2535211267616147
053,DINWIDDIE COUNTY,302,NEW HOPE,053,000501,4914011.18452224,8.921315463500001,9,40,83336146.47962824,0.058966143649604494,71.0000000001,0.12565233047165403
053,DINWIDDIE COUNTY,302,NEW HOPE,053,000303,3934206.724180071,6.1003290683,7,28,83336146.47962824,0.047208887024093434,71.0000000001,0.0859201277224142
053,DINWIDDIE COUNTY,401,DINWIDDIE,053,000303,87119636.94832425,64.9999999998,65,200,147861689.6316595,0.5891968174132819,139.0,0.46762589927913667
053,DINWIDDIE COUNTY,401,DINWIDDIE,053,000401,33272718.712771486,47.000000000200004,47,135,147861689.6316595,0.22502596037998523,139.0,0.33812949640431655
053,DINWIDDIE COUNTY,401,DINWIDDIE,053,000403,25769485.253531314,23.0,23,45,147861689.6316595,0.17428101435690388,139.0,0.16546762589928057
053,DINWIDDIE COUNTY,401,DINWIDDIE,053,000201,1699848.717032468,4.0,4,14,147861689.6316595,0.011496207849829031,139.0,0.02877697841726619
053,DINWIDDIE COUNTY,402,REAMS,053,000303,73014882.38110638,54.9058177405,55,190,107458985.03946261,0.6794674484808583,82.0000000002,0.6695831431751961
053,DINWIDDIE COUNTY,402,REAMS,053,000301,34074614.94753023,24.0000000002,24,88,107458985.03946261,0.31709414466381636,82.0000000002,0.29268292683099345
053,DINWIDDIE COUNTY,402,REAMS,053,000403,369487.71082598786,3.0941822595,4,5,107458985.03946261,0.0034384068553253073,82.0000000002,0.03773392999381041
053,DINWIDDIE COUNTY,501,CHERRY HILL,053,000403,129077179.76249811,86.0662917464,94,240,174069321.0065562,0.7415274501911597,120.0000000002,0.7172190978854712
053,DINWIDDIE COUNTY,501,CHERRY HILL,053,000303,39393833.3337154,29.9337082538,33,77,174069321.0065562,0.22631117939634898,120.0000000002,0.2494475687812509
053,DINWIDDIE COUNTY,501,CHERRY HILL,053,000401,5598307.910342708,4.0,5,12,174069321.0065562,0.03216137041249131,120.0000000002,0.03333333333327778
053,DINWIDDIE COUNTY,502,MCKENNEY,053,000402,105175330.09929346,98.9999904375,99,206,121507339.87126482,0.8655882863596974,120.0,0.8249999203125
053,DINWIDDIE COUNTY,502,MCKENNEY,053,000102,16332009.771971352,21.0000095625,22,42,121507339.87126482,0.13441171364030247,120.0,0.1750000796875
053,DINWIDDIE COUNTY,503,ROCKY RUN,053,000102,50166042.7281492,40.9999999999,41,113,89173981.88815698,0.5625636723396295,91.00000000007972,0.4505494505479569
053,DINWIDDIE COUNTY,503,ROCKY RUN,053,000401,37224532.81570503,46.00000000007973,47,142,89173981.88815698,0.417437149575674,91.00000000007972,0.5054945054949388
053,DINWIDDIE COUNTY,503,ROCKY RUN,053,000103,1783406.3443027542,4.0000000001,4,8,89173981.88815698,0.019999178084696527,91.00000000007972,0.04395604395710435
057,ESSEX COUNTY,101,GREATER TAPPAHANNOCK,057,000101,30815195.567759402,107.99972750959978,108,228,36543571.47207103,0.8432453185729363,115.0000000002,0.9391280652992343
057,ESSEX COUNTY,101,GREATER TAPPAHANNOCK,057,000401,5728375.904311624,7.000272490600227,8,32,36543571.47207103,0.1567546814270636,115.0000000002,0.06087193470076567
057,ESSEX COUNTY,201,NORTH,057,000201,358040006.3344996,147.9999999999216,148,525,358050272.7830193,0.9999713267959834,148.9999999999216,0.9932885906040233
057,ESSEX COUNTY,201,NORTH,033,000102,10266.448519679596,1.0,1,1,358050272.7830193,2.8673204016524037e-05,148.9999999999216,0.006711409395976685
057,ESSEX COUNTY,301,SOUTH,057,000301,196114323.6915753,129.0000000003,129,387,196138687.11901233,0.9998757846919702,130.0000000003,0.9923076923077101
057,ESSEX COUNTY,301,SOUTH,057,000401,24363.427437025246,1.0,1,2,196138687.11901233,0.00012421530802968051,130.0000000003,0.007692307692289941
057,ESSEX COUNTY,401,CENTRAL,057,000401,127847312.55654575,52.98231573602112,54,175,150028437.12978056,0.8521538649766294,59.9999999997,0.8830385956047672
057,ESSEX COUNTY,401,CENTRAL,057,000201,22152478.72757815,4.9999999999,5,20,150028437.12978056,0.1476551989168252,59.9999999997,0.08333333333208333
057,ESSEX COUNTY,401,CENTRAL,097,000201,21983.035364575306,1.0,2,2,150028437.12978056,0.00014652579061101,59.9999999997,0.01666666666675
057,ESSEX COUNTY,401,CENTRAL,057,000101,6662.810292070939,1.0176842637788805,4,5,150028437.12978056,4.441031593435412e-05,59.9999999997,0.016961404396399482
059,FAIRFAX COUNTY,102,BRISTOW,059,000504,1624374.192614827,25.0,25,27,1624374.192614827,1.0,25.0,1.0
059,FAIRFAX COUNTY,104,CHAPEL,059,000104,4177675.1474357443,29.8354341513,30,63,4182832.22156599,0.9987670855876895,30.0,0.99451447171
059,FAIRFAX COUNTY,104,CHAPEL,059,000115,5157.0741302453125,0.1645658487,1,1,4182832.22156599,0.0012329144123104658,30.0,0.00548552829
059,FAIRFAX COUNTY,105,FAIRVIEW,059,000105,3455381.6207021577,33.9909617285,34,91,3455826.728051444,0.9998712009066678,33.9999999999,0.9997341684882345
059,FAIRFAX COUNTY,105,FAIRVIEW,059,000127,445.10734928617944,0.0090382714,1,1,3455826.728051444,0.00012879909333219137,33.9999999999,0.0002658315117654878
059,FAIRFAX COUNTY,106,HERITAGE,059,000106,1871313.8002258192,37.9729104962,38,48,1896803.8772927707,0.9865615642333395,37.99999999999849,0.9992871183210924
059,FAIRFAX COUNTY,106,HERITAGE,059,000104,25490.07706695148,0.02708950379848716,2,8,1896803.8772927707,0.013438435766660498,37.99999999999849,0.0007128816789075853
059,FAIRFAX COUNTY,108,KINGS PARK,059,000108,1976781.0963989573,31.9985119083,33,37,3392099.689690487,0.5827603187509295,34.0,0.9411327031852941
059,FAIRFAX COUNTY,108,KINGS PARK,059,000133,1415318.5932915297,2.0014880916999997,3,10,3392099.689690487,0.41723968124907046,34.0,0.05886729681470587
059,FAIRFAX COUNTY,109,OLDE CREEK,059,000114,2152182.985512637,17.36899039444387,18,41,2812749.971017383,0.7651526113905474,20.0,0.8684495197221935
059,FAIRFAX COUNTY,109,OLDE CREEK,059,000117,660566.9855047459,2.631009605556131,6,21,2812749.971017383,0.2348473886094526,20.0,0.13155048027780655
059,FAIRFAX COUNTY,110,NORTH SPRINGFIELD # 1,059,000110,1304172.7905923869,26.9954520453,27,33,1313679.7705827043,0.9927630917342204,27.0,0.9998315572333333
059,FAIRFAX COUNTY,110,NORTH SPRINGFIELD # 1,059,000115,9506.979990317504,0.0045479547000000006,1,10,1313679.7705827043,0.007236908265779663,27.0,0.00016844276666666669
059,FAIRFAX COUNTY,111,NORTH SPRINGFIELD # 2,059,000110,1841106.7630022517,21.999999999899998,22,35,1957708.9471462632,0.9404394691488837,24.0,0.9166666666625
059,FAIRFAX COUNTY,111,NORTH SPRINGFIELD # 2,059,000415,97513.05978000228,1.0000000001,1,3,1957708.9471462632,0.04980978399375775,24.0,0.04166666667083333
059,FAIRFAX COUNTY,111,NORTH SPRINGFIELD # 2,059,000115,19082.124685622053,0.9996333159000002,1,2,1957708.9471462632,0.009747171413522892,24.0,0.041651388162500004
059,FAIRFAX COUNTY,111,NORTH SPRINGFIELD # 2,059,000133,6.999678387204807,0.0003666841,2,2,1957708.9471462632,3.57544383571837e-06,24.0,1.527850416666667e-05
059,FAIRFAX COUNTY,112,NORTH SPRINGFIELD # 3,059,000110,876381.4759841464,18.999999999899998,19,23,1621054.8856051653,0.5406241847616279,29.999999999899998,0.6333333333321111
059,FAIRFAX COUNTY,112,NORTH SPRINGFIELD # 3,059,000527,744673.409621019,11.0,11,15,1621054.8856051653,0.45937581523837223,29.999999999899998,0.3666666666678889
059,FAIRFAX COUNTY,113,OAK HILL,059,000113,2187131.252285303,21.0,21,31,2187131.252285303,1.0,21.0,1.0
059,FAIRFAX COUNTY,115,RAVENSWORTH,059,000115,2564707.993493755,29.0,29,46,2617735.977997502,0.9797428063985613,30.0,0.9666666666666667
059,FAIRFAX COUNTY,115,RAVENSWORTH,059,000133,53027.98450374678,1.0,1,2,2617735.977997502,0.020257193601438666,30.0,0.03333333333333333
059,FAIRFAX COUNTY,116,WAKEFIELD,059,000116,2257624.5448451983,31.0,31,38,2257624.5448451983,1.0,31.0,1.0
059,FAIRFAX COUNTY,1171,WOODSON PART 1,059,000134,1571510.6077902943,13.0000000001,13,48,2602806.0526732327,0.6037755314792901,25.000000000100002,0.5200000000019199
059,FAIRFAX COUNTY,1171,WOODSON PART 1,059,000117,1030648.3734595366,12.0,12,32,2602806.0526732327,0.39597586320386835,25.000000000100002,0.47999999999807996
059,FAIRFAX COUNTY,1171,WOODSON PART 1,059,000121,647.0714234015794,0.0,1,2,2602806.0526732327,0.0002486053168414141,25.000000000100002,0.0
059,FAIRFAX COUNTY,1172,WOODSON PART 2,059,000117,1123633.3750142716,10.9789084084,11,14,1135801.224653339,0.9892869902101213,11.0,0.9980825825818183
059,FAIRFAX COUNTY,1172,WOODSON PART 2,059,000114,12167.84963906749,0.0210915916,1,1,1135801.224653339,0.010713009789878747,11.0,0.0019174174181818182
059,FAIRFAX COUNTY,118,LAKE BRADDOCK,059,000118,2367210.8776271283,35.0,35,44,2936984.4815426413,0.8060004717436432,41.0000000001,0.8536585365832837
059,FAIRFAX COUNTY,118,LAKE BRADDOCK,059,000113,255307.64384915755,2.0,2,7,2936984.4815426413,0.08692849603177272,41.0000000001,0.04878048780475907
059,FAIRFAX COUNTY,118,LAKE BRADDOCK,059,000109,186440.27432004537,2.0,2,3,2936984.4815426413,0.06348017004915131,41.0000000001,0.04878048780475907
059,FAIRFAX COUNTY,118,LAKE BRADDOCK,059,000125,128025.6857463105,2.0000000001,2,5,2936984.4815426413,0.04359086217543289,41.0000000001,0.0487804878071981
059,FAIRFAX COUNTY,119,LAUREL,059,000119,2808574.6990038143,25.0,25,44,2808574.6990038143,1.0,25.0,1.0
059,FAIRFAX COUNTY,120,SIDEBURN,059,000120,2866800.779129923,33.0,33,52,2902884.177961166,0.9875698110502685,34.0,0.9705882352941176
059,FAIRFAX COUNTY,120,SIDEBURN,059,000126,36083.398831243256,1.0,1,2,2902884.177961166,0.012430188949731486,34.0,0.029411764705882353
059,FAIRFAX COUNTY,121,VILLA,059,000121,4004837.213605833,33.9999999999,34,95,4004837.213605833,1.0,33.9999999999,1.0
059,FAIRFAX COUNTY,122,LONG BRANCH,059,000113,1272900.1944472184,21.0,21,39,1272900.1944472184,1.0,21.0,1.0
059,FAIRFAX COUNTY,123,ROBINSON,059,000123,3678433.2264426877,32.9999999999,33,62,3678433.2264426877,1.0,32.9999999999,1.0
059,FAIRFAX COUNTY,124,OLLEY,059,000109,978851.9977059762,12.0,12,17,1957683.8651380753,0.5000051413494885,21.0,0.5714285714285714
059,FAIRFAX COUNTY,124,OLLEY,059,000117,978831.8674320991,9.0,9,16,1957683.8651380753,0.4999948586505115,21.0,0.42857142857142855
059,FAIRFAX COUNTY,125,SIGNAL HILL,059,000125,2472405.44451293,19.999999999899998,20,33,2472405.44451293,1.0,19.999999999899998,1.0
059,FAIRFAX COUNTY,126,BONNIE BRAE,059,000126,1588731.7393259173,17.9992185093,18,27,1589136.740351935,0.9997451440044562,18.0,0.99995658385
059,FAIRFAX COUNTY,126,BONNIE BRAE,059,000119,405.0010260176813,0.0007814907,1,1,1589136.740351935,0.0002548559955438376,18.0,4.341615e-05
059,FAIRFAX COUNTY,126,BONNIE BRAE,059,000120,0.0,0.0,1,1,1589136.740351935,0.0,18.0,0.0
059,FAIRFAX COUNTY,198,FAIRFAX A,059,000700,203315.1108167894,5.0,5,9,203315.1108167894,1.0,5.0,1.0
059,FAIRFAX COUNTY,201,COLVIN,059,000240,7790450.1193621,18.979190005249585,19,75,7790830.818067697,0.9999511350311042,19.0,0.9989047371183992
059,FAIRFAX COUNTY,201,COLVIN,059,000209,380.6987055968608,0.020809994750416335,2,3,7790830.818067697,4.8864968895741306e-05,19.0,0.0010952628816008596
059,FAIRFAX COUNTY,202,FLINT HILL,059,000202,6235627.522444737,28.99999999960916,29,89,6986172.996795885,0.8925670070444325,35.99999999960916,0.8055555555534445
059,FAIRFAX COUNTY,202,FLINT HILL,059,000204,744371.4545190281,6.0,6,7,6986172.996795885,0.10654924446623697,35.99999999960916,0.16666666666847613
059,FAIRFAX COUNTY,202,FLINT HILL,059,000226,6174.019832119878,1.0,4,7,6986172.996795885,0.0008837484893304974,35.99999999960916,0.027777777778079354
059,FAIRFAX COUNTY,208,RESTON #1,059,000208,3004363.533227129,39.99898443245609,40,75,5056279.765290865,0.5941845927614137,78.00000000018659,0.5128074927225693
059,FAIRFAX COUNTY,208,RESTON #1,059,000238,2035004.5731980987,35.001015567730505,40,92,5056279.765290865,0.4024707230734164,78.00000000018659,0.44873096881598434
059,FAIRFAX COUNTY,208,RESTON #1,059,000324,14202.335439352535,2.672438826281227,6,10,5056279.765290865,0.002808850795172632,78.00000000018659,0.03426203623429275
059,FAIRFAX COUNTY,208,RESTON #1,059,000220,2709.323426285054,0.3275611737187728,1,4,5056279.765290865,0.0005358333699973184,78.00000000018659,0.004199502227153708
059,FAIRFAX COUNTY,209,RESTON #2,059,000209,5670003.8610359635,32.00000000063606,32,104,5670003.8610359635,1.0,32.00000000063606,1.0
059,FAIRFAX COUNTY,213,VIENNA #1,059,000213,3994959.4332664195,70.63915697318579,71,87,4024591.9895195626,0.9926371278553678,71.00000000013092,0.9949177038458525
059,FAIRFAX COUNTY,213,VIENNA #1,059,000216,27545.339011064752,0.2897693446988004,1,2,4024591.9895195626,0.00684425628307057,71.00000000013092,0.0040812583760319165
059,FAIRFAX COUNTY,213,VIENNA #1,059,000733,1797.2166214246529,0.04236130104633817,1,1,4024591.9895195626,0.0004465587135552582,71.00000000013092,0.0005966380429050712
059,FAIRFAX COUNTY,213,VIENNA #1,059,000720,290.0006206536889,0.0287123812,2,2,4024591.9895195626,7.205714800627724e-05,71.00000000013092,0.0004043997352105219
059,FAIRFAX COUNTY,214,VIENNA #2,059,000214,3954203.7809041445,79.98223739300965,80,96,3955036.6703026555,0.9997894104485137,80.0,0.9997779674126207
059,FAIRFAX COUNTY,214,VIENNA #2,059,000226,706.7465492138048,0.017762606990349428,2,2,3955036.6703026555,0.00017869532146707546,80.0,0.00022203258737936785
059,FAIRFAX COUNTY,214,VIENNA #2,059,000213,126.14284929709306,0.0,1,1,3955036.6703026555,3.189423001922258e-05,80.0,0.0
059,FAIRFAX COUNTY,216,VIENNA #4,059,000216,1271029.1970928519,22.914055900278647,23,33,1275140.9008683066,0.9967754906358545,23.0,0.9962633000121152
059,FAIRFAX COUNTY,216,VIENNA #4,059,000714,3656.4264831581013,0.08594409972135285,1,4,1275140.9008683066,0.0028674685916421153,23.0,0.0037366999878849063
059,FAIRFAX COUNTY,216,VIENNA #4,059,000720,455.27729229664317,0.0,1,1,1275140.9008683066,0.0003570407725033542,23.0,0.0
059,FAIRFAX COUNTY,218,VIENNA #6,059,000218,2079030.6658703873,43.4992421154,44,57,2126214.4253517203,0.9778085601721342,45.0,0.9666498247866667
059,FAIRFAX COUNTY,218,VIENNA #6,059,000214,36989.87663207849,1.375,3,7,2126214.4253517203,0.017397058448589724,45.0,0.030555555555555555
059,FAIRFAX COUNTY,218,VIENNA #6,059,000729,10193.882849254273,0.1257578846,1,2,2126214.4253517203,0.004794381379275983,45.0,0.002794619657777778
059,FAIRFAX COUNTY,219,WESTBRIAR,059,000219,4908683.861078162,41.9268568409,42,89,4914727.430664421,0.9987703143925029,42.0,0.9982584962119048
059,FAIRFAX COUNTY,219,WESTBRIAR,059,000214,6043.569586259159,0.0731431591,1,1,4914727.430664421,0.0012296856074970836,42.0,0.0017415037880952379
059,FAIRFAX COUNTY,220,DOGWOOD,059,000220,5247639.683836469,25.8195029527,26,51,5333906.623284897,0.9838266873529744,27.0,0.956277887137037
059,FAIRFAX COUNTY,220,DOGWOOD,059,000238,78466.88707015035,0.1804970473,2,8,5333906.623284897,0.014710960017111504,27.0,0.006685075825925925
059,FAIRFAX COUNTY,220,DOGWOOD,059,000229,7800.052378277272,1.0,1,2,5333906.623284897,0.0014623526299141687,27.0,0.037037037037037035
059,FAIRFAX COUNTY,221,HUNTERS WOODS,059,000221,6759413.091981266,19.9999999998,20,65,6777001.333720251,0.9974047162051641,19.9999999998,1.0
059,FAIRFAX COUNTY,221,HUNTERS WOODS,059,000220,17588.241738984954,0.0,3,4,6777001.333720251,0.0025952837948358272,19.9999999998,0.0
059,FAIRFAX COUNTY,222,RESTON #3,059,000222,924856.6545198003,11.0,11,17,924856.6545198003,1.0,11.0,1.0
059,FAIRFAX COUNTY,223,GLADE,059,000223,3778217.077124186,21.9999999998,22,52,3788663.6324290046,0.9972426807132199,21.9999999998,1.0
059,FAIRFAX COUNTY,223,GLADE,059,000220,10446.555304818958,0.0,1,1,3788663.6324290046,0.0027573192867801294,21.9999999998,0.0
059,FAIRFAX COUNTY,223,GLADE,059,000202,0.0,0.0,1,2,3788663.6324290046,0.0,21.9999999998,0.0
059,FAIRFAX COUNTY,223,GLADE,059,000224,0.0,0.0,1,4,3788663.6324290046,0.0,21.9999999998,0.0
059,FAIRFAX COUNTY,224,SOUTH LAKES,059,000224,3944076.833277678,40.92371388149013,42,75,4181883.107446147,0.9431341651455926,41.999999999799996,0.9743741400401192
059,FAIRFAX COUNTY,224,SOUTH LAKES,059,000208,87396.32690072998,0.0,2,6,4181883.107446147,0.02089879718185199,41.999999999799996,0.0
059,FAIRFAX COUNTY,224,SOUTH LAKES,059,000223,82001.91461795791,0.9390874244698635,1,3,4181883.107446147,0.0196088490546155,41.999999999799996,0.02235922439224608
059,FAIRFAX COUNTY,224,SOUTH LAKES,059,000209,56343.54309772457,0.13719869384000485,1,3,4181883.107446147,0.013473246776649685,41.999999999799996,0.0032666355676347187
059,FAIRFAX COUNTY,224,SOUTH LAKES,059,000220,10426.180383746028,0.0,3,5,4181883.107446147,0.002493178339963988,41.999999999799996,0.0
059,FAIRFAX COUNTY,224,SOUTH LAKES,059,000227,1035.2759990638237,0.0,1,7,4181883.107446147,0.00024756215620193675,41.999999999799996,0.0
059,FAIRFAX COUNTY,224,SOUTH LAKES,059,000238,603.0331692465966,0.0,1,2,4181883.107446147,0.00014420134512436566,41.999999999799996,0.0
059,FAIRFAX COUNTY,225,TERRASET,059,000225,1948284.370921492,27.0,27,29,1961291.7274651248,0.9933679644075978,27.0,1.0
059,FAIRFAX COUNTY,225,TERRASET,059,000220,13007.356543632743,0.0,2,2,1961291.7274651248,0.00663203559240222,27.0,0.0
059,FAIRFAX COUNTY,226,WOLFTRAP,059,000226,5745821.124065893,22.978512312838102,23,50,5805463.399691174,0.9897265262875563,23.0000000001,0.9990657527277477
059,FAIRFAX COUNTY,226,WOLFTRAP,059,000202,52321.78941496489,0.0,4,18,5805463.399691174,0.009012508703051713,23.0000000001,0.0
059,FAIRFAX COUNTY,226,WOLFTRAP,059,000214,7210.720983687972,0.021181863447914624,2,3,5805463.399691174,0.001242057780274965,23.0000000001,0.0009209505846879361
059,FAIRFAX COUNTY,226,WOLFTRAP,059,000219,109.76522662801254,0.00030582381398272203,2,2,5805463.399691174,1.890722911694725e-05,23.0000000001,1.3296687564408365e-05
059,FAIRFAX COUNTY,227,SUNRISE VALLEY,059,000227,3900607.740709357,19.659504196036277,21,62,3990242.5537314876,0.9775365001462609,23.0000000003,0.8547610519904283
059,FAIRFAX COUNTY,227,SUNRISE VALLEY,059,000209,65856.10073827827,0.4263222354,2,5,3990242.5537314876,0.016504285103343588,23.0000000003,0.018535749364975623
059,FAIRFAX COUNTY,227,SUNRISE VALLEY,059,000224,23568.60624921849,2.914173568863721,8,18,3990242.5537314876,0.005906559797268022,23.0000000003,0.1267031986445961
059,FAIRFAX COUNTY,227,SUNRISE VALLEY,059,000202,210.1060346339325,0.0,2,3,3990242.5537314876,5.265495312746119e-05,23.0000000003,0.0
059,FAIRFAX COUNTY,227,SUNRISE VALLEY,059,000226,0.0,0.0,1,2,3990242.5537314876,0.0,23.0000000003,0.0
059,FAIRFAX COUNTY,229,FOX MILL,059,000229,5335896.05241389,31.999999999899998,32,109,5348229.228669406,0.9976939701482122,32.9999999999,0.9696969696968779
059,FAIRFAX COUNTY,229,FOX MILL,059,000221,12333.176255516144,1.0,1,3,5348229.228669406,0.002306029851787885,32.9999999999,0.030303030303122133
059,FAIRFAX COUNTY,233,NORTH POINT,059,000201,2808829.198947416,25.00608380394225,27,60,3953677.2861496606,0.7104346145769602,30.000000000050697,0.8335361267966664
059,FAIRFAX COUNTY,233,NORTH POINT,059,000233,1144848.0872022444,4.993916196108446,6,18,3953677.2861496606,0.2895653854230398,30.000000000050697,0.16646387320333358
059,FAIRFAX COUNTY,234,ALDRIN,059,000233,3229177.180806866,9.836223521099999,11,51,5328764.721506981,0.6059898212007474,26.9999999998,0.36430457485825407
059,FAIRFAX COUNTY,234,ALDRIN,059,000234,1913820.347956933,14.992043635,15,33,5328764.721506981,0.3591489675332677,26.9999999998,0.5552608753744834
059,FAIRFAX COUNTY,234,ALDRIN,059,000322,127231.22145891617,0.1644661422,1,1,5328764.721506981,0.02387630681936639,26.9999999998,0.006091338600045121
059,FAIRFAX COUNTY,234,ALDRIN,059,000201,58535.97128426565,2.0072667015,7,16,5328764.721506981,0.010984904446618466,26.9999999998,0.07434321116721736
059,FAIRFAX COUNTY,299,FLORIS 203/FRYING PAN 235,059,000332,3997795.783677663,25.835724927043582,29,101,11248161.032503247,0.35541772313940323,108.99999999986696,0.23702499933096438
059,FAIRFAX COUNTY,299,FLORIS 203/FRYING PAN 235,059,000203,3605504.4548628223,28.4118378483,29,56,11248161.032503247,0.32054168183085013,108.99999999986696,0.2606590628287585
059,FAIRFAX COUNTY,299,FLORIS 203/FRYING PAN 235,059,000235,2224742.358906871,31.5881621517,32,50,11248161.032503247,0.19778720739133665,108.99999999986696,0.28979965276824365
059,FAIRFAX COUNTY,299,FLORIS 203/FRYING PAN 235,059,000237,1399493.8667792005,23.145951552552784,24,84,11248161.032503247,0.12441979295416852,108.99999999986696,0.21234817938147738
059,FAIRFAX COUNTY,299,FLORIS 203/FRYING PAN 235,059,000220,11025.878806632802,0.0,1,2,11248161.032503247,0.0009802383496086047,108.99999999986696,0.0
059,FAIRFAX COUNTY,299,FLORIS 203/FRYING PAN 235,059,000931,7431.396983238657,0.0,1,1,11248161.032503247,0.0006606766174279086,108.99999999986696,0.0
059,FAIRFAX COUNTY,299,FLORIS 203/FRYING PAN 235,059,000324,1330.0336253883406,0.018323520270584943,1,2,11248161.032503247,0.00011824453984478076,108.99999999986696,0.00016810569055603034
059,FAIRFAX COUNTY,299,FLORIS 203/FRYING PAN 235,059,000325,837.2588614293481,0.0,1,1,11248161.032503247,7.443517736010031e-05,108.99999999986696,0.0
059,FAIRFAX COUNTY,301,CHAIN BRIDGE,059,000301,5043359.410170668,59.1734859804,60,143,5107130.535790386,0.9875133159074719,61.999999999900005,0.9544110642015393
059,FAIRFAX COUNTY,301,CHAIN BRIDGE,059,000316,45176.65154921758,2.0008768647,3,7,5107130.535790386,0.008845799266853083,61.999999999900005,0.03227220749521334
059,FAIRFAX COUNTY,301,CHAIN BRIDGE,059,000311,18594.47407050035,0.8256371548,1,1,5107130.535790386,0.0036408848256749417,61.999999999900005,0.013316728303247283
059,FAIRFAX COUNTY,302,CHESTERBROOK,059,000302,2944664.1481712908,38.0000000001,38,60,2944664.1481712908,1.0,38.0000000001,1.0
059,FAIRFAX COUNTY,303,CHURCHILL,059,000303,1939112.1784148226,20.999999999899998,21,37,1939112.1784148226,1.0,20.999999999899998,1.0
059,FAIRFAX COUNTY,304,COOPER,059,000304,11391103.538287932,19.9999999997,20,90,14898413.534696795,0.764585001735875,50.99999999977253,0.39215686274096484
059,FAIRFAX COUNTY,304,COOPER,059,000331,3507309.996408862,31.000000000072525,31,65,14898413.534696795,0.23541499826412499,50.99999999977253,0.6078431372590352
059,FAIRFAX COUNTY,305,EL NIDO,059,000305,2387004.480509814,44.1870747061,45,54,2397017.5189245297,0.9958227095398083,44.99999999999999,0.981934993468889
059,FAIRFAX COUNTY,305,EL NIDO,013,000033,8563.4242917693,0.7471097281,5,7,2397017.5189245297,0.0035725330433177033,44.99999999999999,0.016602438402222225
059,FAIRFAX COUNTY,305,EL NIDO,013,000037,1434.0170113018014,0.065120779,1,1,2397017.5189245297,0.0005982505342494127,44.99999999999999,0.0014471284222222225
059,FAIRFAX COUNTY,305,EL NIDO,059,000307,15.597111644828292,0.0006947868,1,1,2397017.5189245297,6.506882624631902e-06,44.99999999999999,1.543970666666667e-05
059,FAIRFAX COUNTY,306,GREAT FALLS,059,000306,19242597.62969886,38.99965904362243,39,153,19242683.285242207,0.9999955486694825,38.99999999955875,0.9999912575400942
059,FAIRFAX COUNTY,306,GREAT FALLS,059,000322,85.65554334459938,0.00034095593632158867,2,2,19242683.285242207,4.451330517417557e-06,38.99999999955875,8.742459905780673e-06
059,FAIRFAX COUNTY,307,HAYCOCK,059,000307,1680527.474003372,34.000000000200004,34,48,1680527.474003372,1.0,34.000000000200004,1.0
059,FAIRFAX COUNTY,309,KENMORE,059,000309,11817949.885715326,43.000000000063935,43,112,11817949.885715326,1.0,43.000000000063935,1.0
059,FAIRFAX COUNTY,310,KIRBY,059,000310,2013809.1876603109,31.0,31,43,2013809.1876603109,1.0,31.0,1.0
059,FAIRFAX COUNTY,311,LANGLEY,059,000311,9905232.707041848,44.0000000001,44,151,9909477.41819241,0.9995716513624856,44.0000000001,1.0
059,FAIRFAX COUNTY,311,LANGLEY,059,000301,4244.711150561816,0.0,3,3,9909477.41819241,0.0004283486375143377,44.0000000001,0.0
059,FAIRFAX COUNTY,312,LONGFELLOW,059,000312,2408577.4760308834,39.999999999799996,40,62,2408577.4760308834,1.0,39.999999999799996,1.0
059,FAIRFAX COUNTY,314,MCLEAN,059,000314,3133122.0221688957,46.9999999999,47,89,3135189.1941566253,0.9993406547867726,46.9999999999,1.0
059,FAIRFAX COUNTY,314,MCLEAN,059,000331,2067.171987729404,0.0,1,3,3135189.1941566253,0.0006593452132273883,46.9999999999,0.0
059,FAIRFAX COUNTY,315,PIMMIT,059,000315,2720726.6016351827,48.96876932079256,50,60,2727077.870760065,0.997671034922405,50.0,0.9793753864158512
059,FAIRFAX COUNTY,315,PIMMIT,059,000726,5046.513286077174,0.9944777921,1,2,2727077.870760065,0.001850520419745351,50.0,0.019889555842
059,FAIRFAX COUNTY,315,PIMMIT,059,000317,1304.7558388049315,0.036752887107438105,2,2,2727077.870760065,0.0004784446578495694,50.0,0.000735057742148762
059,FAIRFAX COUNTY,316,SALONA,059,000333,2015257.678961537,18.0,18,23,3603153.9518633354,0.5593037949209376,33.0,0.5454545454545454
059,FAIRFAX COUNTY,316,SALONA,059,000316,1587896.2729017986,15.0,15,20,3603153.9518633354,0.4406962050790624,33.0,0.45454545454545453
059,FAIRFAX COUNTY,317,WESTHAMPTON,059,000317,2464455.798127053,45.2221472618,47,129,2780566.982006502,0.88631412732545,52.999999999900005,0.8532480615450061
059,FAIRFAX COUNTY,317,WESTHAMPTON,059,000307,164853.82357642226,5.0,5,6,2780566.982006502,0.05928784476087718,52.999999999900005,0.09433962264168742
059,FAIRFAX COUNTY,317,WESTHAMPTON,610,000003,150573.69314862313,1.7778527381,2,2,2780566.982006502,0.05415215462278371,52.999999999900005,0.03354439128496895
059,FAIRFAX COUNTY,317,WESTHAMPTON,059,000315,683.6671544033229,1.0,1,2,2780566.982006502,0.0002458732908890322,52.999999999900005,0.018867924528337486
059,FAIRFAX COUNTY,318,WESTMORELAND,059,000318,1429228.8956095348,29.0,29,38,1429228.8956095348,1.0,29.0,1.0
059,FAIRFAX COUNTY,319,HERNDON #1,059,000319,2170769.6428447054,28.9843566907,29,54,2185859.1222120994,0.9930967740720072,31.0,0.9349792480870968
059,FAIRFAX COUNTY,319,HERNDON #1,059,000320,15072.631134181684,2.0,2,2,2185859.1222120994,0.006895518096760102,31.0,0.06451612903225806
059,FAIRFAX COUNTY,319,HERNDON #1,059,000324,16.848233212405912,0.015643309299999998,1,2,2185859.1222120994,7.70783123267131e-06,31.0,0.0005046228806451612
059,FAIRFAX COUNTY,320,HERNDON #2,059,000320,3390987.9611867284,62.0,62,138,4599976.707054818,0.7371750287313613,97.0,0.6391752577319587
059,FAIRFAX COUNTY,320,HERNDON #2,059,000319,1208170.4992785926,35.0,35,60,4599976.707054818,0.2626470906745387,97.0,0.36082474226804123
059,FAIRFAX COUNTY,320,HERNDON #2,059,000325,818.2465894967331,0.0,3,3,4599976.707054818,0.00017788059409992618,97.0,0.0
059,FAIRFAX COUNTY,321,CLEARVIEW,059,000321,2685614.318621929,36.482313830937066,38,69,3029598.508947853,0.8864588197710112,38.0000000002,0.9600608902827646
059,FAIRFAX COUNTY,321,CLEARVIEW,059,000327,332934.0633433862,1.0000000001,1,9,3029598.508947853,0.10989379033560809,38.0000000002,0.026315789476177288
059,FAIRFAX COUNTY,321,CLEARVIEW,107,000703,10750.829266249491,0.46171755216293175,3,8,3029598.508947853,0.003548598678833896,38.0000000002,0.01215046189896057
059,FAIRFAX COUNTY,321,CLEARVIEW,107,000705,248.15019483543884,0.055968617,2,2,3029598.508947853,8.19086073955122e-05,38.0000000002,0.0014728583420975114
059,FAIRFAX COUNTY,321,CLEARVIEW,107,000708,51.147521453138275,0.0,1,1,3029598.508947853,1.6882607151434484e-05,38.0000000002,0.0
059,FAIRFAX COUNTY,322,FORESTVILLE,059,000322,15654460.04316619,33.95996190607181,34,97,15737446.446491057,0.9947268190168571,33.99999999973077,0.9988224090100214
059,FAIRFAX COUNTY,322,FORESTVILLE,059,000233,82904.43805768002,0.040009082599999995,1,3,15737446.446491057,0.005267972687917552,33.99999999973077,0.0011767377235387298
059,FAIRFAX COUNTY,322,FORESTVILLE,059,000306,81.96526718574847,2.9011058956862596e-05,1,2,15737446.446491057,5.2082952253047435e-06,33.99999999973077,8.5326643991448e-07
059,FAIRFAX COUNTY,323,SHOUSE,059,000323,4333625.801181505,20.4834351884,21,70,4371124.471844395,0.9914212759429688,21.0000000002,0.9754016756288058
059,FAIRFAX COUNTY,323,SHOUSE,059,000309,37498.67066288947,0.5165648118,6,8,4371124.471844395,0.008578724057031237,21.0000000002,0.024598324371194302
059,FAIRFAX COUNTY,324,HERNDON #3,059,000324,4230841.513756713,54.975673110977134,55,131,4234104.7305476535,0.9992293018244452,54.9999999999,0.9995576929286744
059,FAIRFAX COUNTY,324,HERNDON #3,059,000332,3263.2167909407717,0.02432688892286646,1,1,4234104.7305476535,0.0007706981755547402,54.9999999999,0.00044230707132564897
059,FAIRFAX COUNTY,325,HUTCHISON,059,000325,1420646.4504021532,18.0,18,45,1420646.4504021532,1.0,18.0,1.0
059,FAIRFAX COUNTY,326,STUART,059,000236,1022602.1861940948,6.9999999999,7,17,1076140.7566826174,0.9502494723333739,7.9999999999,0.8749999999984375
059,FAIRFAX COUNTY,326,STUART,059,000319,53538.57048852242,1.0,2,8,1076140.7566826174,0.04975052766662602,7.9999999999,0.1250000000015625
059,FAIRFAX COUNTY,327,SUGARLAND,059,000327,4986454.616669166,34.9837039693,35,93,4996114.2018218,0.9980665803937964,34.9999999998,0.9995343991285688
059,FAIRFAX COUNTY,327,SUGARLAND,059,000319,9659.585152634436,0.0162960305,1,7,4996114.2018218,0.0019334196062035834,34.9999999998,0.00046560087143123196
059,FAIRFAX COUNTY,328,HICKORY,059,000328,12543204.901241796,51.99334869523017,52,132,12554088.226695577,0.9991330851546321,52.00000000073017,0.9998720902788479
059,FAIRFAX COUNTY,328,HICKORY,059,000240,10883.325453781097,0.0066513055,1,2,12554088.226695577,0.000866914845367926,52.00000000073017,0.0001279097211520501
059,FAIRFAX COUNTY,329,SENECA,059,000329,17395158.338918343,30.687775402176907,33,92,18929612.35825936,0.9189389623886564,32.999999999799996,0.9299325879503908
059,FAIRFAX COUNTY,329,SENECA,059,000322,1381135.8261539422,0.2311517793,2,7,18929612.35825936,0.07296165394276156,32.999999999799996,0.007004599372769726
059,FAIRFAX COUNTY,329,SENECA,107,000708,79379.28145616563,1.4409115320518366,7,12,18929612.35825936,0.004193391811403412,32.999999999799996,0.04366398582001726
059,FAIRFAX COUNTY,329,SENECA,107,000216,73938.91173090918,0.6401612862712561,5,16,18929612.35825936,0.003905991857178638,32.999999999799996,0.0193988268568223
059,FAIRFAX COUNTY,401,BUSH HILL,059,000401,3563957.318275305,31.12917666824593,32,58,3566643.190475789,0.9992469467628116,32.0000000001,0.9727867708796453
059,FAIRFAX COUNTY,401,BUSH HILL,510,000207,1967.8222862283121,0.015808582554070395,2,4,3566643.190475789,0.0005517295061875268,32.0000000001,0.0004940182048131561
059,FAIRFAX COUNTY,401,BUSH HILL,510,000308,718.0499142555217,0.8550147493,1,1,3566643.190475789,0.000201323731000895,32.0000000001,0.0267192109155415
059,FAIRFAX COUNTY,402,CAMERON,059,000423,3017041.5571462656,25.000000000100002,25,51,4089032.9492207556,0.7378374287057827,38.99999999991809,0.6410256410295515
059,FAIRFAX COUNTY,402,CAMERON,059,000402,1071768.4195301926,13.881193393518087,14,35,4089032.9492207556,0.262108041886637,38.99999999991809,0.35592803573198056
059,FAIRFAX COUNTY,402,CAMERON,059,000621,222.97254429736387,0.1188066063,1,2,4089032.9492207556,5.452940758030712e-05,38.99999999991809,0.003046323238467937
059,FAIRFAX COUNTY,404,FRANCONIA,059,000404,2461574.2685361216,39.00000000003778,39,63,2481389.7640187303,0.9920143559186299,40.00000000003778,0.9750000000000236
059,FAIRFAX COUNTY,404,FRANCONIA,059,000410,19815.49548260884,1.0,1,2,2481389.7640187303,0.007985644081370228,40.00000000003778,0.02499999999997639
059,FAIRFAX COUNTY,405,GROVETON,059,000429,2111851.8892077515,33.6324287386,35,100,3623981.947123862,0.5827434904535885,47.9999999999,0.700675598722293
059,FAIRFAX COUNTY,405,GROVETON,059,000405,1013918.7531301948,11.3656714883,12,22,3623981.947123862,0.27978029910852115,47.9999999999,0.23678482267340997
059,FAIRFAX COUNTY,405,GROVETON,059,000424,498211.3047859153,3.001899773,4,6,3623981.947123862,0.13747621043789024,47.9999999999,0.06253957860429696
059,FAIRFAX COUNTY,408,MOUNT EAGLE,059,000408,1377514.0374554389,21.0,21,44,2856909.790560656,0.48216924524771493,36.0,0.5833333333333334
059,FAIRFAX COUNTY,408,MOUNT EAGLE,059,000411,889084.785428668,9.0,9,16,2856909.790560656,0.3112050609250035,36.0,0.25
059,FAIRFAX COUNTY,408,MOUNT EAGLE,059,000405,590310.9676765491,6.0,6,10,2856909.790560656,0.20662569382728152,36.0,0.16666666666666666
059,FAIRFAX COUNTY,409,PIONEER,059,000409,6860620.832146779,55.0000000001,55,183,8186795.06735607,0.8380105738206075,74.0000000001,0.7432432432435903
059,FAIRFAX COUNTY,409,PIONEER,059,000403,1290908.61589374,18.0,18,43,8186795.06735607,0.15768180408486024,74.0000000001,0.24324324324291452
059,FAIRFAX COUNTY,409,PIONEER,059,000619,35265.61931555054,1.0,4,6,8186795.06735607,0.004307622094532237,74.0000000001,0.013513513513495251
059,FAIRFAX COUNTY,410,ROSE HILL,059,000410,4222410.312233109,32.6281349803,33,61,4268318.668001971,0.9892443935564089,33.9999999999,0.9596510288351754
059,FAIRFAX COUNTY,410,ROSE HILL,059,000423,45908.355768862166,1.3718650196,2,2,4268318.668001971,0.010755606443591095,33.9999999999,0.040348971164824554
059,FAIRFAX COUNTY,411,VIRGINIA HILLS,059,000411,1851987.3033120276,17.0,17,21,3173275.1853466937,0.5836201385445524,32.0,0.53125
059,FAIRFAX COUNTY,411,VIRGINIA HILLS,059,000424,1321176.9482779824,15.0,15,18,3173275.1853466937,0.41634490269826324,32.0,0.46875
059,FAIRFAX COUNTY,411,VIRGINIA HILLS,059,000627,110.93375668378721,0.0,2,2,3173275.1853466937,3.495875718439062e-05,32.0,0.0
059,FAIRFAX COUNTY,415,CRESTWOOD,059,000415,3042395.2179332357,51.9999999999,52,69,3044933.591841395,0.9991663614881583,51.9999999999,1.0
059,FAIRFAX COUNTY,415,CRESTWOOD,059,000418,2538.373908159372,0.0,1,1,3044933.591841395,0.0008336385118416702,51.9999999999,0.0
059,FAIRFAX COUNTY,415,CRESTWOOD,059,000128,0.0,0.0,4,4,3044933.591841395,0.0,51.9999999999,0.0
059,FAIRFAX COUNTY,415,CRESTWOOD,059,000129,0.0,0.0,1,1,3044933.591841395,0.0,51.9999999999,0.0
059,FAIRFAX COUNTY,417,GARFIELD,059,000417,6222939.01624059,50.0697036158,53,151,10910850.471188854,0.5703440838707172,76.0,0.658811889681579
059,FAIRFAX COUNTY,417,GARFIELD,059,000623,4303206.02097673,23.7215571177,26,88,10910850.471188854,0.39439693838163736,76.0,0.3121257515486842
059,FAIRFAX COUNTY,417,GARFIELD,059,000426,378076.9650624701,1.9302963842,3,10,10910850.471188854,0.03465146608514327,76.0,0.025398636634210527
059,FAIRFAX COUNTY,417,GARFIELD,059,000840,6628.468909065137,0.2784428823,7,9,10910850.471188854,0.0006075116625022261,76.0,0.003663722135526316
059,FAIRFAX COUNTY,418,LYNBROOK,059,000418,2131336.784589362,51.9889528608,53,63,2138633.339241616,0.9965882161666658,54.000000000099995,0.9627583863093283
059,FAIRFAX COUNTY,418,LYNBROOK,059,000527,5803.575023057646,1.0110471393,2,2,2138633.339241616,0.0027136839759150395,54.000000000099995,0.01872309517218755
059,FAIRFAX COUNTY,418,LYNBROOK,059,000415,1492.9796291960838,1.0,1,1,2138633.339241616,0.0006980998574189961,54.000000000099995,0.018518518518484225
059,FAIRFAX COUNTY,419,BEULAH,059,000419,2626558.131529662,32.9935723372,33,43,5020752.277294273,0.5231403555614452,68.0,0.48519959319411765
059,FAIRFAX COUNTY,419,BEULAH,059,000427,2394194.1457646107,35.0064276628,36,84,5020752.277294273,0.4768596444385547,68.0,0.5148004068058823
059,FAIRFAX COUNTY,420,VILLAGES,059,000420,3741741.60826188,29.000000000100002,29,48,3908356.613096523,0.957369549064092,31.000000000100002,0.93548387096795
059,FAIRFAX COUNTY,420,VILLAGES,059,000410,166615.00483464287,2.0,2,2,3908356.613096523,0.04263045093590799,31.000000000100002,0.06451612903204994
059,FAIRFAX COUNTY,421,KINGSTOWNE,059,000421,2131294.622141349,32.0,32,56,2131294.622141349,1.0,32.0,1.0
059,FAIRFAX COUNTY,422,VAN DORN,059,000422,2566213.702859141,23.9999999998,24,49,2566213.702859141,1.0,23.9999999998,1.0
059,FAIRFAX COUNTY,499,HAYFIELD 406/WOODLAWN 412/FAIRFIELD 413,059,000424,5485417.720161611,1.8840415071,3,6,14852462.072900437,0.36932716564011403,134.99999999941156,0.013955863015616387
059,FAIRFAX COUNTY,499,HAYFIELD 406/WOODLAWN 412/FAIRFIELD 413,059,000627,3087169.0731580467,44.000792202711565,46,120,14852462.072900437,0.20785571159887664,134.99999999941156,0.32593179409558043
059,FAIRFAX COUNTY,499,HAYFIELD 406/WOODLAWN 412/FAIRFIELD 413,059,000406,3085708.50989062,16.000000000100002,16,38,14852462.072900437,0.20775737347417667,134.99999999941156,0.11851851851977588
059,FAIRFAX COUNTY,499,HAYFIELD 406/WOODLAWN 412/FAIRFIELD 413,059,000428,1714988.547023786,41.0919642265,42,61,14852462.072900437,0.11546830004386455,134.99999999941156,0.30438492019762303
059,FAIRFAX COUNTY,499,HAYFIELD 406/WOODLAWN 412/FAIRFIELD 413,059,000413,1188664.6999892036,29.023202063,30,43,14852462.072900437,0.08003149202838376,134.99999999941156,0.21498668194908524
059,FAIRFAX COUNTY,499,HAYFIELD 406/WOODLAWN 412/FAIRFIELD 413,059,000420,286842.2935863842,3.0,3,3,14852462.072900437,0.019312777381855904,134.99999999941156,0.022222222222319087
059,FAIRFAX COUNTY,499,HAYFIELD 406/WOODLAWN 412/FAIRFIELD 413,059,000429,3671.2290907843317,0.0,1,1,14852462.072900437,0.00024717983272839306,134.99999999941156,0.0
059,FAIRFAX COUNTY,501,BAILEYS,059,000501,2021566.4594744318,28.6503381279,29,60,2037561.8879828483,0.9921497213887075,29.0000000002,0.9879426940587038
059,FAIRFAX COUNTY,501,BAILEYS,059,000520,15995.428508416402,0.3496618723,1,3,2037561.8879828483,0.007850278611292442,29.0000000002,0.012057305941296156
059,FAIRFAX COUNTY,502,BARCROFT,059,000502,1930768.1193225072,26.0,26,32,3997958.443762053,0.48293851636578466,54.0,0.48148148148148145
059,FAIRFAX COUNTY,502,BARCROFT,059,000511,1182656.7472179541,16.43782729740259,21,44,3997958.443762053,0.29581516762967697,54.0,0.304404209211159
059,FAIRFAX COUNTY,502,BARCROFT,059,000512,884533.5772215917,11.56217270259741,12,14,3997958.443762053,0.2212463160045384,54.0,0.21411430930735945
059,FAIRFAX COUNTY,503,BELVEDERE,059,000503,1867336.773044546,18.9995657576,19,47,2091409.5865659902,0.8928603870993234,22.0,0.8636166253454545
059,FAIRFAX COUNTY,503,BELVEDERE,059,000502,119432.19537677392,2.0,2,2,2091409.5865659902,0.05710607627694618,22.0,0.09090909090909091
059,FAIRFAX COUNTY,503,BELVEDERE,059,000530,104593.6178259407,1.0,1,1,2091409.5865659902,0.05001106358973862,22.0,0.045454545454545456
059,FAIRFAX COUNTY,503,BELVEDERE,059,000513,47.00031872974235,0.0004342424,1,2,2091409.5865659902,2.2473033991832735e-05,22.0,1.973829090909091e-05
059,FAIRFAX COUNTY,505,GLEN FOREST,059,000505,1796975.4846682579,22.0,22,37,2476387.9643542976,0.7256437644401199,31.0,0.7096774193548387
059,FAIRFAX COUNTY,505,GLEN FOREST,059,000514,679412.4796860397,9.0,9,24,2476387.9643542976,0.27435623555988015,31.0,0.2903225806451613
059,FAIRFAX COUNTY,506,HOLMES,059,000530,1221219.7464734295,23.0021950341,24,32,2127818.4820767376,0.5739304159448444,41.0000000001,0.5610291471718024
059,FAIRFAX COUNTY,506,HOLMES,059,000506,813249.1552492434,16.5706290042,17,30,2127818.4820767376,0.3821985578654798,41.0000000001,0.40416168302828254
059,FAIRFAX COUNTY,506,HOLMES,059,000502,90675.71267659214,1.0,1,1,2127818.4820767376,0.042614402234204304,41.0000000001,0.024390243902379535
059,FAIRFAX COUNTY,506,HOLMES,059,000505,2423.8805913392844,0.4268527162,1,2,2127818.4820767376,0.0011391387995528604,41.0000000001,0.010411041858511192
059,FAIRFAX COUNTY,506,HOLMES,059,000501,249.9870861331591,0.0003232456,1,2,2127818.4820767376,0.00011748515591855056,41.0000000001,7.884039024371014e-06
059,FAIRFAX COUNTY,507,LINCOLNIA,059,000507,2784606.106546816,28.9998954074,29,61,2784626.1080077724,0.9999928171825657,29.0000000002,0.9999963933517242
059,FAIRFAX COUNTY,507,LINCOLNIA,059,000516,20.00146095643212,0.0001045928,2,2,2784626.1080077724,7.182817434237851e-06,29.0000000002,3.6066482758371957e-06
059,FAIRFAX COUNTY,508,MASONVILLE,059,000508,1916048.9658886963,27.9988513082,28,32,1916080.9649132153,0.9999832997534525,28.0,0.9999589752928572
059,FAIRFAX COUNTY,508,MASONVILLE,059,000513,31.999024518952396,0.0011486918,1,1,1916080.9649132153,1.6700246547463468e-05,28.0,4.102470714285714e-05
059,FAIRFAX COUNTY,510,PARKLAWN,059,000510,2369167.5878637703,27.0,27,50,2369167.5878637703,1.0,27.0,1.0
059,FAIRFAX COUNTY,511,RAVENWOOD,059,000511,1699387.6717785178,24.0,24,35,1699387.6717785178,1.0,24.0,1.0
059,FAIRFAX COUNTY,512,SLEEPY HOLLOW,059,000512,989013.6020999457,10.0,10,12,1844815.8783087856,0.5361042333431197,21.0,0.47619047619047616
059,FAIRFAX COUNTY,512,SLEEPY HOLLOW,059,000508,855802.2762088398,11.0,11,11,1844815.8783087856,0.46389576665688015,21.0,0.5238095238095238
059,FAIRFAX COUNTY,513,SAINT ALBANS,059,000513,2846217.8583213314,25.67899350596714,27,42,2896739.434831011,0.9825591574091209,27.0,0.9510738335543385
059,FAIRFAX COUNTY,513,SAINT ALBANS,059,000508,50521.576509679624,1.3210064940328614,3,4,2896739.434831011,0.017440842590879056,27.0,0.048926166445661536
059,FAIRFAX COUNTY,515,WESTLAWN,059,000515,1039700.4470176587,27.0,27,55,1039700.4470176587,1.0,27.0,1.0
059,FAIRFAX COUNTY,516,WEYANOKE,059,000516,2433030.6747693694,35.0,35,51,2433030.6747693694,1.0,35.0,1.0
059,FAIRFAX COUNTY,517,WILLSTON,059,000517,1041838.4695870398,19.823677551099024,20,53,1086037.0831748475,0.9593028504527668,22.0,0.901076252322683
059,FAIRFAX COUNTY,517,WILLSTON,059,000505,36952.67577474974,2.0,2,5,1086037.0831748475,0.034025243103784984,22.0,0.09090909090909091
059,FAIRFAX COUNTY,517,WILLSTON,610,000002,6774.014662446366,0.1737384288,2,2,1086037.0831748475,0.006237369577329412,22.0,0.00789720130909091
059,FAIRFAX COUNTY,517,WILLSTON,013,000039,471.9231506116239,0.002584020100977479,1,2,1086037.0831748475,0.00043453686611882126,22.0,0.00011745545913533994
059,FAIRFAX COUNTY,518,COLUMBIA,059,000518,2520171.330062181,31.0,31,63,2520171.330062181,1.0,31.0,1.0
059,FAIRFAX COUNTY,519,HUMMER,059,000519,2051337.9913097986,20.0,20,37,2051337.9913097986,1.0,20.0,1.0
059,FAIRFAX COUNTY,520,SKYLINE,059,000520,465579.16156159004,4.4329139857,5,9,531245.9517530507,0.8763909824163972,5.0,0.88658279714
059,FAIRFAX COUNTY,520,SKYLINE,059,000509,65666.79019146062,0.5670860143,1,1,531245.9517530507,0.12360901758360275,5.0,0.11341720286000001
059,FAIRFAX COUNTY,521,BROOK HILL,059,000521,2786337.862061504,27.0,27,40,2786337.862061504,1.0,27.0,1.0
059,FAIRFAX COUNTY,522,CAMELOT,059,000522,2446280.510041554,17.0,17,48,2446280.510041554,1.0,17.0,1.0
059,FAIRFAX COUNTY,523,POE,059,000523,2926901.2138263667,25.0000000001,25,37,2926901.2138263667,1.0,25.0000000001,1.0
059,FAIRFAX COUNTY,524,WHITTIER,059,000525,1192750.6594788586,26.0,26,40,1192750.6594788586,1.0,26.0,1.0
059,FAIRFAX COUNTY,525,WALNUT HILL # 1,059,000525,593180.5416943447,15.0,15,15,593180.5416943447,1.0,15.0,1.0
059,FAIRFAX COUNTY,526,BREN MAR,059,000526,3017119.195032048,36.99993574,37,110,3017197.31402796,0.999974108754655,36.999999999799996,0.9999982632486487
059,FAIRFAX COUNTY,526,BREN MAR,059,000516,78.11899591196652,6.42598e-05,1,1,3017197.31402796,2.5891245345064167e-05,36.999999999799996,1.7367513513607393e-06
059,FAIRFAX COUNTY,527,EDSALL,059,000527,2856721.6161694,31.0,31,52,3697798.7547496585,0.772546535286721,51.9999999999,0.5961538461549927
059,FAIRFAX COUNTY,527,EDSALL,059,000516,821539.7686174135,19.999999999899998,20,28,3697798.7547496585,0.2221699511262429,51.9999999999,0.38461538461420114
059,FAIRFAX COUNTY,527,EDSALL,059,000526,19537.36996284494,1.0,1,3,3697798.7547496585,0.005283513587036086,51.9999999999,0.019230769230806213
059,FAIRFAX COUNTY,528,RIDGELEA,059,000528,1596754.5560998372,10.0,10,34,1596754.5560998372,1.0,10.0,1.0
059,FAIRFAX COUNTY,601,BELLE HAVEN,059,000601,2285970.0893756743,29.9999999998,32,47,2385819.8453090684,0.9581486606670173,34.999999999799996,0.8571428571420409
059,FAIRFAX COUNTY,601,BELLE HAVEN,059,000602,99849.75593339441,5.0,5,8,2385819.8453090684,0.04185133933298282,34.999999999799996,0.1428571428579592
059,FAIRFAX COUNTY,602,BELLEVIEW,059,000602,3896305.2154915733,43.9969634091,44,69,3896365.216589935,0.9999846007509495,44.0,0.9999309865704545
059,FAIRFAX COUNTY,602,BELLEVIEW,059,000621,60.001098361641304,0.0030365909,2,2,3896365.216589935,1.539924905041467e-05,44.0,6.901342954545454e-05
059,FAIRFAX COUNTY,604,BUCKNELL,059,000604,2688500.504598248,30.999850095959136,31,51,2689488.641585653,0.9996325929873335,31.0000000002,0.999995164379327
059,FAIRFAX COUNTY,604,BUCKNELL,059,000608,988.1369874054533,0.00014990424086507164,1,1,2689488.641585653,0.0003674070126664945,31.0000000002,4.8356206730356294e-06
059,FAIRFAX COUNTY,605,FORT HUNT,059,000605,3202008.944407969,58.0,58,73,3202123.0778570496,0.9999643569449688,60.0,0.9666666666666667
059,FAIRFAX COUNTY,605,FORT HUNT,059,000613,114.13344908078483,2.0,2,4,3202123.0778570496,3.564305503121577e-05,60.0,0.03333333333333333
059,FAIRFAX COUNTY,606,HOLLIN HALL,059,000606,3356674.2633964536,55.0,55,67,3356674.2633964536,1.0,55.0,1.0
059,FAIRFAX COUNTY,607,HUNTINGTON,059,000607,1076992.7648628103,12.9999999999,13,41,1140546.2581938615,0.9442780221543203,15.9999999999,0.8124999999988282
059,FAIRFAX COUNTY,607,HUNTINGTON,059,000621,63553.493331051184,3.0,3,3,1140546.2581938615,0.055721977845679664,15.9999999999,0.18750000000117187
059,FAIRFAX COUNTY,608,KIRKSIDE,059,000608,2419775.062651932,24.0,24,32,2419775.062651932,1.0,24.0,1.0
059,FAIRFAX COUNTY,609,MARLAN,059,000609,3981814.258977299,37.1610374666,38,53,4015559.7993211523,0.9915963048664951,38.0,0.9779220385947368
059,FAIRFAX COUNTY,609,MARLAN,059,000602,33745.54034385326,0.8389625334,2,4,4015559.7993211523,0.008403695133504944,38.0,0.02207796140526316
059,FAIRFAX COUNTY,610,SHERWOOD,059,000610,2085695.3589558534,23.010865679200002,26,42,2963832.80269524,0.7037155932207684,33.9999999999,0.6767901670372848
059,FAIRFAX COUNTY,610,SHERWOOD,059,000606,876049.3191467092,10.9891343207,12,21,2963832.80269524,0.2955798715602481,33.9999999999,0.3232098329627153
059,FAIRFAX COUNTY,610,SHERWOOD,059,000608,2088.124592677181,0.0,3,3,2963832.80269524,0.0007045352189834358,33.9999999999,0.0
059,FAIRFAX COUNTY,611,STRATFORD,059,000611,2893093.581048969,38.0000000001,38,48,3219123.3094945867,0.8987209568878537,44.0000000001,0.8636363636366735
059,FAIRFAX COUNTY,611,STRATFORD,059,000605,325442.8885084737,6.0,6,8,3219123.3094945867,0.10109674505123861,44.0000000001,0.13636363636332643
059,FAIRFAX COUNTY,611,STRATFORD,059,000606,586.8399371439077,0.0,1,1,3219123.3094945867,0.00018229806090778287,44.0000000001,0.0
059,FAIRFAX COUNTY,611,STRATFORD,059,000610,0.0,0.0,2,2,3219123.3094945867,0.0,44.0000000001,0.0
059,FAIRFAX COUNTY,612,WAYNEWOOD,059,000612,1127108.2381003127,24.9615991177,25,25,1130517.106883857,0.9969846818214538,25.0,0.998463964708
059,FAIRFAX COUNTY,612,WAYNEWOOD,059,000606,3408.86878354431,0.0384008823,1,1,1130517.106883857,0.003015318178546164,25.0,0.001536035292
059,FAIRFAX COUNTY,613,WESTGATE,059,000613,8501320.748084554,62.9999999999,63,101,8501320.748084554,1.0,62.9999999999,1.0
059,FAIRFAX COUNTY,614,WHITMAN,059,000614,3104893.9537826497,30.999999999899998,31,58,3104893.9537826497,1.0,30.999999999899998,1.0
059,FAIRFAX COUNTY,614,WHITMAN,059,000611,0.0,0.0,1,2,3104893.9537826497,0.0,30.999999999899998,0.0
059,FAIRFAX COUNTY,615,WOODLEY,059,000615,3353049.544953056,39.9999999999,40,53,3353049.544953056,1.0,39.9999999999,1.0
059,FAIRFAX COUNTY,616,GUNSTON,059,000616,67725272.49097864,109.7272504960954,111,256,79645491.11685807,0.8503340432870237,115.00000000029539,0.9541500043114222
059,FAIRFAX COUNTY,616,GUNSTON,059,000613,11920218.625879418,5.2727495042,7,192,79645491.11685807,0.1496659567129763,115.00000000029539,0.04584999568857789
059,FAIRFAX COUNTY,617,LORTON,059,000629,15508815.467451183,60.82426247165587,66,217,24129285.04068756,0.6427382925478202,98.99999999913564,0.6143864896180498
059,FAIRFAX COUNTY,617,LORTON,059,000628,5820567.106500018,13.6658657208,21,114,24129285.04068756,0.2412241844996731,98.99999999913564,0.13803904768605368
059,FAIRFAX COUNTY,617,LORTON,059,000617,2660444.2217499595,20.337592447164237,21,83,24129285.04068756,0.11025789687774978,98.99999999913564,0.20543022674082628
059,FAIRFAX COUNTY,617,LORTON,059,000845,102505.389247372,3.1216538389116093,16,35,24129285.04068756,0.004248173498490494,98.99999999913564,0.03153185695897843
059,FAIRFAX COUNTY,617,LORTON,059,000622,35492.91144038117,1.0,2,3,24129285.04068756,0.0014709474972230592,98.99999999913564,0.010101010101098292
059,FAIRFAX COUNTY,617,LORTON,059,000839,1355.1495420722981,0.0505539046,1,2,24129285.04068756,5.616202634214823e-05,98.99999999913564,0.0005106455010145594
059,FAIRFAX COUNTY,617,LORTON,059,000618,104.79475657509009,7.161600391765223e-05,1,1,24129285.04068756,4.343052701245887e-06,98.99999999913564,7.233939789725e-07
059,FAIRFAX COUNTY,618,NEWINGTON,059,000618,4547032.599960218,44.999999999799996,45,85,4547032.599960218,1.0,44.999999999799996,1.0
059,FAIRFAX COUNTY,619,BELVOIR,059,000627,9369899.963002,10.087120632937562,12,88,17558941.794778164,0.533625549450167,51.000000000200686,0.1977866790764288
059,FAIRFAX COUNTY,619,BELVOIR,059,000619,6997975.267564404,31.91287936716312,33,96,17558941.794778164,0.39854197077215237,51.000000000200686,0.6257427326870106
059,FAIRFAX COUNTY,619,BELVOIR,059,000630,1186137.5885776111,8.9105864499,9,16,17558941.794778164,0.06755176948820203,51.000000000200686,0.17471738136990073
059,FAIRFAX COUNTY,619,BELVOIR,059,000427,4928.975634149971,0.0894135502,2,2,17558941.794778164,0.0002807102894785945,51.000000000200686,0.0017532068666597678
059,FAIRFAX COUNTY,620,DELONG,059,000623,1295264.9711892495,14.929411055,15,24,1319365.0421628926,0.9817335838047256,15.0000000001,0.995294070326698
059,FAIRFAX COUNTY,620,DELONG,059,000626,24100.070973643113,0.0705889451,2,2,1319365.0421628926,0.01826641619527437,15.0000000001,0.00470592967330196
059,FAIRFAX COUNTY,621,GROSVENOR,059,000621,869302.0300494762,9.0000000001,9,38,869302.0300494762,1.0,9.0000000001,1.0
059,FAIRFAX COUNTY,622,POHICK RUN,059,000619,4176261.495081773,21.000000000300002,21,78,6687488.055600509,0.624488815585146,44.00000000024966,0.4772727272768374
059,FAIRFAX COUNTY,622,POHICK RUN,059,000622,2453349.0817199107,20.99999999994966,21,56,6687488.055600509,0.3668565926880912,44.00000000024966,0.4772727272688751
059,FAIRFAX COUNTY,622,POHICK RUN,059,000628,57877.47879882571,2.0,3,10,6687488.055600509,0.008654591726762875,44.00000000024966,0.04545454545428754
059,FAIRFAX COUNTY,701,BLAKE,059,000701,1409122.9737521044,23.999999999899998,24,48,2236714.1802906333,0.6299968883681895,34.9999999999,0.6857142857133878
059,FAIRFAX COUNTY,701,BLAKE,059,000732,826599.7578534321,10.8293900906,11,23,2236714.1802906333,0.36955985039895695,34.9999999999,0.30941114544659837
059,FAIRFAX COUNTY,701,BLAKE,600,000006,991.4486850968232,0.1706099094,1,2,2236714.1802906333,0.0004432612328536303,34.9999999999,0.0048745688400139275
059,FAIRFAX COUNTY,703,FORT BUFFALO,059,000703,1157689.5521747698,34.20406598747117,35,69,1322795.9197183952,0.8751837943537245,43.0,0.795443395057469
059,FAIRFAX COUNTY,703,FORT BUFFALO,059,000705,140902.7458066719,4.726519402928833,7,11,1322795.9197183952,0.10651888451293993,43.0,0.10991905588206588
059,FAIRFAX COUNTY,703,FORT BUFFALO,059,000517,16691.427047455338,3.1570878955,5,18,1322795.9197183952,0.012618293418238476,43.0,0.07342064873255814
059,FAIRFAX COUNTY,703,FORT BUFFALO,059,000511,7512.194689498202,0.9123267140999999,1,4,1322795.9197183952,0.005679027715097158,43.0,0.021216900327906973
059,FAIRFAX COUNTY,704,FREEDOM HILL,059,000733,3231164.254476634,56.02152071195886,57,136,5727863.134714393,0.5641133837318458,87.9999999995,0.6366081899122404
059,FAIRFAX COUNTY,704,FREEDOM HILL,059,000704,2461470.405551565,31.857964005441143,39,64,5727863.134714393,0.4297362467747408,87.9999999995,0.3620223182457063
059,FAIRFAX COUNTY,704,FREEDOM HILL,059,000720,22145.27833561513,0.0266953053,6,8,5727863.134714393,0.003866237341007862,87.9999999995,0.00030335574204717815
059,FAIRFAX COUNTY,704,FREEDOM HILL,059,000708,9062.155781923613,0.0197315719,1,1,5727863.134714393,0.0015821180724450877,87.9999999995,0.00022422240795581946
059,FAIRFAX COUNTY,704,FREEDOM HILL,059,000219,4021.040568655734,0.0740884049,1,1,5727863.134714393,0.0007020140799604204,87.9999999995,0.0008419136920502381
059,FAIRFAX COUNTY,705,GRAHAM,059,000705,816018.7879488384,22.0,22,37,816018.7879488384,1.0,22.0,1.0
059,FAIRFAX COUNTY,706,GREENWAY,059,000705,1233517.3713148613,26.0,26,33,1233517.3713148613,1.0,26.0,1.0
059,FAIRFAX COUNTY,707,MANTUA,059,000707,3235857.3840659666,26.0,26,65,3235857.3840659666,1.0,26.0,1.0
059,FAIRFAX COUNTY,708,MARSHALL,059,000708,2982605.9111305038,60.40114928552054,61,121,3001554.718878518,0.9936870023961802,60.99999999999963,0.9901827751724739
059,FAIRFAX COUNTY,708,MARSHALL,610,000001,11639.209391631539,0.4839271307,1,1,3001554.718878518,0.0038777268721525556,60.99999999999963,0.00793323165081972
059,FAIRFAX COUNTY,708,MARSHALL,059,000713,6705.6086235323455,0.11121348587946335,1,1,3001554.718878518,0.00223404510381133,60.99999999999963,0.0018231718996633446
059,FAIRFAX COUNTY,708,MARSHALL,059,000733,587.8660425321816,0.003611055703495602,1,3,3001554.718878518,0.00019585384828560721,60.99999999999963,5.919763448353481e-05
059,FAIRFAX COUNTY,708,MARSHALL,059,000720,16.123690318116516,9.904219613338887e-05,1,1,3001554.718878518,5.37177957033576e-06,60.99999999999963,1.6236425595637617e-06
059,FAIRFAX COUNTY,709,MOSBY,059,000709,1785712.961227024,34.024149682972286,35,82,2666214.9867822696,0.6697558036691248,48.99999999915525,0.6943704017052827
059,FAIRFAX COUNTY,709,MOSBY,059,000734,815769.9316779885,13.208645376655245,14,94,2666214.9867822696,0.3059655488106393,48.99999999915525,0.26956419136495835
059,FAIRFAX COUNTY,709,MOSBY,059,000729,53331.48744562178,0.7913546228,4,9,2666214.9867822696,0.020002695847863742,48.99999999915525,0.01615009434313557
059,FAIRFAX COUNTY,709,MOSBY,600,000005,10542.164309444832,0.9695203774277141,2,2,2666214.9867822696,0.00395398134122998,48.99999999915525,0.019786130151927112
059,FAIRFAX COUNTY,709,MOSBY,059,000701,858.442122190561,0.0063299393,1,2,2666214.9867822696,0.0003219703311421915,48.99999999915525,0.00012918243469610464
059,FAIRFAX COUNTY,710,PINE SPRING,059,000710,1855268.834041574,31.9999999998,32,57,1855268.834041574,1.0,31.9999999998,1.0
059,FAIRFAX COUNTY,711,PRICE,059,000711,2074394.778093879,23.8015146689,24,33,2212761.348722657,0.9374688234189141,24.0,0.9917297778708334
059,FAIRFAX COUNTY,711,PRICE,059,000707,138366.57062877793,0.1984853311,1,1,2212761.348722657,0.06253117658108574,24.0,0.008270222129166666
059,FAIRFAX COUNTY,712,SHREVE,059,000712,960960.399343732,22.4558823529,23,28,1011554.9562745355,0.9499833828928697,25.0,0.8982352941160001
059,FAIRFAX COUNTY,712,SHREVE,059,000708,30456.33486356596,2.0,3,3,1011554.9562745355,0.03010843323405172,25.0,0.08
059,FAIRFAX COUNTY,712,SHREVE,059,000713,20138.222067237482,0.5441176471,1,1,1011554.9562745355,0.019908183873078647,25.0,0.021764705884
059,FAIRFAX COUNTY,713,TIMBER LANE,059,000713,2834542.2569458983,40.280265791663865,41,112,2953940.2447931175,0.9595800937213673,41.0,0.9824455071137528
059,FAIRFAX COUNTY,713,TIMBER LANE,059,000712,102903.64065705087,0.3788733203361325,2,3,2953940.2447931175,0.034836060356480854,41.0,0.009240812691125184
059,FAIRFAX COUNTY,713,TIMBER LANE,059,000708,16494.34719016827,0.340860888,1,1,2953940.2447931175,0.005583845922151845,41.0,0.00831368019512195
059,FAIRFAX COUNTY,714,WALKER,059,000714,2956748.4244289775,36.96618461511347,37,85,2961891.5739147803,0.998263559162294,36.99999999989999,0.999086070681443
059,FAIRFAX COUNTY,714,WALKER,059,000216,3641.157860398656,0.0237563963865277,1,3,2961891.5739147803,0.0012293352979110164,36.99999999989999,0.0006420647672051869
059,FAIRFAX COUNTY,714,WALKER,059,000709,947.0033803884451,0.0,1,2,2961891.5739147803,0.0003197292529978656,36.99999999989999,0.0
059,FAIRFAX COUNTY,714,WALKER,059,000734,554.9882450156623,0.0100589884,1,2,2961891.5739147803,0.00018737628679706372,36.99999999989999,0.0002718645513520862
059,FAIRFAX COUNTY,717,WOODBURN,059,000717,2601639.115546573,22.99628104676776,23,56,2601647.1194282616,0.9999969235329308,22.9999999999,0.9998383063855539
059,FAIRFAX COUNTY,717,WOODBURN,059,000525,8.003881688883567,0.003718953132242112,3,3,2601647.1194282616,3.076467069308962e-06,22.9999999999,0.00016169361444601222
059,FAIRFAX COUNTY,718,PINE RIDGE,059,000718,3093848.3766929368,25.0000000002,25,49,3093848.3766929368,1.0,25.0000000002,1.0
059,FAIRFAX COUNTY,719,STENWOOD,059,000720,1161892.832325746,24.0,25,38,1162422.774734937,0.999544105276747,25.0,0.96
059,FAIRFAX COUNTY,719,STENWOOD,059,000216,529.9424091908439,1.0,1,1,1162422.774734937,0.00045589472325306495,25.0,0.04
059,FAIRFAX COUNTY,720,THOREAU,059,000720,1648855.36799553,28.0000000002,28,40,1648855.36799553,1.0,28.0000000002,1.0
059,FAIRFAX COUNTY,721,MERRIFIELD,059,000721,2252915.6205141125,24.000000000100002,24,58,3566172.025152291,0.631746198619766,57.000000000186404,0.4210526315793248
059,FAIRFAX COUNTY,721,MERRIFIELD,059,000723,1313256.4046381789,33.0000000000864,33,79,3566172.025152291,0.36825380138023406,57.000000000186404,0.5789473684206752
059,FAIRFAX COUNTY,726,MAGARITY,059,000726,2153312.7542583286,30.0367920921,31,91,2961567.4103657533,0.7270855111119671,43.000000000200004,0.6985300486502394
059,FAIRFAX COUNTY,726,MAGARITY,059,000731,808173.7591203473,11.9632079081,12,45,2961567.4103657533,0.27288717328927453,43.000000000200004,0.27821413739638035
059,FAIRFAX COUNTY,726,MAGARITY,059,000314,80.89698707710583,1.0,1,2,2961567.4103657533,2.731559875826533e-05,43.000000000200004,0.023255813953380205
059,FAIRFAX COUNTY,727,OAKTON,059,000727,3247220.8028895217,16.999999999899998,17,41,3247220.8028895217,1.0,16.999999999899998,1.0
059,FAIRFAX COUNTY,728,WALNUT HILL # 2,059,000525,1073131.3719747982,15.0,15,26,1073131.3719747982,1.0,15.0,1.0
059,FAIRFAX COUNTY,728,WALNUT HILL # 2,059,000717,0.0,0.0,2,2,1073131.3719747982,0.0,15.0,0.0
059,FAIRFAX COUNTY,729,NOTTOWAY,059,000729,2431691.2041276973,40.0000000001,40,83,3354149.2110809544,0.724980032520386,51.0000000001,0.784313725490619
059,FAIRFAX COUNTY,729,NOTTOWAY,059,000701,875781.9120454045,10.0,10,25,3354149.2110809544,0.2611040406765813,51.0000000001,0.19607843137216455
059,FAIRFAX COUNTY,729,NOTTOWAY,059,000216,46676.09490785257,1.0,1,2,3354149.2110809544,0.013915926803032738,51.0000000001,0.019607843137216453
059,FAIRFAX COUNTY,730,PENDERBROOK,059,000730,5113490.631298224,36.9972888704,37,121,5113762.488746876,0.9999468380768075,36.9999999999,0.9999267262297296
059,FAIRFAX COUNTY,730,PENDERBROOK,059,000732,271.8574486513906,0.0027111295,1,1,5113762.488746876,5.316192319248857e-05,36.9999999999,7.32737702704683e-05
059,FAIRFAX COUNTY,731,TYSONS,059,000731,3452291.566070031,27.999999999554074,29,101,3619676.9373917165,0.9537568202309511,28.999999999554074,0.9655172413787801
059,FAIRFAX COUNTY,731,TYSONS,059,000735,167385.37132168552,1.0,1,2,3619676.9373917165,0.0462431797690489,28.999999999554074,0.03448275862121989
059,FAIRFAX COUNTY,732,OAK MARR,059,000732,7656367.63523269,21.0,21,53,7656367.63523269,1.0,21.0,1.0
059,FAIRFAX COUNTY,801,BURKE,059,000801,3988525.0548649738,33.0000000001,33,62,3988525.0548649738,1.0,33.0000000001,1.0
059,FAIRFAX COUNTY,802,CARDINAL,059,000128,1830616.297811312,13.0,13,21,1830616.297811312,1.0,13.0,1.0
059,FAIRFAX COUNTY,803,CLIFTON,059,000803,55722716.87195071,87.8503722355889,88,301,55781251.737814605,0.9989506354905942,89.00000000048891,0.9870828341023181
059,FAIRFAX COUNTY,803,CLIFTON,059,000815,54130.7309980331,1.0,1,3,55781251.737814605,0.0009704108335980096,89.00000000048891,0.011235955056118052
059,FAIRFAX COUNTY,803,CLIFTON,059,000925,4404.1348658636325,0.14962776490000002,1,2,55781251.737814605,7.895367580785266e-05,89.00000000048891,0.0016812108415637983
059,FAIRFAX COUNTY,805,FAIRFAX STATION,059,000815,9750841.197519109,32.99999999982095,33,88,14163362.6288087,0.6884552385664128,53.999999999920945,0.61111111110869
059,FAIRFAX COUNTY,805,FAIRFAX STATION,059,000805,4396602.193965954,20.990978349226488,21,76,14163362.6288087,0.31042078842372745,53.999999999920945,0.38872182128254107
059,FAIRFAX COUNTY,805,FAIRFAX STATION,059,000803,15919.237323636882,0.009021650873512043,4,6,14163362.6288087,0.0011239730098597264,53.999999999920945,0.0001670676087689861
059,FAIRFAX COUNTY,808,KEENE MILL,059,000129,1441475.9967895665,19.0,19,24,1441475.9967895665,1.0,19.0,1.0
059,FAIRFAX COUNTY,811,POHICK,059,000807,1599713.1876089142,19.9999290969,20,29,3142226.124393815,0.509101867364025,45.0,0.44444286882
059,FAIRFAX COUNTY,811,POHICK,059,000811,1517903.1225482128,24.9512334594,25,39,3142226.124393815,0.48306616470545705,45.0,0.5544718546533334
059,FAIRFAX COUNTY,811,POHICK,059,000833,18844.057707054846,0.022509069700000002,1,3,3142226.124393815,0.005997040620585561,45.0,0.0005002015488888889
059,FAIRFAX COUNTY,811,POHICK,059,000825,5571.675897652036,0.026257470899999996,2,2,3142226.124393815,0.0017731619804182298,45.0,0.0005834993533333332
059,FAIRFAX COUNTY,811,POHICK,059,000806,194.0806319811541,7.09031e-05,1,1,3142226.124393815,6.176532951414988e-05,45.0,1.5756244444444445e-06
059,FAIRFAX COUNTY,812,VALLEY,059,000812,2231719.374541908,14.9999999999,15,29,2239804.197253935,0.9963903886232827,15.9999999999,0.9374999999996094
059,FAIRFAX COUNTY,812,VALLEY,059,000626,8084.822712027033,1.0,1,1,2239804.197253935,0.003609611376717331,15.9999999999,0.06250000000039063
059,FAIRFAX COUNTY,815,WOODYARD,059,000845,23390336.305790033,30.999999999963126,31,158,34420114.985344395,0.679554275624858,49.99999999986313,0.6200000000009598
059,FAIRFAX COUNTY,815,WOODYARD,059,000850,6044759.723312961,14.9999999999,15,52,34420114.985344395,0.17561706943415892,49.99999999986313,0.2999999999988212
059,FAIRFAX COUNTY,815,WOODYARD,059,000815,4985018.956241399,4.0,4,20,34420114.985344395,0.14482865494098293,49.99999999986313,0.080000000000219
059,FAIRFAX COUNTY,824,ORANGE,059,000824,2947299.8993081264,38.86131367011297,39,52,2957411.74753911,0.9965808453153682,39.0000000001,0.9964439402567519
059,FAIRFAX COUNTY,824,ORANGE,059,000825,10111.848230983473,0.13868632998702884,2,2,2957411.74753911,0.003419154684631802,39.0000000001,0.0035560597432480316
059,FAIRFAX COUNTY,825,CHERRY RUN,059,000825,2171608.8586041653,23.73430940904781,24,67,2186098.4016462136,0.9933719621078643,24.000000000100002,0.9889295587062048
059,FAIRFAX COUNTY,825,CHERRY RUN,059,000838,14489.543042048546,0.26569059105219117,4,4,2186098.4016462136,0.0066280378921357705,24.000000000100002,0.01107044129379517
059,FAIRFAX COUNTY,827,IRVING,059,000827,2486600.4462268953,40.0,40,43,2486600.4462268953,1.0,40.0,1.0
059,FAIRFAX COUNTY,829,SARATOGA,059,000626,2634240.8021548674,29.9947697792,30,52,2641839.740678068,0.9971236186638445,30.0,0.9998256593066667
059,FAIRFAX COUNTY,829,SARATOGA,059,000623,7598.9385232003215,0.0052302208,1,1,2641839.740678068,0.0028763813361555157,30.0,0.00017434069333333333
059,FAIRFAX COUNTY,832,TERRA CENTRE,059,000130,1676150.9191054963,11.9999999999,12,35,1676150.9191054963,1.0,11.9999999999,1.0
059,FAIRFAX COUNTY,833,WHITE OAKS,059,000833,2232887.3428523582,26.9983724223,27,43,2243245.7298071436,0.9953824109337875,26.9999999999,0.9999397193481478
059,FAIRFAX COUNTY,833,WHITE OAKS,059,000811,10358.386954785217,0.0016275776,2,6,2243245.7298071436,0.004617589066212443,26.9999999999,6.028065185207511e-05
059,FAIRFAX COUNTY,836,HUNT,059,000806,3109338.9410065887,19.9852787066,20,66,3541279.619626021,0.8780269492909889,23.999999999899998,0.832719946111803
059,FAIRFAX COUNTY,836,HUNT,059,000807,392712.6927368851,3.0,3,7,3541279.619626021,0.11089570294320836,23.999999999899998,0.12500000000052083
059,FAIRFAX COUNTY,836,HUNT,059,000838,17772.78242442929,1.0,1,4,3541279.619626021,0.005018745858398551,23.999999999899998,0.04166666666684028
059,FAIRFAX COUNTY,836,HUNT,059,000623,11573.280696065416,0.0059734948,1,2,3541279.619626021,0.003268106994975906,23.999999999899998,0.0002488956166677037
059,FAIRFAX COUNTY,836,HUNT,059,000618,9881.922762052583,0.0087477985,1,2,3541279.619626021,0.0027904949124283413,23.999999999899998,0.00036449160416818547
059,FAIRFAX COUNTY,837,BURKE CENTRE,059,000127,2992520.9456287483,34.0,34,99,2992520.9456287483,1.0,34.0,1.0
059,FAIRFAX COUNTY,837,BURKE CENTRE,059,000801,0.0,0.0,1,1,2992520.9456287483,0.0,34.0,0.0
059,FAIRFAX COUNTY,838,SANGSTER,059,000850,2231725.5115965516,6.9998979914,7,22,4479498.596201489,0.49820877575204586,26.0,0.26922684582307693
059,FAIRFAX COUNTY,838,SANGSTER,059,000838,2178385.5572217065,18.25990259991387,20,57,4479498.596201489,0.4863012032348726,26.0,0.7023039461505335
059,FAIRFAX COUNTY,838,SANGSTER,059,000824,43220.851972072924,0.386491876,2,2,4479498.596201489,0.00964859147600207,26.0,0.014865072153846155
059,FAIRFAX COUNTY,838,SANGSTER,059,000825,21939.801923388586,0.35370753268612765,2,4,4479498.596201489,0.00489782538206241,26.0,0.01360413587254337
059,FAIRFAX COUNTY,838,SANGSTER,059,000839,4226.873487769435,0.0,1,1,4479498.596201489,0.0009436041550171991,26.0,0.0
059,FAIRFAX COUNTY,839,SILVERBROOK,059,000845,8196432.357060741,17.427146565151283,21,70,11898504.264992077,0.6888624128308617,36.99999999982073,0.47100396122258703
059,FAIRFAX COUNTY,839,SILVERBROOK,059,000839,3312569.815170475,14.1546171261,15,41,11898504.264992077,0.2784022042935899,36.99999999982073,0.38255721962617784
059,FAIRFAX COUNTY,839,SILVERBROOK,059,000850,268275.1650590355,1.0,1,3,11898504.264992077,0.022546965491146476,36.99999999982073,0.027027027027157976
059,FAIRFAX COUNTY,839,SILVERBROOK,059,000629,121226.9277018272,4.418236308569448,11,31,11898504.264992077,0.010188417384402048,36.99999999982073,0.11941179212407715
059,FAIRFAX COUNTY,840,WEST SPRINGFIELD,059,000840,2542967.362978174,29.000000000138066,29,62,2542967.362978174,1.0,29.000000000138066,1.0
059,FAIRFAX COUNTY,841,POPES HEAD,059,000804,10960930.81401491,38.0079640646733,39,97,17557396.4082152,0.6242913561424308,63.0000000000733,0.6033010168988743
059,FAIRFAX COUNTY,841,POPES HEAD,059,000841,6596465.594200289,24.9920359354,26,103,17557396.4082152,0.3757086438575692,63.0000000000733,0.3966989831011258
059,FAIRFAX COUNTY,842,PARKWAY,059,000842,2193081.892517728,16.0,16,31,2252029.4811983393,0.9738246816159598,17.0,0.9411764705882353
059,FAIRFAX COUNTY,842,PARKWAY,059,000850,58947.58868061149,1.0,1,2,2252029.4811983393,0.026175318384040237,17.0,0.058823529411764705
059,FAIRFAX COUNTY,901,CENTRE RIDGE,059,000925,5659656.483186165,20.4321782931,22,65,11719326.786062669,0.48293358368647676,66.9999999997,0.3049578849730073
059,FAIRFAX COUNTY,901,CENTRE RIDGE,059,000923,3422653.744958121,0.3483146067,2,26,11719326.786062669,0.2920520783692582,66.9999999997,0.005198725473157606
059,FAIRFAX COUNTY,901,CENTRE RIDGE,059,000901,2227437.3474807427,32.9738832303,33,58,11719326.786062669,0.19006529881304665,66.9999999997,0.49214751090220366
059,FAIRFAX COUNTY,901,CENTRE RIDGE,059,000924,394483.1094724306,13.0,15,27,11719326.786062669,0.033660901916445725,66.9999999997,0.19402985074713747
059,FAIRFAX COUNTY,901,CENTRE RIDGE,059,000919,15096.100965209613,0.2456238696,1,2,11719326.786062669,0.0012881372147726786,66.9999999997,0.003666027904494027
059,FAIRFAX COUNTY,902,CHANTILLY,059,000902,4529713.558799901,43.4678040906,48,99,7363610.525064138,0.6151484442831048,60.0000000002,0.7244634015075851
059,FAIRFAX COUNTY,902,CHANTILLY,059,000913,2832573.2188654356,16.5176548969,17,45,7363610.525064138,0.3846717869208276,60.0000000002,0.27529424828074905
059,FAIRFAX COUNTY,902,CHANTILLY,059,000931,869.020487332858,0.0145410127,1,1,7363610.525064138,0.00011801554201908157,60.0000000002,0.00024235021166585884
059,FAIRFAX COUNTY,902,CHANTILLY,059,000904,454.7269114682994,0.0,1,1,7363610.525064138,6.175325404847355e-05,60.0000000002,0.0
059,FAIRFAX COUNTY,904,DULLES,059,000904,12891521.41468734,37.952593198730696,38,123,12902830.94889985,0.9991234842758693,37.99999999990002,0.998752452600804
059,FAIRFAX COUNTY,904,DULLES,059,000931,11005.981525242665,0.046873993700000005,2,2,12902830.94889985,0.0008529896709358253,37.99999999990002,0.0012335261500032457
059,FAIRFAX COUNTY,904,DULLES,059,000902,303.55268726911277,0.0005328074693302542,2,2,12902830.94889985,2.3526053194938195e-05,37.99999999990002,1.4021249192938316e-05
059,FAIRFAX COUNTY,905,FRANKLIN,059,000931,18133777.841177244,37.999729029071894,38,306,19336816.499148417,0.9377850713935174,51.000000000271896,0.7450927260562609
059,FAIRFAX COUNTY,905,FRANKLIN,059,000905,720528.4387104462,9.0,9,14,19336816.499148417,0.03726199908563945,51.000000000271896,0.1764705882343533
059,FAIRFAX COUNTY,905,FRANKLIN,059,000927,479504.2121498056,4.0,4,4,19336816.499148417,0.024797474401793217,51.000000000271896,0.07843137254860147
059,FAIRFAX COUNTY,905,FRANKLIN,059,000332,3006.007110921416,0.0002709712,1,5,19336816.499148417,0.0001554551190499118,51.000000000271896,5.3131607842853995e-06
059,FAIRFAX COUNTY,906,GREENBRIAR EAST,059,000844,1782796.387743772,25.260589448319962,26,62,4706528.361240763,0.3787922330237017,74.00000000035112,0.341359316867569
059,FAIRFAX COUNTY,906,GREENBRIAR EAST,059,000846,1781152.670411906,34.656682293680035,36,119,4706528.361240763,0.37844299103349033,74.00000000035112,0.46833354450696746
059,FAIRFAX COUNTY,906,GREENBRIAR EAST,059,000802,1100635.4880962034,14.000000000351125,14,76,4706528.361240763,0.23385293864585302,74.00000000035112,0.18918918919303646
059,FAIRFAX COUNTY,906,GREENBRIAR EAST,059,000911,27482.802345867367,0.0266672794,4,5,4706528.361240763,0.005839293899128271,74.00000000035112,0.00036036864053883065
059,FAIRFAX COUNTY,906,GREENBRIAR EAST,059,000730,14461.012643014732,0.0560609786,2,2,4706528.361240763,0.003072543397826765,74.00000000035112,0.0007575807918882972
059,FAIRFAX COUNTY,907,GREENBRIAR WEST,059,000843,2861652.3489027554,41.0,41,90,4675562.2252176,0.6120445437488695,80.0,0.5125
059,FAIRFAX COUNTY,907,GREENBRIAR WEST,059,000847,1813909.8763148452,39.0,39,40,4675562.2252176,0.38795545625113054,80.0,0.4875
059,FAIRFAX COUNTY,908,KINROSS,059,000908,2126242.7919541635,14.999999999899126,15,45,3710842.027312319,0.5729812199777619,22.999999999999126,0.6521739130391172
059,FAIRFAX COUNTY,908,KINROSS,059,000909,1584599.2353581556,8.0000000001,8,18,3710842.027312319,0.4270187800222382,22.999999999999126,0.3478260869608828
059,FAIRFAX COUNTY,909,LEEHIGH,059,000131,5843790.902701919,19.3892200085,20,89,10397767.711657247,0.5620236059082443,69.00000000021694,0.281003188528102
059,FAIRFAX COUNTY,909,LEEHIGH,059,000132,2395135.795313223,32.4054371064,33,92,10397767.711657247,0.23035096202697092,69.00000000021694,0.469644016033306
059,FAIRFAX COUNTY,909,LEEHIGH,059,000848,2031323.0255108234,14.922382933616944,15,51,10397767.711657247,0.19536145467391494,69.00000000021694,0.21626641932710183
059,FAIRFAX COUNTY,909,LEEHIGH,059,000844,72071.32167274434,2.2138453154,7,8,10397767.711657247,0.006931422558319228,69.00000000021694,0.03208471471584115
059,FAIRFAX COUNTY,909,LEEHIGH,059,000802,55446.66645853759,0.0691146363,1,2,10397767.711657247,0.00533255483255071,69.00000000021694,0.0010016613956490247
059,FAIRFAX COUNTY,910,LONDON TOWNE,059,000910,1833172.6372401689,46.9968084142,47,60,2731252.398349336,0.6711839002312888,57.999999999799996,0.8102898002476216
059,FAIRFAX COUNTY,910,LONDON TOWNE,059,000924,896224.2689070909,11.0,11,38,2731252.398349336,0.3281367439526037,57.999999999799996,0.1896551724144471
059,FAIRFAX COUNTY,910,LONDON TOWNE,059,000921,1855.4922020762588,0.0031915856,1,1,2731252.398349336,0.000679355816107529,57.999999999799996,5.5027337931224236e-05
059,FAIRFAX COUNTY,910,LONDON TOWNE,059,000915,0.0,0.0,1,1,2731252.398349336,0.0,57.999999999799996,0.0
059,FAIRFAX COUNTY,911,NAVY,059,000911,3863085.139239295,31.9999999998,32,116,6753829.263274053,0.5719844237469793,58.9999999999,0.5423728813534616
059,FAIRFAX COUNTY,911,NAVY,059,000920,2406400.788796077,20.79168912837349,24,97,6753829.263274053,0.35630169123190514,58.9999999999,0.35240151065099545
059,FAIRFAX COUNTY,911,NAVY,059,000930,484343.33523868106,6.208310871726507,13,21,6753829.263274053,0.07171388502111556,58.9999999999,0.10522560799554288
059,FAIRFAX COUNTY,912,NEWGATE,059,000849,3446194.2658846616,29.0,29,64,3457811.656413242,0.9966402477396263,29.0,1.0
059,FAIRFAX COUNTY,912,NEWGATE,059,000919,9581.301226657766,0.0,1,1,3457811.656413242,0.0027709147225781425,29.0,0.0
059,FAIRFAX COUNTY,912,NEWGATE,059,000933,2036.0893019227128,0.0,1,1,3457811.656413242,0.0005888375377954305,29.0,0.0
059,FAIRFAX COUNTY,913,ROCKY RUN,059,000913,3859877.5870113755,9.9710012569,14,29,7015543.208174331,0.5501894112082362,40.000000000200004,0.2492750314212536
059,FAIRFAX COUNTY,913,ROCKY RUN,059,000928,3155665.621162955,30.0289987433,31,68,7015543.208174331,0.4498105887917638,40.000000000200004,0.7507249685787464
059,FAIRFAX COUNTY,914,VALE,059,000929,3964289.917434748,5.0,5,9,10854028.571388341,0.3652367313538106,18.000000000100002,0.2777777777762345
059,FAIRFAX COUNTY,914,VALE,059,000914,3699675.051908097,3.0000000001,3,26,10854028.571388341,0.3408573164862114,18.000000000100002,0.1666666666712963
059,FAIRFAX COUNTY,914,VALE,059,000916,3190063.6020454974,10.0,10,26,10854028.571388341,0.2939059521599781,18.000000000100002,0.555555555552469
059,FAIRFAX COUNTY,915,VIRGINIA RUN,059,000923,18423136.88010209,17.979752779661137,19,116,30436465.42087856,0.6052981719573896,37.000000000352685,0.48593926431053386
059,FAIRFAX COUNTY,915,VIRGINIA RUN,059,000915,12013328.54077647,19.020247220691548,20,54,30436465.42087856,0.3947018280426105,37.000000000352685,0.5140607356894661
059,FAIRFAX COUNTY,916,WAPLES MILL,059,000916,6727138.300888941,15.999981938041564,16,50,9268505.229962718,0.7258061719749389,19.000000000051443,0.8421043125262233
059,FAIRFAX COUNTY,916,WAPLES MILL,059,000914,2541366.929073777,3.0000180620098775,5,12,9268505.229962718,0.27419382802506115,19.000000000051443,0.15789568747377658
059,FAIRFAX COUNTY,918,CENTREVILLE,059,000926,3338715.680093529,36.0,36,139,5892637.6810122,0.5665910345806338,89.0,0.4044943820224719
059,FAIRFAX COUNTY,918,CENTREVILLE,059,000918,2553922.000918671,53.0,53,112,5892637.6810122,0.43340896541936624,89.0,0.5955056179775281
059,FAIRFAX COUNTY,919,GREEN TRAILS,059,000919,2437060.8476010244,28.34687462602968,29,53,2805273.028645364,0.8687428363355615,36.0000000001,0.7874131840541927
059,FAIRFAX COUNTY,919,GREEN TRAILS,059,000933,368212.1810443395,7.653125374070317,11,15,2805273.028645364,0.13125716366443846,36.0000000001,0.21258681594580717
059,FAIRFAX COUNTY,920,LEES CORNER,059,000927,1416039.5117998351,7.0,7,25,4065195.533013128,0.3483324480459283,25.999999999750376,0.2692307692333541
059,FAIRFAX COUNTY,920,LEES CORNER,059,000930,1360763.47595872,16.3317923048,18,31,4065195.533013128,0.3347350613046946,25.999999999750376,0.6281458578829539
059,FAIRFAX COUNTY,920,LEES CORNER,059,000920,1288392.545254573,2.6682076949503752,3,16,4065195.533013128,0.3169324906493771,25.999999999750376,0.10262337288369203
059,FAIRFAX COUNTY,921,DEER PARK,059,000921,4736417.625413851,41.778520928,42,63,4813799.406120651,0.9839250092954827,42.0,0.9947266887619047
059,FAIRFAX COUNTY,921,DEER PARK,059,000910,77349.91025063136,0.2196884976,1,1,4813799.406120651,0.016068370059683517,42.0,0.005230678514285715
059,FAIRFAX COUNTY,921,DEER PARK,059,000915,31.870456169577803,0.0017905744,2,2,4813799.406120651,6.620644833902955e-06,42.0,4.2632723809523806e-05
059,FAIRFAX COUNTY,922,WILLOW SPRINGS,059,000851,4531768.679288516,28.99999999953647,29,135,7106974.309269158,0.6376509161399427,41.99999999943647,0.6904761904744184
059,FAIRFAX COUNTY,922,WILLOW SPRINGS,059,000848,2355249.161211636,7.9999999999,8,72,7106974.309269158,0.3313997010147961,41.99999999943647,0.19047619047636521
059,FAIRFAX COUNTY,922,WILLOW SPRINGS,059,000926,219956.46876900655,5.0,5,14,7106974.309269158,0.030949382845261143,41.99999999943647,0.11904761904921636
059,FAIRFAX COUNTY,999,CUB RUN 903/STONE 917,059,000903,2763899.637209832,35.6131596479,37,68,5647695.197222621,0.48938541133895486,78.0,0.4565789698448718
059,FAIRFAX COUNTY,999,CUB RUN 903/STONE 917,059,000917,1929660.5724415833,16.3836243586,18,34,5647695.197222621,0.3416722229256523,78.0,0.21004646613589742
059,FAIRFAX COUNTY,999,CUB RUN 903/STONE 917,059,000932,954134.9875712058,26.0032159935,27,51,5647695.197222621,0.16894236573539287,78.0,0.33337456401923077
061,FAUQUIER COUNTY,101,KETTLE RUN,061,000101,21133859.155207194,19.973637119,20,76,23860780.37466254,0.8857153380301414,39.000000000099995,0.5121445415115073
061,FAUQUIER COUNTY,101,KETTLE RUN,061,000504,2673847.384147034,18.9866676843,19,32,23860780.37466254,0.1120603493331827,39.000000000099995,0.486837632929521
061,FAUQUIER COUNTY,101,KETTLE RUN,153,000104,43542.0157209985,0.0328683781,3,3,23860780.37466254,0.0018248361971947577,39.000000000099995,0.0008427789256388647
061,FAUQUIER COUNTY,101,KETTLE RUN,061,000102,9531.81958731529,0.0068268187,1,1,23860780.37466254,0.00039947643948129246,39.000000000099995,0.00017504663333288453
061,FAUQUIER COUNTY,102,CATLETT,061,000102,210677911.35496458,108.9783795259471,109,346,210684663.14984313,0.9999679530784178,108.99999999989998,0.999801647027955
061,FAUQUIER COUNTY,102,CATLETT,179,000203,6751.794878529508,0.02162047395288153,5,6,210684663.14984313,3.2046921582172776e-05,108.99999999989998,0.00019835297204496665
061,FAUQUIER COUNTY,103,CASANOVA,061,000103,73829141.33805814,39.0000000003,40,123,74191598.10625368,0.9951145847043698,41.0000000003,0.9512195121954788
061,FAUQUIER COUNTY,103,CASANOVA,061,000203,360550.0587291538,1.0,2,7,74191598.10625368,0.004859715492484623,41.0000000003,0.02439024390226056
061,FAUQUIER COUNTY,103,CASANOVA,061,000101,1469.5388337872537,1.0,1,1,74191598.10625368,1.980734842350545e-05,41.0000000003,0.02439024390226056
061,FAUQUIER COUNTY,103,CASANOVA,061,000106,437.17063260736114,0.0,1,1,74191598.10625368,5.892454722181157e-06,41.0000000003,0.0
061,FAUQUIER COUNTY,104,LOIS,061,000104,58812266.24941902,24.9974002877,25,71,79091077.5699668,0.7436017823551789,48.0000000001,0.5207791726593317
061,FAUQUIER COUNTY,104,LOIS,061,000105,20276350.60295006,22.9999999998,23,62,79091077.5699668,0.25636710518974626,48.0000000001,0.4791666666615017
061,FAUQUIER COUNTY,104,LOIS,179,000101,2460.7175977130514,0.0025997126,2,2,79091077.5699668,3.111245507479921e-05,48.0000000001,5.416067916655383e-05
061,FAUQUIER COUNTY,201,WARRENTON,061,000201,4874715.221324304,71.4312902033476,75,150,9577889.186407045,0.5089550658241596,120.0000000002,0.5952607516935712
061,FAUQUIER COUNTY,201,WARRENTON,061,000203,4570707.155894767,45.17861084508848,47,88,9577889.186407045,0.4772144537213399,120.0000000002,0.37648842370844315
061,FAUQUIER COUNTY,201,WARRENTON,061,000202,125368.6548920754,3.387500216352405,7,15,9577889.186407045,0.013089382477926221,120.0000000002,0.028229168469556327
061,FAUQUIER COUNTY,201,WARRENTON,061,000403,7098.1542958973205,0.0025987354115240774,1,3,9577889.186407045,0.0007410979765741112,120.0000000002,2.1656128429331217e-05
061,FAUQUIER COUNTY,202,BALDWIN RIDGE,061,000106,25154601.89793207,25.2472454334,28,76,42624760.116091505,0.5901406091065794,78.00000000009999,0.32368263376112355
061,FAUQUIER COUNTY,202,BALDWIN RIDGE,061,000202,16237918.616804332,42.3411272156,44,114,42624760.116091505,0.3809503812474071,78.00000000009999,0.5428349643018682
061,FAUQUIER COUNTY,202,BALDWIN RIDGE,061,000203,764551.2197291389,5.8940162247,6,15,42624760.116091505,0.01793678645103997,78.00000000009999,0.07556431057298005
061,FAUQUIER COUNTY,202,BALDWIN RIDGE,061,000201,466906.7455721322,2.5176111264,4,19,42624760.116091505,0.01095388558904447,78.00000000009999,0.03227706572303555
061,FAUQUIER COUNTY,202,BALDWIN RIDGE,061,000101,493.2016952291756,1.0,1,1,42624760.116091505,1.1570779375318627e-05,78.00000000009999,0.012820512820496385
061,FAUQUIER COUNTY,202,BALDWIN RIDGE,061,000103,288.4343585967533,1.0,1,1,42624760.116091505,6.766826553655252e-06,78.00000000009999,0.012820512820496385
061,FAUQUIER COUNTY,301,MORRISVILLE,061,000301,116097116.67508304,50.9999999999777,51,271,125819779.75992438,0.922725480020764,68.0000000000777,0.7499999999988151
061,FAUQUIER COUNTY,301,MORRISVILLE,061,000105,7139751.357775156,2.0,2,5,125819779.75992438,0.05674585801531725,68.0000000000777,0.029411764705848744
061,FAUQUIER COUNTY,301,MORRISVILLE,061,000104,1583788.419030252,1.0000000001,1,5,125819779.75992438,0.012587753865507194,68.0000000000777,0.01470588235439496
061,FAUQUIER COUNTY,301,MORRISVILLE,061,000303,996381.2901442775,14.0,14,27,125819779.75992438,0.007919114880390538,68.0000000000777,0.2058823529409412
061,FAUQUIER COUNTY,301,MORRISVILLE,047,000704,2742.0178916492796,0.0,2,4,125819779.75992438,2.179321802089703e-05,68.0000000000777,0.0
061,FAUQUIER COUNTY,302,REMINGTON,061,000302,47975781.47713569,50.6316913456,51,151,78151790.9429793,0.6138794888544463,88.99999999979893,0.5688954083788132
061,FAUQUIER COUNTY,302,REMINGTON,061,000303,18636152.793686584,27.057168570497513,29,112,78151790.9429793,0.23846098174875857,88.99999999979893,0.3040131300062769
061,FAUQUIER COUNTY,302,REMINGTON,061,000301,6983505.093336098,9.3111400838,10,47,78151790.9429793,0.08935822210947623,88.99999999979893,0.10461955150360715
061,FAUQUIER COUNTY,302,REMINGTON,061,000105,4556351.578820944,1.9999999999014153,2,10,78151790.9429793,0.058301307287318915,88.99999999979893,0.022471910111302625
061,FAUQUIER COUNTY,303,OPAL,061,000302,16631653.62932343,5.9779234889,6,32,36224079.09198983,0.45913254515285,19.0,0.3146275520473684
061,FAUQUIER COUNTY,303,OPAL,061,000105,15619432.16825703,8.0,8,46,36224079.09198983,0.4311892133570051,19.0,0.42105263157894735
061,FAUQUIER COUNTY,303,OPAL,061,000404,2460251.469157804,2.0,2,12,36224079.09198983,0.06791757115232876,19.0,0.10526315789473684
061,FAUQUIER COUNTY,303,OPAL,061,000303,1512741.825251564,3.0220765111,4,23,36224079.09198983,0.041760670337816094,19.0,0.15905665847894737
061,FAUQUIER COUNTY,401,MARSHALL,061,000401,125124916.41054422,68.94854067411846,69,207,125452431.4200925,0.9973893291198833,70.99999999961925,0.9711062066829326
061,FAUQUIER COUNTY,401,MARSHALL,061,000402,327515.00954827183,2.051459325500791,7,8,125452431.4200925,0.002610670880116692,70.99999999961925,0.028893793317067498
061,FAUQUIER COUNTY,402,LEEDS,061,000402,260862466.8217901,106.87904273037012,109,377,262268191.10638088,0.9946401266632422,111.99999999942445,0.9542771672403514
061,FAUQUIER COUNTY,402,LEEDS,187,000202,878308.7389416773,2.2869703958,4,13,262268191.10638088,0.00334889540068326,111.99999999942445,0.020419378534033503
061,FAUQUIER COUNTY,402,LEEDS,157,000501,350845.1663442348,0.09517766949435504,1,2,262268191.10638088,0.0013377343430943382,111.99999999942445,0.0008498006204896799
061,FAUQUIER COUNTY,402,LEEDS,187,000501,134069.21045346707,0.09393447999676525,1,6,262268191.10638088,0.0005111912729023479,111.99999999942445,0.0008387007142611426
061,FAUQUIER COUNTY,402,LEEDS,187,000401,41025.08841752091,2.642918494509984,7,8,262268191.10638088,0.00015642418641946695,111.99999999942445,0.02359748655824612
061,FAUQUIER COUNTY,402,LEEDS,107,000308,1476.0804338701619,0.0019562292532246824,2,3,262268191.10638088,5.628133658310993e-06,111.99999999942445,1.7466332618167277e-05
061,FAUQUIER COUNTY,403,WATERLOO,061,000403,138204433.1113855,65.9843600258,67,279,203644976.45415166,0.6786537803082053,109.9999999995,0.5998578184190902
061,FAUQUIER COUNTY,403,WATERLOO,061,000404,65009316.80790979,40.9760982227,41,185,203644976.45415166,0.31922867894826706,109.9999999995,0.3725099838444205
061,FAUQUIER COUNTY,403,WATERLOO,061,000203,428747.7102550142,2.0395417510000002,5,10,203644976.45415166,0.0021053684589737074,109.9999999995,0.018541288645538827
061,FAUQUIER COUNTY,403,WATERLOO,061,000201,2316.8355943291663,1.0,1,1,203644976.45415166,1.1376836466431448e-05,109.9999999995,0.009090909090950413
061,FAUQUIER COUNTY,403,WATERLOO,157,000201,158.98044667070909,0.0,1,1,203644976.45415166,7.806745319175684e-07,109.9999999995,0.0
061,FAUQUIER COUNTY,403,WATERLOO,061,000401,3.008560363381085,0.0,1,1,203644976.45415166,1.4773555507068587e-08,109.9999999995,0.0
061,FAUQUIER COUNTY,404,UPPERVILLE,061,000402,88832072.536409,67.00000000022628,67,180,88832072.536409,1.0,67.00000000022628,1.0
061,FAUQUIER COUNTY,501,THE PLAINS,061,000501,249383242.33410057,203.4468915512536,205,571,249426523.10719508,0.9998264788661794,204.99999999999955,0.9924238612256295
061,FAUQUIER COUNTY,501,THE PLAINS,061,000503,42076.86441209989,1.4770574641,2,2,249426523.10719508,0.0001686944270718823,204.99999999999955,0.007205158361463431
061,FAUQUIER COUNTY,501,THE PLAINS,153,000401,1203.9086824055967,0.07605098464595103,1,1,249426523.10719508,4.826706748777465e-06,204.99999999999955,0.000370980412907079
061,FAUQUIER COUNTY,502,NEW BALTIMORE,061,000504,16228739.50321262,43.14092653851957,44,140,28225634.151912555,0.5749645664599875,65.99999999961958,0.6536504021025491
061,FAUQUIER COUNTY,502,NEW BALTIMORE,061,000502,11996894.648699937,22.8590734611,25,74,28225634.151912555,0.42503543354001255,65.99999999961958,0.3463495978974509
061,FAUQUIER COUNTY,503,BROAD RUN,061,000503,48826656.17923483,41.9873346222,42,139,48827111.18977626,0.9999906811906267,42.0000000001,0.999698443383334
061,FAUQUIER COUNTY,503,BROAD RUN,061,000502,455.01054142261705,0.0126653779,3,3,48827111.18977626,9.318809373221535e-06,42.0000000001,0.0003015566166659487
063,FLOYD COUNTY,101,A,063,000101,160906874.76584876,106.99977654891063,107,233,161073980.94137087,0.9989625501614507,108.99999999970001,0.9816493261394965
063,FLOYD COUNTY,101,A,063,000201,150885.81991693925,2.0,2,2,161073980.94137087,0.0009367485613449884,108.99999999970001,0.018348623853261508
063,FLOYD COUNTY,101,A,161,000301,16220.35560518073,0.0002234507893726994,2,4,161073980.94137087,0.00010070127720432239,108.99999999970001,2.0500072419570127e-06
063,FLOYD COUNTY,201,B,063,000201,215936554.18264064,133.1496899113311,134,357,232358321.724036,0.929325675019727,171.0,0.7786531573762053
063,FLOYD COUNTY,201,B,063,000101,15448579.433582243,29.998399633600002,30,37,232358321.724036,0.06648601745337956,171.0,0.17542923762339183
063,FLOYD COUNTY,201,B,063,000301,972460.9006581403,7.8503100886688975,13,26,232358321.724036,0.004185177847054252,171.0,0.04590824613256665
063,FLOYD COUNTY,201,B,067,000403,727.2071549828821,0.0016003664,1,2,232358321.724036,3.12967983925517e-06,171.0,9.35886783625731e-06
063,FLOYD COUNTY,301,C,063,000301,88735745.64330697,116.02884784737715,117,303,105140130.52714396,0.8439759889816584,140.00000000027714,0.8287774846224819
063,FLOYD COUNTY,301,C,063,000501,11362653.230603227,8.5949762308,11,53,105140130.52714396,0.10807151535416573,140.00000000027714,0.061392687362735614
063,FLOYD COUNTY,301,C,063,000401,2993948.888153641,13.2221170379,15,20,105140130.52714396,0.028475795808344515,140.00000000027714,0.09444369312767019
063,FLOYD COUNTY,301,C,063,000201,2034665.148342086,2.0,3,5,105140130.52714396,0.019351936678610057,140.00000000027714,0.014285714285686006
063,FLOYD COUNTY,301,C,141,000503,13117.616738032235,0.1540588842,1,1,105140130.52714396,0.00012476317722133387,140.00000000027714,0.001100420601426393
063,FLOYD COUNTY,401,D,063,000401,262223291.02240178,189.99999999969108,190,354,262223291.02240178,1.0,189.99999999969108,1.0
063,FLOYD COUNTY,501,E,063,000501,207065790.8504954,122.00000000000007,122,320,226758792.513393,0.9131544076213296,132.00000000010007,0.9242424242417241
063,FLOYD COUNTY,501,E,063,000401,19507540.804637916,8.0,8,15,226758792.513393,0.0860277151259118,132.00000000010007,0.06060606060601466
063,FLOYD COUNTY,501,E,063,000301,185314.50572049577,2.0000000001,2,4,226758792.513393,0.0008172318421106012,132.00000000010007,0.015151515152261241
063,FLOYD COUNTY,501,E,121,000402,146.3525392025478,0.0,3,3,226758792.513393,6.454106479417058e-07,132.00000000010007,0.0
065,FLUVANNA COUNTY,101,PALMYRA,065,000101,78857528.88359657,42.7104971061312,48,217,91890555.55284502,0.8581679412988931,56.999999999900005,0.7493069667755461
065,FLUVANNA COUNTY,101,PALMYRA,065,000201,6654434.630682224,11.2384321305,13,36,91890555.55284502,0.07241695939965614,56.999999999900005,0.19716547597403009
065,FLUVANNA COUNTY,101,PALMYRA,065,000301,6369834.002784389,2.9984207171999997,4,13,91890555.55284502,0.06931978987896295,56.999999999900005,0.05260387223167123
065,FLUVANNA COUNTY,101,PALMYRA,003,000406,7988.9869651913705,0.05261976925061998,2,7,91890555.55284502,8.694024012725673e-05,56.999999999900005,0.0009231538465037244
065,FLUVANNA COUNTY,101,PALMYRA,003,000501,769.0488166350093,3.027681818212095e-05,1,2,91890555.55284502,8.36918236056087e-06,56.999999999900005,5.311722488100713e-07
065,FLUVANNA COUNTY,201,COLUMBIA,065,000201,199619570.29895383,130.40788338649776,133,371,240237864.8782578,0.8309246770908175,139.00000000006003,0.9381862114132478
065,FLUVANNA COUNTY,201,COLUMBIA,065,000301,39064865.038243696,6.60779124102577,7,56,240237864.8782578,0.16260910851018462,139.00000000006003,0.04753806648217925
065,FLUVANNA COUNTY,201,COLUMBIA,075,000102,903818.0472227308,1.7415827489285869,8,13,240237864.8782578,0.0037621798199078517,139.00000000006003,0.012529372294444854
065,FLUVANNA COUNTY,201,COLUMBIA,075,000101,649611.4938375669,0.242742623607912,6,18,240237864.8782578,0.0027040345790900282,139.00000000006003,0.001746349810128109
065,FLUVANNA COUNTY,301,FORK UNION,065,000301,191698125.39662877,104.8975009819,105,439,191763806.9435258,0.9996574872602714,105.9999999993,0.9895990658735162
065,FLUVANNA COUNTY,301,FORK UNION,065,000201,65681.54689702047,1.1024990174,3,4,191763806.9435258,0.0003425127397286371,105.9999999993,0.010400934126483779
065,FLUVANNA COUNTY,401,CUNNINGHAM,065,000401,104467287.87228413,63.65630104962785,72,234,183731038.98592046,0.5685881299582135,93.0000000002,0.6844763553708705
065,FLUVANNA COUNTY,401,CUNNINGHAM,065,000301,79263751.11363633,29.34369895057215,33,151,183731038.98592046,0.4314118700417865,93.0000000002,0.3155236446291295
065,FLUVANNA COUNTY,501,RIVANNA,065,000401,27599280.609179508,29.226459663389846,30,97,45722184.75695321,0.6036299611641446,142.0000000002,0.20582013847428648
065,FLUVANNA COUNTY,501,RIVANNA,065,000101,10855860.70762707,29.770239296939565,30,53,45722184.75695321,0.2374309269194789,142.0000000002,0.2096495725133636
065,FLUVANNA COUNTY,501,RIVANNA,065,000501,7266819.592273101,83.0000000003,83,172,45722184.75695321,0.1589342160901005,142.0000000002,0.5845070422548105
065,FLUVANNA COUNTY,501,RIVANNA,003,000406,171.64090348999497,2.3047705863648003e-06,1,1,45722184.75695321,3.7539961050066104e-06,142.0000000002,1.6230778777194042e-08
065,FLUVANNA COUNTY,501,RIVANNA,003,000402,52.20697004204101,0.0032987348,1,1,45722184.75695321,1.1418301710550176e-06,142.0000000002,2.323052676053066e-05
067,FRANKLIN COUNTY,102,BURNT CHIMNEY,067,000102,89589995.78651391,100.99391097512095,103,287,156303774.30637404,0.5731787103931786,147.00000000052094,0.6870334079915854
067,FRANKLIN COUNTY,102,BURNT CHIMNEY,067,000204,23872786.948785946,17.4870007351,19,65,156303774.30637404,0.15273327246719223,147.00000000052094,0.1189591886737281
067,FRANKLIN COUNTY,102,BURNT CHIMNEY,067,000602,19331062.00363101,16.0060890251,17,44,156303774.30637404,0.12367623295992727,147.00000000052094,0.1088849593540359
067,FRANKLIN COUNTY,102,BURNT CHIMNEY,067,000701,16003100.350180687,9.0000000003,9,35,156303774.30637404,0.10238460600965849,147.00000000052094,0.06122448979774221
067,FRANKLIN COUNTY,102,BURNT CHIMNEY,067,000603,7464956.686703324,3.0,3,5,156303774.30637404,0.04775928617098599,147.00000000052094,0.0204081632652338
067,FRANKLIN COUNTY,102,BURNT CHIMNEY,067,000201,41872.53055916442,0.5129992649,1,3,156303774.30637404,0.00026789199905748445,147.00000000052094,0.003489790917674708
067,FRANKLIN COUNTY,103,SCRUGGS,067,000103,96892070.84940001,183.0000000005596,183,565,117435223.31339628,0.8250682215746012,241.0000000006596,0.7593360995853059
067,FRANKLIN COUNTY,103,SCRUGGS,067,000204,20531051.699045986,57.0000000001,57,144,117435223.31339628,0.17482873638563542,241.0000000006596,0.2365145228213444
067,FRANKLIN COUNTY,103,SCRUGGS,067,000102,12100.764950280345,1.0,1,1,117435223.31339628,0.00010304203976337962,241.0000000006596,0.0041493775933496395
067,FRANKLIN COUNTY,103,SCRUGGS,019,000203,0.0,0.0,1,1,117435223.31339628,0.0,241.0000000006596,0.0
067,FRANKLIN COUNTY,103,SCRUGGS,019,000205,0.0,0.0,1,1,117435223.31339628,0.0,241.0000000006596,0.0
067,FRANKLIN COUNTY,103,SCRUGGS,067,000201,0.0,0.0,1,13,117435223.31339628,0.0,241.0000000006596,0.0
067,FRANKLIN COUNTY,103,SCRUGGS,067,000202,0.0,0.0,1,9,117435223.31339628,0.0,241.0000000006596,0.0
067,FRANKLIN COUNTY,201,GLADE HILL,067,000201,111994905.87752149,83.9205168914,86,323,118990744.24766216,0.9412068693714544,86.99999999959999,0.9646036424343201
067,FRANKLIN COUNTY,201,GLADE HILL,067,000303,6995820.370167024,3.0794561333,4,13,118990744.24766216,0.05879297935649708,86.99999999959999,0.035396047509358146
067,FRANKLIN COUNTY,201,GLADE HILL,067,000204,17.999973641909175,2.69749e-05,2,8,118990744.24766216,1.5127204855904433e-07,86.99999999959999,3.1005632184050604e-07
067,FRANKLIN COUNTY,202,PENHOOK,067,000202,96016814.80931953,148.9259799221,149,362,96139021.48251182,0.9987288546179501,148.9999999996,0.9995032209563746
067,FRANKLIN COUNTY,202,PENHOOK,067,000204,122206.67319229554,0.07402007749999999,2,3,96139021.48251182,0.0012711453820499468,148.9999999996,0.0004967790436254946
067,FRANKLIN COUNTY,203,HODGESVILLE,067,000203,16130165.873605283,8.0706807093,10,47,35591624.52419033,0.4532011699168774,45.999999999799996,0.17544958063771934
067,FRANKLIN COUNTY,203,HODGESVILLE,067,000701,14300325.641828384,35.9293192907,39,141,35591624.52419033,0.4017890678777243,45.999999999799996,0.7810721584968743
067,FRANKLIN COUNTY,203,HODGESVILLE,067,000303,5161133.008756661,1.9999999998,2,12,35591624.52419033,0.14500976220539827,45.999999999799996,0.04347826086540643
067,FRANKLIN COUNTY,301,SNOW CREEK,067,000301,120585025.00815618,70.56015272186872,71,194,121178150.02273998,0.9951053468428714,72.00000000006872,0.9800021211361302
067,FRANKLIN COUNTY,301,SNOW CREEK,067,000304,438754.8582719201,1.0,1,2,121178150.02273998,0.003620742338363678,72.00000000006872,0.013888888888875631
067,FRANKLIN COUNTY,301,SNOW CREEK,067,000302,154370.15631186953,0.4398472782,1,1,121178150.02273998,0.0012739108187647759,72.00000000006872,0.006108989974994169
067,FRANKLIN COUNTY,302,FORK MOUNTAIN,067,000302,63530430.25615866,44.5299255216,49,140,85386451.66787091,0.7440340828691889,62.00000000009732,0.7182246051859693
067,FRANKLIN COUNTY,302,FORK MOUNTAIN,067,000401,20663527.80705987,16.4373115807,18,63,85386451.66787091,0.24200007616471914,62.00000000009732,0.2651179287205516
067,FRANKLIN COUNTY,302,FORK MOUNTAIN,067,000303,683451.0778820553,1.0040334517,3,6,85386451.66787091,0.008004209854515167,62.00000000009732,0.01619408793061974
067,FRANKLIN COUNTY,302,FORK MOUNTAIN,067,000301,509042.5267703331,0.02872944609732103,3,7,85386451.66787091,0.005961631111576861,62.00000000009732,0.0004633781628592892
067,FRANKLIN COUNTY,303,SONTAG,067,000303,78682751.48836921,55.999999999799996,60,155,90889212.74605705,0.8656995600589864,64.9999999998,0.8615384615380355
067,FRANKLIN COUNTY,303,SONTAG,067,000401,9421068.58959659,5.0,5,11,90889212.74605705,0.10365441953952115,64.9999999998,0.07692307692331361
067,FRANKLIN COUNTY,303,SONTAG,067,000304,2758531.0447530854,2.0,2,4,90889212.74605705,0.030350477921515014,64.9999999998,0.030769230769325445
067,FRANKLIN COUNTY,303,SONTAG,067,000703,23075.920731629492,1.0,1,2,90889212.74605705,0.00025389064372362025,64.9999999998,0.015384615384662723
067,FRANKLIN COUNTY,303,SONTAG,067,000302,3785.702606530257,1.0,2,2,90889212.74605705,4.1651836253741654e-05,64.9999999998,0.015384615384662723
067,FRANKLIN COUNTY,304,DICKINSON,067,000304,105610982.54999797,78.99999999990101,80,261,109092610.91739444,0.9680855711663846,80.99999999990101,0.9753086419752784
067,FRANKLIN COUNTY,304,DICKINSON,067,000303,3480222.503910033,2.0,3,7,109092610.91739444,0.03190154195269263,80.99999999990101,0.024691358024721534
067,FRANKLIN COUNTY,304,DICKINSON,143,000201,1405.8634864455057,0.0,2,2,109092610.91739444,1.2886880922760512e-05,80.99999999990101,0.0
067,FRANKLIN COUNTY,401,HENRY,067,000401,139230560.8489243,113.0,113,280,143264868.59833091,0.9718402160356736,117.9999999999,0.9576271186448794
067,FRANKLIN COUNTY,401,HENRY,067,000703,4032907.5629250705,2.9999999999,3,12,143264868.59833091,0.028150010553055122,117.9999999999,0.02542372881273341
067,FRANKLIN COUNTY,401,HENRY,067,000501,1400.1864815338406,2.0,2,2,143264868.59833091,9.773411271255326e-06,117.9999999999,0.016949152542387245
067,FRANKLIN COUNTY,402,FERRUM,067,000402,50933284.2460892,65.0,65,120,50933284.2460892,1.0,65.0,1.0
067,FRANKLIN COUNTY,403,ENDICOTT,067,000403,124716546.72638112,102.99999999964194,103,187,124716637.72508164,0.999999270356368,102.99999999964194,1.0
067,FRANKLIN COUNTY,403,ENDICOTT,063,000101,90.99870052137145,0.0,1,1,124716637.72508164,7.296436320065322e-07,102.99999999964194,0.0
067,FRANKLIN COUNTY,501,WAIDSBORO,067,000501,34162037.57025561,40.0,41,121,40806588.64934739,0.8371696508083862,47.0,0.851063829787234
067,FRANKLIN COUNTY,501,WAIDSBORO,067,000402,6582302.672195839,4.0,5,19,40806588.64934739,0.16130489928373634,47.0,0.0851063829787234
067,FRANKLIN COUNTY,501,WAIDSBORO,067,000502,59750.52079972588,1.0,1,1,40806588.64934739,0.0014642370944840412,47.0,0.02127659574468085
067,FRANKLIN COUNTY,501,WAIDSBORO,067,000703,2497.8860962166073,2.0,2,2,40806588.64934739,6.121281339347036e-05,47.0,0.0425531914893617
067,FRANKLIN COUNTY,502,CALLAWAY,067,000502,131165576.09012717,101.99999999996237,102,210,177238573.93341738,0.7400509560599472,136.99999999996237,0.7445255474451853
067,FRANKLIN COUNTY,502,CALLAWAY,067,000403,30650649.744528238,26.0,26,44,177238573.93341738,0.17293441864434467,136.99999999996237,0.18978102189786233
067,FRANKLIN COUNTY,502,CALLAWAY,067,000501,11421270.910933886,4.0,4,14,177238573.93341738,0.06444009708193926,136.99999999996237,0.029197080291978823
067,FRANKLIN COUNTY,502,CALLAWAY,067,000402,4001077.1878280737,5.0,6,16,177238573.93341738,0.022574528213768777,136.99999999996237,0.03649635036497353
067,FRANKLIN COUNTY,503,BOWMANS,067,000503,94527584.3650596,53.9698911162522,54,133,94576707.49532108,0.9994806001227743,56.0000000002522,0.9637480556430204
067,FRANKLIN COUNTY,503,BOWMANS,067,000504,39390.59248661818,2.0,2,2,94576707.49532108,0.0004164935905446584,56.0000000002522,0.035714285714124876
067,FRANKLIN COUNTY,503,BOWMANS,161,000301,9436.452344475394,0.029996737100000004,5,6,94576707.49532108,9.977564872346858e-05,56.0000000002522,0.0005356560196404449
067,FRANKLIN COUNTY,503,BOWMANS,067,000502,296.08543038524704,0.00011214690000000002,3,3,94576707.49532108,3.1306379575530796e-06,56.0000000002522,2.0026232142766954e-06
067,FRANKLIN COUNTY,504,GOGGINSVILLE,067,000504,36027145.86688302,37.7734017708,38,107,38377050.23957529,0.9387679783093648,45.0000000001,0.8394089282381346
067,FRANKLIN COUNTY,504,GOGGINSVILLE,067,000702,2064136.401911947,3.1032990969,5,9,38377050.23957529,0.053785697155623556,45.0000000001,0.06896220215318008
067,FRANKLIN COUNTY,504,GOGGINSVILLE,067,000701,263654.7877918138,3.0810982495,7,23,38377050.23957529,0.006870116023662678,45.0000000001,0.06846884998873673
067,FRANKLIN COUNTY,504,GOGGINSVILLE,067,000601,19577.0743925365,0.0422008829,1,1,38377050.23957529,0.0005101245215649267,45.0000000001,0.0009377973977756938
067,FRANKLIN COUNTY,504,GOGGINSVILLE,067,000503,2536.108595974925,1.0,1,1,38377050.23957529,6.608398978407235e-05,45.0000000001,0.02222222222217284
067,FRANKLIN COUNTY,601,BOONES MILL,067,000601,83548768.89824012,123.9993618091,124,322,100305754.6610729,0.83294093325499,136.0000000002925,0.9117600133002449
067,FRANKLIN COUNTY,601,BOONES MILL,067,000503,14348648.815406334,7.883195784233303,8,42,100305754.6610729,0.1430491088361735,136.0000000002925,0.057964674883943745
067,FRANKLIN COUNTY,601,BOONES MILL,067,000504,2405679.0324790967,4.0000000001,4,9,100305754.6610729,0.02398345977863126,136.0000000002925,0.02941176470655439
067,FRANKLIN COUNTY,601,BOONES MILL,161,000501,1678.3261135318535,0.002050117859177918,1,1,100305754.6610729,1.6732101953699628e-05,136.0000000002925,1.5074396023334623e-05
067,FRANKLIN COUNTY,601,BOONES MILL,161,000505,979.5888338213296,0.11539228900000001,3,3,100305754.6610729,9.766028251632234e-06,136.0000000002925,0.0008484727132334694
067,FRANKLIN COUNTY,602,BONBROOK,067,000602,56060331.85483279,57.04458785500228,59,145,56829854.247374,0.986459187644727,65.00000000009999,0.877609043921762
067,FRANKLIN COUNTY,602,BONBROOK,067,000601,766075.4283564386,7.9553740429,12,17,56829854.247374,0.013480158246083089,65.00000000009999,0.12239036989058096
067,FRANKLIN COUNTY,602,BONBROOK,161,000406,2298.88850351358,0.0,1,1,56829854.247374,4.045212738900887e-05,65.00000000009999,0.0
067,FRANKLIN COUNTY,602,BONBROOK,161,000505,1148.0756812526827,3.810219771995951e-05,1,1,56829854.247374,2.0201981800890033e-05,65.00000000009999,5.861876572292445e-07
067,FRANKLIN COUNTY,603,COOPER'S COVE,067,000603,51405376.32492185,38.6563294932594,39,103,51409115.05822469,0.9999272748947611,38.9999999999594,0.9911879357256318
067,FRANKLIN COUNTY,603,COOPER'S COVE,161,000406,2225.8638171625107,0.1351805918,3,3,51409115.05822469,4.329706540642749e-05,38.9999999999594,0.003466169020516429
067,FRANKLIN COUNTY,603,COOPER'S COVE,067,000102,1512.8694856847553,0.2084899149,2,2,51409115.05822469,2.9428039832456107e-05,38.9999999999594,0.005345895253851719
067,FRANKLIN COUNTY,701,ROCKY MOUNT EAST,067,000701,5942191.577146732,36.9999999999,37,77,5942191.577146732,1.0,36.9999999999,1.0
067,FRANKLIN COUNTY,701,ROCKY MOUNT EAST,067,000703,0.0,0.0,1,2,5942191.577146732,0.0,36.9999999999,0.0
067,FRANKLIN COUNTY,702,ROCKY MOUNT WEST,067,000702,5865043.215848641,46.473752521,47,65,5901402.232063059,0.9938389191611318,48.0,0.9682031775208334
067,FRANKLIN COUNTY,702,ROCKY MOUNT WEST,067,000703,36359.01621441784,1.526247479,5,5,5901402.232063059,0.006161080838868217,48.0,0.03179682247916667
067,FRANKLIN COUNTY,703,ROCKY MOUNT SOUTH,067,000703,21570543.10334407,38.9693614596,40,110,21585126.873576943,0.9993243602264519,39.9999999998,0.9742340364948712
067,FRANKLIN COUNTY,703,ROCKY MOUNT SOUTH,067,000702,14583.770232871955,1.0306385402,4,7,21585126.873576943,0.0006756397735481659,39.9999999998,0.025765963505128827
069,FREDERICK COUNTY,101,RUSSELLS,069,000102,119663822.86935098,192.9999999998,193,322,149212352.23515,0.8019699513936202,211.9999999998,0.9103773584904815
069,FREDERICK COUNTY,101,RUSSELLS,069,000101,29548529.36579902,19.0,19,59,149212352.23515,0.1980300486063798,211.9999999998,0.08962264150951851
069,FREDERICK COUNTY,102,GORE,069,000102,52141264.29920332,57.0,57,217,134578216.90055415,0.38744208015278453,150.9999999998086,0.3774834437090877
069,FREDERICK COUNTY,102,GORE,069,000101,45669377.63720095,60.9999999999,61,139,134578216.90055415,0.3393519299705694,150.9999999998086,0.40397350993362463
069,FREDERICK COUNTY,102,GORE,069,000203,36767574.964149885,32.999999999908624,33,113,134578216.90055415,0.2732059898766461,150.9999999998086,0.21854304635728775
069,FREDERICK COUNTY,103,KERNSTOWN,069,000103,74232838.95836928,69.49757929698089,71,222,120370259.36552781,0.6167041539135242,133.99999999968088,0.5186386514712418
069,FREDERICK COUNTY,103,KERNSTOWN,069,000101,36875771.061768,29.999999999899998,31,83,120370259.36552781,0.306352842106849,133.99999999968088,0.22388059701471225
069,FREDERICK COUNTY,103,KERNSTOWN,069,000204,6284835.9984606765,22.0,22,72,120370259.36552781,0.05221253182960705,133.99999999968088,0.16417910447800294
069,FREDERICK COUNTY,103,KERNSTOWN,069,000502,2865202.491951158,10.5024207028,14,35,120370259.36552781,0.023803242653572844,133.99999999968088,0.07837627390167919
069,FREDERICK COUNTY,103,KERNSTOWN,069,000403,111610.85497869842,2.0,2,2,120370259.36552781,0.000927229496447044,133.99999999968088,0.014925373134363902
069,FREDERICK COUNTY,104,CEDAR CREEK,069,000104,34612324.61634489,46.000000000200004,46,144,34612324.61634489,1.0,46.000000000200004,1.0
069,FREDERICK COUNTY,201,GAINESBORO,069,000201,142269118.00346395,86.2728355656,87,233,259504711.36762318,0.5482332758187218,229.9999999993,0.3750992850689677
069,FREDERICK COUNTY,201,GAINESBORO,069,000203,68751820.05203067,104.7200215768,115,248,259504711.36762318,0.2649347662695592,229.9999999993,0.45530444163964656
069,FREDERICK COUNTY,201,GAINESBORO,069,000202,39252412.509258956,26.8388968973,27,86,259504711.36762318,0.15125895904700032,229.9999999993,0.11669085607557253
069,FREDERICK COUNTY,201,GAINESBORO,069,000204,9231360.80286961,12.1682459596,18,39,259504711.36762318,0.03557299886471869,229.9999999993,0.05290541721581319
069,FREDERICK COUNTY,202,ALBIN,069,000202,51022193.34950891,38.769949235,39,118,125980937.09018765,0.4049993159916168,95.99999999984358,0.40385363786524137
069,FREDERICK COUNTY,202,ALBIN,069,000204,40217229.676604696,34.50112939304359,40,117,125980937.09018765,0.31923266015884494,95.99999999984358,0.3593867645114563
069,FREDERICK COUNTY,202,ALBIN,069,000303,34724321.78882424,21.97705845734452,22,85,125980937.09018765,0.2756315565740369,95.99999999984358,0.22892769226437842
069,FREDERICK COUNTY,202,ALBIN,840,000102,17192.2752498035,0.7518629144554793,2,11,125980937.09018765,0.00013646727550133903,95.99999999984358,0.007831905358924003
069,FREDERICK COUNTY,301,CLEARBROOK,069,000301,38142971.70595216,83.9999999993,84,319,60127178.325065866,0.6343715565653126,96.9999999994,0.865979381441439
069,FREDERICK COUNTY,301,CLEARBROOK,069,000303,21983983.431233164,13.0000000001,13,67,60127178.325065866,0.36562473150462915,96.9999999994,0.13402061855856096
069,FREDERICK COUNTY,301,CLEARBROOK,043,000101,223.18788054370813,0.0,1,1,60127178.325065866,3.711930058268931e-06,96.9999999994,0.0
069,FREDERICK COUNTY,302,NEFFSTOWN,069,000302,28033763.623704568,78.99717844318512,79,221,45334836.03641924,0.6183713469523514,148.99999999932905,0.530182405661348
069,FREDERICK COUNTY,302,NEFFSTOWN,069,000603,10943449.390959186,30.999999999811052,31,97,45334836.03641924,0.2413916173021534,148.99999999932905,0.20805369127483656
069,FREDERICK COUNTY,302,NEFFSTOWN,069,000601,3162275.016339616,23.96298970683288,24,75,45334836.03641924,0.06975375434906696,148.99999999932905,0.16082543427477036
069,FREDERICK COUNTY,302,NEFFSTOWN,069,000303,2342770.0099520017,14.0,14,43,45334836.03641924,0.0516770372362208,148.99999999932905,0.09395973154404727
069,FREDERICK COUNTY,302,NEFFSTOWN,069,000301,833497.0233880738,1.0028215568,2,7,45334836.03641924,0.018385354316016345,148.99999999932905,0.0067303460188222535
069,FREDERICK COUNTY,302,NEFFSTOWN,069,000602,19080.972075798898,0.0370102927,1,3,45334836.03641924,0.0004208898441911295,148.99999999932905,0.00024839122617561517
069,FREDERICK COUNTY,401,CARPERS VALLEY,069,000401,14592348.631621787,25.000000000100002,25,109,17828956.178501952,0.8184634302493352,49.0,0.5102040816346939
069,FREDERICK COUNTY,401,CARPERS VALLEY,069,000602,3230805.806516982,22.999999999899998,23,68,17828956.178501952,0.18121115864386206,49.0,0.46938775509999997
069,FREDERICK COUNTY,401,CARPERS VALLEY,069,000601,4831.231035273259,0.0,1,2,17828956.178501952,0.0002709766621726699,49.0,0.0
069,FREDERICK COUNTY,401,CARPERS VALLEY,069,000603,874.0284894942487,1.0,1,1,17828956.178501952,4.9022975924308284e-05,49.0,0.02040816326530612
069,FREDERICK COUNTY,401,CARPERS VALLEY,043,000401,96.48083841659093,0.0,1,1,17828956.178501952,5.411468705774651e-06,49.0,0.0
069,FREDERICK COUNTY,402,SHENANDOAH,069,000402,32278612.75817424,30.0147024159,31,147,48066497.02810032,0.6715407769220988,69.0000000003,0.4349956871850652
069,FREDERICK COUNTY,402,SHENANDOAH,069,000401,7210916.1510924455,13.0077780713,15,57,48066497.02810032,0.15001958946325644,69.0000000003,0.1885185227716441
069,FREDERICK COUNTY,402,SHENANDOAH,069,000403,6011296.046134778,18.23646123227169,20,58,48066497.02810032,0.12506207894909616,69.0000000003,0.2642965395969913
069,FREDERICK COUNTY,402,SHENANDOAH,069,000404,2565672.0726988562,7.741058280828311,9,39,48066497.02810032,0.053377554665548645,69.0000000003,0.11218925044629932
069,FREDERICK COUNTY,501,STEPHENS CITY,069,000503,17502499.708191007,33.16217111009496,34,122,32113285.46245796,0.5450236391618138,114.00000000009496,0.2908962378076082
069,FREDERICK COUNTY,501,STEPHENS CITY,069,000502,8896814.367747542,49.8580774654,51,146,32113285.46245796,0.2770446635909728,114.00000000009496,0.4373515567136708
069,FREDERICK COUNTY,501,STEPHENS CITY,069,000501,3739357.50232077,9.83782889,10,38,32113285.46245796,0.1164426949304912,114.00000000009496,0.08629674464905093
069,FREDERICK COUNTY,501,STEPHENS CITY,069,000403,1588199.3101992854,13.9800462657,14,17,32113285.46245796,0.04945614524729866,114.00000000009496,0.12263198478673996
069,FREDERICK COUNTY,501,STEPHENS CITY,069,000404,305255.92591937166,6.0,6,8,32113285.46245796,0.009505596251627108,114.00000000009496,0.05263157894732458
069,FREDERICK COUNTY,501,STEPHENS CITY,069,000103,81158.64807998168,1.1618762689,2,3,32113285.46245796,0.002527260817796429,114.00000000009496,0.010191897095605544
069,FREDERICK COUNTY,502,MIDDLETOWN,069,000502,37477038.35454983,26.9188744291,27,103,48427293.830454424,0.773882564773456,79.9999999997,0.33648593036501184
069,FREDERICK COUNTY,502,MIDDLETOWN,069,000104,7091696.460889032,44.0,44,79,48427293.830454424,0.1464400733544455,79.9999999997,0.5500000000020625
069,FREDERICK COUNTY,502,MIDDLETOWN,069,000503,3696810.9690248985,8.49712421313835,9,24,48427293.830454424,0.07633734360560301,79.9999999997,0.10621405266462769
069,FREDERICK COUNTY,502,MIDDLETOWN,187,000302,161748.0459906614,0.5840013574616494,4,9,48427293.830454424,0.003340018266495475,79.9999999997,0.0073000169682979925
071,GILES COUNTY,101,GLEN LYN,071,000101,28946816.554555487,69.99826929934818,70,227,29074056.7063156,0.9956235845226074,69.99999999977773,0.9999752757081493
071,GILES COUNTY,101,GLEN LYN,071,000102,127240.15176011388,0.001730700429542202,3,7,29074056.7063156,0.004376415477392743,69.99999999977773,2.4724291850681394e-05
071,GILES COUNTY,102,RICH CREEK,071,000102,18537736.275326565,49.976092878726114,50,118,18550896.676729172,0.9992905786910496,50.000000000099995,0.9995218575725233
071,GILES COUNTY,102,RICH CREEK,071,000101,10583.409433667686,0.0017290774023200318,2,2,18550896.676729172,0.0005705066239166675,50.000000000099995,3.4581548046331475e-05
071,GILES COUNTY,102,RICH CREEK,071,000103,2576.991968941695,0.02217804397156689,1,1,18550896.676729172,0.000138914685033762,50.000000000099995,0.00044356087943045073
071,GILES COUNTY,103,NARROWS,071,000103,136010256.10266834,168.9988488174361,172,419,137121635.67087847,0.9918949364717492,173.00000000003612,0.9768719584820856
071,GILES COUNTY,103,NARROWS,071,000203,435331.6595376188,1.0,1,1,137121635.67087847,0.003174784616648745,173.00000000003612,0.005780346820808042
071,GILES COUNTY,103,NARROWS,071,000101,413562.8722254156,2.0,2,2,137121635.67087847,0.003016029310050354,173.00000000003612,0.011560693641616084
071,GILES COUNTY,103,NARROWS,071,000201,251482.4449877023,0.0,1,1,137121635.67087847,0.0018340099558855501,173.00000000003612,0.0
071,GILES COUNTY,103,NARROWS,021,000401,11002.591459376095,1.0011511826000001,3,6,137121635.67087847,8.023964566601794e-05,173.00000000003612,0.005787001055490122
071,GILES COUNTY,103,NARROWS,071,000102,0.0,0.0,2,2,137121635.67087847,0.0,173.00000000003612,0.0
071,GILES COUNTY,201,PEARISBURG,071,000201,69482542.55944897,150.7302311159053,152,382,70140823.99442863,0.9906148602555346,152.99999999936836,0.9851649092583501
071,GILES COUNTY,201,PEARISBURG,071,000103,633231.860456804,2.208927327583204,6,20,70140823.99442863,0.009028007148976499,152.99999999936836,0.014437433513675317
071,GILES COUNTY,201,PEARISBURG,071,000302,25049.5745228459,0.06084155587983835,2,5,70140823.99442863,0.0003571325954886931,152.99999999936836,0.00039765722797444134
071,GILES COUNTY,202,STAFFORDSVILLE,071,000202,24719677.9377114,36.99959036466529,37,119,24719894.094112325,0.9999912557715618,36.9999999997,0.9999889287828455
071,GILES COUNTY,202,STAFFORDSVILLE,071,000201,216.1564009265121,0.00040963503471325873,9,10,24719894.094112325,8.744228438179082e-06,36.9999999997,1.1071217154502164e-05
071,GILES COUNTY,203,WHITE GATE,071,000203,140672195.40483314,32.0000000001,32,140,140672195.40483314,1.0,32.0000000001,1.0
071,GILES COUNTY,204,SUGAR RUN,071,000202,49299078.41160998,15.999769208234202,16,55,49301249.604873694,0.9999559606849499,16.0,0.9999855755146376
071,GILES COUNTY,204,SUGAR RUN,071,000203,2171.1932637134164,0.0002307917657975405,1,1,49301249.604873694,4.403931505011553e-05,16.0,1.4424485362346281e-05
071,GILES COUNTY,301,EGGLESTON,071,000301,87597212.94464162,69.77332592363075,70,233,87709082.36947529,0.9987245400155662,70.00000000015345,0.9967617989068257
071,GILES COUNTY,301,EGGLESTON,071,000302,68533.55750758934,0.14405338795403394,3,8,87709082.36947529,0.0007813735551227309,70.00000000015345,0.0020579055421959735
071,GILES COUNTY,301,EGGLESTON,071,000303,37658.641544866805,0.06397108938662831,1,3,87709082.36947529,0.0004293585171285847,70.00000000015345,0.0009138727055212582
071,GILES COUNTY,301,EGGLESTON,071,000201,5677.2257812180105,0.018649599182047217,2,3,87709082.36947529,6.472791218248808e-05,70.00000000015345,0.00026642284545723335
071,GILES COUNTY,302,PEMBROKE,071,000302,107858189.16770664,120.84722156882164,121,367,107890474.0175881,0.9997007627394778,121.00000000019364,0.9987373683357706
071,GILES COUNTY,302,PEMBROKE,071,000301,21775.0159612876,0.06027383735168835,4,10,107890474.0175881,0.0002018251950374959,121.00000000019364,0.0004981308872032388
071,GILES COUNTY,302,PEMBROKE,071,000201,9861.904126235298,0.09245598321061282,2,3,107890474.0175881,9.140662524689279e-05,121.00000000019364,0.0007640990347972303
071,GILES COUNTY,302,PEMBROKE,071,000303,647.9297939432709,4.8610809703523086e-05,4,5,107890474.0175881,6.005440237825321e-06,121.00000000019364,4.0174222895409334e-07
071,GILES COUNTY,303,NEWPORT,071,000303,136502625.35734355,74.72553719217194,76,259,136609495.92363676,0.9992176929900031,75.99999999983939,0.9832307525306561
071,GILES COUNTY,303,NEWPORT,045,000301,72096.72038772906,1.2195620834495646,3,6,136609495.92363676,0.0005277577513940198,75.99999999983939,0.01604686951910713
071,GILES COUNTY,303,NEWPORT,071,000302,23876.28158819236,0.0028548405,1,4,136609495.92363676,0.00017477761283548652,75.99999999983939,3.756369078955307e-05
071,GILES COUNTY,303,NEWPORT,071,000301,10897.56431729134,0.052045883717881124,1,1,136609495.92363676,7.977164576745793e-05,75.99999999983939,0.0006848142594472515
071,GILES COUNTY,304,HATFIELD,071,000302,131695134.00075316,39.94681980059373,40,112,131708086.02028172,0.9999016611666002,39.99999999993625,0.9986704950164349
071,GILES COUNTY,304,HATFIELD,071,000201,12952.019528548368,0.053180199342517394,1,5,131708086.02028172,9.833883339974955e-05,39.99999999993625,0.0013295049835650536
073,GLOUCESTER COUNTY,101,HARCUM,073,000101,90715335.76315647,35.995191009565644,36,192,94117718.83169806,0.9638497074644813,39.99999999960001,0.8998797752481398
073,GLOUCESTER COUNTY,101,HARCUM,073,000201,3395082.1043080394,4.0,4,9,94117718.83169806,0.036072719849693215,39.99999999960001,0.10000000000099998
073,GLOUCESTER COUNTY,101,HARCUM,073,000102,7300.964233550227,0.004808990034359277,1,1,94117718.83169806,7.757268582556554e-05,39.99999999960001,0.00012022475086018415
073,GLOUCESTER COUNTY,102,SALEM,073,000102,108057098.98881061,37.9999999995,38,205,108057098.98881061,1.0,37.9999999995,1.0
073,GLOUCESTER COUNTY,103,BETHEL,073,000103,52828295.56843571,12.640822925952518,13,71,68590395.50336021,0.7701996056553965,32.0000000004,0.39502571643107837
073,GLOUCESTER COUNTY,103,BETHEL,073,000301,15762099.934924498,19.359177074447484,21,31,68590395.50336021,0.22980039434460353,32.0000000004,0.6049742835689217
073,GLOUCESTER COUNTY,201,COURTHOUSE,073,000302,19738886.99380055,21.000000000100002,21,92,35302329.222617455,0.5591383749589606,54.9999999998,0.38181818182138844
073,GLOUCESTER COUNTY,201,COURTHOUSE,073,000201,15447852.713758921,30.1589192816,31,75,35302329.222617455,0.4375873505780409,54.9999999998,0.5483439869401757
073,GLOUCESTER COUNTY,201,COURTHOUSE,073,000502,115589.51505797775,3.8410807180999997,4,7,35302329.222617455,0.003274274462998379,54.9999999998,0.06983783123843576
073,GLOUCESTER COUNTY,202,BOTETOURT,073,000201,59627425.74633483,63.1441772899,75,258,99734642.97654861,0.5978607228819728,111.0000000002,0.5688664620701461
073,GLOUCESTER COUNTY,202,BOTETOURT,073,000202,40107217.230213776,47.855822710300004,48,144,99734642.97654861,0.4021392771180271,111.0000000002,0.4311335379298538
073,GLOUCESTER COUNTY,301,WHITE MARSH,073,000301,47151863.312262736,30.9128980198,31,85,82214589.26532042,0.5735218497546181,62.0000000001,0.4985951293508087
073,GLOUCESTER COUNTY,301,WHITE MARSH,073,000302,21970709.793610968,17.0000000002,17,86,82214589.26532042,0.26723614373001076,62.0000000001,0.2741935483898803
073,GLOUCESTER COUNTY,301,WHITE MARSH,073,000502,13092016.15944671,14.0871019801,15,56,82214589.26532042,0.15924200651537107,62.0000000001,0.22721132225931095
073,GLOUCESTER COUNTY,302,ROANES,073,000502,82578122.1655385,63.9999999997,64,209,87841182.79646525,0.9400843606224923,74.99999999970001,0.8533333333327466
073,GLOUCESTER COUNTY,302,ROANES,073,000302,4734223.767371538,10.0,10,25,87841182.79646525,0.053895264347032956,74.99999999970001,0.13333333333386665
073,GLOUCESTER COUNTY,302,ROANES,073,000501,528836.8635552125,1.0,1,2,87841182.79646525,0.006020375030474806,74.99999999970001,0.013333333333386665
073,GLOUCESTER COUNTY,401,HAYES,073,000401,10683974.095101915,39.3112121893,40,100,20727617.442570284,0.5154463181648277,102.0000000002,0.38540404107081294
073,GLOUCESTER COUNTY,401,HAYES,073,000402,9995298.534688728,62.0000000001,62,141,20727617.442570284,0.48222129544712794,102.0000000002,0.6078431372546905
073,GLOUCESTER COUNTY,401,HAYES,073,000501,46913.86639894989,0.6772848545,10,16,20727617.442570284,0.0022633506493900456,102.0000000002,0.006640047593124235
073,GLOUCESTER COUNTY,401,HAYES,073,000502,1430.9463806901786,0.0115029563,2,2,20727617.442570284,6.90357386542318e-05,102.0000000002,0.00011277408137232789
073,GLOUCESTER COUNTY,501,ACHILLES,073,000501,111723855.27257822,148.9985491708,149,423,112913079.55742148,0.9894677898299773,160.0,0.9312409323175
073,GLOUCESTER COUNTY,501,ACHILLES,073,000402,1189224.284843248,11.0014508292,12,25,112913079.55742148,0.010532210170022623,160.0,0.0687590676825
073,GLOUCESTER COUNTY,502,TIMBERNECK,073,000501,18311925.78908044,24.0000000002,25,86,36366860.44520463,0.5035333148065321,50.0000000001,0.48000000000304
073,GLOUCESTER COUNTY,502,TIMBERNECK,073,000502,15891544.403073926,11.8669308337,12,47,36366860.44520463,0.4369787275703476,50.0000000001,0.23733861667352532
073,GLOUCESTER COUNTY,502,TIMBERNECK,073,000401,2163390.2530502607,14.1330691662,16,44,36366860.44520463,0.05948795762312024,50.0000000001,0.28266138332343466
075,GOOCHLAND COUNTY,101,FIFE,075,000101,103594925.41032134,60.695107310401546,61,153,114819167.37315355,0.9022441790894173,66.0,0.9196228380363871
075,GOOCHLAND COUNTY,101,FIFE,075,000201,10584904.735047063,5.0,5,11,114819167.37315355,0.09218761098177039,66.0,0.07575757575757576
075,GOOCHLAND COUNTY,101,FIFE,065,000201,639337.2277851534,0.30489268959845117,6,20,114819167.37315355,0.005568209928812287,66.0,0.004619586206037139
075,GOOCHLAND COUNTY,102,HADENSVILLE,075,000102,117070664.84234788,86.63220065872088,89,255,134955841.3119853,0.8674738618516613,103.99999999999525,0.8330019294108156
075,GOOCHLAND COUNTY,102,HADENSVILLE,075,000101,11264972.45208589,4.9179414732,5,16,134955841.3119853,0.08347154404412918,103.99999999999525,0.04728789878077139
075,GOOCHLAND COUNTY,102,HADENSVILLE,075,000202,2675111.7673276463,6.762707580727096,7,23,134955841.3119853,0.019822126566151618,103.99999999999525,0.0650260344300712
075,GOOCHLAND COUNTY,102,HADENSVILLE,109,007021,1372992.6022566701,1.5353770113903524,14,26,134955841.3119853,0.010173643385191774,103.99999999999525,0.014763240494138678
075,GOOCHLAND COUNTY,102,HADENSVILLE,109,000402,1258474.7543036938,1.0,1,2,134955841.3119853,0.009325085465507225,103.99999999999525,0.009615384615385055
075,GOOCHLAND COUNTY,102,HADENSVILLE,065,000201,1006544.5825978349,1.1411527833910995,9,19,134955841.3119853,0.0074583254256549505,103.99999999999525,0.010972622917222612
075,GOOCHLAND COUNTY,102,HADENSVILLE,109,000301,305780.6210938911,2.0,2,3,134955841.3119853,0.0022657827784349116,103.99999999999525,0.01923076923077011
075,GOOCHLAND COUNTY,102,HADENSVILLE,109,007023,962.878889365941,0.005467820494327271,2,2,134955841.3119853,7.134770010732603e-06,103.99999999999525,5.2575197060841546e-05
075,GOOCHLAND COUNTY,102,HADENSVILLE,109,007022,336.81108246122744,0.005152672071501045,1,1,134955841.3119853,2.49571325840281e-06,103.99999999999525,4.954492376443539e-05
075,GOOCHLAND COUNTY,201,THREE SQUARE,075,000201,83532290.55251315,49.9880038481,50,161,98703639.89944977,0.8462939222667797,59.0,0.8472543025101695
075,GOOCHLAND COUNTY,201,THREE SQUARE,075,000101,14170442.197678594,5.0119961519,6,15,98703639.89944977,0.14356554846522523,59.0,0.08494908732033898
075,GOOCHLAND COUNTY,201,THREE SQUARE,075,000302,1000907.149258013,4.0,4,5,98703639.89944977,0.010140529267995036,59.0,0.06779661016949153
075,GOOCHLAND COUNTY,202,SANDY HOOK,075,000202,92403014.04855654,37.74708621543619,39,169,117508037.5031964,0.7863548401618318,48.99999999990485,0.7703486982757038
075,GOOCHLAND COUNTY,202,SANDY HOOK,075,000102,12338219.249079924,5.1930469656,6,15,117508037.5031964,0.1049989388916848,48.99999999990485,0.10598055031857313
075,GOOCHLAND COUNTY,202,SANDY HOOK,075,000302,9271007.716118118,2.0,2,13,117508037.5031964,0.07889679644991035,48.99999999990485,0.040816326530691505
075,GOOCHLAND COUNTY,202,SANDY HOOK,075,000101,1717574.5796302923,3.0,4,11,117508037.5031964,0.01461665615497639,48.99999999990485,0.06122448979603726
075,GOOCHLAND COUNTY,202,SANDY HOOK,109,007011,1426065.1277668364,0.9260224509617137,6,16,117508037.5031964,0.012135894344487246,48.99999999990485,0.01889841736660228
075,GOOCHLAND COUNTY,202,SANDY HOOK,109,007021,352156.7820446971,0.13384436790694573,2,8,117508037.5031964,0.002996873997109499,48.99999999990485,0.0027315177123919516
075,GOOCHLAND COUNTY,301,GOOCHLAND COURT HOUSE,075,000301,55305405.7621573,52.712813737185,55,189,79774758.52106951,0.6932694850784218,75.99999999992544,0.6935896544373252
075,GOOCHLAND COUNTY,301,GOOCHLAND COURT HOUSE,075,000401,13390177.625606887,7.0,7,26,79774758.52106951,0.16784980454776774,75.99999999992544,0.0921052631579851
075,GOOCHLAND COUNTY,301,GOOCHLAND COURT HOUSE,075,000302,11006069.525855163,15.0000000001,16,43,79774758.52106951,0.13796431013888086,75.99999999992544,0.197368421054141
075,GOOCHLAND COUNTY,301,GOOCHLAND COURT HOUSE,109,007011,73079.71210817825,1.2864959945431829,3,8,79774758.52106951,0.0009160756292214534,75.99999999992544,0.016927578875584805
075,GOOCHLAND COUNTY,301,GOOCHLAND COURT HOUSE,085,000703,25.89534198030465,0.0006902680972486702,3,3,79774758.52106951,3.246057081259026e-07,75.99999999992544,9.082474963807204e-06
075,GOOCHLAND COUNTY,402,CENTERVILLE,075,000401,62852794.99930371,49.317135162914,50,128,108183894.54702187,0.5809810717433999,109.00000000005458,0.45245078131091104
075,GOOCHLAND COUNTY,402,CENTERVILLE,075,000402,44589547.34203875,54.08124684633153,56,183,108183894.54702187,0.41216437556385077,109.00000000005458,0.4961582279477472
075,GOOCHLAND COUNTY,402,CENTERVILLE,085,000703,476426.2279394817,1.0648091944290041,10,27,108183894.54702187,0.004403855397647976,109.00000000005458,0.00976889169200432
075,GOOCHLAND COUNTY,402,CENTERVILLE,075,000501,227352.9086036388,3.0433774773,5,10,108183894.54702187,0.00210154117260791,109.00000000005458,0.027920894287141982
075,GOOCHLAND COUNTY,402,CENTERVILLE,087,000305,20806.535072453076,0.49393151438004884,1,1,108183894.54702187,0.0001923256244339546,109.00000000005458,0.0045314817833009315
075,GOOCHLAND COUNTY,402,CENTERVILLE,109,007011,16245.595131385473,0.8989409856,1,4,108183894.54702187,0.00015016648457154928,109.00000000005458,0.008247165005500457
075,GOOCHLAND COUNTY,402,CENTERVILLE,075,000301,653.4477942178469,0.1005383275,1,1,108183894.54702187,6.040157797553012e-06,109.00000000005458,0.0009223699770637583
075,GOOCHLAND COUNTY,402,CENTERVILLE,075,000502,67.49113822236467,2.04916e-05,1,1,108183894.54702187,6.238556903960396e-07,109.00000000005458,1.879963302751352e-07
075,GOOCHLAND COUNTY,501,MANAKIN,075,000501,63857674.98279546,75.75692853937261,78,232,95200209.69303279,0.6707724193959299,126.99999999987261,0.5965112483421149
075,GOOCHLAND COUNTY,501,MANAKIN,075,000502,21570699.684241306,42.5005559944,44,181,95200209.69303279,0.2265824807927913,126.99999999987261,0.3346500472003357
075,GOOCHLAND COUNTY,501,MANAKIN,075,000401,6106308.75819759,8.0,8,12,95200209.69303279,0.0641417574382137,126.99999999987261,0.06299212598431515
075,GOOCHLAND COUNTY,501,MANAKIN,075,000301,3646089.9435221683,0.7238462093,2,3,95200209.69303279,0.03829917975263669,126.99999999987261,0.005699576451186819
075,GOOCHLAND COUNTY,501,MANAKIN,087,000410,19426.647529060316,0.0186430623,1,1,95200209.69303279,0.00020406097414806483,126.99999999987261,0.0001467957661418795
075,GOOCHLAND COUNTY,501,MANAKIN,087,000408,9.67674719182173,2.6194499999999998e-05,3,3,95200209.69303279,1.0164628022379159e-07,126.99999999987261,2.0625590551201788e-07
075,GOOCHLAND COUNTY,501,MANAKIN,145,000101,0.0,0.0,4,8,95200209.69303279,0.0,126.99999999987261,0.0
075,GOOCHLAND COUNTY,501,MANAKIN,145,000102,0.0,0.0,4,4,95200209.69303279,0.0,126.99999999987261,0.0
077,GRAYSON COUNTY,101,BRIDLE CREEK,077,000101,68971085.54313004,52.9360403563,53,139,70120761.40317662,0.9836043443191349,54.9362025923,0.9635911813773537
077,GRAYSON COUNTY,101,BRIDLE CREEK,077,000104,585376.281714158,2.0,2,2,70120761.40317662,0.008348116449397813,54.9362025923,0.03640586545165255
077,GRAYSON COUNTY,101,BRIDLE CREEK,077,000203,564299.578332417,0.000162236,1,4,70120761.40317662,0.00804753923146723,54.9362025923,2.953170993707152e-06
077,GRAYSON COUNTY,102,FLATRIDGE,077,000102,78128090.72832367,54.9536058251,55,127,79295692.50001988,0.985275344285619,56.0,0.9813143897339286
077,GRAYSON COUNTY,102,FLATRIDGE,077,000101,1131211.757157342,1.0443834543000001,4,8,79295692.50001988,0.014265740313158352,56.0,0.01864970454107143
077,GRAYSON COUNTY,102,FLATRIDGE,077,000108,34863.01436743762,0.0020107206,1,2,79295692.50001988,0.00043965836312519603,56.0,3.5905725e-05
077,GRAYSON COUNTY,102,FLATRIDGE,077,000203,1527.000171427753,0.0,1,2,79295692.50001988,1.9257038097338898e-05,56.0,0.0
077,GRAYSON COUNTY,103,GRANT,077,000103,52897117.83376951,43.08528263970833,44,131,52902953.70579055,0.9998896872175891,43.99999999970833,0.9792109690907713
077,GRAYSON COUNTY,103,GRANT,077,000104,4182.994192330803,0.0,1,1,52902953.70579055,7.906919934175526e-05,43.99999999970833,0.0
077,GRAYSON COUNTY,103,GRANT,077,000106,1652.8778287120906,0.91471736,1,2,52902953.70579055,3.124358306918453e-05,43.99999999970833,0.020789030909228717
077,GRAYSON COUNTY,104,MOUTH OF WILSON,077,000104,59387399.30536855,71.7909589765,73,184,65344034.52701189,0.9088419430364222,75.0,0.9572127863533333
077,GRAYSON COUNTY,104,MOUTH OF WILSON,077,000103,4729992.507784783,1.461417617,3,10,65344034.52701189,0.07238598813223723,75.0,0.019485568226666666
077,GRAYSON COUNTY,104,MOUTH OF WILSON,077,000101,1226642.7138585635,1.7476234065,4,7,65344034.52701189,0.018772068831340593,75.0,0.02330164542
077,GRAYSON COUNTY,105,MOUNT ROGERS,077,000105,78784706.88190745,62.0013315877,63,151,78787494.02904658,0.9999646244981709,63.0000000001,0.9841481204381204
077,GRAYSON COUNTY,105,MOUNT ROGERS,173,000703,2787.1471391260898,0.9986684124,1,1,78787494.02904658,3.537550182899017e-05,63.0000000001,0.0158518795618796
077,GRAYSON COUNTY,106,RUGBY,077,000106,86446303.74138641,30.60857653849933,31,128,89301820.26328027,0.9680239830109263,31.99999999989933,0.9565180168311133
077,GRAYSON COUNTY,106,RUGBY,077,000103,2855516.5218938547,1.3914234614,2,8,89301820.26328027,0.03197601698907369,31.99999999989933,0.043481983168886795
077,GRAYSON COUNTY,107,TROUTDALE,077,000107,63679702.0051994,45.815130196881334,46,99,63714092.66178321,0.9994602346961705,45.999999999963045,0.9959810912373509
077,GRAYSON COUNTY,107,TROUTDALE,173,000702,26399.887074472885,0.0,1,1,63714092.66178321,0.00041434925887766713,45.999999999963045,0.0
077,GRAYSON COUNTY,107,TROUTDALE,173,000701,7990.769509337643,0.1848698030817108,2,2,63714092.66178321,0.00012541604495186734,45.999999999963045,0.004018908762649116
077,GRAYSON COUNTY,201,COMERS ROCK,077,000108,45398635.77477319,31.9622604773,33,74,45485961.44662227,0.9980801621187769,32.999999999799996,0.9685533478028397
077,GRAYSON COUNTY,201,COMERS ROCK,077,000202,87325.67184907795,1.0377395225,2,3,45485961.44662227,0.0019198378812230789,32.999999999799996,0.03144665219716028
077,GRAYSON COUNTY,202,ELK CREEK,077,000202,73523046.10205121,57.9422006352,59,167,76564298.34883395,0.9602784546796667,59.9999999997,0.9657033439248285
077,GRAYSON COUNTY,202,ELK CREEK,077,000108,3017935.580650927,0.1827365218,2,4,76564298.34883395,0.03941700826279288,59.9999999997,0.0030456086966818945
077,GRAYSON COUNTY,202,ELK CREEK,197,000602,23316.666131809012,1.8750628427,3,5,76564298.34883395,0.0003045370575405282,59.9999999997,0.03125104737848959
077,GRAYSON COUNTY,203,INDEPENDENCE,077,000203,161516880.36087105,169.10772327349466,171,463,173961944.80680296,0.9284609949621279,176.99388043876095,0.9554438992708854
077,GRAYSON COUNTY,203,INDEPENDENCE,077,000101,6756339.057309567,6.634837373966293,7,11,173961944.80680296,0.038838029000037674,176.99388043876095,0.037486252956988056
077,GRAYSON COUNTY,203,INDEPENDENCE,077,000202,5688725.388622357,1.2513197913,2,10,173961944.80680296,0.03270097603783453,176.99388043876095,0.00706984777212651
077,GRAYSON COUNTY,301,BAYWOOD,077,000301,103107233.13768205,72.99627041158136,73,279,103107351.1376831,0.9999988555617059,72.99646989148137,0.9999972672664815
077,GRAYSON COUNTY,301,BAYWOOD,077,000203,118.00000104674683,0.0001994799,1,3,103107351.1376831,1.1444382941151986e-06,72.99646989148137,2.7327335184366107e-06
077,GRAYSON COUNTY,302,FAIRVIEW,077,000302,65850683.83597112,66.92834425988241,67,159,70070245.43974784,0.9397809786836689,75.9949613475824,0.880694497017618
077,GRAYSON COUNTY,302,FAIRVIEW,077,000403,4108178.7798165735,5.8301818267000005,8,19,70070245.43974784,0.05862943327848228,75.9949613475824,0.07671800502712504
077,GRAYSON COUNTY,302,FAIRVIEW,640,000003,111382.82396014685,3.236435261,7,10,70070245.43974784,0.001589588037848718,75.9949613475824,0.042587497955256993
077,GRAYSON COUNTY,303,OLDTOWN,077,000403,24255548.977888137,34.0000000001,34,128,24492470.80363685,0.990326748671125,35.0000000001,0.971428571428653
077,GRAYSON COUNTY,303,OLDTOWN,077,004012,236921.8257487135,1.0,1,4,24492470.80363685,0.00967325132887505,35.0000000001,0.028571428571346938
077,GRAYSON COUNTY,4011,FRIES PART 1,077,004012,8215751.481982884,54.000000000200004,54,144,8215751.481982884,1.0,54.000000000200004,1.0
077,GRAYSON COUNTY,4012,FRIES PART 2,077,004011,23701122.08801193,17.8530138701,18,36,23760126.101789534,0.9975166792665651,18.0000000001,0.9918341038889343
077,GRAYSON COUNTY,4012,FRIES PART 2,077,000402,59004.01377760134,0.14698613,1,1,23760126.101789534,0.002483320733434885,18.0000000001,0.008165896111065746
077,GRAYSON COUNTY,402,PROVIDENCE,077,000402,114809380.73385255,90.03325607141615,92,239,129977399.69231847,0.8833026434259222,104.00000000000001,0.8657043853020783
077,GRAYSON COUNTY,402,PROVIDENCE,077,000202,12909765.244580947,13.947513233264464,18,40,129977399.69231847,0.09932315368010783,104.00000000000001,0.13411070416600446
077,GRAYSON COUNTY,402,PROVIDENCE,077,004011,2253611.6315777893,0.0002840187,2,4,129977399.69231847,0.01733848835961115,104.00000000000001,2.7309490384615383e-06
077,GRAYSON COUNTY,402,PROVIDENCE,077,000301,4405.968595973259,0.018360661119395424,2,2,129977399.69231847,3.389795923293615e-05,104.00000000000001,0.0001765448184557252
077,GRAYSON COUNTY,402,PROVIDENCE,077,004012,236.11371121352104,0.0005860155,1,1,129977399.69231847,1.8165751259253352e-06,104.00000000000001,5.6347644230769225e-06
079,GREENE COUNTY,101,DYKE,079,000101,85002578.21006598,54.10960861550856,57,152,101751118.86985026,0.8353969878089761,68.99999999963916,0.7841972263158193
079,GREENE COUNTY,101,DYKE,079,000301,11176176.095905278,8.9941210319,10,24,101751118.86985026,0.10983836069852668,68.99999999963916,0.13034958017314546
079,GREENE COUNTY,101,DYKE,079,000102,5298218.549364324,2.9872697247,3,6,101751118.86985026,0.052070371394552124,68.99999999963916,0.04329376412631337
079,GREENE COUNTY,101,DYKE,003,000603,214659.992802596,0.0127302753,3,4,101751118.86985026,0.002109657320595829,68.99999999963916,0.0001844967434792257
079,GREENE COUNTY,101,DYKE,003,000602,33253.89239408836,1.0092998583223416,3,6,101751118.86985026,0.00032681598751384126,68.99999999963916,0.014627534178661156
079,GREENE COUNTY,101,DYKE,165,000503,25512.897722195063,1.002625874923836,4,4,101751118.86985026,0.0002507382523707536,68.99999999963916,0.01453080978158086
079,GREENE COUNTY,101,DYKE,165,000502,719.2315958099387,0.8843446189844139,3,3,101751118.86985026,7.0685374647320284e-06,68.99999999963916,0.01281658868100056
079,GREENE COUNTY,102,SWIFT RUN,079,000102,28789749.928905256,42.6071401149,43,90,72302893.5023767,0.3981825420024012,74.9999999999,0.5680952015327575
079,GREENE COUNTY,102,SWIFT RUN,079,000101,19042707.72089618,8.0000000002,8,23,72302893.5023767,0.2633740753441661,74.9999999999,0.10666666666947555
079,GREENE COUNTY,102,SWIFT RUN,079,000401,16923521.246868785,6.309871098,7,28,72302893.5023767,0.2340642321086705,74.9999999999,0.08413161464011218
079,GREENE COUNTY,102,SWIFT RUN,079,000301,7464836.524318146,17.0,17,33,72302893.5023767,0.1032439528035315,74.9999999999,0.22666666666696889
079,GREENE COUNTY,102,SWIFT RUN,003,000603,82078.08138833145,1.0829887868,4,5,72302893.5023767,0.0011351977412305556,74.9999999999,0.014439850490685921
079,GREENE COUNTY,201,RUCKERSVILLE,079,000201,38038341.44347284,35.1651401793183,38,189,50608681.70855298,0.7516169194552301,44.000000000267065,0.7992077313432923
079,GREENE COUNTY,201,RUCKERSVILLE,079,000401,12432152.68193563,8.741212688351967,9,48,50608681.70855298,0.24565256912895578,44.000000000267065,0.19866392473406613
079,GREENE COUNTY,201,RUCKERSVILLE,003,000603,96958.97282087547,0.006785358756783192,2,7,50608681.70855298,0.001915856520018564,44.000000000267065,0.0001542126990168638
079,GREENE COUNTY,201,RUCKERSVILLE,137,000101,41228.610323628425,0.08686177384001767,6,10,50608681.70855298,0.0008146548957954915,44.000000000267065,0.001974131223624783
079,GREENE COUNTY,301,STANARDSVILLE,079,000301,158974973.45696056,110.9999999998,112,356,181626200.9208657,0.875286564663794,122.9999999999,0.9024390243893515
079,GREENE COUNTY,301,STANARDSVILLE,079,000201,16671759.323460702,7.3121000668,8,60,181626200.9208657,0.09179159856305404,122.9999999999,0.05944796802281256
079,GREENE COUNTY,301,STANARDSVILLE,079,000401,5979468.14044446,4.6878999333,6,21,181626200.9208657,0.03292183677315205,122.9999999999,0.03811300758783586
081,GREENSVILLE COUNTY,101,1-A,081,000101,85183428.43938003,86.3305184014,88,240,109304355.24949521,0.7793232780609941,115.9914310491,0.744283587335479
081,GREENSVILLE COUNTY,101,1-A,081,000202,22728549.32857159,25.046116762,26,61,109304355.24949521,0.20793818578127113,115.9914310491,0.21593075053447527
081,GREENSVILLE COUNTY,101,1-A,081,000201,980769.0866314102,3.6094367188,4,6,109304355.24949521,0.008972827152154484,115.9914310491,0.031118132487494697
081,GREENSVILLE COUNTY,101,1-A,081,000102,411608.39491217135,1.0053591669,2,2,109304355.24949521,0.00376570900558029,115.9914310491,0.00866752964255113
081,GREENSVILLE COUNTY,102,1-B,081,000102,154090224.8754941,53.766272991055,54,140,154200460.5043937,0.9992851147879908,53.9999999999,0.9956717220584179
081,GREENSVILLE COUNTY,102,1-B,081,000101,58944.633286347635,0.23372700884500242,1,1,154200460.5043937,0.0003822597746695322,53.9999999999,0.0043282779415821345
081,GREENSVILLE COUNTY,102,1-B,081,000103,51290.99561325606,0.0,1,1,154200460.5043937,0.00033262543733969334,53.9999999999,0.0
081,GREENSVILLE COUNTY,103,1-C,081,000201,15577726.151264131,23.084119077393012,26,58,24219701.21641556,0.6431840761398784,42.0000000001,0.5496218827937631
081,GREENSVILLE COUNTY,103,1-C,081,000103,8620861.996809848,17.915880922706986,19,51,24219701.21641556,0.35594419269577215,42.0000000001,0.4265685933967697
081,GREENSVILLE COUNTY,103,1-C,081,000101,21113.068341583243,1.0,1,2,24219701.21641556,0.0008717311643495126,42.0000000001,0.023809523809467117
081,GREENSVILLE COUNTY,201,2-A,081,000201,45430389.33854138,41.0,41,129,60538464.977477975,0.7504384089593744,63.0,0.6507936507936508
081,GREENSVILLE COUNTY,201,2-A,081,000403,12541506.981782949,17.0,17,44,60538464.977477975,0.20716592312753132,63.0,0.2698412698412698
081,GREENSVILLE COUNTY,201,2-A,081,000302,2566568.6571536474,5.0,6,9,60538464.977477975,0.04239566791309432,63.0,0.07936507936507936
081,GREENSVILLE COUNTY,202,2-B,081,000202,125237031.59285939,100.0,100,228,125237031.59285939,1.0,100.0,1.0
081,GREENSVILLE COUNTY,302,3-A,081,000302,59758429.53746671,82.55150526211935,83,238,63530588.2204786,0.9406245276697129,88.00000000009999,0.9380852870684722
081,GREENSVILLE COUNTY,302,3-A,081,000403,2005023.1703376565,1.4484947379806439,3,12,63530588.2204786,0.031559965467018176,88.00000000009999,0.01646016747703407
081,GREENSVILLE COUNTY,302,3-A,081,000402,1757681.6160249454,4.0,4,7,63530588.2204786,0.02766669828280246,88.00000000009999,0.04545454545449381
081,GREENSVILLE COUNTY,302,3-A,595,000101,9453.896649283977,0.0,3,3,63530588.2204786,0.00014880858046638682,88.00000000009999,0.0
081,GREENSVILLE COUNTY,401,4-A,081,000401,124196416.14733547,104.9418885351,105,257,124265813.25824131,0.9994415430190633,105.0,0.999446557477143
081,GREENSVILLE COUNTY,401,4-A,081,000402,63329.9399120272,0.0581114649,2,3,124265813.25824131,0.000509632844718273,105.0,0.0005534425228571429
081,GREENSVILLE COUNTY,401,4-A,081,000403,6067.170993818817,0.0,2,2,124265813.25824131,4.882413621846588e-05,105.0,0.0
081,GREENSVILLE COUNTY,402,4-B,081,000402,61209533.46739811,68.5316739366,69,149,66623908.56181585,0.9187322507595886,73.0000000001,0.9387900539247414
081,GREENSVILLE COUNTY,402,4-B,081,000302,5398487.112877675,4.4683260635,5,12,66623908.56181585,0.08102927656771715,73.0000000001,0.06120994607525862
081,GREENSVILLE COUNTY,402,4-B,081,000401,15887.981540066037,0.0,2,2,66623908.56181585,0.00023847267269413723,73.0000000001,0.0
081,GREENSVILLE COUNTY,403,4-C,081,000403,30944075.411786065,30.58889287431001,32,104,40797426.55641305,0.7584810617649581,43.99999999961001,0.6952021107859347
081,GREENSVILLE COUNTY,403,4-C,081,000302,9853351.14462698,13.4111071253,16,30,40797426.55641305,0.2415189382350419,43.99999999961001,0.30479788921406514
083,HALIFAX COUNTY,101,CHILDREY,083,000101,105127082.80173767,38.99999999971854,39,206,105127082.80173767,1.0,38.99999999971854,1.0
083,HALIFAX COUNTY,102,LIBERTY,083,000102,63954630.066831246,15.0000000002,15,96,106355910.62121943,0.6013265242455782,30.0000000002,0.5000000000033333
083,HALIFAX COUNTY,102,LIBERTY,083,000401,21734078.626197647,9.0,9,71,106355910.62121943,0.20435233452706114,30.0000000002,0.299999999998
083,HALIFAX COUNTY,102,LIBERTY,083,000101,10847400.974531347,4.0,4,21,106355910.62121943,0.10199151989929128,30.0000000002,0.13333333333244443
083,HALIFAX COUNTY,102,LIBERTY,083,000103,9819800.953659186,2.0,2,15,106355910.62121943,0.09232962132806942,30.0000000002,0.06666666666622222
083,HALIFAX COUNTY,103,REPUBLICAN GROVE,083,000103,128950257.46671818,38.9999999996,39,175,150600371.66867757,0.8562412963389634,42.9999999994,0.9069767441893996
083,HALIFAX COUNTY,103,REPUBLICAN GROVE,083,000101,21650114.20195937,3.9999999998,4,25,150600371.66867757,0.14375870366103646,42.9999999994,0.09302325581060032
083,HALIFAX COUNTY,201,CLAYS MILL,083,000201,88246339.72581851,21.0000000003,21,134,106947705.46594487,0.8251354186735554,29.0000000001,0.7241379310423306
083,HALIFAX COUNTY,201,CLAYS MILL,083,000503,17142668.406034753,4.9999999999,5,26,106947705.46594487,0.160290193523539,29.0000000001,0.1724137930994055
083,HALIFAX COUNTY,201,CLAYS MILL,083,000401,1435455.8257581894,0.9999999999,1,5,106947705.46594487,0.013422034811352531,29.0000000001,0.03448275861712247
083,HALIFAX COUNTY,201,CLAYS MILL,083,000102,101299.05251770111,1.0,1,2,106947705.46594487,0.0009471830375075934,29.0000000001,0.03448275862057075
083,HALIFAX COUNTY,201,CLAYS MILL,083,000203,21942.45581572184,1.0,1,1,106947705.46594487,0.00020516995404552116,29.0000000001,0.03448275862057075
083,HALIFAX COUNTY,202,CROSSROADS,083,000202,180492551.25834343,30.000000000110525,30,153,180514006.44518048,0.9998811439219617,32.000000000110525,0.9375000000002158
083,HALIFAX COUNTY,202,CROSSROADS,083,000101,21455.186837056244,2.0,2,2,180514006.44518048,0.00011885607803830934,32.000000000110525,0.06249999999978413
083,HALIFAX COUNTY,203,CLOVER,083,000203,134135935.91512343,47.0000000005,47,272,134135935.91512343,1.0,47.0000000005,1.0
083,HALIFAX COUNTY,302,MEADVILLE,083,000302,90347367.30814233,26.9999999998,27,139,148401559.8122014,0.6088033537010982,40.0000000001,0.6749999999933125
083,HALIFAX COUNTY,302,MEADVILLE,083,000305,28960045.07989662,7.0000000003,7,62,148401559.8122014,0.1951465005930184,40.0000000001,0.1750000000070625
083,HALIFAX COUNTY,302,MEADVILLE,083,000304,14823149.315760458,2.0,2,32,148401559.8122014,0.09988540103297294,40.0000000001,0.049999999999875
083,HALIFAX COUNTY,302,MEADVILLE,083,000103,14270998.108402003,4.0,4,25,148401559.8122014,0.09616474467291049,40.0000000001,0.09999999999975
083,HALIFAX COUNTY,303,UNION,083,000605,32266677.180434786,13.0000000003,13,53,58105369.15837635,0.5553131775565578,26.0000000002,0.5000000000076923
083,HALIFAX COUNTY,303,UNION,083,000305,18424685.886293955,3.0,3,13,58105369.15837635,0.3170909358836401,26.0000000002,0.11538461538372781
083,HALIFAX COUNTY,303,UNION,083,000801,7414006.091647611,9.9999999999,10,28,58105369.15837635,0.12759588655980209,26.0000000002,0.38461538460857986
083,HALIFAX COUNTY,304,VERNON HILL,083,000304,102952289.1428257,28.0000000002,28,144,177290006.7820937,0.5806998996247085,52.0000000004,0.5384615384612426
083,HALIFAX COUNTY,304,VERNON HILL,083,000605,32364121.310608305,14.0,14,33,177290006.7820937,0.18254904434848881,52.0000000004,0.2692307692286982
083,HALIFAX COUNTY,304,VERNON HILL,083,000603,29301417.510608558,9.0000000001,9,35,177290006.7820937,0.1652739375582674,52.0000000004,0.1730769230775148
083,HALIFAX COUNTY,304,VERNON HILL,083,000305,12672178.818051144,1.0000000001,1,26,177290006.7820937,0.07147711846853533,52.0000000004,0.019230769232544378
083,HALIFAX COUNTY,499,COURTHOUSE 401/SINAI 402,083,000401,43354407.03272789,48.0888864333,50,189,115479524.29914603,0.37542938712164836,98.00000000029999,0.4907029227872734
083,HALIFAX COUNTY,499,COURTHOUSE 401/SINAI 402,083,000305,32268684.5984828,20.9248259982,22,127,115479524.29914603,0.2794320880201394,98.00000000029999,0.21351863263404025
083,HALIFAX COUNTY,499,COURTHOUSE 401/SINAI 402,083,000102,17339032.765932012,8.0000000001,8,26,115479524.29914603,0.15014811388567725,98.00000000029999,0.081632653061995
083,HALIFAX COUNTY,499,COURTHOUSE 401/SINAI 402,083,000605,13008299.033366859,3.9110590479000003,4,12,115479524.29914603,0.11264593539257466,98.00000000029999,0.03990876579477579
083,HALIFAX COUNTY,499,COURTHOUSE 401/SINAI 402,083,000502,5303749.913138914,1.9999999999,2,10,115479524.29914603,0.04592805473808256,98.00000000029999,0.02040816326422324
083,HALIFAX COUNTY,499,COURTHOUSE 401/SINAI 402,083,000403,1642364.0569482401,7.0,7,10,115479524.29914603,0.014222123505581373,98.00000000029999,0.07142857142835278
083,HALIFAX COUNTY,499,COURTHOUSE 401/SINAI 402,083,000201,1496302.0933442551,2.0,2,3,115479524.29914603,0.012957293532558483,98.00000000029999,0.02040816326524365
083,HALIFAX COUNTY,499,COURTHOUSE 401/SINAI 402,083,000801,1066684.805205061,6.0752285209,7,16,115479524.29914603,0.009237003803737952,98.00000000029999,0.06199212776409595
083,HALIFAX COUNTY,501,CENTER,083,000403,9670908.58745486,29.0000000004,29,101,12085212.170156263,0.8002266283199075,32.0000000005,0.9062499999983398
083,HALIFAX COUNTY,501,CENTER,083,000502,2414303.5827014046,3.0000000001,3,9,12085212.170156263,0.19977337168009252,32.0000000005,0.09375000000166014
083,HALIFAX COUNTY,502,DAN RIVER,083,000702,27142016.421661653,12.0047504207,13,92,41207196.82209461,0.6586717494723775,48.0000000002,0.2500989670968746
083,HALIFAX COUNTY,502,DAN RIVER,083,000403,7959486.952529878,16.999999999899998,17,86,41207196.82209461,0.19315769007277228,48.0000000002,0.35416666666310764
083,HALIFAX COUNTY,502,DAN RIVER,083,000502,5895462.036813555,11.9951218017,13,59,41207196.82209461,0.14306874748763562,48.0000000002,0.24989837086770877
083,HALIFAX COUNTY,502,DAN RIVER,083,000801,208617.2431167937,6.0,6,8,41207196.82209461,0.005062640975494276,48.0000000002,0.12499999999947918
083,HALIFAX COUNTY,502,DAN RIVER,083,000701,1581.1679577774087,1.0000338135,2,2,41207196.82209461,3.8371160372879645e-05,48.0000000002,0.020834037781163193
083,HALIFAX COUNTY,502,DAN RIVER,083,000503,33.000014952856695,9.39644e-05,1,3,41207196.82209461,8.008313473815972e-07,48.0000000002,1.9575916666585103e-06
083,HALIFAX COUNTY,503,SCOTTSBURG,083,000503,125249387.36128153,37.587788923063066,38,225,173577039.7441587,0.7215780816742295,56.00000000016307,0.6712105164813145
083,HALIFAX COUNTY,503,SCOTTSBURG,083,000502,28361157.583010554,11.412211077,12,72,173577039.7441587,0.16339233359903513,56.00000000016307,0.20378948351726373
083,HALIFAX COUNTY,503,SCOTTSBURG,083,000203,19966494.79986662,7.0000000001,7,38,173577039.7441587,0.11502958472673541,56.00000000016307,0.12500000000142172
083,HALIFAX COUNTY,601,BLACK WALNUT,083,000601,82153739.78546621,34.97422783070795,35,201,86335128.37047541,0.9515679345831709,83.99999999990001,0.41635985512797125
083,HALIFAX COUNTY,601,BLACK WALNUT,083,000801,4179536.825611365,49.0000000001,49,77,86335128.37047541,0.048410616912230926,83.99999999990001,0.5833333333352182
083,HALIFAX COUNTY,601,BLACK WALNUT,083,000605,1851.7593978398586,0.02577216909205055,1,1,86335128.37047541,2.144850459819455e-05,83.99999999990001,0.0003068115368104908
083,HALIFAX COUNTY,603,MT. CARMEL,083,000603,244267960.44403014,86.00000000034797,86,451,244322207.1988142,0.9997779704292703,87.00000000034797,0.9885057471264828
083,HALIFAX COUNTY,603,MT. CARMEL,083,000601,54246.754784067816,1.0,1,1,244322207.1988142,0.00022202957072962746,87.00000000034797,0.011494252873517246
083,HALIFAX COUNTY,701,HYCO,083,000701,92524608.14444709,48.44011766521468,49,238,133676120.76559138,0.6921550955738326,102.99986879547556,0.47029300359014137
083,HALIFAX COUNTY,701,HYCO,083,000702,21483704.113423,4.000000000060893,4,20,133676120.76559138,0.16071459876589245,102.99986879547556,0.038835000926104084
083,HALIFAX COUNTY,701,HYCO,083,000703,18389778.529494923,7.0,7,23,133676120.76559138,0.1375696603415238,102.99986879547556,0.06796125161964756
083,HALIFAX COUNTY,701,HYCO,083,000502,1278029.9782263828,43.5597511302,44,52,133676120.76559138,0.009560645318751285,102.99986879547556,0.42291074386410704
083,HALIFAX COUNTY,702,MIDWAY,083,000702,72615871.44314183,32.9999999999,33,161,82349075.95598872,0.8818055406225958,36.9999999999,0.8918918918915997
083,HALIFAX COUNTY,702,MIDWAY,083,000703,9733204.512846893,4.0,4,12,82349075.95598872,0.11819445937740433,36.9999999999,0.1081081081084003
083,HALIFAX COUNTY,703,VIRGILINA,083,000703,85926946.3496884,55.999999999799996,56,174,85926946.3496884,1.0,55.999999999799996,1.0
083,HALIFAX COUNTY,801,SOUTH BOSTON EAST,083,000502,1480802.44169115,56.0,56,84,2869700.476944977,0.5160128917940527,89.0000000001,0.6292134831453604
083,HALIFAX COUNTY,801,SOUTH BOSTON EAST,083,000801,1388898.035253827,33.0000000001,34,47,2869700.476944977,0.48398710820594726,89.0000000001,0.3707865168546396
083,HALIFAX COUNTY,802,SOUTH BOSTON WEST,083,000801,3420014.267106955,62.0,62,101,3434783.3814637414,0.9957001322306117,64.0,0.96875
083,HALIFAX COUNTY,802,SOUTH BOSTON WEST,083,000403,14769.11435678647,2.0,2,2,3434783.3814637414,0.004299867769388291,64.0,0.03125
085,HANOVER COUNTY,101,ASHLAND,085,000105,6159381.952337321,60.413272012,64,132,11033622.239023317,0.5582375233541204,131.0000000002,0.46117001535807456
085,HANOVER COUNTY,101,ASHLAND,085,000101,4348073.041935769,69.5867279882,70,104,11033622.239023317,0.39407485119054203,131.0000000002,0.5311963968556775
085,HANOVER COUNTY,101,ASHLAND,085,000104,526167.2447502274,1.0,1,1,11033622.239023317,0.047687625455337605,131.0000000002,0.007633587786247888
085,HANOVER COUNTY,102,SOUTH ASHLAND,085,000704,10567510.776772587,25.994374827,26,97,17514052.326260332,0.6033732559384789,48.9999999997,0.5304974454522275
085,HANOVER COUNTY,102,SOUTH ASHLAND,085,000101,3488104.6855017114,17.1197579558,20,42,17514052.326260332,0.19916034396401194,48.9999999997,0.34938281542662886
085,HANOVER COUNTY,102,SOUTH ASHLAND,085,000104,3455830.3329927134,5.8841217819,6,19,17514052.326260332,0.19731757497441574,48.9999999997,0.1200841179986944
085,HANOVER COUNTY,102,SOUTH ASHLAND,087,000223,2606.5309933194444,0.001745435,2,5,17514052.326260332,0.00014882512309337157,48.9999999997,3.562112244919768e-05
085,HANOVER COUNTY,103,ASHCAKE,085,000208,10567138.71753837,22.0,22,57,21062119.915652893,0.5017129690580249,46.0,0.4782608695652174
085,HANOVER COUNTY,103,ASHCAKE,085,000104,7328862.588962721,10.9112685907,11,30,21062119.915652893,0.34796414692882244,46.0,0.23720149110217392
085,HANOVER COUNTY,103,ASHCAKE,085,000106,2921825.6984549495,12.0,12,23,21062119.915652893,0.13872419823626178,46.0,0.2608695652173913
085,HANOVER COUNTY,103,ASHCAKE,085,000304,244292.9106968548,1.0887314093,3,5,21062119.915652893,0.011598685776890948,46.0,0.023668074115217392
085,HANOVER COUNTY,201,BEAVERDAM,085,000201,206361389.97613192,95.99038165019694,97,259,206445013.73007146,0.9995949344940398,96.9999999998,0.9895915634061325
085,HANOVER COUNTY,201,BEAVERDAM,033,000601,39269.6502138002,0.0,9,19,206445013.73007146,0.00019021844850728917,96.9999999998,0.0
085,HANOVER COUNTY,201,BEAVERDAM,033,000402,36887.13016774712,0.0,4,19,206445013.73007146,0.00017867774813867555,96.9999999998,0.0
085,HANOVER COUNTY,201,BEAVERDAM,109,000602,6087.995329675624,1.0095721789280598,4,6,206445013.73007146,2.948967000789725e-05,96.9999999998,0.010407960607527232
085,HANOVER COUNTY,201,BEAVERDAM,177,000101,842.9014436515305,0.0,2,4,206445013.73007146,4.082934377643197e-06,96.9999999998,0.0
085,HANOVER COUNTY,201,BEAVERDAM,109,000601,523.0192876200666,4.617067499999999e-05,1,3,206445013.73007146,2.533455655673615e-06,96.9999999998,4.759863402071669e-07
085,HANOVER COUNTY,201,BEAVERDAM,085,000202,13.057497042026954,0.0,1,1,206445013.73007146,6.324927304420023e-08,96.9999999998,0.0
085,HANOVER COUNTY,202,BLUNTS,085,000202,98869510.95164746,96.99999999984361,97,329,98871621.7160664,0.9999786514635615,96.99999999984361,1.0
085,HANOVER COUNTY,202,BLUNTS,033,000402,2110.764418952031,0.0,4,11,98871621.7160664,2.1348536438631478e-05,96.99999999984361,0.0
085,HANOVER COUNTY,202,BLUNTS,033,000401,0.0,0.0,5,13,98871621.7160664,0.0,96.99999999984361,0.0
085,HANOVER COUNTY,203,WILMINGTON PARISH,085,000203,67273966.18421778,59.194783335593165,60,165,89493196.90888458,0.751721566642783,98.99999999990001,0.5979271044005349
085,HANOVER COUNTY,203,WILMINGTON PARISH,085,000210,16777687.43771311,14.7969140156,16,36,89493196.90888458,0.18747444517816164,98.99999999990001,0.1494637779355045
085,HANOVER COUNTY,203,WILMINGTON PARISH,085,000704,3980703.70658963,17.8668841844,20,39,89493196.90888458,0.04448051744807475,98.99999999990001,0.1804735776203843
085,HANOVER COUNTY,203,WILMINGTON PARISH,085,000105,1452073.5902049877,4.805216664306835,7,10,89493196.90888458,0.016225519261351035,98.99999999990001,0.04853754206375443
085,HANOVER COUNTY,203,WILMINGTON PARISH,085,000101,8765.990159073319,2.3362018,4,4,89493196.90888458,9.795146962956534e-05,98.99999999990001,0.023597997979821813
085,HANOVER COUNTY,204,GODDIN'S HILL,085,000206,45056352.517835654,47.166001363337976,48,126,64965532.42730701,0.6935424191012569,82.9999999998,0.5682650766680919
085,HANOVER COUNTY,204,GODDIN'S HILL,085,000208,16725161.229025654,18.0021016264,19,66,64965532.42730701,0.2574466890999504,82.9999999998,0.2168927906800407
085,HANOVER COUNTY,204,GODDIN'S HILL,085,000105,2325150.5651150807,13.288434066388517,18,31,64965532.42730701,0.035790525810233315,82.9999999998,0.16010161525807876
085,HANOVER COUNTY,204,GODDIN'S HILL,085,000101,798659.646885788,4.5269592616,5,8,64965532.42730701,0.012293590417032998,82.9999999998,0.05454167785073384
085,HANOVER COUNTY,204,GODDIN'S HILL,033,000401,60208.46844482927,0.016503682073506328,2,8,64965532.42730701,0.0009267755715263222,82.9999999998,0.00019883954305477224
085,HANOVER COUNTY,301,CLAY,085,000301,9885051.99528178,40.0611959342,41,81,11192718.503411055,0.8831681054311555,55.000000000200004,0.7283853806191695
085,HANOVER COUNTY,301,CLAY,085,000601,1282573.0058080128,14.0,14,18,11192718.503411055,0.11458994572383288,55.000000000200004,0.2545454545445289
085,HANOVER COUNTY,301,CLAY,087,000222,25093.502321261716,0.938804066,1,4,11192718.503411055,0.002241948845011541,55.000000000200004,0.017069164836301564
085,HANOVER COUNTY,302,CHICKAHOMINY,085,000104,2547042.7022971255,19.9823237968,20,41,6031218.484461149,0.4223098050351408,31.0000000002,0.6445910902151961
085,HANOVER COUNTY,302,CHICKAHOMINY,085,000304,1953117.1050635036,1.8293701762,2,10,6031218.484461149,0.32383458004307436,31.0000000002,0.059011941167361213
085,HANOVER COUNTY,302,CHICKAHOMINY,085,000107,1522276.6700305054,9.1706298239,10,18,6031218.484461149,0.2523995232393759,31.0000000002,0.2958267685109947
085,HANOVER COUNTY,302,CHICKAHOMINY,085,000305,8782.007070014266,0.0176762033,2,2,6031218.484461149,0.0014560916824088296,31.0000000002,0.0005702001064479341
085,HANOVER COUNTY,303,SHADY GROVE,085,000301,5262596.5617217235,4.9999999999,5,36,9541870.391456263,0.5515267285996488,24.0,0.20833333332916668
085,HANOVER COUNTY,303,SHADY GROVE,085,000303,4279273.82973454,19.000000000100002,19,32,9541870.391456263,0.44847327140035115,24.0,0.7916666666708334
085,HANOVER COUNTY,304,ATLEE,085,000304,12275932.320804622,39.96800063495828,40,94,12336160.190518133,0.9951177782402822,39.9999999997,0.9992000158814509
085,HANOVER COUNTY,304,ATLEE,087,000223,60227.86971351171,0.03199936474172141,4,18,12336160.190518133,0.004882221759717768,39.9999999997,0.0007999841185490351
085,HANOVER COUNTY,305,COOL SPRING,085,000305,4563509.118919958,15.0000000001,15,36,4563509.118919958,1.0,15.0000000001,1.0
085,HANOVER COUNTY,401,BATTLEFIELD,085,000401,33399022.918106306,31.851303728062454,32,103,33404247.01831794,0.999843609700025,32.0000000003,0.9953532414926203
085,HANOVER COUNTY,401,BATTLEFIELD,085,000404,5224.100211634929,0.14869627223754575,1,2,33404247.01831794,0.00015639029997503552,32.0000000003,0.0046467585073797415
085,HANOVER COUNTY,402,OLD CHURCH,085,000404,36201732.70717851,13.991311031753733,14,37,72555271.81968036,0.4989538568217302,30.0,0.4663770343917911
085,HANOVER COUNTY,402,OLD CHURCH,085,000505,34644082.269223444,14.9998961526,15,66,72555271.81968036,0.47748539010815694,30.0,0.49999653841999997
085,HANOVER COUNTY,402,OLD CHURCH,085,000401,1463676.1099519122,1.0021285305,2,15,72555271.81968036,0.02017325651524739,30.0,0.03340428435
085,HANOVER COUNTY,402,OLD CHURCH,127,000102,233500.62624393322,0.0066642851462668535,3,6,72555271.81968036,0.003218244799967754,30.0,0.0002221428382088951
085,HANOVER COUNTY,402,OLD CHURCH,101,000401,12280.107082563767,0.0,7,31,72555271.81968036,0.00016925175489774448,30.0,0.0
085,HANOVER COUNTY,403,COLD HARBOR,085,000403,12168228.194431277,40.0000000001,40,65,20720436.3061253,0.5872573344816175,55.000000000200004,0.7272727272719008
085,HANOVER COUNTY,403,COLD HARBOR,085,000401,7088746.034234936,15.0000000001,15,38,20720436.3061253,0.3421137436251469,55.000000000200004,0.27272727272809916
085,HANOVER COUNTY,403,COLD HARBOR,085,000404,1427161.8694476048,0.0,3,6,20720436.3061253,0.06887701824240605,55.000000000200004,0.0
085,HANOVER COUNTY,403,COLD HARBOR,087,000503,23015.915738622305,0.0,3,6,20720436.3061253,0.0011107833541042968,55.000000000200004,0.0
085,HANOVER COUNTY,403,COLD HARBOR,087,000502,13284.29227285647,0.0,1,1,20720436.3061253,0.0006411202967250944,55.000000000200004,0.0
085,HANOVER COUNTY,404,BLACK CREEK,085,000404,34926800.51870056,22.0110118422855,23,102,35441997.48217369,0.9854636589336632,22.999999999558423,0.9570005149003518
085,HANOVER COUNTY,404,BLACK CREEK,127,000202,376008.8368491105,0.14111166499858357,1,2,35441997.48217369,0.010609132203630233,22.999999999558423,0.006135289782664904
085,HANOVER COUNTY,404,BLACK CREEK,087,000503,53678.774070545434,0.0005549177739026388,3,6,35441997.48217369,0.0015145527307693174,22.999999999558423,2.4126859735360553e-05
085,HANOVER COUNTY,404,BLACK CREEK,127,000102,46657.74970235207,0.8399509536675956,3,5,35441997.48217369,0.0013164537276946534,22.999999999558423,0.03651960668190095
085,HANOVER COUNTY,404,BLACK CREEK,127,000103,38851.602851120384,0.007370620832838867,3,5,35441997.48217369,0.00109620240424264,22.999999999558423,0.00032046177534697284
085,HANOVER COUNTY,501,COURTHOUSE,085,000506,32210125.82992708,17.999354901632476,18,80,47896599.04747536,0.6724929633939193,30.000000000200004,0.5999784967170826
085,HANOVER COUNTY,501,COURTHOUSE,085,000206,15291147.664367698,11.0000000001,12,39,47896599.04747536,0.3192533075096007,30.000000000200004,0.3666666666675555
085,HANOVER COUNTY,501,COURTHOUSE,085,000208,312634.9967808409,1.0,1,4,47896599.04747536,0.006527290099886955,30.000000000200004,0.03333333333311111
085,HANOVER COUNTY,501,COURTHOUSE,033,000401,69409.18724804766,0.0,1,4,47896599.04747536,0.0014491464661039693,30.000000000200004,0.0
085,HANOVER COUNTY,501,COURTHOUSE,101,000501,7369.5235764571735,0.0006450984675253269,3,9,47896599.04747536,0.00015386319118717518,30.000000000200004,2.1503282250700873e-05
085,HANOVER COUNTY,501,COURTHOUSE,085,000504,5911.845575235314,0.0,1,1,47896599.04747536,0.00012342933930184607,30.000000000200004,0.0
085,HANOVER COUNTY,504,STUDLEY,085,000504,42874822.85685942,23.9833235247,24,70,65460960.294257805,0.6549678260772532,41.0000000002134,0.584959110355492
085,HANOVER COUNTY,504,STUDLEY,085,000505,22452991.871962924,17.000000000313396,17,54,65460960.294257805,0.34299820490003546,41.0000000002134,0.4146341463469491
085,HANOVER COUNTY,504,STUDLEY,085,000506,80950.12103698589,0.0166764752,2,3,65460960.294257805,0.0012366167662848475,41.0000000002134,0.00040674329755885857
085,HANOVER COUNTY,504,STUDLEY,101,000401,34722.062682949465,0.0,3,32,65460960.294257805,0.0005304239737221707,41.0000000002134,0.0
085,HANOVER COUNTY,504,STUDLEY,101,000501,17473.381715522446,0.0,2,11,65460960.294257805,0.00026692828270432814,41.0000000002134,0.0
085,HANOVER COUNTY,599,RURAL POINT 502/NEWMAN 503,085,000506,19425389.8925185,23.999999999899998,24,54,53252663.14856948,0.3647778109861595,117.99999999993165,0.20338983050774492
085,HANOVER COUNTY,599,RURAL POINT 502/NEWMAN 503,085,000502,17339391.426833417,18.57711927853165,19,61,53252663.14856948,0.32560608994254975,117.99999999993165,0.1574332142249357
085,HANOVER COUNTY,599,RURAL POINT 502/NEWMAN 503,085,000503,4107567.178255604,28.0,28,74,53252663.14856948,0.07713355418105404,117.99999999993165,0.2372881355933578
085,HANOVER COUNTY,599,RURAL POINT 502/NEWMAN 503,085,000507,3536495.4751950633,18.0,18,56,53252663.14856948,0.06640973927122862,117.99999999993165,0.1525423728814443
085,HANOVER COUNTY,599,RURAL POINT 502/NEWMAN 503,085,000604,2699281.2355267988,13.0,13,23,53252663.14856948,0.05068819240074586,117.99999999993165,0.11016949152548755
085,HANOVER COUNTY,599,RURAL POINT 502/NEWMAN 503,085,000405,2559019.0785595737,9.0000000001,9,35,53252663.14856948,0.048054293011040076,117.99999999993165,0.0762711864415696
085,HANOVER COUNTY,599,RURAL POINT 502/NEWMAN 503,085,000504,2515516.4485033457,2.4228807214,3,5,53252663.14856948,0.047237383067309,117.99999999993165,0.02053288746950342
085,HANOVER COUNTY,599,RURAL POINT 502/NEWMAN 503,085,000303,918060.3831286622,4.0,4,14,53252663.14856948,0.017239708379792534,117.99999999993165,0.0338983050847654
085,HANOVER COUNTY,599,RURAL POINT 502/NEWMAN 503,085,000602,151942.0300485164,1.0,1,3,53252663.14856948,0.0028532287601206667,117.99999999993165,0.00847457627119135
085,HANOVER COUNTY,601,VILLAGE,085,000601,5958460.717278723,51.0,51,70,7410299.662217391,0.8040782409460304,61.9999999999,0.8225806451626171
085,HANOVER COUNTY,601,VILLAGE,085,000603,904527.7378092135,10.0,10,15,7410299.662217391,0.12206358434073782,61.9999999999,0.1612903225809053
085,HANOVER COUNTY,601,VILLAGE,085,000301,543508.3200781199,0.9999999999,1,14,7410299.662217391,0.07334498533835072,61.9999999999,0.01612903225647763
085,HANOVER COUNTY,601,VILLAGE,087,000209,3802.8870513350885,0.0,5,7,7410299.662217391,0.0005131893748811161,61.9999999999,0.0
085,HANOVER COUNTY,602,STONEWALL JACKSON,085,000602,8398862.51198889,45.0000000001,45,125,8398862.51198889,1.0,45.0000000001,1.0
085,HANOVER COUNTY,603,MECHANICSVILLE,085,000406,3304124.851978237,10.9999999999,11,20,5993835.856175708,0.551253809957751,40.999999999799996,0.268292682925699
085,HANOVER COUNTY,603,MECHANICSVILLE,085,000603,2674897.346197802,29.999999999899998,30,48,5993835.856175708,0.44627470794712204,40.999999999799996,0.731707317074301
085,HANOVER COUNTY,603,MECHANICSVILLE,087,000209,14813.657999668856,0.0,5,11,5993835.856175708,0.002471482095127064,40.999999999799996,0.0
085,HANOVER COUNTY,701,FARRINGTON,085,000701,83879023.52008168,43.92141367008636,45,238,86302096.99028054,0.9719233534907994,45.00000000010001,0.9760314148886389
085,HANOVER COUNTY,701,FARRINGTON,085,000203,2372557.394140408,1.0241765620420764,2,10,86302096.99028054,0.027491306432653757,45.00000000010001,0.022759479156440006
085,HANOVER COUNTY,701,FARRINGTON,087,000308,41586.51090036235,0.046347970450306544,8,55,86302096.99028054,0.0004818713837862582,45.00000000010001,0.001029954898893412
085,HANOVER COUNTY,701,FARRINGTON,087,000103,8877.974400676898,0.0055594193,1,7,86302096.99028054,0.00010287090013208772,45.00000000010001,0.00012354265111083656
085,HANOVER COUNTY,701,FARRINGTON,087,000310,51.59075740531958,0.0025023782212615503,2,2,86302096.99028054,5.977926285050733e-07,45.00000000010001,5.5608404916799757e-05
085,HANOVER COUNTY,702,MONTPELIER,085,000702,84791959.34051922,34.6496875502,36,120,145441523.82543692,0.5829969125068365,80.0000000001,0.43312109437695856
085,HANOVER COUNTY,702,MONTPELIER,085,000705,35866250.91214217,26.35031245,29,118,145441523.82543692,0.24660255179387336,80.0000000001,0.32937890562458827
085,HANOVER COUNTY,702,MONTPELIER,085,000209,23913602.14099848,12.9973445217,14,36,145441523.82543692,0.1644207342718732,80.0000000001,0.16246680652104692
085,HANOVER COUNTY,702,MONTPELIER,109,007011,866622.3784426091,5.0,5,7,145441523.82543692,0.005958562284336034,80.0000000001,0.062499999999921875
085,HANOVER COUNTY,702,MONTPELIER,109,000602,3089.053334440835,1.0026554782,2,2,145441523.82543692,2.1239143080956752e-05,80.0000000001,0.012533193477484331
085,HANOVER COUNTY,703,ROCKVILLE,085,000703,71711816.86895141,47.99400212307722,48,173,71723357.28840125,0.999839098169883,47.999999999399996,0.999875044243274
085,HANOVER COUNTY,703,ROCKVILLE,075,000401,10697.509228585865,0.005946181535049845,5,7,71723357.28840125,0.00014914958854436968,47.999999999399996,0.00012387878198175358
085,HANOVER COUNTY,703,ROCKVILLE,075,000402,842.9102212517546,5.169478772385246e-05,1,1,71723357.28840125,1.175224157260784e-05,47.999999999399996,1.0769747442603884e-06
085,HANOVER COUNTY,704,ELMONT,085,000704,19494303.866949286,20.999999999899998,21,88,19585749.266817924,0.9953310236630282,20.999999999899998,1.0
085,HANOVER COUNTY,704,ELMONT,087,000103,47843.90107950437,0.0,4,11,19585749.266817924,0.002442791461675723,20.999999999899998,0.0
085,HANOVER COUNTY,704,ELMONT,087,000109,36827.442900126094,0.0,3,7,19585749.266817924,0.001880318306868094,20.999999999899998,0.0
085,HANOVER COUNTY,704,ELMONT,087,000223,6774.055889005624,0.0,2,6,19585749.266817924,0.00034586656842800466,20.999999999899998,0.0
087,HENRICO COUNTY,101,BROOKLAND,087,000204,1158933.3085641656,18.000000000100002,18,26,1158933.3085641656,1.0,18.000000000100002,1.0
087,HENRICO COUNTY,102,DUMBARTON,087,000102,2411087.99509926,42.0326850289,43,119,3659719.3898057397,0.6588177229695313,53.0000000002,0.7930695288441771
087,HENRICO COUNTY,102,DUMBARTON,087,000106,1248631.3947064797,10.9673149713,11,33,3659719.3898057397,0.3411822770304687,53.0000000002,0.20693047115582291
087,HENRICO COUNTY,103,GLEN ALLEN,087,000103,10451119.647503907,31.93522835035368,32,138,13657032.9214856,0.7652555066380439,44.99999999995368,0.7096717411197011
087,HENRICO COUNTY,103,GLEN ALLEN,087,000108,3157757.3408559114,12.9999999999,13,46,13657032.9214856,0.23121840292909052,44.99999999995368,0.288888888886964
087,HENRICO COUNTY,103,GLEN ALLEN,087,000115,46272.58675503555,0.0647716497,1,2,13657032.9214856,0.003388187391877654,44.99999999995368,0.001439369993334815
087,HENRICO COUNTY,103,GLEN ALLEN,085,000704,1657.1756169689015,0.0,3,6,13657032.9214856,0.00012134228763275438,44.99999999995368,0.0
087,HENRICO COUNTY,103,GLEN ALLEN,085,000701,226.17075377700897,0.0,1,1,13657032.9214856,1.6560753355232178e-05,44.99999999995368,0.0
087,HENRICO COUNTY,104,GLENSIDE,087,000110,1517417.4291424793,15.9999999999,16,40,1517417.4291424793,1.0,15.9999999999,1.0
087,HENRICO COUNTY,105,GREENDALE,087,000105,5303753.529757987,71.2510257534288,72,227,5308427.963439827,0.9991194316445408,72.0000000003,0.9895975799046101
087,HENRICO COUNTY,105,GREENDALE,760,000215,4674.4336818397205,0.7489742468711936,1,2,5308427.963439827,0.0008805683554591778,72.0000000003,0.0104024200953899
087,HENRICO COUNTY,106,HERMITAGE,087,000106,2799641.9074825686,25.0,25,71,4109056.53503998,0.6813344824070008,39.0,0.6410256410256411
087,HENRICO COUNTY,106,HERMITAGE,087,000110,1307836.2659877546,13.9895222213,14,25,4109056.53503998,0.31828139983842535,39.0,0.35870569798205126
087,HENRICO COUNTY,106,HERMITAGE,087,000105,1578.3615696564004,0.0104777787,1,1,4109056.53503998,0.0003841177545738108,39.0,0.00026866099230769233
087,HENRICO COUNTY,107,HILLIARD,087,000111,915964.6233758851,38.9868052048,39,39,924282.6735983627,0.9910005342953209,39.0,0.9996616719179487
087,HENRICO COUNTY,107,HILLIARD,760,000309,8318.050222477634,0.0131947952,2,4,924282.6735983627,0.008999465704679167,39.0,0.00033832808205128205
087,HENRICO COUNTY,108,HUNTON,087,000109,5168381.717057983,21.9836065574,22,44,5171176.587314603,0.9994595291401428,22.0,0.999254843518182
087,HENRICO COUNTY,108,HUNTON,085,000704,2794.8702566191755,0.0163934426,1,3,5171176.587314603,0.0005404708598571673,22.0,0.0007451564818181818
087,HENRICO COUNTY,109,JOHNSON,087,000110,2835616.1497754436,48.999999999799996,49,106,2835616.1497754436,1.0,48.999999999799996,1.0
087,HENRICO COUNTY,110,LAKESIDE,087,000111,3141268.1162031824,61.0,61,81,3141268.1162031824,1.0,61.0,1.0
087,HENRICO COUNTY,111,LONGAN,087,000112,3290300.6331059593,60.00000000015184,60,93,3290300.6331059593,1.0,60.00000000015184,1.0
087,HENRICO COUNTY,112,MAUDE TREVVETT,087,000113,2441988.0822235076,29.000000000100002,29,52,6413225.9329692,0.38077374908463796,71.99999999991792,0.40277777777962587
087,HENRICO COUNTY,112,MAUDE TREVVETT,087,000106,1923046.9187974134,27.999999999817916,28,44,6413225.9329692,0.29985641218585285,71.99999999991792,0.3888888888868033
087,HENRICO COUNTY,112,MAUDE TREVVETT,087,000217,1217453.983249292,13.0,13,19,6413225.9329692,0.18983488122421943,71.99999999991792,0.1805555555557614
087,HENRICO COUNTY,112,MAUDE TREVVETT,087,000218,830736.9486989871,2.0,2,5,6413225.9329692,0.12953495750528968,71.99999999991792,0.027777777777809445
087,HENRICO COUNTY,113,MOODY,087,000216,2377893.425088767,31.511973819,33,67,4749189.955030548,0.5006945284574265,46.0,0.6850429091086957
087,HENRICO COUNTY,113,MOODY,087,000212,2371296.5299417814,14.488026181,16,34,4749189.955030548,0.4993054715425735,46.0,0.31495709089130436
087,HENRICO COUNTY,114,STAPLES MILL,087,000115,4903990.11300614,51.0,51,94,4903990.11300614,1.0,51.0,1.0
087,HENRICO COUNTY,115,STRATFORD HALL,087,000221,387706.1923352452,12.0,12,12,387706.1923352452,1.0,12.0,1.0
087,HENRICO COUNTY,116,SUMMIT COURT,087,000105,1860698.5438733567,44.0,44,54,1860698.5438733567,1.0,44.0,1.0
087,HENRICO COUNTY,201,ADAMS,087,000201,2827845.3571395744,33.9999999999,34,73,4453602.570282375,0.634956827088475,49.0,0.6938775510183673
087,HENRICO COUNTY,201,ADAMS,087,000513,1402457.8053100542,8.0000000001,8,27,4453602.570282375,0.3149041215909692,49.0,0.1632653061244898
087,HENRICO COUNTY,201,ADAMS,087,000502,223299.4078327472,7.0,7,7,4453602.570282375,0.050139051320555794,49.0,0.14285714285714285
087,HENRICO COUNTY,202,AZALEA,087,000202,4249592.998868494,49.99999999990584,50,109,4249592.998868494,1.0,49.99999999990584,1.0
087,HENRICO COUNTY,202,AZALEA,087,000222,0.0,0.0,1,2,4249592.998868494,0.0,49.99999999990584,0.0
087,HENRICO COUNTY,203,BLOOMINGDALE,087,000203,3868864.8267279607,52.7371216273,53,107,3876211.2570051327,0.9981047394504374,53.0,0.9950400307037736
087,HENRICO COUNTY,203,BLOOMINGDALE,760,000309,7179.879711362022,0.26287837270000003,6,8,3876211.2570051327,0.0018522931892286476,53.0,0.004959969296226416
087,HENRICO COUNTY,203,BLOOMINGDALE,087,000216,166.550565810035,0.0,1,1,3876211.2570051327,4.296736033389381e-05,53.0,0.0
087,HENRICO COUNTY,204,BROOK HILL,087,000207,1404243.453824221,20.999999999899998,21,27,1895995.336270635,0.7406365548273578,25.999999999899998,0.8076923076915681
087,HENRICO COUNTY,204,BROOK HILL,087,000222,491751.882446414,5.0,5,9,1895995.336270635,0.2593634451726421,25.999999999899998,0.19230769230843198
087,HENRICO COUNTY,205,CANTERBURY,087,000205,380091.1007654303,1.3386380057035845,2,9,413678.0832411926,0.918808890689576,2.0,0.6693190028517922
087,HENRICO COUNTY,205,CANTERBURY,760,000309,22690.862423443992,0.006899064911197378,1,3,413678.0832411926,0.05485149768065961,2.0,0.003449532455598689
087,HENRICO COUNTY,205,CANTERBURY,760,000308,10138.4494743913,0.6533351214852181,2,4,413678.0832411926,0.024508065293079924,2.0,0.32666756074260905
087,HENRICO COUNTY,205,CANTERBURY,087,000202,757.6705779270236,0.0011278079,1,1,413678.0832411926,0.001831546336684383,2.0,0.00056390395
087,HENRICO COUNTY,206,CENTRAL GARDENS,087,000206,3341048.427581764,46.0,46,73,3628329.8493551644,0.9208226832451694,48.0,0.9583333333333334
087,HENRICO COUNTY,206,CENTRAL GARDENS,087,000511,287281.4217734005,2.0,2,5,3628329.8493551644,0.07917731675483056,48.0,0.041666666666666664
087,HENRICO COUNTY,207,CHAMBERLAYNE,087,000222,1579026.7010879952,18.9545847037,19,26,3039569.9482382024,0.5194901673518755,49.9999999999,0.3790916940747582
087,HENRICO COUNTY,207,CHAMBERLAYNE,087,000207,1460543.2471502074,31.0454152962,36,53,3039569.9482382024,0.48050983264812464,49.9999999999,0.6209083059252418
087,HENRICO COUNTY,208,EAST HIGHLAND PARK,087,000220,2315924.648253021,56.9684018657574,57,79,2317950.299894264,0.9991261022113651,57.0,0.9994456467676737
087,HENRICO COUNTY,208,EAST HIGHLAND PARK,760,000604,2025.6516412430865,0.03159813424259989,1,3,2317950.299894264,0.0008738977886348508,57.0,0.0005543532323263138
087,HENRICO COUNTY,209,FAIRFIELD,087,000208,2515428.728077725,13.0,13,41,2515428.728077725,1.0,13.0,1.0
087,HENRICO COUNTY,210,GLEN LEA,087,000209,12013197.155995406,33.97920232565781,34,79,12112227.925097967,0.9918239014560355,33.99999999977302,0.9993883037024898
087,HENRICO COUNTY,210,GLEN LEA,085,000603,54774.733546599215,0.02079767411520809,2,12,12112227.925097967,0.0045222674049172655,33.99999999977302,0.000611696297510204
087,HENRICO COUNTY,210,GLEN LEA,085,000403,37006.71919377531,0.0,2,5,12112227.925097967,0.0030553189241999826,33.99999999977302,0.0
087,HENRICO COUNTY,210,GLEN LEA,085,000406,7249.316362186375,0.0,1,3,12112227.925097967,0.0005985122148473557,33.99999999977302,0.0
087,HENRICO COUNTY,210,GLEN LEA,085,000601,0.0,0.0,3,4,12112227.925097967,0.0,33.99999999977302,0.0
087,HENRICO COUNTY,211,GREENWOOD,087,000210,2332221.960244759,13.998143375612726,14,39,2342618.125110461,0.9955621598098872,14.000000000112726,0.9998673839642868
087,HENRICO COUNTY,211,GREENWOOD,087,000213,10396.164865702076,0.0018566245,2,3,2342618.125110461,0.004437840190112875,14.000000000112726,0.00013261603571321792
087,HENRICO COUNTY,212,HIGHLAND GARDENS,087,000211,3850365.1174507434,52.0,53,75,4412306.552375429,0.8726422499764536,65.9999999999,0.7878787878799817
087,HENRICO COUNTY,212,HIGHLAND GARDENS,087,000224,561941.434924686,13.9999999999,15,28,4412306.552375429,0.12735775002354643,65.9999999999,0.21212121212001836
087,HENRICO COUNTY,213,HUNGARY,087,000213,3044474.6671887184,30.0,30,66,3044474.6671887184,1.0,30.0,1.0
087,HENRICO COUNTY,214,LONGDALE,087,000214,2909173.2038773266,34.0000000001,34,84,2909173.2038773266,1.0,34.0000000001,1.0
087,HENRICO COUNTY,215,RANDOLPH,087,000219,835530.0532383363,3.9999999999,4,13,835530.0532383363,1.0,3.9999999999,1.0
087,HENRICO COUNTY,216,RATCLIFFE,087,000220,2543130.7341098106,53.0,53,79,2543130.7341098106,1.0,53.0,1.0
087,HENRICO COUNTY,217,UPHAM,087,000207,167009.62069366637,4.0,4,4,167009.62069366637,1.0,4.0,1.0
087,HENRICO COUNTY,218,WILKINSON,087,000207,587082.5396559022,16.0,16,20,587082.5396559022,1.0,16.0,1.0
087,HENRICO COUNTY,219,YELLOW TAVERN,087,000223,13539247.575742649,57.999999999799996,58,223,13578669.970987497,0.9970967410409798,58.999999999799996,0.9830508474575697
087,HENRICO COUNTY,219,YELLOW TAVERN,087,000207,21161.63276671226,1.0,1,2,13578669.970987497,0.0015584466528700306,58.999999999799996,0.01694915254243034
087,HENRICO COUNTY,219,YELLOW TAVERN,085,000304,18260.7624781364,0.0,4,10,13578669.970987497,0.0013448123061502173,58.999999999799996,0.0
087,HENRICO COUNTY,220,MAPLEWOOD,087,000215,3667956.289388034,30.0,30,50,3667956.289388034,1.0,30.0,1.0
087,HENRICO COUNTY,221,CHIPPLEGATE,087,000203,1198659.7497634431,27.0,27,38,1198659.7497634431,1.0,27.0,1.0
087,HENRICO COUNTY,222,LANDMARK,087,000222,5501407.781020329,5.0,5,39,5529219.424127414,0.9949700597907681,5.0,1.0
087,HENRICO COUNTY,222,LANDMARK,085,000301,27811.643107084492,0.0,2,12,5529219.424127414,0.005029940209231893,5.0,0.0
087,HENRICO COUNTY,301,CARDINAL,087,000106,145408.31803114546,2.0,2,2,145408.31803114546,1.0,2.0,1.0
087,HENRICO COUNTY,302,COALPIT,087,000101,3088706.36266723,38.0000000002,38,87,3894135.3537222855,0.7931687222209237,49.0000000002,0.7755102040825489
087,HENRICO COUNTY,302,COALPIT,087,000108,805428.9910550555,11.0,11,17,3894135.3537222855,0.20683127777907628,49.0000000002,0.22448979591745108
087,HENRICO COUNTY,303,CRESTVIEW,087,000402,3531543.5181606817,69.7163381734,70,128,3639564.347276354,0.9703203958472367,73.0000000001,0.9550183311411575
087,HENRICO COUNTY,303,CRESTVIEW,087,000117,92837.47620567043,3.0,3,10,3639564.347276354,0.025507854058177265,73.0000000001,0.04109589041090261
087,HENRICO COUNTY,303,CRESTVIEW,087,000415,15183.352910002272,0.2836618267,1,4,3639564.347276354,0.004171750094586085,73.0000000001,0.0038857784479398826
087,HENRICO COUNTY,304,FREEMAN,087,000404,1950228.6021589395,48.99267791766742,49,66,1950484.5241356238,0.9998687905627973,49.0,0.9998505697483148
087,HENRICO COUNTY,304,FREEMAN,087,000416,173.92014261612584,0.0,1,2,1950484.5241356238,8.916766088836324e-05,49.0,0.0
087,HENRICO COUNTY,304,FREEMAN,087,000307,82.00183406827088,0.007322082332575619,1,1,1950484.5241356238,4.204177631432928e-05,49.0,0.0001494302516852167
087,HENRICO COUNTY,305,INNSBROOK,087,000303,7549227.462325246,40.9951626588,42,109,10939259.449918985,0.6901040693738326,75.0000000002,0.5466021687825423
087,HENRICO COUNTY,305,INNSBROOK,087,000312,1772049.881285034,21.0048373414,22,55,10939259.449918985,0.16198993079903207,75.0000000002,0.2800644978845865
087,HENRICO COUNTY,305,INNSBROOK,087,000101,1617982.1063087059,13.0,13,47,10939259.449918985,0.14790599982713531,75.0000000002,0.1733333333328711
087,HENRICO COUNTY,306,JACKSON DAVIS,087,000304,1999768.7356270186,37.000000000069306,37,44,2476734.7017402514,0.8074214546361798,41.000000000069306,0.9024390243904088
087,HENRICO COUNTY,306,JACKSON DAVIS,087,000401,476965.9661132326,4.0,4,33,2476734.7017402514,0.19257854536382016,41.000000000069306,0.09756097560959118
087,HENRICO COUNTY,307,LAUDERDALE,087,000408,1141487.309013461,9.999996816188307,10,27,2994774.4169149185,0.38115969689275286,34.0,0.29411755341730317
087,HENRICO COUNTY,307,LAUDERDALE,087,000419,975651.3983835408,17.0757694875,18,26,2994774.4169149185,0.3257846043003843,34.0,0.5022285143382353
087,HENRICO COUNTY,307,LAUDERDALE,087,000305,857501.0753319062,6.92413183698226,7,13,2994774.4169149185,0.2863324431010951,34.0,0.20365093638183118
087,HENRICO COUNTY,307,LAUDERDALE,075,000402,19555.260175100608,0.00010185932943211797,4,8,2994774.4169149185,0.006529794052149529,34.0,2.995862630356411e-06
087,HENRICO COUNTY,307,LAUDERDALE,075,000502,579.3740109098949,0.0,1,4,2994774.4169149185,0.00019346165361821806,34.0,0.0
087,HENRICO COUNTY,308,MONUMENT HILLS,087,000114,1038252.2023367308,32.9980589859,33,64,1038498.5813455255,0.999762754602442,33.0,0.9999411813909092
087,HENRICO COUNTY,308,MONUMENT HILLS,087,000404,246.379008794642,0.0019410141,1,1,1038498.5813455255,0.00023724539755790738,33.0,5.881860909090909e-05
087,HENRICO COUNTY,309,RIDGE,087,000307,1957379.0647351097,23.9999999999,24,44,1957379.0647351097,1.0,23.9999999999,1.0
087,HENRICO COUNTY,310,SADLER,087,000308,7518029.490004891,22.9996384066,23,131,26249309.39855458,0.28640865844717694,67.00000000007455,0.3432781851727523
087,HENRICO COUNTY,310,SADLER,087,000311,7436304.964751398,7.724979486686246,10,41,26249309.39855458,0.283295261290222,67.00000000007455,0.11529820129369628
087,HENRICO COUNTY,310,SADLER,087,000309,4466108.548984572,13.0105180603741,14,51,26249309.39855458,0.17014194473362027,67.00000000007455,0.1941868367217854
087,HENRICO COUNTY,310,SADLER,087,000310,3831221.6635015937,17.9999860989,18,85,26249309.39855458,0.1459551413460257,67.00000000007455,0.268656508938507
087,HENRICO COUNTY,310,SADLER,087,000316,2991599.3784732823,5.264502452914211,6,57,26249309.39855458,0.11396868896817587,67.00000000007455,0.07857466347624409
087,HENRICO COUNTY,310,SADLER,085,000701,6045.3528388402765,0.00037549459999999997,6,13,26249309.39855458,0.0002303052147792187,67.00000000007455,5.604397014919137e-06
087,HENRICO COUNTY,311,CEDARFIELD,087,000302,2937450.205940461,20.000000000100002,20,43,5448667.544276313,0.5391134955602453,47.0000000001,0.4255319148948393
087,HENRICO COUNTY,311,CEDARFIELD,087,000306,2456335.131226262,26.7921734652,27,257,5448667.544276313,0.4508139120740776,47.0000000001,0.5700462439392127
087,HENRICO COUNTY,311,CEDARFIELD,087,000313,54882.20710959028,0.20782653479999996,1,4,5448667.544276313,0.010072592365677117,47.0000000001,0.004421841165948038
087,HENRICO COUNTY,312,SKIPWITH,087,000415,2483017.17465136,27.999999999899998,28,61,3719210.7789194537,0.6676193747138885,50.9999999999,0.549019607842253
087,HENRICO COUNTY,312,SKIPWITH,087,000314,1236193.6042680934,23.0,23,40,3719210.7789194537,0.3323806252861114,50.9999999999,0.45098039215774705
087,HENRICO COUNTY,313,THREE CHOPT,087,000314,2919852.8485674267,54.0000000001,54,76,2919852.8485674267,1.0,54.0000000001,1.0
087,HENRICO COUNTY,314,TUCKER,087,000315,3401247.215764472,43.956722156,45,101,4830983.7998849545,0.704048565810854,48.999999999799996,0.8970759623710085
087,HENRICO COUNTY,314,TUCKER,087,000302,1106570.926447626,3.0432778439,5,26,4830983.7998849545,0.22905705593009398,48.999999999799996,0.0621077111002535
087,HENRICO COUNTY,314,TUCKER,087,000306,322353.6074459037,0.9999999999000001,1,5,4830983.7998849545,0.06672628615595445,48.999999999799996,0.020408163263348607
087,HENRICO COUNTY,314,TUCKER,087,000415,812.0502269524497,1.0,1,2,4830983.7998849545,0.00016809210309746598,48.999999999799996,0.020408163265389422
087,HENRICO COUNTY,315,WESTWOOD,087,000117,2287144.1932735853,72.00000000000028,72,134,2287144.1932735853,1.0,72.00000000000028,1.0
087,HENRICO COUNTY,316,CAUSEWAY,087,000301,4847827.89910006,26.6376478133,28,130,8548738.618436025,0.5670810765748924,59.0,0.4514855561576271
087,HENRICO COUNTY,316,CAUSEWAY,087,000305,3125090.8296745154,20.953938507587246,24,77,8548738.618436025,0.3655616306872469,59.0,0.35515150012859736
087,HENRICO COUNTY,316,CAUSEWAY,075,000402,336380.11759273795,0.4084136791127557,9,52,8548738.618436025,0.039348508897828254,59.0,0.006922265747673826
087,HENRICO COUNTY,316,CAUSEWAY,087,000419,239439.77206871184,11.0,11,15,8548738.618436025,0.0280087838400324,59.0,0.1864406779661017
087,HENRICO COUNTY,317,STONEY RUN,087,000313,3705151.076748374,49.9879748262,50,112,3707870.0833769566,0.9992666931236959,49.999999999900005,0.9997594965259995
087,HENRICO COUNTY,317,STONEY RUN,087,000306,2719.006628582562,0.0120251737,1,2,3707870.0833769566,0.0007333068763040955,49.999999999900005,0.000240503474000481
087,HENRICO COUNTY,401,BYRD,087,000401,2717432.5813394184,30.9999999996,31,76,2717432.5813394184,1.0,30.9999999996,1.0
087,HENRICO COUNTY,402,LAKEWOOD,087,000407,2574613.2910227696,26.0000000002,26,57,2574613.2910227696,1.0,26.0000000002,1.0
087,HENRICO COUNTY,403,DERBYSHIRE,087,000403,2884165.6179649965,40.999999999799996,41,55,2884165.6179649965,1.0,40.999999999799996,1.0
087,HENRICO COUNTY,404,GAYTON,087,000405,3662116.866848188,47.0,47,88,3662116.866848188,1.0,47.0,1.0
087,HENRICO COUNTY,405,G0DWIN,087,000406,2642300.4850468365,34.0,34,83,2642300.4850468365,1.0,34.0,1.0
087,HENRICO COUNTY,406,MAYBEURY,087,000409,2871769.352797295,32.000000000068525,32,83,5668502.857722085,0.5066186654356437,54.00000000026853,0.5925925925909148
087,HENRICO COUNTY,406,MAYBEURY,087,000418,2796733.50492479,22.0000000002,22,82,5668502.857722085,0.49338133456435634,54.00000000026853,0.40740740740908515
087,HENRICO COUNTY,407,MOORELAND,087,000410,9751516.557940023,28.0,28,65,9758814.026863448,0.9992522176461877,28.0,1.0
087,HENRICO COUNTY,407,MOORELAND,075,000502,7297.468923425924,0.0,1,6,9758814.026863448,0.0007477823538124521,28.0,0.0
087,HENRICO COUNTY,408,PEMBERTON,087,000411,2963142.9858224103,59.9999999999,60,98,2963864.5121724685,0.9997565589293658,59.9999999999,1.0
087,HENRICO COUNTY,408,PEMBERTON,087,000409,721.526350057955,0.0,2,2,2963864.5121724685,0.00024344107063419272,59.9999999999,0.0
087,HENRICO COUNTY,409,PINCHBECK,087,000412,3409814.239360771,55.0000000001,55,108,3409814.239360771,1.0,55.0000000001,1.0
087,HENRICO COUNTY,410,RIDGEFIELD,087,000413,3337103.547327272,36.0,36,76,3337103.547327272,1.0,36.0,1.0
087,HENRICO COUNTY,411,ROLLINGWOOD,087,000414,2025175.8194219312,48.9927114051,49,70,2025579.6184695936,0.9998006501230657,49.0,0.9998512531653062
087,HENRICO COUNTY,411,ROLLINGWOOD,760,000101,347.71803888310524,0.0072885949,1,1,2025579.6184695936,0.0001716634763267514,49.0,0.00014874683469387755
087,HENRICO COUNTY,411,ROLLINGWOOD,087,000417,56.081008779276885,0.0,1,1,2025579.6184695936,2.7686400607470732e-05,49.0,0.0
087,HENRICO COUNTY,412,SPOTTSWOOD,087,000416,1373537.7323583905,21.0,21,44,1373537.7323583905,1.0,21.0,1.0
087,HENRICO COUNTY,413,TUCKAHOE,087,000417,13780012.938726481,99.00000000036057,99,261,13806983.26939352,0.9980466166909302,99.00000000036057,1.0
087,HENRICO COUNTY,413,TUCKAHOE,087,000410,26970.330667039372,0.0,1,2,13806983.26939352,0.0019533833090698066,99.00000000036057,0.0
087,HENRICO COUNTY,414,WEST END,087,000408,1161774.9832886267,29.0,29,62,2239282.487692534,0.518815732125774,43.0,0.6744186046511628
087,HENRICO COUNTY,414,WEST END,087,000419,1077507.5044039076,14.0,14,16,2239282.487692534,0.481184267874226,43.0,0.32558139534883723
087,HENRICO COUNTY,501,CEDAR FORK,087,000502,5339677.821571628,7.9986914722,8,18,5471277.034979964,0.9759472582786483,9.0,0.8887434969111111
087,HENRICO COUNTY,501,CEDAR FORK,085,000403,74588.40821102257,0.0013085278,1,7,5471277.034979964,0.013632723719554025,9.0,0.00014539197777777778
087,HENRICO COUNTY,501,CEDAR FORK,087,000208,57010.805197313275,1.0,1,1,5471277.034979964,0.010420018001797647,9.0,0.1111111111111111
087,HENRICO COUNTY,502,CHICKAHOMINY,087,000503,24080182.690223407,42.9992309922,43,170,24098643.55453933,0.9992339459159125,42.9999999999,0.9999821161
087,HENRICO COUNTY,502,CHICKAHOMINY,085,000403,13275.83784179387,0.0,2,7,24098643.55453933,0.0005508956473731972,42.9999999999,0.0
087,HENRICO COUNTY,502,CHICKAHOMINY,085,000404,5185.0264741307465,0.0007690077,8,17,24098643.55453933,0.00021515843671433826,42.9999999999,1.788390000004159e-05
087,HENRICO COUNTY,503,DONAHOE,087,000507,18104379.27466518,12.0,12,66,27799926.5022055,0.6512383863039665,36.9999999999,0.3243243243252009
087,HENRICO COUNTY,503,DONAHOE,087,000504,9695547.227540316,24.999999999899998,25,87,27799926.5022055,0.3487616136960334,36.9999999999,0.6756756756747991
087,HENRICO COUNTY,504,EANES,087,000506,19892190.92101193,83.49557285439806,84,196,19897126.806441206,0.9997519297395401,84.00000000021605,0.9939949149307538
087,HENRICO COUNTY,504,EANES,760,000706,4935.885429278838,0.504427145817991,6,6,19897126.806441206,0.00024807026045996585,84.00000000021605,0.006005085069246352
087,HENRICO COUNTY,505,ELKO,087,000507,6137729.297038594,5.0,5,27,6137729.297038594,1.0,5.0,1.0
087,HENRICO COUNTY,506,FAIRMOUNT,087,000502,222599.66532556317,5.0,5,5,222599.66532556317,1.0,5.0,1.0
087,HENRICO COUNTY,507,GLEN ECHO,087,000511,2563929.0135574457,6.9999999999,7,25,2563929.0135574457,1.0,6.9999999999,1.0
087,HENRICO COUNTY,508,HIGHLAND SPRINGS,087,000508,1475191.0042503343,33.0,33,48,1475191.0042503343,1.0,33.0,1.0
087,HENRICO COUNTY,509,LABURNUM,087,000509,9645047.759058833,80.9999999999,81,167,9645047.759058833,1.0,80.9999999999,1.0
087,HENRICO COUNTY,510,MASONIC,087,000511,978125.6569337473,7.9999999999,8,17,1248996.7441453198,0.7831290686054369,19.999999999899998,0.39999999999700003
087,HENRICO COUNTY,510,MASONIC,087,000201,270871.0872115725,12.0,12,12,1248996.7441453198,0.21687093139456323,19.999999999899998,0.600000000003
087,HENRICO COUNTY,511,TOWN HALL,087,000517,41033829.82745328,52.9999999995,53,165,41033829.82745328,1.0,52.9999999995,1.0
087,HENRICO COUNTY,512,MONTROSE,087,000511,3895221.3361086077,66.0,66,104,3895221.3361086077,1.0,66.0,1.0
087,HENRICO COUNTY,513,PLEASANTS,087,000513,2836010.5293328394,23.000000000036206,23,56,4028144.877901079,0.7040487905218002,43.00000000003621,0.5348837209306241
087,HENRICO COUNTY,513,PLEASANTS,087,000508,1192134.3485682397,20.0,20,45,4028144.877901079,0.29595120947819975,43.00000000003621,0.4651162790693758
087,HENRICO COUNTY,514,SANDSTON,087,000515,1865876.7538283672,42.0,42,55,1865876.7538283672,1.0,42.0,1.0
087,HENRICO COUNTY,515,SEVEN PINES,087,000515,19351691.071843315,53.9999999999,54,115,19351691.071843315,1.0,53.9999999999,1.0
087,HENRICO COUNTY,515,SEVEN PINES,087,000504,0.0,0.0,1,2,19351691.071843315,0.0,53.9999999999,0.0
087,HENRICO COUNTY,515,SEVEN PINES,087,000507,0.0,0.0,1,2,19351691.071843315,0.0,53.9999999999,0.0
087,HENRICO COUNTY,516,SULLIVANS,087,000516,24391629.36192059,75.0972017678,76,168,30478884.2216828,0.8002796029051578,98.0000000005,0.7662979772185393
087,HENRICO COUNTY,516,SULLIVANS,087,000514,6087254.8597622095,22.9027982327,23,51,30478884.2216828,0.19972039709484218,98.0000000005,0.2337020227814607
087,HENRICO COUNTY,517,MEHFOUD,087,000510,20779551.174220886,30.999999999846025,31,112,20779551.174220886,1.0,30.999999999846025,1.0
087,HENRICO COUNTY,518,WHITLOCKS,087,000518,59198000.648882486,48.999999999799996,49,147,59448688.47191541,0.9957831227319447,48.999999999799996,1.0
087,HENRICO COUNTY,518,WHITLOCKS,041,000103,250687.82303292578,0.0,1,4,59448688.47191541,0.0042168772680553765,48.999999999799996,0.0
087,HENRICO COUNTY,519,NINE MILE,087,000512,1057493.7160919379,35.0,35,36,1057493.7160919379,1.0,35.0,1.0
087,HENRICO COUNTY,520,DOREY,087,000518,24689040.76573692,17.00000000009916,17,55,49194017.76860009,0.5018707941658633,52.99999999998016,0.3207547169831231
087,HENRICO COUNTY,520,DOREY,087,000505,24504977.002863176,35.999999999881005,36,115,49194017.76860009,0.4981292058341368,52.99999999998016,0.679245283016877
087,HENRICO COUNTY,521,ANTIOCH,087,000501,18592655.271669947,35.99999999977984,36,83,18593942.958197106,0.9999307469894871,36.99999999977984,0.9729729729728122
087,HENRICO COUNTY,521,ANTIOCH,087,000507,1287.6865271588847,1.0,1,1,18593942.958197106,6.925301051282457e-05,36.99999999977984,0.027027027027187848
089,HENRY COUNTY,101,BASSETT NO. 2,089,000101,27684338.12265097,56.0000000001,56,104,27719796.800592113,0.9987208175371478,58.0000000001,0.9655172413793698
089,HENRY COUNTY,101,BASSETT NO. 2,089,000103,35458.677941143476,2.0,2,2,27719796.800592113,0.0012791824628521828,58.0000000001,0.0344827586206302
089,HENRY COUNTY,102,GUNVILLE,089,000102,30587856.56239195,58.0164621369,59,102,30594428.442178905,0.9997851935753801,58.9999999998,0.983329866730452
089,HENRY COUNTY,102,GUNVILLE,089,000101,6571.879786952712,0.9835378629,1,2,30594428.442178905,0.00021480642461986352,58.9999999998,0.016670133269548033
089,HENRY COUNTY,103,SCOTT'S TANYARD,089,000103,57801164.27906392,86.9999999998969,87,162,57801164.27906392,1.0,86.9999999998969,1.0
089,HENRY COUNTY,201,FIELDALE,089,000201,20732780.38162441,77.9999109991,78,160,20734349.380469687,0.9999243285228543,77.9999999997,0.9999988589666666
089,HENRY COUNTY,201,FIELDALE,089,000203,1568.9988452756652,8.90006e-05,1,1,20734349.380469687,7.567147714572384e-05,77.9999999997,1.141033333337722e-06
089,HENRY COUNTY,202,HORSEPASTURE,089,000202,54915575.38821325,74.5748412799397,75,172,78871711.84035678,0.6962645301697922,148.9999999998,0.5005022904700658
089,HENRY COUNTY,202,HORSEPASTURE,089,000203,23324016.481379993,74.0965167336,75,165,78871711.84035678,0.29572093640606956,148.9999999998,0.49729205861543263
089,HENRY COUNTY,202,HORSEPASTURE,089,000204,632119.9707635464,0.3286419862602907,9,12,78871711.84035678,0.008014533424138331,148.9999999998,0.0022056509145015556
089,HENRY COUNTY,204,SPENCER,089,000204,112426451.77402076,82.99906025403067,85,180,112426451.77402076,1.0,82.99906025403067,1.0
089,HENRY COUNTY,302,AXTON,089,000302,50529392.985600635,68.0693257201,69,172,64059791.737960294,0.7887848463868503,75.0,0.9075910096013333
089,HENRY COUNTY,302,AXTON,089,000305,7853552.449093939,3.9306742799,5,9,64059791.737960294,0.122597221065271,75.0,0.052408990398666665
089,HENRY COUNTY,302,AXTON,089,000303,5676846.303265719,3.0,3,25,64059791.737960294,0.08861793254787864,75.0,0.04
089,HENRY COUNTY,303,IRISBURG,089,000303,104891305.16038513,63.9999999999,64,179,104891305.16038513,1.0,63.9999999999,1.0
089,HENRY COUNTY,304,MOUNT OLIVET,089,000304,25135698.993020784,69.0000000001,69,175,25135698.993020784,1.0,69.0000000001,1.0
089,HENRY COUNTY,305,MOUNTAIN VALLEY,089,000305,85725655.48429047,65.0000000002,65,113,93260423.23725414,0.9192072318415792,67.0000000002,0.9701492537314323
089,HENRY COUNTY,305,MOUNTAIN VALLEY,089,000505,7534767.752963678,2.0,2,3,93260423.23725414,0.08079276815842085,67.0000000002,0.029850746268567607
089,HENRY COUNTY,401,COLLINSVILLE NO. 1,089,000401,3759671.3327750866,22.877929129199998,24,42,4517035.659490429,0.8323315590559714,28.000000000199996,0.8170688974655924
089,HENRY COUNTY,401,COLLINSVILLE NO. 1,089,000402,757364.3267153419,5.122070871,6,14,4517035.659490429,0.16766844094402852,28.000000000199996,0.18293110253440767
089,HENRY COUNTY,402,DANIELS CREEK,089,000402,8601438.576373024,73.0000000001,74,121,8608639.108790748,0.9991635690233116,74.0000000001,0.9864864864865047
089,HENRY COUNTY,402,DANIELS CREEK,089,000401,7200.532417724831,1.0,1,2,8608639.108790748,0.0008364309766885195,74.0000000001,0.013513513513495251
089,HENRY COUNTY,404,COLLINSVILLE NO. 2,089,000404,17015280.63107607,43.0000000003,43,88,17016758.023338113,0.9999131801568774,44.0000000003,0.9772727272728823
089,HENRY COUNTY,404,COLLINSVILLE NO. 2,089,000505,1477.3922620410299,1.0,1,1,17016758.023338113,8.681984312257474e-05,44.0000000003,0.02272727272711777
089,HENRY COUNTY,405,MOUNTAIN VIEW,089,000405,14250300.205771111,17.0000000002,17,37,14250300.205771111,1.0,17.0000000002,1.0
089,HENRY COUNTY,501,BASSETT NO. 1,089,000501,12884747.874616072,57.0000000001,57,103,13210297.230461739,0.9753563943213193,59.0000000001,0.9661016949153117
089,HENRY COUNTY,501,BASSETT NO. 1,089,000503,325549.3558456677,2.0,2,5,13210297.230461739,0.024643605678680767,59.0000000001,0.03389830508468831
089,HENRY COUNTY,502,FIGSBORO,089,000502,42167661.281009346,57.9999999999,58,121,42167661.281009346,1.0,57.9999999999,1.0
089,HENRY COUNTY,503,STANLEYTOWN,089,000503,29365755.37950694,78.0,78,201,29365755.37950694,1.0,78.0,1.0
089,HENRY COUNTY,504,OAK LEVEL,089,000504,31895919.329796802,57.740597321,58,151,32295126.687195368,0.987638774070614,60.0000000001,0.9623432886817295
089,HENRY COUNTY,504,OAK LEVEL,089,000501,303095.73687685106,2.0,3,4,32295126.687195368,0.009385184947951448,60.0000000001,0.03333333333327778
089,HENRY COUNTY,504,OAK LEVEL,089,000503,94749.13760819762,0.2560248148,1,2,32295126.687195368,0.0029338524826336885,60.0000000001,0.004267080246659555
089,HENRY COUNTY,504,OAK LEVEL,067,000401,1362.4829135183866,0.0033778643,1,1,32295126.687195368,4.218849880092264e-05,60.0000000001,5.6297738333239504e-05
089,HENRY COUNTY,505,DYERS STORE,089,000505,65006647.192853205,56.0,56,106,65006647.192853205,1.0,56.0,1.0
089,HENRY COUNTY,601,FONTAINE,089,000601,23883362.055035774,74.9898758111,75,208,23904159.729221918,0.9991299558561467,77.0000000003,0.9738944910494524
089,HENRY COUNTY,601,FONTAINE,089,000203,20797.674186145658,2.0101241892,6,7,23904159.729221918,0.0008700441438533939,77.0000000003,0.026105508950547637
089,HENRY COUNTY,602,HILLCREST,089,000602,12972785.771534722,32.4527373291,34,102,15553772.97106227,0.8340603785120521,43.0000000005,0.754714821598201
089,HENRY COUNTY,602,HILLCREST,089,000203,2580987.199527548,10.5472626714,11,23,15553772.97106227,0.1659396214879479,43.0000000005,0.245285178401799
089,HENRY COUNTY,603,RIDGEWAY,089,000603,66077042.32388582,75.1155514023,76,168,114144921.13562547,0.578887274759899,115.99617357422181,0.6475692179124878
089,HENRY COUNTY,603,RIDGEWAY,089,000604,48067878.811739646,40.880622171921814,42,128,114144921.13562547,0.421112725240101,115.99617357422181,0.3524307820875122
091,HIGHLAND COUNTY,1,MONTEREY,091,000001,112773877.48261379,70.4966034168,71,178,118864266.47565283,0.9487618173769108,71.0000000002,0.9929099072760762
091,HIGHLAND COUNTY,1,MONTEREY,091,000003,6090388.993039039,0.5033965834,3,9,118864266.47565283,0.0512381826230892,71.0000000002,0.00709009272392369
091,HIGHLAND COUNTY,10,HEADWATERS,091,000010,186243162.51341888,42.982718910968,43,135,192280660.1097368,0.9686005987660317,43.000000000168,0.9995981142046528
091,HIGHLAND COUNTY,10,HEADWATERS,091,000008,6037497.596317908,0.0172810892,2,3,192280660.1097368,0.031399401233968297,43.000000000168,0.000401885795347267
091,HIGHLAND COUNTY,2,STRAIGHT CREEK,091,000005,26913208.215473756,25.6629702132,28,100,42249929.49136894,0.6370000740704607,36.00000000065735,0.7128602836869834
091,HIGHLAND COUNTY,2,STRAIGHT CREEK,091,000001,15336721.275895184,10.337029787457347,11,28,42249929.49136894,0.3629999259295393,36.00000000065735,0.28713971631301655
091,HIGHLAND COUNTY,3,WILSON'S MILL,091,000003,103931321.48162024,48.5401040605,50,139,116457532.71557193,0.8924396649846184,51.0000000002,0.9517667462805813
091,HIGHLAND COUNTY,3,WILSON'S MILL,091,000001,12526211.233951682,2.4598959397,3,6,116457532.71557193,0.10756033501538162,51.0000000002,0.048233253719418695
091,HIGHLAND COUNTY,5,BLUE GRASS,091,000005,109709558.63167442,43.0,44,97,109709558.63167442,1.0,43.0,1.0
091,HIGHLAND COUNTY,6,HEVENER'S STORE,091,000005,62759675.26261856,10.0,10,42,111596182.4035888,0.5623819194427953,37.0,0.2702702702702703
091,HIGHLAND COUNTY,6,HEVENER'S STORE,091,000007,48836507.14097024,27.0,27,42,111596182.4035888,0.43761808055720475,37.0,0.7297297297297297
091,HIGHLAND COUNTY,7,MILL GAP,091,000007,127842225.39029527,47.0000000001,47,110,127845592.62049688,0.9999736617420077,47.0000000001,1.0
091,HIGHLAND COUNTY,7,MILL GAP,091,000003,3367.2302016103463,0.0,1,1,127845592.62049688,2.6338257992246924e-05,47.0000000001,0.0
091,HIGHLAND COUNTY,8,MCDOWELL,091,000008,186275313.3695741,53.65433178102288,54,233,194703938.90021747,0.9567105546079224,53.99999999962288,0.993598736692548
091,HIGHLAND COUNTY,8,MCDOWELL,091,000010,8428625.530643359,0.34566821859999997,2,10,194703938.90021747,0.043289445392077505,53.99999999962288,0.006401263307452111
091,HIGHLAND COUNTY,9,DOE HILL,091,000008,40412132.383343935,16.0762499683,19,45,63320724.08793157,0.638213364825469,25.9999999998,0.6183173064778332
091,HIGHLAND COUNTY,9,DOE HILL,091,000010,22908591.704587642,9.9237500315,12,25,63320724.08793157,0.3617866351745311,25.9999999998,0.38168269352216677
093,ISLE OF WIGHT COUNTY,101,SMITHFIELD,093,000102,11536357.542061295,32.4253520375,33,84,32515351.831376933,0.3547972539829277,133.9999999997,0.2419802390863626
093,ISLE OF WIGHT COUNTY,101,SMITHFIELD,093,000101,9388265.16572089,48.5968016411,50,74,32515351.831376933,0.2887333101732371,133.9999999997,0.362662698814991
093,ISLE OF WIGHT COUNTY,101,SMITHFIELD,093,000403,6616947.389969981,12.5746479624,15,30,32515351.831376933,0.20350225408247635,133.9999999997,0.09384065643603098
093,ISLE OF WIGHT COUNTY,101,SMITHFIELD,093,000302,2964192.311742056,21.999999999899998,22,32,32515351.831376933,0.091162855229561,133.9999999997,0.16417910447723322
093,ISLE OF WIGHT COUNTY,101,SMITHFIELD,093,000301,1984636.6537796194,16.4031983588,17,32,32515351.831376933,0.06103691155094525,133.9999999997,0.12241192805102033
093,ISLE OF WIGHT COUNTY,101,SMITHFIELD,093,000202,24952.768103093393,2.0,3,4,32515351.831376933,0.0007674149808526527,133.9999999997,0.014925373134361772
093,ISLE OF WIGHT COUNTY,202,CARROLLTON,093,000201,46525441.74312704,39.4706679707,41,114,127664302.48595005,0.36443579635934126,121.99999999969212,0.323530065334423
093,ISLE OF WIGHT COUNTY,202,CARROLLTON,093,000202,42700465.33803092,35.48726582709212,43,120,127664302.48595005,0.334474590833489,121.99999999969212,0.2908792280916531
093,ISLE OF WIGHT COUNTY,202,CARROLLTON,093,000403,37071224.45608161,41.1502477774,43,167,127664302.48595005,0.29038050366633567,121.99999999969212,0.33729711293035936
093,ISLE OF WIGHT COUNTY,202,CARROLLTON,093,000101,1360773.466199395,5.2696264572,6,11,127664302.48595005,0.010658997383776514,121.99999999969212,0.043193659485354904
093,ISLE OF WIGHT COUNTY,202,CARROLLTON,093,000102,6397.482511101427,0.6221919673,1,1,127664302.48595005,5.0111757057580716e-05,121.99999999969212,0.005099934158209592
093,ISLE OF WIGHT COUNTY,301,RUSHMERE,093,000301,102634371.5929336,36.624551822273084,38,79,133853370.68111078,0.7667671801664777,47.99999999987308,0.7630114962993734
093,ISLE OF WIGHT COUNTY,301,RUSHMERE,093,000505,19984927.93155287,4.0000000001,4,17,133853370.68111078,0.1493046296096981,47.99999999987308,0.08333333333563701
093,ISLE OF WIGHT COUNTY,301,RUSHMERE,093,000101,11234071.156624323,7.3754481775,9,15,133853370.68111078,0.08392819022382422,47.99999999987308,0.1536551703649896
093,ISLE OF WIGHT COUNTY,302,PONS,093,000505,107575463.58154625,37.1157360044,39,122,189534429.45801657,0.5675774258490334,83.0,0.4471775422216867
093,ISLE OF WIGHT COUNTY,302,PONS,093,000302,73484152.74245131,34.4951388341,36,85,189534429.45801657,0.38770872897648734,83.0,0.41560408233855417
093,ISLE OF WIGHT COUNTY,302,PONS,093,000301,6828907.992575415,7.0,7,11,189534429.45801657,0.03602990766428574,83.0,0.08433734939759036
093,ISLE OF WIGHT COUNTY,302,PONS,093,000403,1531901.3405464198,3.0,3,6,189534429.45801657,0.008082443622126968,83.0,0.03614457831325301
093,ISLE OF WIGHT COUNTY,302,PONS,093,000504,114003.80089716092,1.3891251615,2,2,189534429.45801657,0.0006014938880664618,83.0,0.016736447728915662
093,ISLE OF WIGHT COUNTY,401,COURTHOUSE,093,000302,38717849.895903155,19.2426974793,21,36,83598004.41372573,0.46314323131792573,46.0000000002,0.41831951041774645
093,ISLE OF WIGHT COUNTY,401,COURTHOUSE,093,000504,18930525.284334015,13.0000000001,13,23,83598004.41372573,0.22644709544317618,46.0000000002,0.28260869565311914
093,ISLE OF WIGHT COUNTY,401,COURTHOUSE,093,000401,16764657.515576126,10.0,10,15,83598004.41372573,0.200538967803681,46.0000000002,0.21739130434688092
093,ISLE OF WIGHT COUNTY,401,COURTHOUSE,093,000403,9184971.71791244,3.7573025207999997,5,12,83598004.41372573,0.1098707054352171,46.0000000002,0.08168048958225356
093,ISLE OF WIGHT COUNTY,402,WINDSOR,093,000402,53998300.61075363,98.01820851290663,99,204,55538676.43742582,0.9722648084995742,102.99999999970663,0.9516330923610272
093,ISLE OF WIGHT COUNTY,402,WINDSOR,093,000504,1540375.82667219,4.9817914868,5,6,55538676.43742582,0.02773519150042578,102.99999999970663,0.04836690763897271
093,ISLE OF WIGHT COUNTY,403,ORBIT,093,000401,90618205.07953529,64.99999999959999,65,136,91276562.1247216,0.9927872278505985,65.99999999959999,0.984848484848393
093,ISLE OF WIGHT COUNTY,403,ORBIT,093,000504,658357.0451863067,1.0,1,1,91276562.1247216,0.007212772149401488,65.99999999959999,0.015151515151606981
093,ISLE OF WIGHT COUNTY,501,WALTERS,093,000501,69238994.4855339,62.000000000200004,62,139,69238994.4855339,1.0,62.000000000200004,1.0
093,ISLE OF WIGHT COUNTY,502,CAMPS MILL,093,000502,40536900.02830667,64.0000000003,64,216,40536900.02830667,1.0,64.0000000003,1.0
093,ISLE OF WIGHT COUNTY,503,CARRSVILLE,093,000503,50256377.71574108,47.000000000200004,47,120,50256377.71574108,1.0,47.000000000200004,1.0
093,ISLE OF WIGHT COUNTY,504,ZUNI,093,000504,65707391.6298094,67.0000000003,67,160,65707391.6298094,1.0,67.0000000003,1.0
095,JAMES CITY COUNTY,101,BERKELEY A,095,000202,7042983.44278869,32.16491114513108,36,163,15630368.964828514,0.45059610932005667,60.0000000004,0.5360818524152774
095,JAMES CITY COUNTY,101,BERKELEY A,095,000204,5844961.989305505,19.121606620091306,23,59,15630368.964828514,0.37394907327254073,60.0000000004,0.31869344366606384
095,JAMES CITY COUNTY,101,BERKELEY A,095,000203,1889232.5927439502,3.4419408972086942,5,40,15630368.964828514,0.12086935356389251,60.0000000004,0.057365681619762465
095,JAMES CITY COUNTY,101,BERKELEY A,095,000201,662136.599818746,2.0126102955,3,10,15630368.964828514,0.042362186158796826,60.0000000004,0.033543504924776375
095,JAMES CITY COUNTY,101,BERKELEY A,095,000304,96640.08107977186,3.0047484569,4,8,15630368.964828514,0.006182840680039707,60.0000000004,0.05007914094799947
095,JAMES CITY COUNTY,101,BERKELEY A,830,000002,51643.96402683868,0.13024062964404265,1,9,15630368.964828514,0.0033040783709615573,60.0000000004,0.002170677160719573
095,JAMES CITY COUNTY,101,BERKELEY A,830,000001,42770.29506501293,0.123941955924879,4,5,15630368.964828514,0.002736358633712021,60.0000000004,0.0020656992654008786
095,JAMES CITY COUNTY,102,BERKELEY B,095,000103,9965378.091928195,16.42904927623835,17,128,21970664.788476907,0.4535765388926602,63.00000000073835,0.260778559937235
095,JAMES CITY COUNTY,102,BERKELEY B,095,000102,5970733.622616084,20.000000000100002,20,58,21970664.788476907,0.271759351849362,63.00000000073835,0.3174603174581842
095,JAMES CITY COUNTY,102,BERKELEY B,095,000203,2652031.2928607585,4.5709507243,5,39,21970664.788476907,0.12070783102802088,63.00000000073835,0.07255477340073697
095,JAMES CITY COUNTY,102,BERKELEY B,095,000202,1832452.5245267253,10.0000000001,10,23,21970664.788476907,0.08340450970276526,63.00000000073835,0.15873015872988572
095,JAMES CITY COUNTY,102,BERKELEY B,095,000201,1337162.2325299266,11.0,11,19,21970664.788476907,0.06086125501451538,63.00000000073835,0.17460317460112829
095,JAMES CITY COUNTY,102,BERKELEY B,095,001042,212907.02401521875,1.0,1,1,21970664.788476907,0.009690513512676387,63.00000000073835,0.015873015872829844
095,JAMES CITY COUNTY,201,JAMESTOWN A,095,000101,13341042.488197474,56.5153281865,58,109,17493410.7691073,0.7626324371092484,72.99999999992168,0.7741825778980909
095,JAMES CITY COUNTY,201,JAMESTOWN A,095,001042,2274742.118000726,8.994430718334767,9,31,17493410.7691073,0.1300342253448844,72.99999999992168,0.12321137970334817
095,JAMES CITY COUNTY,201,JAMESTOWN A,095,001041,1868653.3094263826,7.4846718135,9,16,17493410.7691073,0.10682040992979788,72.99999999992168,0.10252975086997301
095,JAMES CITY COUNTY,201,JAMESTOWN A,830,000002,7775.853382282481,0.005569281586917399,1,4,17493410.7691073,0.00044450184614737014,72.99999999992168,7.629152858799142e-05
095,JAMES CITY COUNTY,201,JAMESTOWN A,095,000201,1197.0001004337628,0.0,1,2,17493410.7691073,6.842576992175932e-05,72.99999999992168,0.0
095,JAMES CITY COUNTY,202,JAMESTOWN B,095,000504,25167061.08633906,32.0114996442,33,108,47257858.52866888,0.5325476411731928,47.0000000001,0.6810957371091891
095,JAMES CITY COUNTY,202,JAMESTOWN B,095,001041,20510659.45650174,9.8308677541,10,25,47257858.52866888,0.4340158461488261,47.0000000001,0.2091673990229592
095,JAMES CITY COUNTY,202,JAMESTOWN B,095,000502,856640.5847875125,3.0131323249,5,12,47257858.52866888,0.018126944628010035,47.0000000001,0.06410919840199125
095,JAMES CITY COUNTY,202,JAMESTOWN B,095,000101,723497.4010405669,2.1445002769,4,5,47257858.52866888,0.015309568049971174,47.0000000001,0.04562766546586037
095,JAMES CITY COUNTY,203,JAMESTOWN C,095,000503,708288.5842207891,17.0,17,22,708288.5842207891,1.0,17.0,1.0
095,JAMES CITY COUNTY,301,POWHATAN A,095,000301,67453628.98934688,43.9999999999,44,182,97185028.84061672,0.6940742807204463,73.0,0.6027397260260273
095,JAMES CITY COUNTY,301,POWHATAN A,095,000103,24334344.097046074,15.0000000001,15,55,97185028.84061672,0.25039190076235257,73.0,0.20547945205616439
095,JAMES CITY COUNTY,301,POWHATAN A,095,000302,3791867.243846583,6.9999999999,7,17,97185028.84061672,0.03901698943841689,73.0,0.09589041095753424
095,JAMES CITY COUNTY,301,POWHATAN A,095,000204,1604026.6154675544,7.0000000001,7,10,97185028.84061672,0.01650487358601452,73.0,0.09589041096027397
095,JAMES CITY COUNTY,301,POWHATAN A,095,000304,1161.8949096256865,0.0,1,1,97185028.84061672,1.195549276968567e-05,73.0,0.0
095,JAMES CITY COUNTY,302,POWHATAN B,095,000402,11974116.250021257,20.997799520204985,21,138,20075117.428404815,0.5964655645340715,55.99999999970498,0.3749607057199215
095,JAMES CITY COUNTY,302,POWHATAN B,095,000304,6904412.744234339,33.75221089876189,34,114,20075117.428404815,0.3439288845436641,55.99999999970498,0.6027180517667804
095,JAMES CITY COUNTY,302,POWHATAN B,095,000302,1177733.5437158043,0.24778910123811296,2,9,20075117.428404815,0.05866633397866943,55.99999999970498,0.004424805379275328
095,JAMES CITY COUNTY,302,POWHATAN B,095,000301,14506.80577740045,1.0,1,1,20075117.428404815,0.0007226261977862399,55.99999999970498,0.01785714285723693
095,JAMES CITY COUNTY,302,POWHATAN B,095,000401,4348.084656014471,0.0022004795,1,1,20075117.428404815,0.0002165907458086522,55.99999999970498,3.92942767859213e-05
095,JAMES CITY COUNTY,401,STONEHOUSE A,095,000303,44402006.47041027,36.529618590597195,38,163,86001691.91210668,0.5162922435966598,91.00000000071813,0.40142438011328485
095,JAMES CITY COUNTY,401,STONEHOUSE A,095,000402,20159919.587991603,33.42252924178176,34,92,86001691.91210668,0.23441305792675504,91.00000000071813,0.36728054111558245
095,JAMES CITY COUNTY,401,STONEHOUSE A,095,000401,17852180.318698544,16.0422075175,20,70,86001691.91210668,0.20757940828586707,91.00000000071813,0.17628799469641102
095,JAMES CITY COUNTY,401,STONEHOUSE A,095,000403,3579381.4180693766,5.0,5,20,86001691.91210668,0.041619895358890005,91.00000000071813,0.05494505494462135
095,JAMES CITY COUNTY,401,STONEHOUSE A,127,000502,8204.116936887847,0.005644650839178667,2,2,86001691.91210668,9.539483182810422e-05,91.00000000071813,6.202913010037497e-05
095,JAMES CITY COUNTY,402,STONEHOUSE B,095,000403,83005386.20356616,45.14501228609409,49,153,100198124.18828921,0.8284125763430962,95.9999999997402,0.47026054464808603
095,JAMES CITY COUNTY,402,STONEHOUSE B,095,000401,11530527.605991706,30.672108547940194,31,109,100198124.18828921,0.11507728013274875,95.9999999997402,0.319501130708575
095,JAMES CITY COUNTY,402,STONEHOUSE B,095,000402,5646670.105176947,19.9873569626,21,62,100198124.18828921,0.056355048070220355,95.9999999997402,0.20820163502764677
095,JAMES CITY COUNTY,402,STONEHOUSE B,199,000102,13901.675840690923,0.19552220310591573,7,14,100198124.18828921,0.0001387418771889115,95.9999999997402,0.002036689615692134
095,JAMES CITY COUNTY,402,STONEHOUSE B,127,000501,1638.5977137123184,0.0,5,12,100198124.18828921,1.635357674593904e-05,95.9999999997402,0.0
095,JAMES CITY COUNTY,5011,ROBERTS A PART 1,095,000502,3347887.8751236685,14.998052034,15,58,4004026.903728137,0.8361302148111095,29.0000000002,0.5171742080653988
095,JAMES CITY COUNTY,5011,ROBERTS A PART 1,095,000503,655964.4960011732,14.0019479662,15,28,4004026.903728137,0.1638261959205136,29.0000000002,0.4828257919346012
095,JAMES CITY COUNTY,5011,ROBERTS A PART 1,830,000001,174.5326032949768,0.0,1,1,4004026.903728137,4.358926837691077e-05,29.0000000002,0.0
095,JAMES CITY COUNTY,5012,ROBERTS A PART 2,095,000501,7952451.22237923,44.88168542638773,46,129,8188258.039880092,0.9712018336070518,45.99999999990703,0.9756888136190965
095,JAMES CITY COUNTY,5012,ROBERTS A PART 2,199,000103,210378.80015233575,0.18797374187514596,6,15,8188258.039880092,0.025692741866182874,45.99999999990703,0.004086385692946214
095,JAMES CITY COUNTY,5012,ROBERTS A PART 2,700,000110,14159.617866416726,0.6635795860500787,2,2,8188258.039880092,0.0017292588725775033,45.99999999990703,0.014425643175030867
095,JAMES CITY COUNTY,5012,ROBERTS A PART 2,700,000108,11268.399482109482,0.2667612455940734,2,3,8188258.039880092,0.0013761656541877245,45.99999999990703,0.005799157512926359
095,JAMES CITY COUNTY,502,ROBERTS B,095,000501,28686245.03249123,37.853380569723285,39,89,45566200.32134305,0.6295509572926732,57.999999999900005,0.6526444925825612
095,JAMES CITY COUNTY,502,ROBERTS B,095,000502,16867424.067251973,20.12875553378726,22,122,45566200.32134305,0.3701740313719187,57.999999999900005,0.34704750920382693
095,JAMES CITY COUNTY,502,ROBERTS B,199,000103,10080.302150050948,0.0006114542127402014,1,5,45566200.32134305,0.0002212232329876619,57.999999999900005,1.054231401278027e-05
095,JAMES CITY COUNTY,502,ROBERTS B,700,000108,2450.9194497943404,0.01725244217671775,2,2,45566200.32134305,5.378810242043241e-05,57.999999999900005,0.0002974558995990947
097,KING AND QUEEN COUNTY,101,OWENTON,097,000101,150754960.7692505,59.050033363167,60,212,162021412.91247532,0.9304631903851438,61.000000000200004,0.968033333819236
097,KING AND QUEEN COUNTY,101,OWENTON,097,000201,11249882.724428333,1.947793768727,2,15,162021412.91247532,0.06943454276939043,61.000000000200004,0.03193104538886252
097,KING AND QUEEN COUNTY,101,OWENTON,057,000201,16569.41879648508,0.0021728683059999998,1,1,162021412.91247532,0.00010226684546588883,61.000000000200004,3.562079190152255e-05
097,KING AND QUEEN COUNTY,201,CLARK'S,097,000201,123461484.5722764,53.98170533201687,54,251,146305460.70305276,0.8438610833730849,70.99999999979805,0.7603057089038087
097,KING AND QUEEN COUNTY,201,CLARK'S,097,000401,22809303.32387457,16.999999999899998,17,66,146305460.70305276,0.15590192747603057,70.99999999979805,0.23943661971758243
097,KING AND QUEEN COUNTY,201,CLARK'S,057,000401,17940.889826230996,0.016503182481180954,1,4,146305460.70305276,0.00012262624880861092,70.99999999979805,0.00023243918987644923
097,KING AND QUEEN COUNTY,201,CLARK'S,057,000201,16731.917075570633,0.0017914854,1,1,146305460.70305276,0.00011436290207602286,70.99999999979805,2.5232188732466136e-05
097,KING AND QUEEN COUNTY,301,SHACKLEFORD'S,097,000301,96179336.8857571,57.9981092598,58,194,96185391.79165213,0.999937049631111,57.9999999996,0.9999674010379309
097,KING AND QUEEN COUNTY,301,SHACKLEFORD'S,097,000501,6054.905895026575,0.0018907398,1,2,96185391.79165213,6.295036888909441e-05,57.9999999996,3.259896206919034e-05
097,KING AND QUEEN COUNTY,401,COURTHOUSE,097,000401,319501523.05621064,116.9274339576,117,328,319537538.171072,0.9998872898781548,118.0000000002,0.990910457266117
097,KING AND QUEEN COUNTY,401,COURTHOUSE,097,000201,35721.83251334575,0.0725660426,2,2,319537538.171072,0.00011179228806044445,118.0000000002,0.0006149664627108221
097,KING AND QUEEN COUNTY,401,COURTHOUSE,097,000501,293.28234802519376,1.0,1,1,319537538.171072,9.178337847372977e-07,118.0000000002,0.008474576271172077
097,KING AND QUEEN COUNTY,501,OLD MILL,097,000501,113675217.13700506,53.0000000000039,53,211,121004195.78940131,0.9394320287442612,60.0000000000039,0.883333333333341
097,KING AND QUEEN COUNTY,501,OLD MILL,097,000301,6488387.768064739,6.0,6,15,121004195.78940131,0.053621180040378844,60.0000000000039,0.0999999999999935
097,KING AND QUEEN COUNTY,501,OLD MILL,097,000401,840590.8843315142,1.0,1,10,121004195.78940131,0.006946791215359998,60.0000000000039,0.016666666666665584
099,KING GEORGE COUNTY,101,MADISON,099,000101,62587907.67531597,60.5109414851,62,145,86763171.44519307,0.7213649136241149,70.0000000001,0.8644420212144793
099,KING GEORGE COUNTY,101,MADISON,099,000201,17483986.365217473,8.4890585151,9,31,86763171.44519307,0.2015139151092677,70.0000000001,0.12127226450125532
099,KING GEORGE COUNTY,101,MADISON,099,000401,6691277.404659629,0.9999999999,1,12,86763171.44519307,0.07712117126661747,70.0000000001,0.014285714284265305
099,KING GEORGE COUNTY,102,PASSAPATANZY,099,000102,53462344.03590824,34.97944811,36,105,68217638.30755141,0.7837026517229955,43.9999999999,0.7949874570472614
099,KING GEORGE COUNTY,102,PASSAPATANZY,099,000101,14755294.271643177,9.0205518899,10,51,68217638.30755141,0.21629734827700456,43.9999999999,0.20501254295273869
099,KING GEORGE COUNTY,201,MONROE,099,000201,72429513.5922116,50.53859332938736,53,152,110615509.46952258,0.6547862405512656,69.0,0.7324433815853241
099,KING GEORGE COUNTY,201,MONROE,099,000301,23433260.98088952,11.514320657075576,13,35,110615509.46952258,0.21184426210454682,69.0,0.16687421242138517
099,KING GEORGE COUNTY,201,MONROE,099,000401,14752734.89642146,6.9470860135370645,7,32,110615509.46952258,0.13336949734418768,69.0,0.10068240599329079
099,KING GEORGE COUNTY,301,DAHLGREN,099,000301,69252461.96698491,81.9999999994,82,324,69252461.96698491,1.0,81.9999999994,1.0
099,KING GEORGE COUNTY,401,SHILOH,099,000401,146307635.48468736,75.58694353540078,76,219,151445459.79127967,0.9660747551384293,78.99999999970078,0.9567967536162921
099,KING GEORGE COUNTY,401,SHILOH,099,000301,5137824.306592319,3.4130564643,5,12,151445459.79127967,0.033925244861570676,78.99999999970078,0.04320324638370794
101,KING WILLIAM COUNTY,101,FIRST,101,000101,12236628.644887611,122.0000000002,122,292,12236628.644887611,1.0,122.0000000002,1.0
101,KING WILLIAM COUNTY,201,SECOND-A,101,000201,49736669.290426314,34.9985817922,35,168,84377991.39838335,0.5894507378778306,73.9999999999,0.47295380800334186
101,KING WILLIAM COUNTY,201,SECOND-A,101,000202,29622444.07916068,15.0,15,77,84377991.39838335,0.3510683720746668,73.9999999999,0.20270270270297663
101,KING WILLIAM COUNTY,201,SECOND-A,101,000101,5015159.026980933,24.0,24,37,84377991.39838335,0.05943681455158485,73.9999999999,0.3243243243247626
101,KING WILLIAM COUNTY,201,SECOND-A,127,000302,3719.001815424708,0.0014182077,1,1,84377991.39838335,4.407549591771822e-05,73.9999999999,1.9164968918944817e-05
101,KING WILLIAM COUNTY,202,SECOND-B,101,000202,20943296.755134042,15.9574468084,16,69,39884765.16960358,0.5250951501425676,33.0,0.4835589941939394
101,KING WILLIAM COUNTY,202,SECOND-B,101,000301,18941468.414469536,17.0425531916,18,72,39884765.16960358,0.47490484985743237,33.0,0.5164410058060606
101,KING WILLIAM COUNTY,301,THIRD,101,000202,131818433.8476012,58.999999999705054,59,221,284137333.0772181,0.4639250760187074,152.99999999971078,0.38562091503148094
101,KING WILLIAM COUNTY,301,THIRD,101,000201,79000308.73920973,60.9975964571,61,217,284137333.0772181,0.2780356522799499,152.99999999971078,0.39867710102755105
101,KING WILLIAM COUNTY,301,THIRD,101,000401,73288025.13034622,32.9292446033,33,158,284137333.0772181,0.25793169921261005,152.99999999971078,0.21522382093700815
101,KING WILLIAM COUNTY,301,THIRD,127,000102,26029.354632222145,0.0707553966057142,2,6,284137333.0772181,9.16083583608083e-05,152.99999999971078,0.0004624535725872415
101,KING WILLIAM COUNTY,301,THIRD,127,000302,4536.005428751752,0.002403543,1,2,284137333.0772181,1.596413037184041e-05,152.99999999971078,1.5709431372578718e-05
101,KING WILLIAM COUNTY,401,FOURTH,101,000401,51198769.085588455,39.0000000001,39,110,116081686.39231512,0.4410581089643606,70.9999999999,0.5492957746500695
101,KING WILLIAM COUNTY,401,FOURTH,101,000501,49709078.750140324,13.4199593176,15,61,116081686.39231512,0.4282249878946554,70.9999999999,0.18901351151575918
101,KING WILLIAM COUNTY,401,FOURTH,101,000301,15173838.55658635,18.5800406822,20,43,116081686.39231512,0.1307169031409841,70.9999999999,0.2616907138341714
101,KING WILLIAM COUNTY,501,FIFTH,101,000501,168015485.23319435,63.0000000005,63,260,203114199.76375175,0.8271971404688507,80.00000000043038,0.7875000000020135
101,KING WILLIAM COUNTY,501,FIFTH,101,000401,29010062.096543044,11.999999999930372,12,45,203114199.76375175,0.1428263613784045,80.00000000043038,0.1499999999983227
101,KING WILLIAM COUNTY,501,FIFTH,101,000301,6088652.434014346,5.0,6,29,203114199.76375175,0.02997649815274482,80.00000000043038,0.06249999999966377
103,LANCASTER COUNTY,101,PRECINCT 1-1,103,000101,131885583.07341592,238.8341507211,239,506,160161467.03907502,0.8234538900748171,263.0,0.908114641525095
103,LANCASTER COUNTY,101,PRECINCT 1-1,103,000201,28275883.965659097,24.1658492789,26,92,160161467.03907502,0.1765461099251829,263.0,0.09188535847490495
103,LANCASTER COUNTY,201,PRECINCT 2-1,103,000201,20435150.597585395,9.5510416911,11,22,35114125.37908779,0.5819638215951562,55.0,0.17365530347454544
103,LANCASTER COUNTY,201,PRECINCT 2-1,103,000101,14678974.781502394,45.4489583089,47,105,35114125.37908779,0.4180361784048437,55.0,0.8263446965254546
103,LANCASTER COUNTY,202,PRECINCT 2-2,103,000201,114170333.04312822,70.24739248528283,71,242,116609147.5596139,0.9790855643187093,80.0000000002,0.8780924060638401
103,LANCASTER COUNTY,202,PRECINCT 2-2,103,000401,2148233.8022941784,5.17358242705,7,8,116609147.5596139,0.01842251527647898,80.0000000002,0.06466978033796333
103,LANCASTER COUNTY,202,PRECINCT 2-2,103,000101,221591.51237545902,1.070589971117173,2,5,116609147.5596139,0.0019002927044139068,80.0000000002,0.013382374638931206
103,LANCASTER COUNTY,202,PRECINCT 2-2,133,000301,68989.20181604341,3.50843511675,4,5,116609147.5596139,0.0005916277003978112,80.0000000002,0.04385543895926536
103,LANCASTER COUNTY,301,PRECINCT 3-1,103,000301,160360041.76295522,121.99473024967597,122,300,188422137.57827574,0.8510679468135067,205.00000000002368,0.5950962451203018
103,LANCASTER COUNTY,301,PRECINCT 3-1,103,000302,12380717.721020227,35.005269750147704,36,142,188422137.57827574,0.06570734139918637,205.00000000002368,0.17075741341533493
103,LANCASTER COUNTY,301,PRECINCT 3-1,103,000501,6913539.072227647,11.1691409695,12,66,188422137.57827574,0.03669175586841845,205.00000000002368,0.054483614485359565
103,LANCASTER COUNTY,301,PRECINCT 3-1,103,000401,6328690.122707378,22.8308590308,24,45,188422137.57827574,0.03358782680234835,205.00000000002368,0.11137004405267006
103,LANCASTER COUNTY,301,PRECINCT 3-1,103,000201,2439148.8993652654,13.9999999999,14,49,188422137.57827574,0.01294512911654012,205.00000000002368,0.06829268292633357
103,LANCASTER COUNTY,401,PRECINCT 4-1,103,000401,25885743.962731075,39.16666815190869,43,109,40757571.592339456,0.6351149725416025,87.0000000002,0.4501915879519385
103,LANCASTER COUNTY,401,PRECINCT 4-1,103,000301,7184568.563375112,20.669253693591312,22,42,40757571.592339456,0.1762756779338021,87.0000000002,0.23757762866142293
103,LANCASTER COUNTY,401,PRECINCT 4-1,103,000501,6878877.062875361,23.8488617013,29,70,40757571.592339456,0.1687754396085824,87.0000000002,0.27412484714074914
103,LANCASTER COUNTY,401,PRECINCT 4-1,103,000302,808382.0033579051,3.3152164533999997,4,11,40757571.592339456,0.01983390991601285,87.0000000002,0.038105936245889406
103,LANCASTER COUNTY,501,PRECINCT 5-1,103,000501,38831284.25671749,141.9535225139,142,330,58253208.553735584,0.6665947717008176,185.0000000003,0.7673163379117287
103,LANCASTER COUNTY,501,PRECINCT 5-1,103,000301,19383819.678790595,41.85923698202805,42,69,58253208.553735584,0.33275110779365946,185.0000000003,0.22626614584843338
103,LANCASTER COUNTY,501,PRECINCT 5-1,103,000401,38104.618227503415,1.1872405043719505,3,3,58253208.553735584,0.000654120505522951,185.0000000003,0.006417516239837975
105,LEE COUNTY,101,ELYDALE,105,000101,75534023.66885126,44.00000000016203,44,237,75534023.66885126,1.0,44.00000000016203,1.0
105,LEE COUNTY,102,EWING,105,000102,60079213.09064505,65.3625542725,67,130,62587291.588216245,0.9599267130127196,67.0000000002,0.9755605115269387
105,LEE COUNTY,102,EWING,105,000103,2508078.497571189,1.6374457276999999,2,4,62587291.588216245,0.04007328698728038,67.0000000002,0.02443948847306137
105,LEE COUNTY,103,ROSE HILL,105,000103,110892629.61309044,108.0000000001972,108,257,110892629.61309044,1.0,108.0000000001972,1.0
105,LEE COUNTY,201,BLACKWATER,105,000201,81479568.46287034,29.999999999735294,30,95,82345933.00788732,0.9894789637645615,30.999999999735294,0.9677419354835956
105,LEE COUNTY,201,BLACKWATER,105,000203,866364.5450169744,1.0,1,1,82345933.00788732,0.010521036235438508,30.999999999735294,0.03225806451640448
105,LEE COUNTY,202,FLATWOODS,105,000202,130601072.8836737,76.5721998529,77,205,143960963.93768823,0.9071978216275546,81.9999999999,0.9338073152804071
105,LEE COUNTY,202,FLATWOODS,105,000103,12178541.570268303,5.0001461943,6,12,143960963.93768823,0.08459613798876506,81.9999999999,0.060977392613489
105,LEE COUNTY,202,FLATWOODS,105,000203,1181349.483746216,0.4276539527,1,2,143960963.93768823,0.008206040383680321,81.9999999999,0.0052152921061039215
105,LEE COUNTY,203,NORTH JONESVILLE,105,000203,29082791.494989675,25.999999999899998,26,59,35503064.82675046,0.8191628423323243,38.9999999999,0.666666666665812
105,LEE COUNTY,203,NORTH JONESVILLE,105,000301,6420273.331760782,13.0,13,39,35503064.82675046,0.18083715766767564,38.9999999999,0.3333333333341881
105,LEE COUNTY,204,SOUTH JONESVILLE,105,000203,70383015.97988832,45.99667118366789,46,177,70416142.02580667,0.9995295674405705,45.999999999867896,0.9999276344304345
105,LEE COUNTY,204,SOUTH JONESVILLE,105,000401,33126.045918347525,0.0033288162,1,2,70416142.02580667,0.0004704325594294449,45.999999999867896,7.236556956542522e-05
105,LEE COUNTY,301,BEN HUR,105,000301,64308085.848262556,60.97286238464291,61,219,64345489.259751685,0.9994187096575156,61.00000000004291,0.9995551210590167
105,LEE COUNTY,301,BEN HUR,105,000203,22830.37516732262,0.0261478853,1,1,64345489.259751685,0.0003548092559396094,61.00000000004291,0.00042865385737674765
105,LEE COUNTY,301,BEN HUR,105,000401,8542.978425368967,0.0009897301,1,4,64345489.259751685,0.00013276732407585605,61.00000000004291,1.6225083606545963e-05
105,LEE COUNTY,301,BEN HUR,105,000202,6030.057896436051,0.0,1,1,64345489.259751685,9.371376246893925e-05,61.00000000004291,0.0
105,LEE COUNTY,302,WEST PENNINGTON GAP,105,000502,7012381.506645605,28.565095047144307,29,55,13096001.701681487,0.5354597278148824,66.9999999999,0.42634470219682
105,LEE COUNTY,302,WEST PENNINGTON GAP,105,000301,6083620.195035881,38.43490495275569,39,78,13096001.701681487,0.4645402721851176,66.9999999999,0.5736552978031799
105,LEE COUNTY,303,WOODWAY,105,000302,36644435.42592454,25.999626155099207,26,157,36647365.96665824,0.9999200340691233,26.99999999968419,0.9629491168667895
105,LEE COUNTY,303,WOODWAY,105,000404,2810.1487709478474,1.0,1,1,36647365.96665824,7.66807844663248e-05,26.99999999968419,0.03703703703747025
105,LEE COUNTY,303,WOODWAY,105,000401,120.39196275113167,0.0003738445849825731,4,4,36647365.96665824,3.2851464102676363e-06,26.99999999968419,1.3846095740257254e-05
105,LEE COUNTY,401,STICKLEYVILLE,105,000401,82211077.23088443,44.30836403903916,46,262,101401463.30228458,0.8107484305804117,49.999999999783135,0.8861672807846268
105,LEE COUNTY,401,STICKLEYVILLE,105,000402,8025001.662781336,0.7512637618582662,2,18,101401463.30228458,0.07914088615130008,49.999999999783135,0.015025275237230492
105,LEE COUNTY,401,STICKLEYVILLE,105,000302,7682508.389577073,3.269971440985702,4,18,101401463.30228458,0.07576328920101477,49.999999999783135,0.0653994288199977
105,LEE COUNTY,401,STICKLEYVILLE,105,000203,3482876.019041738,1.6704007579,3,4,101401463.30228458,0.03434739406727347,49.999999999783135,0.0334080151581449
105,LEE COUNTY,402,JASPER,105,000402,27738855.308232687,28.853568426562646,29,98,29282239.57274871,0.947292820254351,29.0,0.9949506353987119
105,LEE COUNTY,402,JASPER,105,000401,1233125.8772257292,0.0,2,3,29282239.57274871,0.04211173377508079,29.0,0.0
105,LEE COUNTY,402,JASPER,105,000404,307156.0614564093,0.138272596,1,1,29282239.57274871,0.010489500322996528,29.0,0.004768020551724138
105,LEE COUNTY,402,JASPER,169,000602,2508.2524235208484,0.00016946098993573294,4,10,29282239.57274871,8.565780692044929e-05,29.0,5.843482411576998e-06
105,LEE COUNTY,402,JASPER,195,000302,594.073410360039,0.007989516447419371,3,6,29282239.57274871,2.0287840651126592e-05,29.0,0.0002755005671523921
105,LEE COUNTY,403,SEMINARY,105,000403,42665556.748080894,55.1318233217,56,209,52766494.64711782,0.8085728838614703,56.9999999995,0.9672249705646248
105,LEE COUNTY,403,SEMINARY,105,000404,9712143.855621282,1.8681442679,4,20,52766494.64711782,0.18405891694288948,56.9999999995,0.03277446084063838
105,LEE COUNTY,403,SEMINARY,105,000402,388794.043415649,3.24099e-05,2,5,52766494.64711782,0.007368199195640248,56.9999999995,5.68594736847093e-07
105,LEE COUNTY,404,DRYDEN,105,000404,37380681.72050803,79.9502179607,80,243,48062904.466497324,0.7777449601816006,89.9999999998,0.888335755120863
105,LEE COUNTY,404,DRYDEN,105,000503,7732224.753784594,1.0495137256,2,11,48062904.466497324,0.16087718458992445,89.9999999998,0.011661263617803692
105,LEE COUNTY,404,DRYDEN,105,000502,2598523.36464555,9.0002683135,10,29,48062904.466497324,0.054065050655789516,89.9999999998,0.10000298126133333
105,LEE COUNTY,404,DRYDEN,105,000403,351474.62755914836,0.0,1,4,48062904.466497324,0.0073128045726855075,89.9999999998,0.0
105,LEE COUNTY,501,SAINT CHARLES,105,000501,37579226.99352286,56.000000000338794,56,213,37597005.07242213,0.9995271410883653,56.000000000338794,1.0
105,LEE COUNTY,501,SAINT CHARLES,105,000503,17778.07889927124,0.0,1,1,37597005.07242213,0.0004728589116347377,56.000000000338794,0.0
105,LEE COUNTY,502,STONE CREEK,105,000501,52417669.86203295,70.9999999996636,71,254,52751280.17246837,0.9936757874056384,72.9999999996636,0.9726027397259012
105,LEE COUNTY,502,STONE CREEK,105,000503,333610.3104354204,2.0,4,5,52751280.17246837,0.006324212594361573,72.9999999996636,0.027397260274098854
105,LEE COUNTY,503,EAST PENNINGTON GAP,105,000502,25023826.820164923,75.6960358438,76,216,28349517.40367713,0.8826896932262825,78.0000000002,0.9704619979949476
105,LEE COUNTY,503,EAST PENNINGTON GAP,105,000404,3325690.583512207,2.3039641564,4,18,28349517.40367713,0.1173103067737175,78.0000000002,0.029538002005052466
105,LEE COUNTY,504,ROBBINS CHAPEL,105,000503,37384907.044020325,45.9963393022,46,155,38370544.56859509,0.9743126521748281,48.0,0.9582570687958333
105,LEE COUNTY,504,ROBBINS CHAPEL,105,000504,537776.1201980393,2.0,4,10,38370544.56859509,0.014015337187530817,48.0,0.041666666666666664
105,LEE COUNTY,504,ROBBINS CHAPEL,105,000501,447861.4043767198,0.0036606978,1,2,38370544.56859509,0.011672010637640996,48.0,7.62645375e-05
105,LEE COUNTY,505,KEOKEE,105,000504,48748555.56491865,63.54031081353303,64,210,48751514.02078667,0.9999393156104494,63.9999999998,0.9928173564645562
105,LEE COUNTY,505,KEOKEE,195,000101,2958.455868023403,0.45968918626696803,3,6,48751514.02078667,6.0684389550691214e-05,63.9999999998,0.007182643535443821
107,LOUDOUN COUNTY,101,SANDERS CORNER,107,000817,3527853.4178551747,19.00000000013132,19,92,6430079.903253324,0.5486484570853067,67.00000000013132,0.28358208955364295
107,LOUDOUN COUNTY,101,SANDERS CORNER,107,000808,2315693.414001654,43.0,43,118,6430079.903253324,0.36013446937572574,67.00000000013132,0.6417910447748615
107,LOUDOUN COUNTY,101,SANDERS CORNER,107,000810,586533.071396496,5.0,5,11,6430079.903253324,0.09121707353896757,67.00000000013132,0.07462686567149553
107,LOUDOUN COUNTY,102,ASHBURN FARM,107,000818,3050835.8824797915,14.5534733802,15,39,9325966.559399627,0.32713347866392023,72.9999999999,0.19936264904410872
107,LOUDOUN COUNTY,102,ASHBURN FARM,107,000819,1985400.5298219018,18.43760196,19,48,9325966.559399627,0.2128895184404044,72.9999999999,0.25256988986335965
107,LOUDOUN COUNTY,102,ASHBURN FARM,107,000615,1660631.8586509402,17.000000000100002,17,35,9325966.559399627,0.1780653885121636,72.9999999999,0.23287671233045604
107,LOUDOUN COUNTY,102,ASHBURN FARM,107,000625,1585267.9292096645,8.0,8,9,9325966.559399627,0.16998430340840923,72.9999999999,0.10958904109604053
107,LOUDOUN COUNTY,102,ASHBURN FARM,107,000810,925777.0410513617,14.9999999999,15,36,9325966.559399627,0.09926874980248267,72.9999999999,0.20547945205370613
107,LOUDOUN COUNTY,102,ASHBURN FARM,107,000629,93556.02638695989,0.0089246597,1,1,9325966.559399627,0.01003177802440916,72.9999999999,0.00012225561232893461
107,LOUDOUN COUNTY,102,ASHBURN FARM,107,000817,24497.29179900697,0.0,1,1,9325966.559399627,0.002626783148210647,72.9999999999,0.0
107,LOUDOUN COUNTY,103,GUILFORD,107,000710,1669433.816832502,19.0,19,27,2472084.041250528,0.6753143456999959,39.0,0.48717948717948717
107,LOUDOUN COUNTY,103,GUILFORD,107,000702,626640.7282935195,13.9999999999,14,22,2472084.041250528,0.25348682238833886,39.0,0.35897435897179486
107,LOUDOUN COUNTY,103,GUILFORD,107,000705,176009.4961245067,6.0000000001,6,13,2472084.041250528,0.07119883191166534,39.0,0.15384615384871794
107,LOUDOUN COUNTY,104,FOREST RIDGE,107,000629,7212492.442242478,25.0,25,92,16619534.668385403,0.43397679815683887,91.00000000020893,0.274725274724644
107,LOUDOUN COUNTY,104,FOREST RIDGE,107,000617,5272667.472467318,19.782119378310846,21,73,16619534.668385403,0.3172572263709211,91.00000000020893,0.21738592723368602
107,LOUDOUN COUNTY,104,FOREST RIDGE,107,000705,1535218.2127557446,21.0,21,32,16619534.668385403,0.09237431994267092,91.00000000020893,0.23076923076870096
107,LOUDOUN COUNTY,104,FOREST RIDGE,107,000710,1513879.6854815616,8.99518812061623,11,29,16619534.668385403,0.09109037741961254,91.00000000020893,0.09884822110544592
107,LOUDOUN COUNTY,104,FOREST RIDGE,107,000707,1085276.8554383004,16.222692501281845,17,51,16619534.668385403,0.06530127810995659,91.00000000020893,0.17827134616752308
107,LOUDOUN COUNTY,201,SIMPSON,107,000408,28665751.18057934,31.05822766172157,35,268,63752889.39748882,0.449638462687598,95.99999999946033,0.3235232048114184
107,LOUDOUN COUNTY,201,SIMPSON,107,000422,28368817.005596906,14.827624868292046,19,135,63752889.39748882,0.44498088280708314,95.99999999946033,0.15445442571224377
107,LOUDOUN COUNTY,201,SIMPSON,107,000505,2830522.53125633,21.1092420086,23,75,63752889.39748882,0.04439834112628976,95.99999999946033,0.21988793759081943
107,LOUDOUN COUNTY,201,SIMPSON,107,000509,2031144.584086574,5.902175706946716,7,39,63752889.39748882,0.031859647512173454,95.99999999946033,0.06148099694770724
107,LOUDOUN COUNTY,201,SIMPSON,107,000506,1841185.4436262343,20.9999999996,21,75,63752889.39748882,0.02888003133703862,95.99999999946033,0.21874999999706304
107,LOUDOUN COUNTY,201,SIMPSON,107,000407,15468.65234343889,2.1027297543000003,3,4,63752889.39748882,0.00024263452981706252,95.99999999946033,0.021903434940748135
107,LOUDOUN COUNTY,201,SIMPSON,107,000312,0.0,0.0,2,3,63752889.39748882,0.0,95.99999999946033,0.0
107,LOUDOUN COUNTY,201,SIMPSON,107,000318,0.0,0.0,1,1,63752889.39748882,0.0,95.99999999946033,0.0
107,LOUDOUN COUNTY,201,SIMPSON,107,000813,0.0,0.0,1,1,63752889.39748882,0.0,95.99999999946033,0.0
107,LOUDOUN COUNTY,201,SIMPSON,107,000817,0.0,0.0,1,1,63752889.39748882,0.0,95.99999999946033,0.0
107,LOUDOUN COUNTY,202,MIDDLEBURG,107,000307,56017043.42322735,75.99942593282404,76,217,56024704.3530462,0.9998632580054224,75.99999999972404,0.9999924464881579
107,LOUDOUN COUNTY,202,MIDDLEBURG,107,000309,6807.38955339951,7.67315e-05,1,2,56024704.3530462,0.00012150692506116501,75.99999999972404,1.009625000003666e-06
107,LOUDOUN COUNTY,202,MIDDLEBURG,061,000501,853.5402654586519,0.0004973354,1,2,56024704.3530462,1.5235069516475598e-05,75.99999999972404,6.543886842129025e-06
107,LOUDOUN COUNTY,203,ST LOUIS,107,000308,136805374.76555905,115.8066036482605,117,367,136938906.22753945,0.9990248829521208,118.00000000029999,0.9814118953217466
107,LOUDOUN COUNTY,203,ST LOUIS,043,000302,68044.88689431004,1.0294470945,2,6,136938906.22753945,0.000496899593905371,118.00000000029999,0.008724127919469346
107,LOUDOUN COUNTY,203,ST LOUIS,043,000301,53368.58011783013,1.0519634357608463,6,15,136938906.22753945,0.0003897254738485512,118.00000000029999,0.008914944370831965
107,LOUDOUN COUNTY,203,ST LOUIS,107,000307,9773.364399519556,0.0,1,1,136938906.22753945,7.13702531206143e-05,118.00000000029999,0.0
107,LOUDOUN COUNTY,203,ST LOUIS,061,000402,2338.5910489272683,0.11197781557864495,2,4,136938906.22753945,1.7077623250776044e-05,118.00000000029999,0.0009489645387996633
107,LOUDOUN COUNTY,203,ST LOUIS,107,000305,6.039519822054698,8.0062e-06,1,1,136938906.22753945,4.41037539179651e-08,118.00000000029999,6.784915254220038e-08
107,LOUDOUN COUNTY,204,ALDIE,107,000309,73857514.85761216,42.99420811643694,43,169,159996191.8186752,0.4616204549500491,99.99999999884255,0.42994208116934574
107,LOUDOUN COUNTY,204,ALDIE,107,000318,38056092.47888313,25.976382011484706,26,174,159996191.8186752,0.23785623924107124,99.99999999884255,0.2597638201178537
107,LOUDOUN COUNTY,204,ALDIE,107,000313,17249746.65625274,6.736482191547308,9,102,159996191.8186752,0.10781348268465041,99.99999999884255,0.0673648219162528
107,LOUDOUN COUNTY,204,ALDIE,107,000312,15710583.142347097,10.859793630130092,12,221,159996191.8186752,0.09819348175581587,99.99999999884255,0.10859793630255789
107,LOUDOUN COUNTY,204,ALDIE,107,000319,8039856.528349477,8.02361798826201,9,70,159996191.8186752,0.05025029931625562,99.99999999884255,0.0802361798835488
107,LOUDOUN COUNTY,204,ALDIE,107,000322,6739825.627670367,2.2635178081860823,3,56,159996191.8186752,0.04212491279360361,99.99999999884255,0.022635178082122814
107,LOUDOUN COUNTY,204,ALDIE,107,000316,221491.6009536879,0.32553787739541956,1,26,159996191.8186752,0.0013843554551892453,99.99999999884255,0.0032553787739918747
107,LOUDOUN COUNTY,204,ALDIE,107,000817,100719.05137173332,1.814668492,3,10,159996191.8186752,0.0006295090541022309,99.99999999884255,0.01814668492021004
107,LOUDOUN COUNTY,204,ALDIE,107,000307,19116.641820085617,1.0057918834,2,3,159996191.8186752,0.00011948185517909478,99.99999999884255,0.010057918834116414
107,LOUDOUN COUNTY,204,ALDIE,107,000315,1245.2334147110216,0.0,1,3,159996191.8186752,7.782894083643275e-06,99.99999999884255,0.0
107,LOUDOUN COUNTY,205,ARCOLA,107,000114,45180451.97499204,19.219058954971203,20,324,133764286.26850834,0.3377616943606323,193.99999999951152,0.09906731420113193
107,LOUDOUN COUNTY,205,ARCOLA,107,000120,15952237.226120384,9.829241195020147,10,119,133764286.26850834,0.1192563252204633,193.99999999951152,0.05066619172703555
107,LOUDOUN COUNTY,205,ARCOLA,107,000319,10576365.958055109,12.999999999720457,13,91,133764286.26850834,0.07906718791011906,193.99999999951152,0.0670103092770783
107,LOUDOUN COUNTY,205,ARCOLA,107,000629,8579259.725233037,8.043172672097128,14,97,133764286.26850834,0.0641371472502883,193.99999999951152,0.041459652949058665
107,LOUDOUN COUNTY,205,ARCOLA,107,000125,5616312.719315337,2.2026048847039315,4,82,133764286.26850834,0.041986638406918075,193.99999999951152,0.011353633426337512
107,LOUDOUN COUNTY,205,ARCOLA,107,000320,4491614.246108359,4.000791844099233,6,230,133764286.26850834,0.03357857595182193,193.99999999951152,0.020622638371697456
107,LOUDOUN COUNTY,205,ARCOLA,107,000628,3751213.11386122,0.8834319259922615,3,120,133764286.26850834,0.028043457775652595,193.99999999951152,0.0045537728144045666
107,LOUDOUN COUNTY,205,ARCOLA,107,000117,3488294.670293704,3.2554332472,7,61,133764286.26850834,0.0260779223483581,193.99999999951152,0.01678058374849586
107,LOUDOUN COUNTY,205,ARCOLA,107,000118,3344435.9824314485,0.3797257542755667,2,121,133764286.26850834,0.025002458247473318,193.99999999951152,0.001957349248848056
107,LOUDOUN COUNTY,205,ARCOLA,107,000124,3242700.325516278,10.158525416039334,11,93,133764286.26850834,0.024241899059717072,193.99999999951152,0.05236353307249955
107,LOUDOUN COUNTY,205,ARCOLA,107,000316,3145810.993320246,0.8041109586305445,1,100,133764286.26850834,0.02351757020558972,193.99999999951152,0.004144901848621491
107,LOUDOUN COUNTY,205,ARCOLA,107,000122,3135503.547075795,1.8139568618,4,106,133764286.26850834,0.023440513417623456,193.99999999951152,0.009350293102085398
107,LOUDOUN COUNTY,205,ARCOLA,107,000321,3045639.1545616146,0.19588904126292442,1,55,133764286.26850834,0.022768701867462802,193.99999999951152,0.001009737326100091
107,LOUDOUN COUNTY,205,ARCOLA,107,000616,2952095.0855332394,0.3365792536414179,1,45,133764286.26850834,0.02206938165548483,193.99999999951152,0.0017349446064034298
107,LOUDOUN COUNTY,205,ARCOLA,107,000107,2767369.09117767,54.11040993940356,58,118,133764286.26850834,0.020688400232799522,193.99999999951152,0.27891963886360727
107,LOUDOUN COUNTY,205,ARCOLA,107,000119,2489278.532548309,2.220372472629193,4,66,133764286.26850834,0.01860944054642148,193.99999999951152,0.011445218931107132
107,LOUDOUN COUNTY,205,ARCOLA,107,000314,2287676.022654052,1.0164922190007697,3,99,133764286.26850834,0.01710229304451222,193.99999999951152,0.005239650613419223
107,LOUDOUN COUNTY,205,ARCOLA,107,000126,2138099.174338887,0.22609139260331462,1,76,133764286.26850834,0.015984080908165787,193.99999999951152,0.0011654195495045562
107,LOUDOUN COUNTY,205,ARCOLA,107,000108,2011897.1340147706,0.5535808027636743,2,65,133764286.26850834,0.015040615026168045,193.99999999951152,0.0028535092926034442
107,LOUDOUN COUNTY,205,ARCOLA,107,000318,1970017.227588798,1.0,1,6,133764286.26850834,0.014727527672329025,193.99999999951152,0.005154639175270711
107,LOUDOUN COUNTY,205,ARCOLA,107,000112,1758466.9805484633,0.24123905069526605,1,45,133764286.26850834,0.013146012509038843,193.99999999951152,0.0012435002613189355
107,LOUDOUN COUNTY,205,ARCOLA,107,000123,1009691.1398326239,22.55229930509644,28,56,133764286.26850834,0.007548286377470336,193.99999999951152,0.11624896549048054
107,LOUDOUN COUNTY,205,ARCOLA,107,000121,829807.6193558718,37.9569830185,40,61,133764286.26850834,0.006203506500159381,193.99999999951152,0.1956545516422452
107,LOUDOUN COUNTY,205,ARCOLA,059,000923,48.6240310993341,9.7893651537627e-06,1,2,133764286.26850834,3.6350533057627866e-07,193.99999999951152,5.04606451226152e-08
107,LOUDOUN COUNTY,301,PURCELLVILLE,107,000301,12266180.380068572,35.86608290996379,36,144,22195264.480729707,0.5526485341374631,83.00000000043728,0.4321214808406606
107,LOUDOUN COUNTY,301,PURCELLVILLE,107,000310,9896804.275438862,45.9313896749,46,133,22195264.480729707,0.44589710945014555,83.00000000043728,0.5533902370440724
107,LOUDOUN COUNTY,301,PURCELLVILLE,107,000416,23516.13774480849,0.13904419097350354,2,14,22195264.480729707,0.001059511490175104,83.00000000043728,0.0016752312165394096
107,LOUDOUN COUNTY,301,PURCELLVILLE,107,000311,8763.687477463132,1.0634832246,3,4,22195264.480729707,0.00039484492221626417,83.00000000043728,0.012813050898727677
107,LOUDOUN COUNTY,302,ROUND HILL,107,000311,36901971.57030352,51.96432580078044,58,204,64422572.02086444,0.5728112121688053,106.93286378418716,0.4859528115290665
107,LOUDOUN COUNTY,302,ROUND HILL,107,000302,27515089.66645183,53.96853798340671,59,188,64422572.02086444,0.42710324663132915,106.93286378418716,0.5046955264597279
107,LOUDOUN COUNTY,302,ROUND HILL,107,000310,5510.784109095111,1.0,1,2,64422572.02086444,8.554119986563625e-05,106.93286378418716,0.009351662011205542
107,LOUDOUN COUNTY,302,ROUND HILL,107,000308,0.0,0.0,1,1,64422572.02086444,0.0,106.93286378418716,0.0
107,LOUDOUN COUNTY,303,HILLSBORO,107,000303,90982019.7493424,74.99991693459465,75,268,91998706.49349208,0.9889489017519871,77.00000000049465,0.9740248952482188
107,LOUDOUN COUNTY,303,HILLSBORO,107,000401,1011769.3143454586,1.0,1,1,91998706.49349208,0.010997647172539654,77.00000000049465,0.012987012986929558
107,LOUDOUN COUNTY,303,HILLSBORO,107,000311,4887.192993874265,1.0,1,1,91998706.49349208,5.31224098701864e-05,77.00000000049465,0.012987012986929558
107,LOUDOUN COUNTY,303,HILLSBORO,107,000421,30.23681034929591,8.30659e-05,2,3,91998706.49349208,3.286656030477433e-07,77.00000000049465,1.078777922070992e-06
107,LOUDOUN COUNTY,304,HAMILTON,107,000409,44880349.039308496,35.99965646097073,36,112,79411527.96183294,0.5651616357373083,100.99999999987074,0.35643224218828523
107,LOUDOUN COUNTY,304,HAMILTON,107,000416,34281101.52315952,63.4547852552696,64,221,79411527.96183294,0.431689232067614,100.99999999987074,0.6282652005480278
107,LOUDOUN COUNTY,304,HAMILTON,107,000310,195848.84056800778,0.2878380652162524,7,25,79411527.96183294,0.0024662520114477255,100.99999999987074,0.0028498818338279284
107,LOUDOUN COUNTY,304,HAMILTON,107,000301,54132.52206066954,1.257376679314152,2,8,79411527.96183294,0.0006816708285311789,100.99999999987074,0.0124492740526313
107,LOUDOUN COUNTY,304,HAMILTON,107,000402,96.03673625509607,0.0003435391,1,1,79411527.96183294,1.2093550989379477e-06,100.99999999987074,3.4013772277271255e-06
107,LOUDOUN COUNTY,304,HAMILTON,107,000309,0.0,0.0,1,1,79411527.96183294,0.0,100.99999999987074,0.0
107,LOUDOUN COUNTY,305,PHILOMONT,107,000305,29464418.623098068,35.99999999961001,36,104,55086258.668393925,0.5348778322460925,60.99999999941001,0.5901639344255443
107,LOUDOUN COUNTY,305,PHILOMONT,107,000315,25460834.037089344,22.9999999998,23,61,55086258.668393925,0.4621993697258959,60.99999999941001,0.377049180328237
107,LOUDOUN COUNTY,305,PHILOMONT,107,000309,130471.16865352132,0.0,1,2,55086258.668393925,0.002368488472577644,60.99999999941001,0.0
107,LOUDOUN COUNTY,305,PHILOMONT,107,000301,30534.839552996204,2.0,2,3,55086258.668393925,0.0005543095554339353,60.99999999941001,0.032786885246218755
107,LOUDOUN COUNTY,305,PHILOMONT,107,000409,0.0,0.0,2,2,55086258.668393925,0.0,60.99999999941001,0.0
107,LOUDOUN COUNTY,401,LOVETTSVILLE,107,000411,58149896.73843191,42.86139066101483,44,128,109744606.25938293,0.5298656464354503,88.00000000102025,0.4870612575058853
107,LOUDOUN COUNTY,401,LOVETTSVILLE,107,000401,50338610.54741405,45.138609340005424,47,285,109744606.25938293,0.45868869790682953,88.00000000102025,0.5129387424941148
107,LOUDOUN COUNTY,401,LOVETTSVILLE,107,000421,1254789.3989375478,0.0,4,8,109744606.25938293,0.01143372272867639,88.00000000102025,0.0
107,LOUDOUN COUNTY,401,LOVETTSVILLE,107,000402,1309.5745994299812,0.0,5,12,109744606.25938293,1.1932929043772621e-05,88.00000000102025,0.0
107,LOUDOUN COUNTY,402,WATERFORD,107,000402,68523657.89122123,52.99843543151642,54,180,76606846.82117224,0.8944847717225581,62.000000000238,0.8548134746985963
107,LOUDOUN COUNTY,402,WATERFORD,107,000409,7984602.841933679,8.275657528349337,9,62,76606846.82117224,0.10422831865893914,62.000000000238,0.13347834723092852
107,LOUDOUN COUNTY,402,WATERFORD,107,000403,76515.0539357216,0.0015645686,1,2,76606846.82117224,0.0009988017665618727,62.000000000238,2.5234977419257967e-05
107,LOUDOUN COUNTY,402,WATERFORD,107,000501,21961.522902086563,0.7243424717722463,2,7,76606846.82117224,0.0002866783298541527,62.000000000238,0.0116829430930559
107,LOUDOUN COUNTY,402,WATERFORD,107,000411,109.51117952033864,0.0,1,2,76606846.82117224,1.4295220866612207e-06,62.000000000238,0.0
107,LOUDOUN COUNTY,403,LUCKETTS,107,000403,85769385.53462994,55.96703570767962,56,235,86222614.53354314,0.9947435020224668,55.9999999999,0.999411351924635
107,LOUDOUN COUNTY,403,LUCKETTS,107,000402,453228.99891319906,0.03296429222037814,4,4,86222614.53354314,0.005256497977533256,55.9999999999,0.0005886480753649465
107,LOUDOUN COUNTY,404,BETWEEN THE HILLS,107,000421,29418149.843681473,19.997478640118135,20,72,29418149.843681473,1.0,19.997478640118135,1.0
107,LOUDOUN COUNTY,405,GREENWAY,107,000409,22955156.844640873,12.548565811075989,19,80,26025519.941242702,0.8820249084923673,39.99999999983848,0.3137141452781665
107,LOUDOUN COUNTY,405,GREENWAY,107,000507,1759585.0922305244,7.9907957456,10,30,26025519.941242702,0.06760998805031003,39.99999999983848,0.19976989364080666
107,LOUDOUN COUNTY,405,GREENWAY,107,000510,1268661.515661553,18.1562333443,21,28,26025519.941242702,0.04874682690396906,39.99999999983848,0.45390583360933284
107,LOUDOUN COUNTY,405,GREENWAY,107,000503,41977.825221060404,1.0399546366624934,3,6,26025519.941242702,0.001612948571856889,39.99999999983848,0.02599886591666732
107,LOUDOUN COUNTY,405,GREENWAY,107,000501,138.66348869060147,0.2644504622,2,3,26025519.941242702,5.327981496763917e-06,39.99999999983848,0.006611261555026697
107,LOUDOUN COUNTY,406,BALLS BLUFF,107,000413,7971908.436756532,13.7358082087,15,41,23583204.16859385,0.33803330454022257,71.0000000001,0.19346208744620638
107,LOUDOUN COUNTY,406,BALLS BLUFF,107,000420,4324098.605240535,12.50484293219463,17,72,23583204.16859385,0.18335500868872645,71.0000000001,0.17612454834052138
107,LOUDOUN COUNTY,406,BALLS BLUFF,107,000509,3774107.86856452,21.2046976446,25,119,23583204.16859385,0.16003371897999183,71.0000000001,0.2986577133038047
107,LOUDOUN COUNTY,406,BALLS BLUFF,107,000508,3409465.5554622575,11.282417024899999,14,67,23583204.16859385,0.1445717694291389,71.0000000001,0.15890728204062124
107,LOUDOUN COUNTY,406,BALLS BLUFF,107,000414,1822195.7384749025,1.8143187178,2,38,23583204.16859385,0.07726667358040988,71.0000000001,0.025553784757710488
107,LOUDOUN COUNTY,406,BALLS BLUFF,107,000407,1601154.7729122955,9.45788547260537,11,39,23583204.16859385,0.06789386045533967,71.0000000001,0.13320965454354997
107,LOUDOUN COUNTY,406,BALLS BLUFF,107,000501,543361.8072747672,0.0,2,3,23583204.16859385,0.023040202823599826,71.0000000001,0.0
107,LOUDOUN COUNTY,406,BALLS BLUFF,107,000403,132147.72110809322,1.0000299993,2,5,23583204.16859385,0.005603467627358142,71.0000000001,0.014084929567585794
107,LOUDOUN COUNTY,406,BALLS BLUFF,107,000822,4763.662799947064,0.0,2,5,23583204.16859385,0.00020199387521272082,71.0000000001,0.0
107,LOUDOUN COUNTY,406,BALLS BLUFF,107,000813,0.0,0.0,1,1,23583204.16859385,0.0,71.0000000001,0.0
107,LOUDOUN COUNTY,501,WEST LEESBURG,107,000501,3078732.0660268534,47.9875859737,49,67,3106826.0926305875,0.9909573224357896,48.9999999999,0.9793384892611824
107,LOUDOUN COUNTY,501,WEST LEESBURG,107,000413,27982.751595134978,0.0208963195,1,6,3106826.0926305875,0.009006861266393459,48.9999999999,0.0004264555000008703
107,LOUDOUN COUNTY,501,WEST LEESBURG,107,000409,111.27500859930291,0.9915177067000001,2,4,3106826.0926305875,3.581629781700623e-05,48.9999999999,0.02023505523881681
107,LOUDOUN COUNTY,501,WEST LEESBURG,107,000503,0.0,0.0,1,1,3106826.0926305875,0.0,48.9999999999,0.0
107,LOUDOUN COUNTY,502,EAST LEESBURG,107,000502,2395313.2369295345,36.9999999999,37,68,2395313.2369295345,1.0,36.9999999999,1.0
107,LOUDOUN COUNTY,503,DRY MILL,107,000503,1704050.6114632727,16.0000000001,16,30,1704050.6114632727,1.0,16.0000000001,1.0
107,LOUDOUN COUNTY,504,OAKCREST,107,000504,2777867.0685752407,43.9971802634,44,97,2788663.0841955203,0.9961286052512169,44.0,0.9999359150772726
107,LOUDOUN COUNTY,504,OAKCREST,107,000502,10796.015620279568,0.0028197366,1,4,2788663.0841955203,0.0038713947487830093,44.0,6.408492272727273e-05
107,LOUDOUN COUNTY,604,SUGARLAND NORTH,107,000214,3356878.012301342,16.99889711639205,17,53,3602800.773604166,0.93174122668548,27.000000000100002,0.6295887820862627
107,LOUDOUN COUNTY,604,SUGARLAND NORTH,107,000215,148445.92227525744,4.001102883707949,5,7,3602800.773604166,0.04120292283793291,27.000000000100002,0.14818899569233815
107,LOUDOUN COUNTY,604,SUGARLAND NORTH,107,000209,97476.83902756662,6.0,6,7,3602800.773604166,0.02705585047658709,27.000000000100002,0.22222222222139917
107,LOUDOUN COUNTY,604,SUGARLAND NORTH,107,000217,0.0,0.0,1,1,3602800.773604166,0.0,27.000000000100002,0.0
107,LOUDOUN COUNTY,605,SUGARLAND SOUTH,107,000215,1997997.5594170114,20.9683440503,21,40,2029700.5204603598,0.9843804735113544,23.000000000100002,0.9116671326177753
107,LOUDOUN COUNTY,605,SUGARLAND SOUTH,107,000708,31702.96104334838,2.0316559498,3,4,2029700.5204603598,0.015619526488645615,23.000000000100002,0.08833286738222464
107,LOUDOUN COUNTY,606,SENECA,107,000708,2839335.783390206,20.831256013117898,22,68,4380667.011239273,0.6481514746739377,52.0000000001,0.40060107717457377
107,LOUDOUN COUNTY,606,SENECA,107,000709,1520250.3522367727,30.0,30,51,4380667.011239273,0.3470362728635474,52.0000000001,0.5769230769219674
107,LOUDOUN COUNTY,606,SENECA,059,000329,20086.12328924445,1.167894448600793,3,8,4380667.011239273,0.004585174640690658,52.0000000001,0.022459508626895133
107,LOUDOUN COUNTY,606,SENECA,059,000321,994.7523230492367,0.000849538381309057,1,1,4380667.011239273,0.00022707782182417589,52.0000000001,1.6337276563604293e-05
107,LOUDOUN COUNTY,607,LOWES ISLAND,107,000217,4011020.522113821,14.8506956527,16,55,6478759.168343725,0.6191031982964149,32.99999999977774,0.4500210803878794
107,LOUDOUN COUNTY,607,LOWES ISLAND,107,000216,2386856.9029358746,17.14929455832124,18,33,6478759.168343725,0.36841266065243594,32.99999999977774,0.5196755926799013
107,LOUDOUN COUNTY,607,LOWES ISLAND,059,000329,80326.40846823437,9.78875649839098e-06,1,1,6478759.168343725,0.012398424818863822,32.99999999977774,2.966289848017245e-07
107,LOUDOUN COUNTY,607,LOWES ISLAND,107,000214,555.3348257951044,1.0,1,1,6478759.168343725,8.571623228542914e-05,32.99999999977774,0.030303030303234398
107,LOUDOUN COUNTY,701,SULLY,107,000705,825520.3013374622,22.0,22,25,1613546.3509723786,0.5116185852609534,44.0,0.5
107,LOUDOUN COUNTY,701,SULLY,107,000701,788026.0496349164,22.0,22,27,1613546.3509723786,0.4883814147390465,44.0,0.5
107,LOUDOUN COUNTY,702,PARK VIEW,107,000702,3160361.901571616,17.0,17,47,3160361.901571616,1.0,17.0,1.0
107,LOUDOUN COUNTY,703,ROLLING RIDGE,107,000703,1582304.7302463308,32.5364608950625,35,88,2883497.774225017,0.5487449112637511,54.0000000001,0.6025270536111527
107,LOUDOUN COUNTY,703,ROLLING RIDGE,107,000701,1278546.604715405,18.999999999899998,19,33,2883497.774225017,0.44340128025901926,54.0000000001,0.35185185184934836
107,LOUDOUN COUNTY,703,ROLLING RIDGE,059,000321,22646.439263280987,2.463539105137503,5,17,2883497.774225017,0.007853808477229553,54.0000000001,0.045621094539498905
107,LOUDOUN COUNTY,803,FARMWELL STATION,107,000622,8268889.884661459,18.403924071,22,142,16361296.931165786,0.5053933022210776,73.99999999979984,0.24870167663580783
107,LOUDOUN COUNTY,803,FARMWELL STATION,107,000623,3178732.6000545593,2.0511896544166177,4,156,16361296.931165786,0.1942836569391731,73.99999999979984,0.02771877911381305
107,LOUDOUN COUNTY,803,FARMWELL STATION,107,000620,2268935.5855599693,31.2195833658,33,95,16361296.931165786,0.13867700067456093,73.99999999979984,0.42188626170114113
107,LOUDOUN COUNTY,803,FARMWELL STATION,107,000627,1566199.2605878403,13.95764703888322,15,57,16361296.931165786,0.0957258625142649,73.99999999979984,0.18861685187731045
107,LOUDOUN COUNTY,803,FARMWELL STATION,107,000626,759010.1107390106,3.0,7,12,16361296.931165786,0.046390583456328065,73.99999999979984,0.0405405405406502
107,LOUDOUN COUNTY,803,FARMWELL STATION,107,000621,319529.48956294794,5.3676558697,7,11,16361296.931165786,0.019529594194595466,73.99999999979984,0.07253589013127729
107,LOUDOUN COUNTY,804,ALGONKIAN,107,000219,4242797.795786358,18.9683052929,19,53,7077269.834497989,0.5994964011552786,29.0,0.6540794928586207
107,LOUDOUN COUNTY,804,ALGONKIAN,107,000208,2114731.166444665,4.0,6,19,7077269.834497989,0.29880606729680653,29.0,0.13793103448275862
107,LOUDOUN COUNTY,804,ALGONKIAN,107,000213,704986.8821613144,6.0316947071,7,24,7077269.834497989,0.09961283074510908,29.0,0.2079894726586207
107,LOUDOUN COUNTY,804,ALGONKIAN,107,000207,14753.99010565118,0.0,2,2,7077269.834497989,0.0020847008028057933,29.0,0.0
107,LOUDOUN COUNTY,804,ALGONKIAN,107,000209,0.0,0.0,1,3,7077269.834497989,0.0,29.0,0.0
107,LOUDOUN COUNTY,805,ASHBURN VILLAGE,107,000814,5673939.504697567,6.216758631588523,8,50,26861182.924644876,0.21123192975584787,82.9999999994121,0.07490070640521154
107,LOUDOUN COUNTY,805,ASHBURN VILLAGE,107,000815,3831264.2223828533,5.580763451992124,7,98,26861182.924644876,0.14263199923588268,82.9999999994121,0.06723811387989943
107,LOUDOUN COUNTY,805,ASHBURN VILLAGE,107,000218,3628745.4976277896,19.88217664514397,21,82,26861182.924644876,0.13509254256626393,82.9999999994121,0.23954429693114218
107,LOUDOUN COUNTY,805,ASHBURN VILLAGE,107,000822,3408951.3703929037,0.2712019054759999,1,41,26861182.924644876,0.1269099495713282,82.9999999994121,0.0032674928370833843
107,LOUDOUN COUNTY,805,ASHBURN VILLAGE,107,000621,2707331.7863454055,28.0,28,71,26861182.924644876,0.10078974533401709,82.9999999994121,0.33734939759275095
107,LOUDOUN COUNTY,805,ASHBURN VILLAGE,107,000820,2487978.648307912,9.703907300907199,11,81,26861182.924644876,0.09262356967999409,82.9999999994121,0.11691454579489076
107,LOUDOUN COUNTY,805,ASHBURN VILLAGE,107,000813,2264992.6116743493,5.2658579967,7,83,26861182.924644876,0.0843221468700189,82.9999999994121,0.06344407224984698
107,LOUDOUN COUNTY,805,ASHBURN VILLAGE,107,000808,1980339.3537283824,4.057658218004278,6,11,26861182.924644876,0.07372494946644513,82.9999999994121,0.04888744841003637
107,LOUDOUN COUNTY,805,ASHBURN VILLAGE,107,000810,673426.694873727,3.0,3,14,26861182.924644876,0.02507062688798655,82.9999999994121,0.03614457831350903
107,LOUDOUN COUNTY,805,ASHBURN VILLAGE,107,000627,192053.7704099011,0.0216758496,1,4,26861182.924644876,0.0071498627200700686,82.9999999994121,0.00026115481445968116
107,LOUDOUN COUNTY,805,ASHBURN VILLAGE,107,000219,12159.464204085114,1.0,1,3,26861182.924644876,0.00045267791214544475,82.9999999994121,0.012048192771169676
107,LOUDOUN COUNTY,806,POTOMAC,107,000209,3257691.7049624566,18.0121930183,20,56,6179913.480875904,0.5271419600037396,57.999999999799996,0.3105550520407261
107,LOUDOUN COUNTY,806,POTOMAC,107,000207,1453926.1554088083,12.9962952932,14,23,6179913.480875904,0.23526642563978703,57.999999999799996,0.22407405678008302
107,LOUDOUN COUNTY,806,POTOMAC,107,000208,523044.0831489353,3.0,3,6,6179913.480875904,0.08463614980493257,57.999999999799996,0.051724137931212846
107,LOUDOUN COUNTY,806,POTOMAC,107,000210,520771.2847992952,14.991511688300001,16,44,6179913.480875904,0.08426837793293575,57.999999999799996,0.2584743394543396
107,LOUDOUN COUNTY,806,POTOMAC,107,000213,424480.2525564086,9.0,9,22,6179913.480875904,0.0686870866186051,57.999999999799996,0.15517241379363853
107,LOUDOUN COUNTY,807,CASCADES,107,000619,3468162.6095007006,21.6340892796,22,132,9199799.025243482,0.3769824318970829,57.0000000001,0.3795454259572289
107,LOUDOUN COUNTY,807,CASCADES,107,000707,2751891.624006066,9.3659107205,10,50,9199799.025243482,0.2991251891976232,57.0000000001,0.1643142231663784
107,LOUDOUN COUNTY,807,CASCADES,107,000210,2364871.657521851,20.0,20,72,9199799.025243482,0.2570568825506775,57.0000000001,0.35087719298184056
107,LOUDOUN COUNTY,807,CASCADES,107,000702,614873.1342148635,6.0,6,9,9199799.025243482,0.06683549635461633,57.0000000001,0.10526315789455216
109,LOUISA COUNTY,101,ZION,109,000101,86481008.0248123,60.99937358948772,61,209,87633168.74156246,0.9868524585691066,63.00000000037222,0.9682440252242431
109,LOUISA COUNTY,101,ZION,109,000301,1149636.1095057186,2.0,2,3,87633168.74156246,0.013118732621618324,63.00000000037222,0.031746031745844186
109,LOUISA COUNTY,101,ZION,003,000501,2524.6072444404545,0.0006264108845031004,2,2,87633168.74156246,2.8808809275010153e-05,63.00000000037222,9.94302991268888e-06
109,LOUISA COUNTY,102,MECHANICSVILLE,109,000102,96480785.76300293,67.71711914604536,72,191,117249831.75078592,0.8228650252400573,78.99999999972431,0.8571787233706541
109,LOUISA COUNTY,102,MECHANICSVILLE,109,000202,15135156.640491383,4.105250555880577,5,18,117249831.75078592,0.12908467683485553,78.99999999972431,0.051965196910062066
109,LOUISA COUNTY,102,MECHANICSVILLE,109,000302,5348920.146111614,1.0,1,8,117249831.75078592,0.0456198534892632,78.99999999972431,0.01265822784814544
109,LOUISA COUNTY,102,MECHANICSVILLE,137,000102,228694.12426537788,5.750998617752045,14,21,117249831.75078592,0.0019504857350368433,78.99999999972431,0.07279745085787487
109,LOUISA COUNTY,102,MECHANICSVILLE,003,000501,56275.07691460333,0.4266316800463318,4,8,117249831.75078592,0.00047995870078701517,78.99999999972431,0.005400401013263553
109,LOUISA COUNTY,103,TREVILIANS,109,000202,21350333.403128088,8.9999999999,9,27,44720970.854402065,0.4774121177431122,18.9999999998,0.47368421052603876
109,LOUISA COUNTY,103,TREVILIANS,109,000302,18754873.021005712,4.9999999999,5,23,44720970.854402065,0.4193753548433888,18.9999999998,0.26315789473434903
109,LOUISA COUNTY,103,TREVILIANS,109,000102,2724321.659650011,3.0,3,4,44720970.854402065,0.0609182137060391,18.9999999998,0.1578947368437673
109,LOUISA COUNTY,103,TREVILIANS,109,000101,1891442.7706182553,2.0,2,3,44720970.854402065,0.04229431370745997,18.9999999998,0.10526315789584488
109,LOUISA COUNTY,201,LOUISA,109,000202,64163371.44373546,47.1118281165,49,120,126781481.24883409,0.5060941930296742,99.9999999999,0.4711182811654711
109,LOUISA COUNTY,201,LOUISA,109,000201,57683220.338700935,48.72260249700131,52,156,126781481.24883409,0.4549814355417259,99.9999999999,0.4872260249705003
109,LOUISA COUNTY,201,LOUISA,109,000401,2703875.0980458646,1.3004788445125,3,8,126781481.24883409,0.021327050854840286,99.9999999999,0.013004788445138004
109,LOUISA COUNTY,201,LOUISA,109,000301,1968404.080709871,1.8650905418861874,2,3,126781481.24883409,0.015525959006950574,99.9999999999,0.018650905418880526
109,LOUISA COUNTY,201,LOUISA,109,000402,262610.2876419559,1.0,1,2,126781481.24883409,0.00207136156680904,99.9999999999,0.010000000000010001
109,LOUISA COUNTY,301,PATRICK HENRY #1,109,000301,98356964.25681491,54.7813141885,56,156,99435658.05133006,0.9891518413448995,56.0,0.9782377533660714
109,LOUISA COUNTY,301,PATRICK HENRY #1,109,000302,1030586.392166247,1.0,1,1,99435658.05133006,0.01036435432080355,56.0,0.017857142857142856
109,LOUISA COUNTY,301,PATRICK HENRY #1,075,000102,44064.977164270764,0.19529585550599665,1,2,99435658.05133006,0.0004431506566942395,56.0,0.003487425991178512
109,LOUISA COUNTY,301,PATRICK HENRY #1,065,000201,4042.4251846339002,0.023389955994003352,1,1,99435658.05133006,4.065367760272823e-05,56.0,0.0004176777856072027
109,LOUISA COUNTY,302,PATRICK HENRY #2,109,000301,51417479.299124524,19.796530750396087,20,80,67898546.55584875,0.7572692186692389,23.9999999998,0.8248554479400441
109,LOUISA COUNTY,302,PATRICK HENRY #2,109,000302,16458172.744508749,4.203469249403912,5,29,67898546.55584875,0.24239359425715204,23.9999999998,0.17514455205995585
109,LOUISA COUNTY,302,PATRICK HENRY #2,109,000201,22894.512215478422,0.0,1,2,67898546.55584875,0.00033718707360910804,23.9999999998,0.0
109,LOUISA COUNTY,401,MINERAL,109,000401,119327743.31916954,105.9138149061,106,333,119577584.58579803,0.997910634610208,106.0,0.9991869330764152
109,LOUISA COUNTY,401,MINERAL,109,000501,249841.26662849207,0.0861850939,3,3,119577584.58579803,0.0020893653897920026,106.0,0.0008130669235849056
109,LOUISA COUNTY,402,YANCEYVILLE,109,000402,63853798.42359869,22.999999999899998,23,72,69306974.86909083,0.9213185042949535,24.999999999799996,0.92000000000336
109,LOUISA COUNTY,402,YANCEYVILLE,109,000301,5401853.312635552,0.9999999999,1,10,69306974.86909083,0.07794097668869174,24.999999999799996,0.03999999999632001
109,LOUISA COUNTY,402,YANCEYVILLE,075,000102,51323.132856577904,1.0,3,7,69306974.86909083,0.0007405190163546835,24.999999999799996,0.04000000000032001
109,LOUISA COUNTY,501,FREDERICKS HALL,109,000501,79533772.01417342,58.90405329807861,67,222,109900918.87692776,0.723686142271832,96.99999999960278,0.6072582814259776
109,LOUISA COUNTY,501,FREDERICKS HALL,109,000503,29971061.632096395,32.09594670152418,36,158,109900918.87692776,0.2727098366271114,96.99999999960278,0.33088604847067643
109,LOUISA COUNTY,501,FREDERICKS HALL,109,000502,255381.76861590997,1.0,2,2,109900918.87692776,0.0023237455266584125,96.99999999960278,0.010309278350557682
109,LOUISA COUNTY,501,FREDERICKS HALL,109,000401,140703.46204204796,5.0,5,6,109900918.87692776,0.0012802755743981935,96.99999999960278,0.051546391752788405
109,LOUISA COUNTY,502,CUCKOO,109,000502,94992538.93910077,23.0,23,91,113992210.26863742,0.8333248273302056,27.0,0.8518518518518519
109,LOUISA COUNTY,502,CUCKOO,109,007021,12612186.849246232,2.0,2,7,113992210.26863742,0.11064077816829745,27.0,0.07407407407407407
109,LOUISA COUNTY,502,CUCKOO,109,000401,6387484.480290415,2.0,2,4,113992210.26863742,0.0560343945014969,27.0,0.07407407407407407
109,LOUISA COUNTY,601,BUMPASS,109,000601,68385142.08938988,52.91148828605914,53,207,78833985.77195124,0.8674576252837515,78.00000000000226,0.6783524139238155
109,LOUISA COUNTY,601,BUMPASS,109,000503,10447038.673178827,25.07064856250226,27,96,78833985.77195124,0.13251947838080558,78.00000000000226,0.3214185713141222
109,LOUISA COUNTY,601,BUMPASS,109,000501,1805.009382537226,0.017863151440859894,1,1,78833985.77195124,2.2896335442923142e-05,78.00000000000226,0.0002290147620622997
109,LOUISA COUNTY,602,LOCUST CREEK,109,000602,79139204.43842226,29.9999999996,30,110,91503417.75307061,0.8648770328118871,37.9999999996,0.7894736842083102
109,LOUISA COUNTY,602,LOCUST CREEK,109,000601,11297585.409930617,7.0,7,19,91503417.75307061,0.12346626702423363,37.9999999996,0.18421052631772852
109,LOUISA COUNTY,602,LOCUST CREEK,109,007011,1066627.9047177294,1.0,1,2,91503417.75307061,0.011656700163879248,37.9999999996,0.02631578947396122
109,LOUISA COUNTY,701,SHELTONS MILL,109,007011,89488463.08589749,39.31706258870855,42,200,123796136.45440453,0.7228695955213196,68.0000000001,0.5781920968919225
109,LOUISA COUNTY,701,SHELTONS MILL,109,007021,31314939.058865257,16.213529350002947,19,82,123796136.45440453,0.25295570569279346,68.0000000001,0.2384342551467515
109,LOUISA COUNTY,701,SHELTONS MILL,075,000202,2117288.414330182,7.0008972890844126,14,31,123796136.45440453,0.017103024980993673,68.0000000001,0.10295437189814878
109,LOUISA COUNTY,701,SHELTONS MILL,109,000602,463061.67844072316,0.10222214331098826,1,2,123796136.45440453,0.0037405180137529883,68.0000000001,0.0015032668133946755
109,LOUISA COUNTY,701,SHELTONS MILL,075,000301,153067.90087627596,0.1986953630601334,2,2,123796136.45440453,0.0012364513567243074,68.0000000001,0.002921990633232959
109,LOUISA COUNTY,701,SHELTONS MILL,085,000702,118759.31682835678,3.0,3,5,123796136.45440453,0.0009593135959626425,68.0000000001,0.04411764705875865
109,LOUISA COUNTY,701,SHELTONS MILL,109,007012,98493.03355205829,1.1663083727179162,3,3,123796136.45440453,0.0007956066834794505,68.0000000001,0.017151593716414722
109,LOUISA COUNTY,701,SHELTONS MILL,075,000401,39681.37265854192,0.9004476431,1,1,123796136.45440453,0.00032053805389279657,68.0000000001,0.01324187710439229
109,LOUISA COUNTY,701,SHELTONS MILL,085,000703,2382.5929556502306,0.10083725011505293,4,4,123796136.45440453,1.9246101081092828e-05,68.0000000001,0.0014829007369838918
109,LOUISA COUNTY,702,SOUTH ANNA,109,007021,66432395.98864725,38.84370576893569,42,125,72474388.76635645,0.9166327183912177,43.99999999973015,0.8828114947539527
109,LOUISA COUNTY,702,SOUTH ANNA,075,000102,3219721.7170570763,2.981903619935534,8,30,72474388.76635645,0.044425648451301085,43.99999999973015,0.06777053681713231
109,LOUISA COUNTY,702,SOUTH ANNA,075,000202,2747774.624848873,2.065207713986298,4,5,72474388.76635645,0.03791373299755824,43.99999999973015,0.046936538954521906
109,LOUISA COUNTY,702,SOUTH ANNA,109,007023,38678.729029544986,0.07869961900346786,3,3,72474388.76635645,0.0005336882406036952,43.99999999973015,0.0017886277046352391
109,LOUISA COUNTY,702,SOUTH ANNA,109,007022,35817.70677370065,0.030483277869153853,1,1,72474388.76635645,0.0004942119193191139,43.99999999973015,0.0006928017697577456
111,LUNENBURG COUNTY,101,PLYMOUTH,111,000101,9585656.226362918,90.0681444991,92,165,17426533.7853203,0.5500609785313502,134.99999999969998,0.6671714407355568
111,LUNENBURG COUNTY,101,PLYMOUTH,111,000201,3553803.0384019343,3.0816224026,4,8,17426533.7853203,0.20393057404195744,134.99999999969998,0.02282683261190258
111,LUNENBURG COUNTY,101,PLYMOUTH,111,000502,3165974.191953461,8.8707585496,10,24,17426533.7853203,0.18167549731664956,134.99999999969998,0.06570932258977566
111,LUNENBURG COUNTY,101,PLYMOUTH,111,000702,1121100.3286019876,32.9794745484,34,61,17426533.7853203,0.06433295011004288,134.99999999969998,0.24429240406276512
111,LUNENBURG COUNTY,201,BROWN'S STORE,111,000302,64983264.801340014,61.999999999799996,62,138,119964245.33104637,0.5416886058176414,152.9999999997,0.40522875816942194
111,LUNENBURG COUNTY,201,BROWN'S STORE,111,000201,30808911.13966072,63.0,63,138,119964245.33104637,0.2568174463536384,152.9999999997,0.4117647058831603
111,LUNENBURG COUNTY,201,BROWN'S STORE,111,000301,13515616.038570318,16.639428695,18,43,119964245.33104637,0.11266370243294915,152.9999999997,0.10875443591524592
111,LUNENBURG COUNTY,201,BROWN'S STORE,111,000601,10607857.301821077,10.3605713049,11,17,119964245.33104637,0.0884251576171571,152.9999999997,0.06771615231974062
111,LUNENBURG COUNTY,201,BROWN'S STORE,111,000502,48596.04965425089,1.0,1,1,119964245.33104637,0.0004050877786139366,152.9999999997,0.006535947712431116
111,LUNENBURG COUNTY,301,PARHAM'S STORE,111,000301,64393801.208753265,48.0031285514,49,111,122325476.98498754,0.5264136531154179,76.0000000001,0.63162011251759
111,LUNENBURG COUNTY,301,PARHAM'S STORE,111,000302,47427611.85394545,21.0,21,52,122325476.98498754,0.38771654951131745,76.0000000001,0.27631578947332064
111,LUNENBURG COUNTY,301,PARHAM'S STORE,111,000601,10504063.922288831,6.9968714487,8,18,122325476.98498754,0.08586979737326467,76.0000000001,0.09206409800908939
111,LUNENBURG COUNTY,302,MCCOY GHEE'S STORE,111,000501,71769369.48479758,23.0372589228,25,71,131184072.17890157,0.5470890504673653,66.9999999998,0.3438396854159518
111,LUNENBURG COUNTY,302,MCCOY GHEE'S STORE,111,000302,34573740.367823765,25.0,25,55,131184072.17890157,0.26355135797792595,66.9999999998,0.3731343283593228
111,LUNENBURG COUNTY,302,MCCOY GHEE'S STORE,111,000502,21210782.463541925,10.962741077,11,40,131184072.17890157,0.161687178262128,66.9999999998,0.16362300114974218
111,LUNENBURG COUNTY,302,MCCOY GHEE'S STORE,111,000201,3630179.8627382983,8.0,8,16,131184072.17890157,0.027672413292580675,66.9999999998,0.1194029850749833
111,LUNENBURG COUNTY,401,ARROWHEAD GUN CLUB,111,000401,102791206.82280865,67.9999999998,68,162,104385006.62101266,0.9847315256300115,72.9999999998,0.9315068493148808
111,LUNENBURG COUNTY,401,ARROWHEAD GUN CLUB,111,000501,1593799.7982040034,5.0,5,6,104385006.62101266,0.01526847436998842,72.9999999998,0.06849315068511916
111,LUNENBURG COUNTY,402,PLEASANT GROVE,111,000402,146854108.15338528,89.99999999959999,90,236,146854108.15338528,1.0,89.99999999959999,1.0
111,LUNENBURG COUNTY,501,REEDY CREEK,111,000501,74108775.13283323,33.9280839098,37,108,120364959.12925135,0.6157005798776793,59.0000000001,0.5750522696566525
111,LUNENBURG COUNTY,501,REEDY CREEK,111,000401,26225359.11723446,6.9117523282,9,22,120364959.12925135,0.21788200907435956,59.0000000001,0.11714834454556416
111,LUNENBURG COUNTY,501,REEDY CREEK,111,000502,10951779.137176195,14.8843492995,16,44,120364959.12925135,0.09098810165686062,59.0000000001,0.2522771067707589
111,LUNENBURG COUNTY,501,REEDY CREEK,111,000402,9079045.742007459,3.2758144626,5,14,120364959.12925135,0.07542930939110043,59.0000000001,0.055522279027024536
111,LUNENBURG COUNTY,502,PEOPLES COMMUNITY CENTER,111,000201,9584438.645453675,5.9431675691,7,12,35916362.171440706,0.26685438240387405,29.0000000003,0.20493681272546618
111,LUNENBURG COUNTY,502,PEOPLES COMMUNITY CENTER,111,000702,9126006.777025484,5.0000000001,5,12,35916362.171440706,0.2540905098758061,29.0000000003,0.17241379310511298
111,LUNENBURG COUNTY,502,PEOPLES COMMUNITY CENTER,111,000601,8815343.496175848,4.056832431,5,13,35916362.171440706,0.24544087884227503,29.0000000003,0.1398907734813115
111,LUNENBURG COUNTY,502,PEOPLES COMMUNITY CENTER,111,000502,8179791.557200727,13.0000000001,13,35,35916362.171440706,0.22774554722874965,29.0000000003,0.4482758620677765
111,LUNENBURG COUNTY,502,PEOPLES COMMUNITY CENTER,111,000101,210781.6955849736,1.0,1,2,35916362.171440706,0.005868681649295179,29.0000000003,0.03448275862033294
111,LUNENBURG COUNTY,601,HOUND'S CREEK,111,000601,70797881.76326032,63.7807502452,67,111,101087639.69568118,0.7003614089357856,94.0,0.6785186196297872
111,LUNENBURG COUNTY,601,HOUND'S CREEK,111,000301,29802154.984395176,25.2541334757,27,54,101087639.69568118,0.2948150246074885,94.0,0.2686609944223404
111,LUNENBURG COUNTY,601,HOUND'S CREEK,111,000201,487602.94802569604,4.9651162791,5,10,101087639.69568118,0.0048235664567260455,94.0,0.05282038594787234
111,LUNENBURG COUNTY,701,MEHERRIN FIRE DEPT,111,000701,111205775.51137277,42.99999999985437,43,106,112146725.58904211,0.9916096517956537,44.99999999985437,0.9555555555554117
111,LUNENBURG COUNTY,701,MEHERRIN FIRE DEPT,111,000402,928221.2196752153,2.0,2,3,112146725.58904211,0.008276846379596053,44.99999999985437,0.04444444444458828
111,LUNENBURG COUNTY,701,MEHERRIN FIRE DEPT,147,000302,12728.857994118745,0.0,5,5,112146725.58904211,0.00011350182475022245,44.99999999985437,0.0
111,LUNENBURG COUNTY,702,COURTHOUSE,111,000702,75569381.73220372,44.4332727392,46,107,108194203.24907167,0.698460540979603,57.9999999996,0.7660909093018351
111,LUNENBURG COUNTY,702,COURTHOUSE,111,000601,9846917.630819518,4.8387096774,5,8,108194203.24907167,0.09101150833516589,57.9999999996,0.08342602892126501
111,LUNENBURG COUNTY,702,COURTHOUSE,111,000101,9104038.773138778,2.5594702853999998,4,20,108194203.24907167,0.08414534697557277,57.9999999996,0.044128798024442265
111,LUNENBURG COUNTY,702,COURTHOUSE,111,000402,7043363.121869969,2.0,2,9,108194203.24907167,0.06509926512103044,57.9999999996,0.034482758620927464
111,LUNENBURG COUNTY,702,COURTHOUSE,111,000201,5730984.485343994,3.8454276774,5,12,108194203.24907167,0.05296942269772818,57.9999999996,0.06630047719700898
111,LUNENBURG COUNTY,702,COURTHOUSE,111,000501,899517.5056956908,0.3231196202,1,5,108194203.24907167,0.008313915890899717,57.9999999996,0.00557102793452118
113,MADISON COUNTY,1,OAK PARK,113,000001,80718221.05718206,35.53218086797653,36,150,81728619.75347179,0.9876371496381864,35.99999999977653,0.9870050241165861
113,MADISON COUNTY,1,OAK PARK,113,000007,1010398.6962897351,0.46781913179999995,1,5,81728619.75347179,0.012362850361813603,35.99999999977653,0.012994975883413999
113,MADISON COUNTY,2,RADIANT,113,000002,75715582.31248993,25.9178275344923,26,102,76834103.81924906,0.9854423823385714,26.000000000099963,0.9968395205535636
113,MADISON COUNTY,2,RADIANT,113,000001,1118521.506759142,0.08217246560766354,1,6,76834103.81924906,0.014557617661428641,26.000000000099963,0.0031604794464364467
113,MADISON COUNTY,3,ROCHELLE,113,000003,76540789.36987533,26.673581043571904,27,100,77384383.32323183,0.9890986537964276,27.000000000100002,0.9879104090175226
113,MADISON COUNTY,3,ROCHELLE,113,000005,821536.6654382022,0.29287910942869966,2,8,77384383.32323183,0.01061631081308321,27.000000000100002,0.010847374423244996
113,MADISON COUNTY,3,ROCHELLE,113,000002,22057.287918296668,0.033539847099397176,1,1,77384383.32323183,0.000285035390489114,27.000000000100002,0.0012422165592323316
113,MADISON COUNTY,3,ROCHELLE,137,000101,0.0,0.0,1,1,77384383.32323183,0.0,27.000000000100002,0.0
113,MADISON COUNTY,4,GRAVES MILL,113,000004,57250198.42169237,23.0000000001,23,46,57250378.42674494,0.9999968558277252,24.0,0.9583333333374999
113,MADISON COUNTY,4,GRAVES MILL,113,000008,180.00505256736108,0.9999999999,1,6,57250378.42674494,3.1441722747333034e-06,24.0,0.0416666666625
113,MADISON COUNTY,5,MADISON,113,000005,67455767.68716061,65.29849294659626,66,212,74560191.39613822,0.9047155918467026,65.9999999999,0.9893711052529575
113,MADISON COUNTY,5,MADISON,113,000006,7104423.708977609,0.7015070533037501,1,8,74560191.39613822,0.09528440815329742,65.9999999999,0.01062889474704262
113,MADISON COUNTY,6,WOLFTOWN,113,000006,87235022.23984875,28.2128123487974,29,117,106602990.8146319,0.8183168368281392,36.9999999999,0.7625084418614501
113,MADISON COUNTY,6,WOLFTOWN,113,000004,19239004.76513441,8.787187651102602,13,26,106602990.8146319,0.18047340527798533,36.9999999999,0.23749155813855005
113,MADISON COUNTY,6,WOLFTOWN,113,000005,128963.80964873951,0.0,1,1,106602990.8146319,0.0012097578938755108,36.9999999999,0.0
113,MADISON COUNTY,7,BRIGHTWOOD,113,000007,85752498.56320779,54.87866063854123,55,207,85906408.94488709,0.998208394652161,54.999999999919964,0.9977938297931107
113,MADISON COUNTY,7,BRIGHTWOOD,113,000001,130543.42939383214,0.1062502323787384,2,6,85906408.94488709,0.001519600586233115,54.999999999919964,0.0019318224068889639
113,MADISON COUNTY,7,BRIGHTWOOD,047,000402,23366.952285469968,0.015089129,2,6,85906408.94488709,0.0002720047616058651,54.999999999919964,0.00027434780000039924
113,MADISON COUNTY,8,CRIGLERSVILLE,113,000008,144161283.54816592,74.3196387885648,77,268,156989374.819838,0.9182868822403193,82.99999999977133,0.8954173348044525
113,MADISON COUNTY,8,CRIGLERSVILLE,113,000005,7244621.03901264,4.185971792951611,7,16,156989374.819838,0.046147206123513855,82.99999999977133,0.05043339509594149
113,MADISON COUNTY,8,CRIGLERSVILLE,113,000009,3675701.631350077,3.1797113962672556,6,10,156989374.819838,0.023413696854123638,82.99999999977133,0.03830977585874718
113,MADISON COUNTY,8,CRIGLERSVILLE,113,000007,1906884.6231395442,1.1146780219876604,4,10,156989374.819838,0.012146583966767797,82.99999999977133,0.013429855686635317
113,MADISON COUNTY,8,CRIGLERSVILLE,139,000301,883.9781698281294,0.2,1,3,156989374.819838,5.6308152755088576e-06,82.99999999977133,0.002409638554223506
113,MADISON COUNTY,9,ETLAN,113,000009,97957297.86720483,47.429337176293096,49,109,116393222.08346556,0.8416065481627415,50.999999999571536,0.9299870034645404
113,MADISON COUNTY,9,ETLAN,113,000008,18435924.21626073,3.570662823278442,6,15,116393222.08346556,0.15839345183725848,50.999999999571536,0.0700129965354596
115,MATHEWS COUNTY,1,CHESAPEAKE,115,000001,285223945.4020427,112.9999999999,113,361,285223945.4020427,1.0,112.9999999999,1.0
115,MATHEWS COUNTY,2,WESTVILLE,115,000002,159388621.81479,107.9999999997,108,422,159388621.81479,1.0,107.9999999997,1.0
115,MATHEWS COUNTY,2,WESTVILLE,115,000001,0.0,0.0,1,2,159388621.81479,0.0,107.9999999997,0.0
115,MATHEWS COUNTY,3,PIANKATANK,115,000003,207967204.74204504,183.9999542342,184,518,207967323.74249047,0.9999994277925817,184.00000000080001,0.9999997512684782
115,MATHEWS COUNTY,3,PIANKATANK,115,000002,119.00044543913397,4.57666e-05,1,1,207967323.74249047,5.722074184427302e-07,184.00000000080001,2.4873152173804897e-07
117,MECKLENBURG COUNTY,101,WRIGHT'S STORE,117,000101,101354866.39271247,132.97088893886132,133,339,101354866.39271247,1.0,132.97088893886132,1.0
117,MECKLENBURG COUNTY,102,PEARSON'S STORE,117,000102,59495062.86841056,57.996305342318244,58,141,59569690.5528879,0.9987472205447989,59.996305342318244,0.9666646139526645
117,MECKLENBURG COUNTY,102,PEARSON'S STORE,117,000103,74627.68447734122,2.0,2,2,59569690.5528879,0.0012527794552010362,59.996305342318244,0.03333538604733557
117,MECKLENBURG COUNTY,103,SOUTH CLARKSVILLE,117,000103,94129480.38866532,88.999575835217,90,242,103121437.60704976,0.9128022511415248,111.00000000060001,0.8017979804931163
117,MECKLENBURG COUNTY,103,SOUTH CLARKSVILLE,117,000903,7800636.198257726,21.000424165283004,25,79,103121437.60704976,0.07564514594901696,111.00000000060001,0.1891930104970224
117,MECKLENBURG COUNTY,103,SOUTH CLARKSVILLE,117,000902,1191321.0201267211,1.0000000001,1,3,103121437.60704976,0.011552602909458256,111.00000000060001,0.009009009009861211
117,MECKLENBURG COUNTY,201,BOYDTON,117,000201,77192920.97672471,102.9874729949,103,183,129563429.07711232,0.5957925127991308,139.0000000002,0.7409170719046894
117,MECKLENBURG COUNTY,201,BOYDTON,117,000702,30136170.043666355,19.5862068966,21,51,129563429.07711232,0.23259781142200395,139.0000000002,0.14090796328468935
117,MECKLENBURG COUNTY,201,BOYDTON,117,000701,16627496.50077341,10.4137931034,12,28,129563429.07711232,0.12833479801524253,139.0000000002,0.07491937484449651
117,MECKLENBURG COUNTY,201,BOYDTON,117,000801,5481230.556969252,6.0000000001,6,15,129563429.07711232,0.04230538351765131,139.0000000002,0.0431654676265566
117,MECKLENBURG COUNTY,201,BOYDTON,117,000903,125610.99897859484,0.0125270052,1,1,129563429.07711232,0.000969494245971484,139.0000000002,9.012233956821564e-05
117,MECKLENBURG COUNTY,202,BLUESTONE SENIOR HIGH SCHOOL,117,000202,53249966.06436259,41.000000000200004,41,89,67180469.01859167,0.7926405820362177,57.000000000200004,0.71929824561502
117,MECKLENBURG COUNTY,202,BLUESTONE SENIOR HIGH SCHOOL,117,000802,13927335.531878438,15.0,15,25,67180469.01859167,0.20731226999954638,57.000000000200004,0.2631578947359187
117,MECKLENBURG COUNTY,202,BLUESTONE SENIOR HIGH SCHOOL,117,000801,3167.4223506477233,1.0,1,1,67180469.01859167,4.714796423602169e-05,57.000000000200004,0.017543859649061248
117,MECKLENBURG COUNTY,203,CHASE CITY VFW POST,117,000203,11040309.08804513,24.0,24,36,19864296.951725338,0.5557865508593401,34.000000000200004,0.7058823529370242
117,MECKLENBURG COUNTY,203,CHASE CITY VFW POST,117,000802,8823987.863680208,10.0000000002,10,22,19864296.951725338,0.44421344914065986,34.000000000200004,0.2941176470629758
117,MECKLENBURG COUNTY,301,BRACEY,117,000301,69144535.2917917,98.306853629,99,208,87180109.63588256,0.7931228302026869,188.9999999998,0.5201420826936721
117,MECKLENBURG COUNTY,301,BRACEY,117,000604,15909077.939021353,87.6931463708,88,150,87180109.63588256,0.18248517930830083,188.9999999998,0.4639849014332952
117,MECKLENBURG COUNTY,301,BRACEY,117,000401,2126496.405069496,3.0,3,3,87180109.63588256,0.02439199048901229,188.9999999998,0.01587301587303267
117,MECKLENBURG COUNTY,302,LACROSSE,117,000302,65548507.35576964,81.9999999999,82,251,85959686.38398944,0.762549400924507,92.99999999997526,0.8817204301066862
117,MECKLENBURG COUNTY,302,LACROSSE,117,000401,11436363.374323929,5.0000000001,5,20,85959686.38398944,0.1330433352587711,92.99999999997526,0.05376344086130463
117,MECKLENBURG COUNTY,302,LACROSSE,117,000501,8974815.653895872,5.999999999975257,6,23,85959686.38398944,0.10440726381672201,92.99999999997526,0.06451612903200918
117,MECKLENBURG COUNTY,401,AMERICAN LEGION HALL,117,000401,89208006.50517249,112.4109693168,114,325,99675528.21999061,0.8949840356831057,123.0000000001,0.9139103196480375
117,MECKLENBURG COUNTY,401,AMERICAN LEGION HALL,117,000602,9701950.285302775,4.4203262961,6,15,99675528.21999061,0.0973353285260743,123.0000000001,0.03593761216338542
117,MECKLENBURG COUNTY,401,AMERICAN LEGION HALL,117,000302,445440.7448749316,5.0,5,17,99675528.21999061,0.004468907793413583,123.0000000001,0.04065040650403199
117,MECKLENBURG COUNTY,401,AMERICAN LEGION HALL,117,000501,320130.68464042223,1.1687043872,4,13,99675528.21999061,0.003211727997406467,123.0000000001,0.00950166168454512
117,MECKLENBURG COUNTY,402,PARK VIEW MIDDLE SCHOOL,117,000402,18977485.48752515,19.0,19,45,18977485.48752515,1.0,19.0,1.0
117,MECKLENBURG COUNTY,501,SOUTH HILL,117,000501,20802132.913967386,107.0,107,206,21814583.886072826,0.9535883435873456,127.0,0.84251968503937
117,MECKLENBURG COUNTY,501,SOUTH HILL,117,000401,524834.9435143245,13.0,14,27,21814583.886072826,0.02405890234969813,127.0,0.10236220472440945
117,MECKLENBURG COUNTY,501,SOUTH HILL,117,000302,487616.02859111544,7.0,7,25,21814583.886072826,0.022352754062956302,127.0,0.05511811023622047
117,MECKLENBURG COUNTY,601,BASKERVILLE,117,000601,154565258.26062483,153.058739951,156,415,168935003.81324995,0.9149392060362445,160.0000000005,0.9566171246907607
117,MECKLENBURG COUNTY,601,BASKERVILLE,117,000201,14369745.552625122,6.9412600495,7,22,168935003.81324995,0.08506079396375561,160.0000000005,0.043382875309239434
117,MECKLENBURG COUNTY,602,UNION LEVEL,117,000602,69851721.41792873,64.0,64,141,124554837.35322234,0.5608109881741306,90.0,0.7111111111111111
117,MECKLENBURG COUNTY,602,UNION LEVEL,117,000702,54703115.93529361,26.0,26,61,124554837.35322234,0.4391890118258694,90.0,0.28888888888888886
117,MECKLENBURG COUNTY,603,SMITH CROSSROADS,117,000603,51719365.15658512,42.0,42,95,51719365.15658512,1.0,42.0,1.0
117,MECKLENBURG COUNTY,701,CHASE CITY,117,000701,35080825.542745985,107.0303659451,109,146,68047311.04924995,0.5155358088632757,144.0000000001,0.7432664301737895
117,MECKLENBURG COUNTY,701,CHASE CITY,117,000803,31129468.35525173,20.000000000100002,20,57,68047311.04924995,0.45746801563872896,144.0000000001,0.13888888888948692
117,MECKLENBURG COUNTY,701,CHASE CITY,117,000203,1128185.4123858176,15.9696340549,17,23,68047311.04924995,0.01657942679864722,144.0000000001,0.1109002364922841
117,MECKLENBURG COUNTY,701,CHASE CITY,117,000702,708831.7388664039,1.0,1,1,68047311.04924995,0.010416748699348012,144.0000000001,0.006944444444439622
117,MECKLENBURG COUNTY,702,SUNSHINE,117,000702,84201169.0660992,27.4944417407,28,77,88782929.14784616,0.9483936819192216,28.9999999998,0.948084197961711
117,MECKLENBURG COUNTY,702,SUNSHINE,117,000803,4581760.0817469675,1.5055582590999999,2,3,88782929.14784616,0.05160631808077847,28.9999999998,0.05191580203828907
117,MECKLENBURG COUNTY,801,FINCHLEY,117,000903,38951174.51933854,11.3539557436,12,36,79928436.61041248,0.487325614902172,56.0,0.20274920970714286
117,MECKLENBURG COUNTY,801,FINCHLEY,117,000801,34259548.252252616,33.6460442564,36,97,79928436.61041248,0.4286277788622421,56.0,0.6008222188642858
117,MECKLENBURG COUNTY,801,FINCHLEY,117,000201,6717713.838821319,11.0,11,25,79928436.61041248,0.08404660623558581,56.0,0.19642857142857142
117,MECKLENBURG COUNTY,802,BLUESTONE,117,000802,108684136.40576994,89.99999999959999,90,213,126655402.66443813,0.858108964318866,145.9999999996,0.6164383561633326
117,MECKLENBURG COUNTY,802,BLUESTONE,117,000903,17842967.42727195,49.0,49,102,126655402.66443813,0.14087806008990597,145.9999999996,0.3356164383570839
117,MECKLENBURG COUNTY,802,BLUESTONE,117,000203,127532.82988617315,7.0,7,7,126655402.66443813,0.0010069276730662621,145.9999999996,0.04794520547958341
117,MECKLENBURG COUNTY,802,BLUESTONE,117,000803,766.0015100557953,0.0,2,2,126655402.66443813,6.047918161732477e-06,145.9999999996,0.0
117,MECKLENBURG COUNTY,803,CHASE CITY ELEMENTARY SCHOOL,117,000803,86002018.75595012,47.12127447496232,48,124,91269148.83960663,0.9422901369123888,53.99999999966232,0.8726161939862405
117,MECKLENBURG COUNTY,803,CHASE CITY ELEMENTARY SCHOOL,117,000702,3341182.3794537936,1.0,1,1,91269148.83960663,0.03660801510623789,53.99999999966232,0.01851851851863432
117,MECKLENBURG COUNTY,803,CHASE CITY ELEMENTARY SCHOOL,117,000203,1924874.7035353824,5.8787255247,8,15,91269148.83960663,0.021090091537043842,53.99999999966232,0.10886528749512521
117,MECKLENBURG COUNTY,803,CHASE CITY ELEMENTARY SCHOOL,117,000802,1073.000667328831,0.0,1,1,91269148.83960663,1.175644432944682e-05,53.99999999966232,0.0
117,MECKLENBURG COUNTY,901,AVERETT,117,000103,46769876.06570735,34.0,35,58,90095114.17028666,0.5191166745991209,49.99999999990177,0.680000000001336
117,MECKLENBURG COUNTY,901,AVERETT,117,000901,43325238.10457931,15.999999999901766,16,33,90095114.17028666,0.4808833254008791,49.99999999990177,0.319999999998664
117,MECKLENBURG COUNTY,902,BUFFALO SPRINGS,117,000902,42116541.89332864,38.0883765662,39,171,44700655.890546076,0.9421906917083075,49.99999999959999,0.7617675313300942
117,MECKLENBURG COUNTY,902,BUFFALO SPRINGS,117,000103,1405861.9876831917,10.0000030353,11,26,44700655.890546076,0.03145058969885323,49.99999999959999,0.20000006070760004
117,MECKLENBURG COUNTY,902,BUFFALO SPRINGS,117,000903,1178252.0095342505,1.9116203981000002,3,4,44700655.890546076,0.026358718592839347,49.99999999959999,0.03823240796230587
117,MECKLENBURG COUNTY,903,CLARKSVILLE,117,000903,25958025.620080236,113.03429775347676,114,248,30188722.545736875,0.8598583653466291,143.00000000007677,0.7904496346392733
117,MECKLENBURG COUNTY,903,CLARKSVILLE,117,000801,2509211.544264401,8.9081831711,9,21,30188722.545736875,0.08311751318602056,143.00000000007677,0.062294987210456065
117,MECKLENBURG COUNTY,903,CLARKSVILLE,117,000103,1721485.3813922373,21.0575190755,23,55,30188722.545736875,0.057024121467350336,143.00000000007677,0.1472553781502706
119,MIDDLESEX COUNTY,101,SALUDA,119,000101,36488945.527919784,34.8765654517,37,121,70006364.71206804,0.5212232584565221,62.99999999960001,0.553596277014626
119,MIDDLESEX COUNTY,101,SALUDA,119,000401,33254928.99483889,27.0783728736,29,106,70006364.71206804,0.47502722261917774,62.99999999960001,0.42981544244082415
119,MIDDLESEX COUNTY,101,SALUDA,119,000302,262490.18930935866,1.0450616743,2,2,70006364.71206804,0.003749518924300169,62.99999999960001,0.016588280544549767
119,MIDDLESEX COUNTY,102,URBANNA,119,000102,15610590.282319333,54.118483673347036,55,216,22081657.26422357,0.7069483098812254,62.999999999699995,0.8590235503746786
119,MIDDLESEX COUNTY,102,URBANNA,119,000302,6471066.981904235,8.881516326352962,11,38,22081657.26422357,0.2930516901187747,62.999999999699995,0.14097644962532152
119,MIDDLESEX COUNTY,103,HARMONY VILLAGE,119,000401,37180116.52908823,32.9999999998,33,185,37180116.52908823,1.0,32.9999999998,1.0
119,MIDDLESEX COUNTY,201,FREESHADE,119,000501,52832032.16505916,105.9773678803,106,267,62514636.695082344,0.8451145996856627,116.99999999949999,0.9057894690662641
119,MIDDLESEX COUNTY,201,FREESHADE,119,000401,9682604.530023186,11.0226321192,12,33,62514636.695082344,0.15488540031433726,116.99999999949999,0.09421053093373595
119,MIDDLESEX COUNTY,202,NEW MARKET,119,000201,135071582.56848392,144.77287502044882,146,506,148065898.91592816,0.9122396416556224,146.99999999954883,0.9848494899380487
119,MIDDLESEX COUNTY,202,NEW MARKET,119,000501,12994316.347444234,2.2271249791,5,30,148065898.91592816,0.08776035834437752,146.99999999954883,0.015150510061951263
119,MIDDLESEX COUNTY,301,WATERVIEW,119,000302,130429291.32218224,53.999999999953786,54,215,130429291.32218224,1.0,53.999999999953786,1.0
119,MIDDLESEX COUNTY,302,IMMANUEL,119,000302,75592490.22081926,33.0000000001,33,111,75592490.22081926,1.0,33.0000000001,1.0
121,MONTGOMERY COUNTY,101,A-1,121,000101,153572512.31529272,69.98517759275461,72,189,154471127.12282556,0.9941826357826836,73.9999999999,0.9457456431466106
121,MONTGOMERY COUNTY,101,A-1,121,000701,898614.8075328547,4.014822407145385,10,18,154471127.12282556,0.005817364217316377,73.9999999999,0.05425435685338933
121,MONTGOMERY COUNTY,102,A-2,121,000101,5888640.739523264,9.937087092167381,11,42,8749628.641083864,0.6730160765764575,76.99999999980001,0.1290530791193921
121,MONTGOMERY COUNTY,102,A-2,121,000102,2823077.116972014,64.05977723893263,65,109,8749628.641083864,0.3226510784373477,76.99999999980001,0.8319451589493377
121,MONTGOMERY COUNTY,102,A-2,121,000603,28807.497082860667,1.0,1,2,8749628.641083864,0.003292425114775171,76.99999999980001,0.012987012987046718
121,MONTGOMERY COUNTY,102,A-2,121,000503,8855.285891876543,2.0,2,2,8749628.641083864,0.0010120756268782157,76.99999999980001,0.025974025974093436
121,MONTGOMERY COUNTY,102,A-2,121,000701,248.00161385066068,0.0031356687,1,1,8749628.641083864,2.8344244541553407e-05,76.99999999980001,4.07229701299759e-05
121,MONTGOMERY COUNTY,103,A-3,121,000103,7078665.460229737,54.9999999999,55,128,7218963.292155301,0.9805653767379559,60.9999999999,0.9016393442621339
121,MONTGOMERY COUNTY,103,A-3,121,000102,140297.83192556442,6.0,6,7,7218963.292155301,0.019434623262044176,60.9999999999,0.09836065573786616
121,MONTGOMERY COUNTY,201,B-1,121,000103,17011733.076359138,37.00000000009242,37,129,63446704.058791466,0.2681263483851832,101.99999999933885,0.362745098042473
121,MONTGOMERY COUNTY,201,B-1,121,000304,16504928.276998814,16.60182303344644,17,61,63446704.058791466,0.26013846616374103,101.99999999933885,0.16276297091719658
121,MONTGOMERY COUNTY,201,B-1,121,000301,16285338.903527463,19.9999999998,23,70,63446704.058791466,0.25667746095111604,101.99999999933885,0.19607843137185918
121,MONTGOMERY COUNTY,201,B-1,121,000201,12529864.99955496,13.68538754006544,20,104,63446704.058791466,0.1974864602571702,101.99999999933885,0.1341704660799426
121,MONTGOMERY COUNTY,201,B-1,121,002032,547826.774108708,9.26388936953363,10,27,63446704.058791466,0.008634440231931932,101.99999999933885,0.090822444799938
121,MONTGOMERY COUNTY,201,B-1,121,000202,544095.9616683673,5.3131742847000005,6,17,63446704.058791466,0.008575637926978727,101.99999999933885,0.0520899439679847
121,MONTGOMERY COUNTY,201,B-1,121,000501,13789.185810912735,0.13572577170093028,2,3,63446704.058791466,0.00021733494301193795,101.99999999933885,0.0013306448206059807
121,MONTGOMERY COUNTY,201,B-1,121,000101,9126.880763103361,0.0,1,1,63446704.058791466,0.00014385114086692575,101.99999999933885,0.0
121,MONTGOMERY COUNTY,202,B-2,121,000202,6585636.444915423,107.9999999999,108,210,7931388.041277062,0.8303258409047712,116.9999999999,0.9230769230768573
121,MONTGOMERY COUNTY,202,B-2,121,000304,1243930.7464190987,9.0,14,22,7931388.041277062,0.1568364503092461,116.9999999999,0.07692307692314267
121,MONTGOMERY COUNTY,202,B-2,121,000201,101820.84994253944,0.0,7,15,7931388.041277062,0.012837708785982546,116.9999999999,0.0
121,MONTGOMERY COUNTY,203,B-3,121,002031,12923996.414760564,25.950175391990427,26,120,27002979.289399453,0.478613721702706,93.9999999992,0.27606569566182215
121,MONTGOMERY COUNTY,203,B-3,121,000204,6218053.493741504,32.0101972765,38,73,27002979.289399453,0.230272868304666,93.9999999992,0.3405340135826854
121,MONTGOMERY COUNTY,203,B-3,121,002032,4227256.3229802335,18.992879127882976,19,52,27002979.289399453,0.15654777488348204,93.9999999992,0.20205190561749592
121,MONTGOMERY COUNTY,203,B-3,121,000501,3551312.685645244,13.007120871917024,20,45,27002979.289399453,0.131515587505538,93.9999999992,0.13837362629816727
121,MONTGOMERY COUNTY,203,B-3,121,000405,69253.78678688676,2.0,2,5,27002979.289399453,0.002564672069873182,93.9999999992,0.021276595744861928
121,MONTGOMERY COUNTY,203,B-3,121,004031,13106.585485022832,2.0396273309095734,3,4,27002979.289399453,0.00048537553373483044,93.9999999992,0.02169816309496736
121,MONTGOMERY COUNTY,301,C-1,121,000301,148208941.81435785,203.34247986255002,206,710,151109333.67130762,0.9808060045896391,209.99999999875,0.9682975231607637
121,MONTGOMERY COUNTY,301,C-1,121,000302,2777608.9710550145,3.2053981646,6,13,151109333.67130762,0.01838145204912926,209.99999999875,0.01526380078390038
121,MONTGOMERY COUNTY,301,C-1,161,000103,79665.72829892396,1.0681673779,3,8,151109333.67130762,0.0005272058738093076,209.99999999875,0.00508651132336361
121,MONTGOMERY COUNTY,301,C-1,121,000304,37078.41302161274,1.0,1,5,151109333.67130762,0.0002453747370911286,209.99999999875,0.004761904761933106
121,MONTGOMERY COUNTY,301,C-1,161,000106,5278.91504005715,1.3839545937,4,14,151109333.67130762,3.493440750350884e-05,209.99999999875,0.006590259970039227
121,MONTGOMERY COUNTY,301,C-1,161,000301,759.8295341715772,0.0,3,3,151109333.67130762,5.0283428277458695e-06,209.99999999875,0.0
121,MONTGOMERY COUNTY,302,C-2,121,000302,38683346.69616863,67.99999999988493,68,191,38683346.69616863,1.0,67.99999999988493,1.0
121,MONTGOMERY COUNTY,303,C-3,121,000303,68428264.11747101,60.9715035798,63,214,76965042.51907024,0.8890823921849454,67.0000000003,0.9100224414854774
121,MONTGOMERY COUNTY,303,C-3,121,000301,8473875.972252768,5.9666635242,11,39,76965042.51907024,0.11010032210601492,67.0000000003,0.08905467946527289
121,MONTGOMERY COUNTY,303,C-3,161,000103,62902.42934645928,0.0618328963,1,1,76965042.51907024,0.000817285709039574,67.0000000003,0.000922879049249599
121,MONTGOMERY COUNTY,304,C-4,121,000304,14129923.625947468,50.000000000200004,50,178,14129923.625947468,1.0,50.000000000200004,1.0
121,MONTGOMERY COUNTY,401,D-1,121,000401,18273571.05223354,45.9641655163,47,124,20136403.001325596,0.9074893391352257,52.999999999900005,0.8672484059695608
121,MONTGOMERY COUNTY,401,D-1,121,000302,1803412.834118186,7.0004033391,10,22,20136403.001325596,0.08955983022387196,52.999999999900005,0.13208308187006051
121,MONTGOMERY COUNTY,401,D-1,121,004031,59419.11497386976,0.0354311445,1,2,20136403.001325596,0.002950830640902357,52.999999999900005,0.0006685121603786197
121,MONTGOMERY COUNTY,402,D-2,121,000402,98364867.02629627,52.93661175171875,53,237,98481873.02525781,0.9988119031922603,54.000000000200004,0.9803076250281979
121,MONTGOMERY COUNTY,402,D-2,121,000404,117005.99896154218,1.06338824848125,2,3,98481873.02525781,0.00118809680773977,54.000000000200004,0.019692374971802065
121,MONTGOMERY COUNTY,402,D-2,063,000501,0.0,0.0,2,3,98481873.02525781,0.0,54.000000000200004,0.0
121,MONTGOMERY COUNTY,403,D-3,121,004031,76605879.53655218,73.9530711547,74,284,76806236.43264951,0.9973913980764697,79.9999999999,0.9244133894349055
121,MONTGOMERY COUNTY,403,D-3,121,000405,156001.77712830168,1.0466304912,2,3,76806236.43264951,0.002031108206494375,79.9999999999,0.013082881140016354
121,MONTGOMERY COUNTY,403,D-3,121,002031,26927.766012055028,0.0,1,2,76806236.43264951,0.0003505934838464279,79.9999999999,0.0
121,MONTGOMERY COUNTY,403,D-3,121,004032,9810.337404303218,2.0,2,2,76806236.43264951,0.00012772839628596812,79.9999999999,0.02500000000003125
121,MONTGOMERY COUNTY,403,D-3,121,000204,7617.015552675789,3.000298354,4,4,76806236.43264951,9.917183690357047e-05,79.9999999999,0.03750372942504688
121,MONTGOMERY COUNTY,404,D-4,121,000404,62495312.39665931,45.98454431546008,46,123,65795388.122115865,0.9498433580278964,48.000000000060076,0.9580113399042193
121,MONTGOMERY COUNTY,404,D-4,121,000402,1425526.2987743989,0.0154556846,1,2,65795388.122115865,0.021666051975081143,48.000000000060076,0.0003219934291662637
121,MONTGOMERY COUNTY,404,D-4,063,000201,1319086.2645749536,2.0,2,4,65795388.122115865,0.02004830888947318,48.000000000060076,0.04166666666661452
121,MONTGOMERY COUNTY,404,D-4,121,000302,555463.1621072094,0.0,1,2,65795388.122115865,0.008442281107549255,48.000000000060076,0.0
121,MONTGOMERY COUNTY,405,D-5,121,000405,18255621.8758452,73.9910507326872,75,160,18339619.11634192,0.9954199026727949,79.0,0.9365955788947746
121,MONTGOMERY COUNTY,405,D-5,121,000204,52685.63468054325,4.008949267312795,12,19,18339619.11634192,0.002872776928807456,79.0,0.05074619325712399
121,MONTGOMERY COUNTY,405,D-5,121,004031,31311.605816174804,1.0,2,2,18339619.11634192,0.0017073203983976916,79.0,0.012658227848101266
121,MONTGOMERY COUNTY,501,E-1,121,000502,37490505.31916832,41.19510193427981,45,300,78332697.15218237,0.47860608254472475,130.9999999998017,0.3144664269797112
121,MONTGOMERY COUNTY,501,E-1,121,000501,30817241.22528458,62.056523199208826,65,263,78332697.15218237,0.3934147852130482,130.9999999998017,0.4737139175519295
121,MONTGOMERY COUNTY,501,E-1,121,000601,4989862.570692647,8.023725390438912,9,27,78332697.15218237,0.06370089058721538,130.9999999998017,0.06124981214084777
121,MONTGOMERY COUNTY,501,E-1,121,000602,2638307.460658623,2.78147449068128,6,7,78332697.15218237,0.03368079431163975,130.9999999998017,0.02123262969988924
121,MONTGOMERY COUNTY,501,E-1,121,000503,1763576.5423859628,12.0048999393,13,27,78332697.15218237,0.022513925940271663,130.9999999998017,0.09164045755204711
121,MONTGOMERY COUNTY,501,E-1,121,000201,327257.2171648157,0.9629112615928852,2,10,78332697.15218237,0.004177785638212232,130.9999999998017,0.007350467645758342
121,MONTGOMERY COUNTY,501,E-1,121,000103,156686.3041367977,1.9326941305,3,11,78332697.15218237,0.002000266936198971,130.9999999998017,0.014753390309182638
121,MONTGOMERY COUNTY,501,E-1,121,002032,136656.44977621114,2.0103060174,9,15,78332697.15218237,0.0017445645910891996,130.9999999998017,0.015345847461091931
121,MONTGOMERY COUNTY,501,E-1,121,000603,12604.0629144099,0.0323636364,1,1,78332697.15218237,0.00016090423759982517,130.9999999998017,0.0002470506595423587
121,MONTGOMERY COUNTY,502,E-2,121,000502,46535851.7895776,32.9999999999,33,98,46535851.7895776,1.0,32.9999999999,1.0
121,MONTGOMERY COUNTY,601,F-1,121,000601,32267667.567951623,47.10023558629147,48,128,35648372.86537537,0.9051652284329823,73.9999999999,0.63648967008588
121,MONTGOMERY COUNTY,601,F-1,121,000602,1551983.551600505,10.999547896831004,11,16,35648372.86537537,0.04353588752736367,73.9999999999,0.14864253914656578
121,MONTGOMERY COUNTY,601,F-1,121,000503,1364758.6415876818,7.0000000001,7,35,35648372.86537537,0.038283897184918855,73.9999999999,0.09459459459607378
121,MONTGOMERY COUNTY,601,F-1,121,000603,463871.9276779293,8.899764413508532,9,14,35648372.86537537,0.013012429190799892,73.9999999999,0.12026708666919673
121,MONTGOMERY COUNTY,601,F-1,121,000502,91.17655762677214,0.00045210316899634115,2,2,35648372.86537537,2.557663935212322e-06,73.9999999999,6.109502283742596e-06
121,MONTGOMERY COUNTY,602,F-2,121,000602,7567744.192766021,18.99816357003669,19,66,7816121.187329558,0.968222473959824,20.999999999709882,0.9046744557285311
121,MONTGOMERY COUNTY,602,F-2,121,000501,248376.99456353666,2.00183642967319,6,13,7816121.187329558,0.031777526040176036,20.999999999709882,0.09532554427146883
121,MONTGOMERY COUNTY,701,G-1,121,000701,6578670.71913413,55.9993031836,56,106,6825625.653111854,0.963819443589741,68.0,0.8235191644647059
121,MONTGOMERY COUNTY,701,G-1,121,000603,133887.9584889361,6.0,6,12,6825625.653111854,0.019615485128150204,68.0,0.08823529411764706
121,MONTGOMERY COUNTY,701,G-1,121,000102,113066.97548878769,6.0006968164,7,12,6825625.653111854,0.016565071282108712,68.0,0.08824554141764705
121,MONTGOMERY COUNTY,702,G-2,121,000702,2156266.4704929837,29.998810847320993,30,86,3884789.9479487548,0.5550535548599055,40.9999999997,0.7316783133546462
121,MONTGOMERY COUNTY,702,G-2,121,000701,1543381.6831334499,3.001189152379007,4,9,3884789.9479487548,0.3972883228727426,40.9999999997,0.07319973542441383
121,MONTGOMERY COUNTY,702,G-2,121,000601,184303.95793334613,7.97072025203539,8,16,3884789.9479487548,0.04744245130439092,40.9999999997,0.1944078110266759
121,MONTGOMERY COUNTY,702,G-2,121,000603,837.8363889748424,0.029279747964610504,1,1,3884789.9479487548,0.0002156709629608768,40.9999999997,0.0007141401942640182
125,NELSON COUNTY,101,ROCKFISH,125,000101,123214323.960843,127.17777899664011,128,361,181527452.42627877,0.6787641335454885,195.9999999990094,0.6488662193738923
125,NELSON COUNTY,101,ROCKFISH,125,000502,58295321.31372738,68.74785786505906,69,154,181527452.42627877,0.321137770263162,195.9999999990094,0.350754376864319
125,NELSON COUNTY,101,ROCKFISH,003,000604,16603.05290018328,0.03821745444197151,5,9,181527452.42627877,9.146304142028352e-05,195.9999999990094,0.00019498701246002383
125,NELSON COUNTY,101,ROCKFISH,003,000307,634.086085964628,8.099196825757355e-05,1,1,181527452.42627877,3.4930589147233283e-06,195.9999999990094,4.132243278468515e-07
125,NELSON COUNTY,101,ROCKFISH,015,000601,570.0127222346343,0.0360646909,3,7,181527452.42627877,3.140091014421776e-06,195.9999999990094,0.00018400352500092998
125,NELSON COUNTY,201,LOVINGSTON,125,000501,108252067.48089886,82.21135410818609,87,255,249857514.6782449,0.43325519994986317,198.99999999953897,0.4131223824541535
125,NELSON COUNTY,201,LOVINGSTON,125,000201,106147374.63254642,86.4848858563,91,238,249857514.6782449,0.4248316276147955,198.99999999953897,0.4345974163643234
125,NELSON COUNTY,201,LOVINGSTON,125,000401,21986213.992008805,14.813071740252912,16,52,249857514.6782449,0.08799500795612111,198.99999999953897,0.07443754643360417
125,NELSON COUNTY,201,LOVINGSTON,125,000502,11295458.118132478,11.991259364,13,32,249857514.6782449,0.04520759814920217,198.99999999953897,0.06025758474385819
125,NELSON COUNTY,201,LOVINGSTON,125,000101,2171248.975900716,3.4784795477,4,21,249857514.6782449,0.00868994866412864,198.99999999953897,0.01747979672215105
125,NELSON COUNTY,201,LOVINGSTON,003,000302,5151.478757603789,0.0209493831,3,3,249857514.6782449,2.0617665889447544e-05,198.99999999953897,0.00010527328190979163
125,NELSON COUNTY,202,SCHUYLER,125,000202,53336990.43784558,72.99226072248896,73,177,53351355.82665362,0.9997307399486769,73.00000000029513,0.9998939824958064
125,NELSON COUNTY,202,SCHUYLER,003,000302,12843.137745778833,0.0057008418835432055,4,4,53351355.82665362,0.00024072748568017787,73.00000000029513,7.809372443178298e-05
125,NELSON COUNTY,202,SCHUYLER,003,000306,1522.2510622651075,0.0020384359226302043,1,2,53351355.82665362,2.8532565642963685e-05,73.00000000029513,2.79237797619447e-05
125,NELSON COUNTY,301,SHIPMAN,125,000301,181529768.57722357,154.3477237946,159,417,294446148.9231658,0.6165126263023152,249.0,0.6198703766851406
125,NELSON COUNTY,301,SHIPMAN,125,000202,59452340.10566273,49.07009867800374,52,152,294446148.9231658,0.20191243907617387,249.0,0.19706866938957324
125,NELSON COUNTY,301,SHIPMAN,125,000201,50281792.32834109,42.86645039196489,47,131,294446148.9231658,0.17076736276643192,249.0,0.1721544192448389
125,NELSON COUNTY,301,SHIPMAN,125,000302,3026745.765936063,1.7130161311,3,4,294446148.9231658,0.010279454416385921,249.0,0.006879582855823294
125,NELSON COUNTY,301,SHIPMAN,125,000401,155407.09705651854,1.0,6,16,294446148.9231658,0.0005277946328211996,249.0,0.004016064257028112
125,NELSON COUNTY,301,SHIPMAN,003,000306,95.04894581575834,0.0027110043313733584,3,4,294446148.9231658,3.2280587184911995e-07,249.0,1.0887567595876942e-05
125,NELSON COUNTY,302,GLADSTONE,125,000302,68096036.88614428,60.0,60,145,68096730.07528277,0.9999898205223993,60.0,1.0
125,NELSON COUNTY,302,GLADSTONE,125,000301,693.1891384927367,0.0,4,8,68096730.07528277,1.0179477600853924e-05,60.0,0.0
125,NELSON COUNTY,499,ROSELAND/MONTEBELLO COMBINED,125,000401,264634596.81620398,233.96063655349985,240,714,381167567.96187794,0.6942736451351788,292.999999999897,0.7985004660531813
125,NELSON COUNTY,499,ROSELAND/MONTEBELLO COMBINED,125,000402,89990275.64387868,34.0620497213,36,124,381167567.96187794,0.23609111374575018,292.999999999897,0.11625272942427295
125,NELSON COUNTY,499,ROSELAND/MONTEBELLO COMBINED,125,000502,20762999.188677136,19.97731372509714,20,44,381167567.96187794,0.054472103436548736,292.999999999897,0.06818195810615756
125,NELSON COUNTY,499,ROSELAND/MONTEBELLO COMBINED,125,000301,5779696.313118128,5.0,5,12,381167567.96187794,0.015163137682522292,292.999999999897,0.017064846416388252
127,NEW KENT COUNTY,101,BLACK CREEK,127,000103,35479751.594374895,19.133159450630576,20,54,66419979.41528538,0.5341728785030285,43.9999999999,0.434844532969865
127,NEW KENT COUNTY,101,BLACK CREEK,127,000102,22523273.011191707,14.8611962993,15,33,66419979.41528538,0.3391038842449321,43.9999999999,0.3377544613484949
127,NEW KENT COUNTY,101,BLACK CREEK,127,000202,8341054.937141611,10.0,10,27,66419979.41528538,0.1255805107223816,43.9999999999,0.22727272727324382
127,NEW KENT COUNTY,101,BLACK CREEK,127,000301,70471.12630450592,0.0043435554,1,1,66419979.41528538,0.0010609928958859062,43.9999999999,9.871716818204254e-05
127,NEW KENT COUNTY,101,BLACK CREEK,085,000404,5428.746272655808,0.0013006945694233126,2,5,66419979.41528538,8.173363377174546e-05,43.9999999999,2.956124021423338e-05
127,NEW KENT COUNTY,201,QUINTON,127,000201,17418737.57514858,45.9772239647,47,122,32104045.47666347,0.5425714210319791,92.9999999999,0.49437875230913375
127,NEW KENT COUNTY,201,QUINTON,127,000202,9049292.603433624,13.0330150401,14,26,32104045.47666347,0.2818739030883688,92.9999999999,0.14013994666789262
127,NEW KENT COUNTY,201,QUINTON,127,000403,5629787.532254446,33.9889456862,34,39,32104045.47666347,0.17536068893083134,92.9999999999,0.365472534260608
127,NEW KENT COUNTY,201,QUINTON,085,000404,6227.765826821217,0.0008153089,1,1,32104045.47666347,0.00019398694882077086,92.9999999999,8.766762365600824e-06
127,NEW KENT COUNTY,301,WATKINS,127,000301,55268402.53922939,36.9136887713,38,91,112310605.03525844,0.4921031502045475,91.99999999969833,0.4012357475154461
127,NEW KENT COUNTY,301,WATKINS,127,000102,20413671.304263834,19.92471233623792,20,43,112310605.03525844,0.18176085239550824,91.99999999969833,0.21657296017720928
127,NEW KENT COUNTY,301,WATKINS,127,000103,18710498.01926733,21.0380785792,23,36,112310605.03525844,0.1665960041208345,91.99999999969833,0.2286747671659672
127,NEW KENT COUNTY,301,WATKINS,127,000403,8557560.930842256,6.294045117097545,9,22,112310605.03525844,0.07619548419453107,91.99999999969833,0.06841353388171938
127,NEW KENT COUNTY,301,WATKINS,127,000202,7408699.904814126,3.424742268,4,7,112310605.03525844,0.0659661650161021,91.99999999969833,0.03722545943490467
127,NEW KENT COUNTY,301,WATKINS,127,000201,1635391.9686158276,3.0183911623024553,4,8,112310605.03525844,0.014561331657882332,91.99999999969833,0.03280859959035166
127,NEW KENT COUNTY,301,WATKINS,127,000401,278639.3838628551,1.3110541019,6,10,112310605.03525844,0.0024809712651390303,91.99999999969833,0.014250588064177162
127,NEW KENT COUNTY,301,WATKINS,085,000404,20171.090995269693,0.006757557217320829,2,6,112310605.03525844,0.00017960094675776382,91.99999999969833,7.34517088841629e-05
127,NEW KENT COUNTY,301,WATKINS,085,000505,17569.8933675508,0.06853010644309467,2,2,112310605.03525844,0.0001564401986974869,91.99999999969833,0.000744892461340428
127,NEW KENT COUNTY,302,CUMBERLAND,127,000302,58611848.95609824,32.0000000001,32,67,68018419.6470704,0.8617055388851967,48.0000000001,0.6666666666673611
127,NEW KENT COUNTY,302,CUMBERLAND,127,000103,9250624.261137862,14.0,14,19,68018419.6470704,0.13600175230675612,48.0000000001,0.291666666666059
127,NEW KENT COUNTY,302,CUMBERLAND,127,000502,155946.4298342943,2.0,2,2,68018419.6470704,0.002292708808047278,48.0000000001,0.04166666666657986
127,NEW KENT COUNTY,401,PROVIDENCE FORGE,127,000401,47018192.78100787,80.16714861167748,82,179,77159931.6183534,0.6093602183782139,99.00000000007748,0.8097691778950984
127,NEW KENT COUNTY,401,PROVIDENCE FORGE,127,000103,19649792.29078242,7.0,7,18,77159931.6183534,0.25466316362193986,99.00000000007748,0.07070707070701537
127,NEW KENT COUNTY,401,PROVIDENCE FORGE,127,000301,8693332.884653132,9.9486294655,10,12,77159931.6183534,0.11266641509808338,99.00000000007748,0.10049120672214358
127,NEW KENT COUNTY,401,PROVIDENCE FORGE,127,000302,1798613.6619099784,1.8842219229000001,3,4,77159931.6183534,0.02331020290176303,99.00000000007748,0.019032544675742682
127,NEW KENT COUNTY,402,CHICKAHOMINY RIVER,127,000502,17433335.296739705,42.2113751022,45,92,28581230.94882716,0.6099574692200264,65.0000000001,0.6494057708020778
127,NEW KENT COUNTY,402,CHICKAHOMINY RIVER,127,000302,8788890.882950537,7.3734623954,8,17,28581230.94882716,0.30750568086750624,65.0000000001,0.11343788300597932
127,NEW KENT COUNTY,402,CHICKAHOMINY RIVER,127,000401,2359004.769136916,15.4151625025,21,33,28581230.94882716,0.08253684991246742,65.0000000001,0.2371563461919428
127,NEW KENT COUNTY,501,ELTHAM,127,000501,74703234.43311386,59.387465186,61,151,124060384.23853861,0.6021522091167903,83.9999999998,0.7069936331683501
127,NEW KENT COUNTY,501,ELTHAM,127,000302,49356318.03724946,23.6125348138,24,71,124060384.23853861,0.3978410863402535,83.9999999998,0.28110160492685976
127,NEW KENT COUNTY,501,ELTHAM,127,000502,831.7681752947834,1.0,1,1,124060384.23853861,6.704542956238883e-06,83.9999999998,0.01190476190479025
127,NEW KENT COUNTY,502,COURTHOUSE,127,000302,39047428.86301455,32.4276976171,33,69,70113555.79118735,0.5569169673736968,85.00000000029999,0.3815023249057124
127,NEW KENT COUNTY,502,COURTHOUSE,127,000502,28129349.409216214,46.5723023832,48,129,70113555.79118735,0.4011970166367147,85.00000000029999,0.5479094398004192
127,NEW KENT COUNTY,502,COURTHOUSE,127,000401,2936777.5189565876,6.0,6,11,70113555.79118735,0.04188601598958863,85.00000000029999,0.07058823529386853
131,NORTHAMPTON COUNTY,101,PRECINCT 1-1,131,000101,867921344.6345797,135.00000000169894,135,682,884577689.0709505,0.9811702865195882,171.00000000169894,0.789473684212618
131,NORTHAMPTON COUNTY,101,PRECINCT 1-1,131,000201,16656344.4363708,36.0,36,107,884577689.0709505,0.018829713480411805,171.00000000169894,0.21052631578738204
131,NORTHAMPTON COUNTY,201,PRECINCT 2-1,131,000101,35365503.11576617,87.0000000001,87,278,38671838.36237429,0.9145027651484752,120.0000000002,0.7249999999996249
131,NORTHAMPTON COUNTY,201,PRECINCT 2-1,131,000201,3306335.2466081264,33.0000000001,35,90,38671838.36237429,0.08549723485152494,120.0000000002,0.275000000000375
131,NORTHAMPTON COUNTY,301,PRECINCT 3-1,131,000201,280624274.7319246,24.0240915502,27,186,474696596.9929545,0.5911655497629145,109.00000000041285,0.22040450963402758
131,NORTHAMPTON COUNTY,301,PRECINCT 3-1,131,000301,152387355.7445677,54.33353772051285,59,308,474696596.9929545,0.3210205354533634,109.00000000041285,0.4984728231220831
131,NORTHAMPTON COUNTY,301,PRECINCT 3-1,131,000401,41684966.51646222,30.6423707297,38,177,474696596.9929545,0.08781391478372219,109.00000000041285,0.28112266724388935
131,NORTHAMPTON COUNTY,401,PRECINCT 4-1,131,000401,363604470.6337863,108.2990970702,110,362,420694534.9572545,0.8642956834957009,186.00000000010002,0.5822532100545257
131,NORTHAMPTON COUNTY,401,PRECINCT 4-1,131,000201,45756207.50015364,67.0619349532,71,209,420694534.9572545,0.10876349393224893,186.00000000010002,0.36054803738260177
131,NORTHAMPTON COUNTY,401,PRECINCT 4-1,131,000101,11149054.981610028,8.5891150875,10,47,420694534.9572545,0.02650154460110315,186.00000000010002,0.04617803810481388
131,NORTHAMPTON COUNTY,401,PRECINCT 4-1,131,000501,184801.8417045404,2.0498528892,3,4,420694534.9572545,0.0004392779709470615,186.00000000010002,0.011020714458058588
131,NORTHAMPTON COUNTY,501,PRECINCT 5-1,131,000501,192976093.87232906,112.93819444219201,113,288,193891099.31425747,0.9952808280258116,116.0,0.9736051245016553
131,NORTHAMPTON COUNTY,501,PRECINCT 5-1,131,000301,911131.8930139832,1.061805557807985,5,8,193891099.31425747,0.004699194012703111,116.0,0.009153496187999871
131,NORTHAMPTON COUNTY,501,PRECINCT 5-1,131,000401,3873.54891444032,2.0,2,3,193891099.31425747,1.9977961485287657e-05,116.0,0.017241379310344827
131,NORTHAMPTON COUNTY,601,PRECINCT 6-1,131,000301,23462391.513032112,48.8908946107,49,160,47171441.253463626,0.4973855131320448,86.9999999999,0.561964305870761
131,NORTHAMPTON COUNTY,601,PRECINCT 6-1,131,000401,16375967.46564646,25.0000000002,25,77,47171441.253463626,0.34715851435732914,86.9999999999,0.2873563218417096
131,NORTHAMPTON COUNTY,601,PRECINCT 6-1,131,000501,7333082.274785054,13.109105389,15,82,47171441.253463626,0.15545597251062607,86.9999999999,0.1506793722875295
133,NORTHUMBERLAND COUNTY,101,1A,133,000101,71918446.54024725,111.78160742755965,113,610,107729859.4652976,0.6675813641380821,190.00000000028717,0.5883242496178458
133,NORTHUMBERLAND COUNTY,101,1A,133,000201,35811412.92505035,78.21839257272752,79,275,107729859.4652976,0.3324186358619179,190.00000000028717,0.4116757503821542
133,NORTHUMBERLAND COUNTY,101,1A,193,000101,0.0,0.0,2,2,107729859.4652976,0.0,190.00000000028717,0.0
133,NORTHUMBERLAND COUNTY,201,2A,133,000201,123355564.73337796,118.57628752403627,122,464,149911720.60936117,0.8228547056358386,134.9999999999086,0.8783428705490115
133,NORTHUMBERLAND COUNTY,201,2A,133,000101,15656360.001398971,11.005023277,16,27,149911720.60936117,0.10443719769047409,134.9999999999086,0.08151869094079593
133,NORTHUMBERLAND COUNTY,201,2A,133,000301,7634731.082351507,2.7736204519461065,8,43,149911720.60936117,0.05092817994028653,134.9999999999086,0.02054533668109618
133,NORTHUMBERLAND COUNTY,201,2A,133,000501,3265064.1738832183,2.6450687469262286,5,27,149911720.60936117,0.021779912608643176,134.9999999999086,0.019593101829096442
133,NORTHUMBERLAND COUNTY,201,2A,103,000201,0.6183494993378607,0.0,1,1,149911720.60936117,4.124757536131221e-09,134.9999999999086,0.0
133,NORTHUMBERLAND COUNTY,301,3A,133,000301,71709117.23369017,58.499120955,59,217,72339595.60073361,0.9912844637600235,66.9999999999,0.8731212082848853
133,NORTHUMBERLAND COUNTY,301,3A,133,000501,628769.0994394942,7.5008790449,8,12,72339595.60073361,0.008691907857902343,66.9999999999,0.1119534185807641
133,NORTHUMBERLAND COUNTY,301,3A,133,000201,1709.267603944479,1.0,1,1,72339595.60073361,2.362838207416168e-05,66.9999999999,0.014925373134350635
133,NORTHUMBERLAND COUNTY,302,3B,133,000301,64464696.36425692,25.8253121759,30,59,66119260.65325956,0.9749760618516372,33.0,0.7825852174515151
133,NORTHUMBERLAND COUNTY,302,3B,133,000401,1516125.0846144792,3.7240462375,5,33,66119260.65325956,0.02293015786376215,33.0,0.11284988598484849
133,NORTHUMBERLAND COUNTY,302,3B,103,000201,100284.4892617475,1.8360131746,9,11,66119260.65325956,0.001516721274117932,33.0,0.05563676286666666
133,NORTHUMBERLAND COUNTY,302,3B,103,000401,37394.71539271665,1.6140296342,2,5,66119260.65325956,0.0005655646331077532,33.0,0.04890998891515152
133,NORTHUMBERLAND COUNTY,302,3B,133,000201,759.9997337031649,0.0005987778,1,1,66119260.65325956,1.1494377374978985e-05,33.0,1.814478181818182e-05
133,NORTHUMBERLAND COUNTY,401,4A,133,000401,25137166.997524466,46.15883491706806,47,191,37657165.33703182,0.6675267979558922,55.999999999702624,0.8242649092377353
133,NORTHUMBERLAND COUNTY,401,4A,133,000501,12519998.339507354,9.841165082634557,12,77,37657165.33703182,0.33247320204410785,55.999999999702624,0.1757350907622646
133,NORTHUMBERLAND COUNTY,402,4B,133,000401,200834118.11252424,248.8707449379035,249,640,227185469.42950037,0.8840095214577383,252.0000000003,0.9875823211809811
133,NORTHUMBERLAND COUNTY,402,4B,133,000501,26264687.465421773,2.0,2,3,227185469.42950037,0.11560901113692118,252.0000000003,0.007936507936498489
133,NORTHUMBERLAND COUNTY,402,4B,133,000301,53258.77238587558,1.0,1,2,227185469.42950037,0.00023442860372900173,252.0000000003,0.003968253968249244
133,NORTHUMBERLAND COUNTY,402,4B,103,000302,20474.066221810146,0.12925506239648046,2,2,227185469.42950037,9.012049174282076e-05,252.0000000003,0.0005129169142711373
133,NORTHUMBERLAND COUNTY,402,4B,103,000401,12931.012946679382,0.0,5,10,227185469.42950037,5.691830986881008e-05,252.0000000003,0.0
133,NORTHUMBERLAND COUNTY,501,5A,133,000501,78450214.40601589,244.99999999859722,245,852,78805972.35449687,0.9954856473709803,246.99999999859722,0.9919028340080511
133,NORTHUMBERLAND COUNTY,501,5A,133,000401,355757.94848097477,2.0,2,4,78805972.35449687,0.004514352629019675,246.99999999859722,0.00809716599194882
135,NOTTOWAY COUNTY,101,PRECINCT 1-1,135,000101,131853950.28108642,146.9999999999,147,345,131853950.28108642,1.0,146.9999999999,1.0
135,NOTTOWAY COUNTY,102,PRECINCT 1-2,135,000102,134431851.02293304,58.469779061,59,159,154056675.15820995,0.8726129580875154,67.99999999959999,0.8598496920785874
135,NOTTOWAY COUNTY,102,PRECINCT 1-2,135,000501,19624824.13527692,9.5302209386,11,29,154056675.15820995,0.12738704191248462,67.99999999959999,0.14015030792141264
135,NOTTOWAY COUNTY,201,PRECINCT 2-1,135,000201,6331792.276290428,114.0000000002,114,221,6331792.276290428,1.0,114.0000000002,1.0
135,NOTTOWAY COUNTY,202,PRECINCT 2-2,135,000202,79063481.03489122,34.000000000195946,34,100,86775504.43822972,0.9111267234542182,37.000000000195946,0.9189189189193483
135,NOTTOWAY COUNTY,202,PRECINCT 2-2,135,000402,7712023.403338504,3.0,3,4,86775504.43822972,0.08887327654578177,37.000000000195946,0.08108108108065169
135,NOTTOWAY COUNTY,3011,PRECINCT 3-1 PART 1,135,003011,31170864.171492912,32.0,32,55,31170864.171492912,1.0,32.0,1.0
135,NOTTOWAY COUNTY,3012,PRECINCT 3-1 PART 2,135,003012,29812197.85374843,27.053387530411904,28,99,35339154.360422246,0.8436024685167997,35.999999999799996,0.7514829869600612
135,NOTTOWAY COUNTY,3012,PRECINCT 3-1 PART 2,135,000102,3046267.7009681626,3.5974025974,4,9,35339154.360422246,0.08620092235086987,35.999999999799996,0.09992784992833294
135,NOTTOWAY COUNTY,3012,PRECINCT 3-1 PART 2,135,000201,1912541.4310448451,1.3492098720880952,2,5,35339154.360422246,0.05411961507451287,35.999999999799996,0.037478052002655304
135,NOTTOWAY COUNTY,3012,PRECINCT 3-1 PART 2,135,000101,568147.374660807,3.9999999999,4,11,35339154.360422246,0.016076994057817588,35.999999999799996,0.11111111110895062
135,NOTTOWAY COUNTY,302,PRECINCT 3-2,135,000302,72565044.64764291,44.0,44,149,76987358.89260969,0.9425579171882555,46.0,0.9565217391304348
135,NOTTOWAY COUNTY,302,PRECINCT 3-2,135,000402,4422314.244966775,2.0,2,3,76987358.89260969,0.05744208281174444,46.0,0.043478260869565216
135,NOTTOWAY COUNTY,401,PRECINCT 4-1,135,000401,18968792.56253467,100.362598613525,102,153,23163917.584512733,0.8188939756553573,108.0000000004,0.9292833204921601
135,NOTTOWAY COUNTY,401,PRECINCT 4-1,135,000501,4153081.652443022,7.5049671763750005,8,14,23163917.584512733,0.17929098725596182,108.0000000004,0.06949043681802967
135,NOTTOWAY COUNTY,401,PRECINCT 4-1,135,000402,42043.36953504044,0.13243421049999998,2,2,23163917.584512733,0.0018150370886809925,108.0000000004,0.0012262426898102731
135,NOTTOWAY COUNTY,402,PRECINCT 4-2,135,000402,126212758.37131998,37.0000000001,37,113,135805616.27549502,0.9293633196677596,48.0000000001,0.7708333333338108
135,NOTTOWAY COUNTY,402,PRECINCT 4-2,135,000501,8846934.621456323,10.0,10,21,135805616.27549502,0.06514409981034545,48.0000000001,0.2083333333328993
135,NOTTOWAY COUNTY,402,PRECINCT 4-2,135,000302,745923.2827187132,1.0,1,1,135805616.27549502,0.005492580521894872,48.0000000001,0.02083333333328993
135,NOTTOWAY COUNTY,501,PRECINCT 5-1,135,000501,136759785.65231588,195.0000000003,195,750,137080343.13096806,0.9976615357728867,206.0000000003,0.9466019417476506
135,NOTTOWAY COUNTY,501,PRECINCT 5-1,135,000401,320557.47865218663,11.0,11,12,137080343.13096806,0.0023384642271133105,206.0000000003,0.053398058252349424
137,ORANGE COUNTY,101,ONE WEST,137,000101,142494373.10310358,110.78861701460147,111,341,159274782.15249893,0.8946449097426559,124.99999999889299,0.886308936124661
137,ORANGE COUNTY,101,ONE WEST,137,000102,16689971.117415098,13.999999999548894,14,107,159274782.15249893,0.1047872795169492,124.99999999889299,0.11199999999738304
137,ORANGE COUNTY,101,ONE WEST,079,000201,90437.93198026142,0.21138298474262285,3,6,159274782.15249893,0.0005678107403949916,124.99999999889299,0.001691063877955959
137,ORANGE COUNTY,101,ONE WEST,113,000003,0.0,0.0,1,1,159274782.15249893,0.0,124.99999999889299,0.0
137,ORANGE COUNTY,102,ONE EAST,137,000102,40580243.31600048,30.74591171792036,36,162,45033320.908938974,0.90111594030689,47.999999999909896,0.6405398274578766
137,ORANGE COUNTY,102,ONE EAST,137,000101,2676893.5651303655,9.0,9,31,45033320.908938974,0.059442508593653604,47.999999999909896,0.18750000000035197
137,ORANGE COUNTY,102,ONE EAST,137,000301,1775121.5525411137,8.254088281989537,10,35,45033320.908938974,0.03941795800781722,47.999999999909896,0.17196017254177148
137,ORANGE COUNTY,102,ONE EAST,137,000201,1062.4752670198236,0.0,1,1,45033320.908938974,2.359309163914948e-05,47.999999999909896,0.0
137,ORANGE COUNTY,201,TWO WEST,137,000201,36225202.379020266,21.96424735332666,22,68,73124264.89546485,0.4953923629975109,127.99999999987479,0.1715956824480324
137,ORANGE COUNTY,201,TWO WEST,137,000102,34783901.78115691,98.9273128878,99,197,73124264.89546485,0.47568207120963757,127.99999999987479,0.7728696319366936
137,ORANGE COUNTY,201,TWO WEST,137,000301,2108088.829234098,7.035752646648133,10,23,73124264.89546485,0.028828854994272103,127.99999999987479,0.05496681755199231
137,ORANGE COUNTY,201,TWO WEST,109,000102,7071.906053572953,0.0726871121,4,4,73124264.89546485,9.671079857941316e-05,127.99999999987479,0.0005678680632818056
137,ORANGE COUNTY,202,TWO EAST,137,000201,116896739.44251776,39.0000000002,39,109,116896739.44251776,1.0,39.0000000002,1.0
137,ORANGE COUNTY,301,THREE,137,000301,49186579.7976146,118.52901590051759,121,227,68707142.63483346,0.7158874304966041,138.00000000034345,0.8589059123204537
137,ORANGE COUNTY,301,THREE,137,000302,11574743.334715584,11.0,11,39,68707142.63483346,0.16846492068857144,138.00000000034345,0.07971014492733786
137,ORANGE COUNTY,301,THREE,137,000101,5093907.224238376,6.469957408825873,12,34,68707142.63483346,0.07413941300559695,138.00000000034345,0.04688374933920124
137,ORANGE COUNTY,301,THREE,137,000201,2851528.0078836028,2.0000000001,4,12,68707142.63483346,0.041502642935378344,138.00000000034345,0.014492753623876975
137,ORANGE COUNTY,301,THREE,137,000102,384.2703812883517,0.0010266909000000001,3,3,68707142.63483346,5.592873849094295e-06,138.00000000034345,7.439789130416268e-06
137,ORANGE COUNTY,301,THREE,113,000001,0.0,0.0,1,1,68707142.63483346,0.0,138.00000000034345,0.0
137,ORANGE COUNTY,401,FOUR,137,000202,104572561.34373567,42.99772375774298,43,149,320260545.08588344,0.3265233977407136,125.0000000010682,0.3439817900590043
137,ORANGE COUNTY,401,FOUR,137,000302,103579345.66358525,41.000000000105686,42,180,320260545.08588344,0.3234221238080034,125.0000000010682,0.3279999999980425
137,ORANGE COUNTY,401,FOUR,137,000401,82008080.95763315,35.00000000046299,36,192,320260545.08588344,0.2560667625655894,125.0000000010682,0.28000000000131114
137,ORANGE COUNTY,401,FOUR,137,000201,30099225.719387993,6.0,6,31,320260545.08588344,0.09398355864071974,125.0000000010682,0.04799999999958981
137,ORANGE COUNTY,401,FOUR,047,000703,840.9039303643946,0.0,1,2,320260545.08588344,2.62568693917289e-06,125.0000000010682,0.0
137,ORANGE COUNTY,401,FOUR,177,000505,490.49761103126286,0.002276242756544277,1,2,320260545.08588344,1.5315580347236572e-06,125.0000000010682,1.82099420521986e-05
137,ORANGE COUNTY,501,LOCUST GROVE,137,000401,41597033.923759185,7.988881854700643,8,106,90788332.52481633,0.45817598767318407,25.00000000024507,0.31955527418489316
137,ORANGE COUNTY,501,LOCUST GROVE,137,000402,36571557.92096449,12.32567632052202,13,115,90788332.52481633,0.40282222289926867,25.00000000024507,0.49302705281604775
137,ORANGE COUNTY,501,LOCUST GROVE,137,000501,12610394.271449178,4.6726911825,5,18,90788332.52481633,0.13889884218329726,25.00000000024507,0.1869076472981678
137,ORANGE COUNTY,501,LOCUST GROVE,177,000202,6258.698016041754,0.011118145482737438,1,3,90788332.52481633,6.893725043722975e-05,25.00000000024507,0.000444725819305138
137,ORANGE COUNTY,501,LOCUST GROVE,047,000703,2944.0207354122867,0.0012700911,1,5,90788332.52481633,3.24273026449468e-05,25.00000000024507,5.080364399950198e-05
137,ORANGE COUNTY,501,LOCUST GROVE,047,000704,143.68989202403532,0.0003624059396701967,2,2,90788332.52481633,1.582691167774876e-06,25.00000000024507,1.4496237586665764e-05
137,ORANGE COUNTY,502,LAKE OF THE WOODS,137,000501,6841486.154351363,29.9540309064,30,58,14965096.828248475,0.4571628391630056,84.0000000001,0.3565956060281469
137,ORANGE COUNTY,502,LAKE OF THE WOODS,137,000502,6165851.78399731,52.9807851716,53,91,14965096.828248475,0.4120154954399293,84.0000000001,0.6307236329944872
137,ORANGE COUNTY,502,LAKE OF THE WOODS,137,000402,1957758.8898998015,1.0651839221,5,21,14965096.828248475,0.13082166539706505,84.0000000001,0.012680760977365854
139,PAGE COUNTY,101,WEST LURAY,139,000101,176346878.4556162,237.78195291811156,238,643,186347636.6134759,0.9463327877959442,255.9999999990468,0.9288357535898317
139,PAGE COUNTY,101,WEST LURAY,139,000401,7070781.984772612,2.0124879165930256,5,8,186347636.6134759,0.037944038965403666,255.9999999990468,0.007861280924220778
139,PAGE COUNTY,101,WEST LURAY,187,000502,2288344.3337021675,0.2055591644422105,7,11,186347636.6134759,0.012279975079311974,255.9999999990468,0.0008029654861053746
139,PAGE COUNTY,101,WEST LURAY,139,000201,641631.8393849005,15.9999999999,16,29,186347636.6134759,0.0034431981593401133,255.9999999990468,0.06249999999984209
139,PAGE COUNTY,201,EAST LURAY,139,000201,104312660.65059873,195.9999999999,197,435,105709875.99885152,0.9867825467105082,197.9999999999,0.9898989898989848
139,PAGE COUNTY,201,EAST LURAY,139,000301,1395971.5472872662,1.0,2,3,105709875.99885152,0.013205687113874135,197.9999999999,0.005050505050507601
139,PAGE COUNTY,201,EAST LURAY,139,000101,1243.8009655117264,1.0,1,1,105709875.99885152,1.1766175617548162e-05,197.9999999999,0.005050505050507601
139,PAGE COUNTY,301,MARKSVILLE,139,000301,140119780.39399552,130.71878187937978,132,416,150767198.87856257,0.929378415439401,138.0000000010132,0.9472375498436234
139,PAGE COUNTY,301,MARKSVILLE,139,000401,9821489.398903625,5.992550318846789,8,23,150767198.87856257,0.06514340965380987,138.0000000010132,0.04342427767248399
139,PAGE COUNTY,301,MARKSVILLE,139,000201,825722.4522034449,1.28866780278665,4,8,150767198.87856257,0.005476804360267607,138.0000000010132,0.009338172483892671
139,PAGE COUNTY,301,MARKSVILLE,113,000008,206.6334599762437,0.0,2,3,150767198.87856257,1.3705465214796446e-06,138.0000000010132,0.0
139,PAGE COUNTY,401,NEWPORT,139,000401,201353816.25820032,135.32358513852338,142,393,202865954.07178506,0.9925461232738458,151.99999999992272,0.8902867443328433
139,PAGE COUNTY,401,NEWPORT,139,000301,856387.917605438,13.676414861399339,17,33,202865954.07178506,0.0042214472187994696,151.99999999992272,0.0899764135618835
139,PAGE COUNTY,401,NEWPORT,139,000501,646468.2258801417,2.0,2,5,202865954.07178506,0.0031866767828937228,151.99999999992272,0.013157894736848795
139,PAGE COUNTY,401,NEWPORT,139,000101,9281.670099167402,1.0,1,1,202865954.07178506,4.5752724461015475e-05,151.99999999992272,0.006578947368424398
139,PAGE COUNTY,501,SHENANDOAH,139,000501,158584109.32150853,198.46519754421095,200,514,167760417.10338795,0.9453011148856156,203.0000000002817,0.9776610716450027
139,PAGE COUNTY,501,SHENANDOAH,139,000401,9084211.154540269,3.8256669156514307,7,31,167760417.10338795,0.05414990801400917,203.0000000002817,0.018845649830769074
139,PAGE COUNTY,501,SHENANDOAH,165,000502,59496.123613098345,0.04723059642076584,12,14,167760417.10338795,0.00035464935436129656,203.0000000002817,0.0002326630365551739
139,PAGE COUNTY,501,SHENANDOAH,165,000504,32600.503726068335,0.6619049439985386,3,3,167760417.10338795,0.00019432774601399081,203.0000000002817,0.0032606154876730054
141,PATRICK COUNTY,101,ARARAT,141,000101,69021707.51977478,71.75187687020788,72,159,70584298.2197343,0.9778620636689614,75.76873306990788,0.9469853059837512
141,PATRICK COUNTY,101,ARARAT,141,000102,1337891.9722398894,2.6039023070000002,3,3,70584298.2197343,0.018954526799642178,75.76873306990788,0.03436644908127888
141,PATRICK COUNTY,101,ARARAT,141,000401,224698.72771962965,1.4129538927,3,5,70584298.2197343,0.003183409531396422,75.76873306990788,0.018648244934969953
141,PATRICK COUNTY,102,CLAUDVILLE,141,000102,108357440.97570556,80.667940646,81,190,114821701.25875226,0.9437017548757669,95.7051834082,0.8428795366488833
141,PATRICK COUNTY,102,CLAUDVILLE,141,000101,2365625.1540708565,3.0,3,5,114821701.25875226,0.02060259627001945,95.7051834082,0.03134626457173646
141,PATRICK COUNTY,102,CLAUDVILLE,141,000201,1953214.2167188642,5.0051499854,6,8,114821701.25875226,0.017010845470032444,95.7051834082,0.052297585221190435
141,PATRICK COUNTY,102,CLAUDVILLE,141,000402,1476387.8676568915,7.0143820055,8,11,114821701.25875226,0.01285809086149866,95.7051834082,0.07329155805054346
141,PATRICK COUNTY,102,CLAUDVILLE,141,000401,669033.0446000849,0.0177107713,1,2,114821701.25875226,0.005826712522682536,95.7051834082,0.000185055507646439
141,PATRICK COUNTY,103,WILLIS GAP,141,000103,66820722.171641484,49.04679916111648,50,114,66820722.171641484,1.0,49.04679916111648,1.0
141,PATRICK COUNTY,201,DRY POND,141,000201,56209483.6685532,60.8893617926,61,118,56543851.521767646,0.9940865745042903,62.000000000099995,0.9820864805242225
141,PATRICK COUNTY,201,DRY POND,141,000402,334006.842549024,1.11062689,2,3,56543851.521767646,0.005907040881720652,62.000000000099995,0.01791333693545498
141,PATRICK COUNTY,201,DRY POND,141,000102,361.0106654167483,1.13175e-05,2,2,56543851.521767646,6.384613988981106e-06,62.000000000099995,1.8254032258035076e-07
141,PATRICK COUNTY,202,PATRICK SPRINGS,141,000202,31171919.333660938,69.74650105616607,70,173,33867948.28305332,0.9203958584423193,83.00000000026607,0.8403192898306323
141,PATRICK COUNTY,202,PATRICK SPRINGS,141,000203,1521095.749181372,6.0,6,12,33867948.28305332,0.04491254493684492,83.00000000026607,0.07228915662627429
141,PATRICK COUNTY,202,PATRICK SPRINGS,141,000302,682298.6733387508,4.7191154376,7,11,33867948.28305332,0.020145851990690446,83.00000000026607,0.056856812501022556
141,PATRICK COUNTY,202,PATRICK SPRINGS,141,000301,430281.2356602944,0.5343835065,2,6,33867948.28305332,0.012704673813252408,83.00000000026607,0.006438355499979361
141,PATRICK COUNTY,202,PATRICK SPRINGS,141,000501,62353.29121196574,2.0,2,4,33867948.28305332,0.001841070816892849,83.00000000026607,0.02409638554209143
141,PATRICK COUNTY,203,RUSSELL CREEK,141,000203,45748276.95753293,36.999999999799996,37,65,45773422.28412671,0.9994506566182075,37.999999999799996,0.9736842105261773
141,PATRICK COUNTY,203,RUSSELL CREEK,141,000202,25145.326593780686,1.0,1,3,45773422.28412671,0.0005493433817925511,37.999999999799996,0.026315789473822716
141,PATRICK COUNTY,301,CRITZ,141,000301,53993417.64282367,50.62485168782002,52,102,88079652.82991156,0.613006703683188,82.99843094572002,0.6099495027915416
141,PATRICK COUNTY,301,CRITZ,141,000203,27487669.20169543,25.899513465200002,26,47,88079652.82991156,0.31207740174426196,82.99843094572002,0.3120482299495273
141,PATRICK COUNTY,301,CRITZ,141,000202,6598565.985392452,6.4740657927,8,23,88079652.82991156,0.07491589457254992,82.99843094572002,0.07800226725893122
141,PATRICK COUNTY,302,LIBERTY,141,000302,77074315.68478279,74.4521550762,79,148,95295822.2272638,0.8087900800202351,99.0000000002,0.7520419704651473
141,PATRICK COUNTY,302,LIBERTY,141,000301,8890714.09678241,3.0329780135999997,7,16,95295822.2272638,0.0932959482271911,99.0000000002,0.030636141551453257
141,PATRICK COUNTY,302,LIBERTY,141,000501,5815219.72991873,6.4058549511,7,19,95295822.2272638,0.0610228191961076,99.0000000002,0.06470560556653594
141,PATRICK COUNTY,302,LIBERTY,141,000502,3169502.632812848,14.1090119593,20,28,95295822.2272638,0.033259617879723424,99.0000000002,0.14251527231587371
141,PATRICK COUNTY,302,LIBERTY,141,000202,346070.0829670263,1.0,1,3,95295822.2272638,0.0036315346767428055,99.0000000002,0.010101010100989695
141,PATRICK COUNTY,303,STELLA,141,000301,73452347.40803437,64.00000000040001,64,140,73452347.40803437,1.0,64.00000000040001,1.0
141,PATRICK COUNTY,401,MEADOWS OF DAN,141,000401,138445580.7410588,136.2756969182,138,268,147563753.343393,0.9382085885202753,141.0000000001,0.9664943043837118
141,PATRICK COUNTY,401,MEADOWS OF DAN,141,000503,9097334.601793135,3.7243030819,7,18,147563753.343393,0.06165019793595849,141.0000000001,0.026413497034733044
141,PATRICK COUNTY,401,MEADOWS OF DAN,141,000102,20838.000541074744,1.0,1,1,147563753.343393,0.00014121354376628656,141.0000000001,0.0070921985815552546
141,PATRICK COUNTY,402,STUART SCHOOL,141,000402,82593856.34932117,92.1341769003,94,210,91635970.48755386,0.9013257120525525,112.99999999970001,0.815346698234908
141,PATRICK COUNTY,402,STUART SCHOOL,141,000401,5734613.345522669,0.153627391,1,3,91635970.48755386,0.06258037444260552,112.99999999970001,0.0013595344336319278
141,PATRICK COUNTY,402,STUART SCHOOL,141,000501,1977181.465341649,17.0,17,53,91635970.48755386,0.021576477608322955,112.99999999970001,0.15044247787650558
141,PATRICK COUNTY,402,STUART SCHOOL,141,000201,1330319.3273683856,3.7121957084,7,12,91635970.48755386,0.014517435896519168,112.99999999970001,0.03285128945495447
141,PATRICK COUNTY,501,COURTHOUSE,141,000501,65686157.44355441,39.9916672286,41,171,78742137.06974442,0.8341932272599368,59.9999999998,0.666527787145555
141,PATRICK COUNTY,501,COURTHOUSE,141,000402,10444251.070864387,13.0081036778,14,32,78742137.06974442,0.13263865395999577,59.9999999998,0.21680172796405597
141,PATRICK COUNTY,501,COURTHOUSE,141,000302,2052807.1397660307,0.9996862997,2,2,78742137.06974442,0.026069995254863275,59.9999999998,0.01666143832838887
141,PATRICK COUNTY,501,COURTHOUSE,141,000202,552485.2761926058,3.9999999999,4,19,78742137.06974442,0.00701638661017356,59.9999999998,0.06666666666522222
141,PATRICK COUNTY,501,COURTHOUSE,141,000203,5487.139780031006,2.0,2,2,78742137.06974442,6.968492327266749e-05,59.9999999998,0.033333333333444445
141,PATRICK COUNTY,501,COURTHOUSE,141,000503,948.9995869554331,0.0005427938,1,1,78742137.06974442,1.2051991757791307e-05,59.9999999998,9.046563333363489e-06
141,PATRICK COUNTY,502,ELAMSVILLE,141,000502,131462209.06134081,93.80297628441008,94,212,131655177.12795278,0.9985342918461578,94.00000000001008,0.9979040030255322
141,PATRICK COUNTY,502,ELAMSVILLE,141,000302,192968.06661197112,0.19702371559999998,1,2,131655177.12795278,0.0014657081538421363,94.00000000001008,0.0020959969744678603
141,PATRICK COUNTY,503,WOOLWINE,141,000503,158974874.0126378,146.3770882846,147,347,163487258.1905587,0.9723991690370064,149.9999999996,0.975847255233269
141,PATRICK COUNTY,503,WOOLWINE,141,000501,4422987.180037674,3.622911715,4,4,163487258.1905587,0.027054017719731375,149.9999999996,0.024152744766731075
141,PATRICK COUNTY,503,WOOLWINE,141,000402,89396.99788322071,0.0,1,1,163487258.1905587,0.0005468132432621794,149.9999999996,0.0
143,PITTSYLVANIA COUNTY,103,MT. HERMON FIRE STATION,143,000103,66525342.971503995,95.9406787129,96,221,66600019.419986226,0.9988787323317233,96.9999999997,0.9890791619917189
143,PITTSYLVANIA COUNTY,103,MT. HERMON FIRE STATION,143,000108,74656.28938480072,0.0593212868,1,1,66600019.419986226,0.0011209649792143584,96.9999999997,0.0006115596577338501
143,PITTSYLVANIA COUNTY,103,MT. HERMON FIRE STATION,143,000106,20.159097427013236,1.0,1,1,66600019.419986226,3.0268906229423146e-07,96.9999999997,0.01030927835054735
143,PITTSYLVANIA COUNTY,105,CHATHAM,143,000105,21166494.987592667,59.0577154462,60,111,27006634.13535434,0.7837516841790975,76.0,0.7770752032394737
143,PITTSYLVANIA COUNTY,105,CHATHAM,143,000301,5840139.147761675,16.9422845538,18,28,27006634.13535434,0.21624831582090262,76.0,0.22292479676052632
143,PITTSYLVANIA COUNTY,106,TUNSTALL,143,000106,38976715.263677485,34.999999999937266,35,91,38976715.263677485,1.0,34.999999999937266,1.0
143,PITTSYLVANIA COUNTY,107,TIGHTSQUEEZE,143,000607,34429805.27026866,29.0,29,88,43322097.09235456,0.7947400421745695,40.0,0.725
143,PITTSYLVANIA COUNTY,107,TIGHTSQUEEZE,143,000105,8892291.822085904,11.0,11,22,43322097.09235456,0.20525995782543055,40.0,0.275
143,PITTSYLVANIA COUNTY,108,WEST BLAIRS,143,000108,23469065.24915186,38.3893117829,40,124,42307299.20842694,0.5547285146596452,75.0000000002,0.5118574904373017
143,PITTSYLVANIA COUNTY,108,WEST BLAIRS,143,000307,14609230.373639537,21.3961997868,23,53,42307299.20842694,0.3453122900062033,75.0000000002,0.28528266382323925
143,PITTSYLVANIA COUNTY,108,WEST BLAIRS,143,000402,4108427.92495519,14.0320310392,15,19,42307299.20842694,0.09710919869205116,75.0000000002,0.1870937471888344
143,PITTSYLVANIA COUNTY,108,WEST BLAIRS,143,000704,120324.66078269582,1.1821690498,2,5,42307299.20842694,0.0028440638621226163,75.0000000002,0.0157622539972913
143,PITTSYLVANIA COUNTY,108,WEST BLAIRS,143,000105,250.99989765238803,0.0002883415,1,2,42307299.20842694,5.932779977654373e-06,75.0000000002,3.844553333323081e-06
143,PITTSYLVANIA COUNTY,201,CALLANDS,143,000201,130649362.4572333,74.99999999953623,75,227,130649362.4572333,1.0,74.99999999953623,1.0
143,PITTSYLVANIA COUNTY,204,SANDY LEVEL,143,000204,157334411.008268,161.0000000002,161,421,160786674.23214442,0.9785289219995182,163.0000000002,0.9877300613497083
143,PITTSYLVANIA COUNTY,204,SANDY LEVEL,143,000502,3452263.2238764083,2.0,3,19,160786674.23214442,0.021471078000481664,163.0000000002,0.012269938650291693
143,PITTSYLVANIA COUNTY,204,SANDY LEVEL,019,000205,0.0,0.0,1,1,160786674.23214442,0.0,163.0000000002,0.0
143,PITTSYLVANIA COUNTY,206,WEST CHATHAM,143,000206,76240556.6017962,91.0000000002,91,198,77371675.10619578,0.9853807158388768,92.0000000002,0.9891304347826323
143,PITTSYLVANIA COUNTY,206,WEST CHATHAM,143,000301,1131118.5043995865,1.0,1,5,77371675.10619578,0.014619284161123307,92.0000000002,0.010869565217367674
143,PITTSYLVANIA COUNTY,207,GRETNA,143,000207,117823790.72329879,157.54429984134336,161,373,204181458.6856478,0.577054309836708,228.0000000010773,0.6909837712306972
143,PITTSYLVANIA COUNTY,207,GRETNA,143,000502,62034402.12282165,45.3651799543,46,113,204181458.6856478,0.30381995761098035,228.0000000010773,0.1989700875179195
143,PITTSYLVANIA COUNTY,207,GRETNA,143,000309,19023587.58961311,21.53285223803392,22,40,204181458.6856478,0.09317000530837281,228.0000000010773,0.09444233437689552
143,PITTSYLVANIA COUNTY,207,GRETNA,143,000206,3201571.269142378,1.0,1,3,204181458.6856478,0.015680029370695358,228.0000000010773,0.0043859649122599785
143,PITTSYLVANIA COUNTY,207,GRETNA,143,000308,2098106.980771862,2.5576679674,3,3,204181458.6856478,0.010275697873243478,228.0000000010773,0.011217841962227698
143,PITTSYLVANIA COUNTY,301,CENTRAL,143,000301,49207364.09444549,39.01559907049274,41,112,54052363.188382104,0.9103647128794179,44.00000000019274,0.8867181606891326
143,PITTSYLVANIA COUNTY,301,CENTRAL,143,000206,3475941.461638055,3.5849056604,4,9,54052363.188382104,0.06430692862629854,44.00000000019274,0.08147512864509765
143,PITTSYLVANIA COUNTY,301,CENTRAL,143,000105,1369057.6322985636,1.3994952693,4,6,54052363.188382104,0.025328358494283665,44.00000000019274,0.03180671066576976
143,PITTSYLVANIA COUNTY,305,RICEVILLE,143,000305,106508332.94245014,55.0000000003,55,127,106508332.94245014,1.0,55.0000000003,1.0
143,PITTSYLVANIA COUNTY,306,SPRING GARDEN,143,000305,71321666.46019062,22.2259768445,26,74,121449842.61401406,0.587252028698478,47.0000000002,0.47289312434905156
143,PITTSYLVANIA COUNTY,306,SPRING GARDEN,143,000402,28160060.183563236,15.8714277336,17,42,121449842.61401406,0.23186576102086984,47.0000000002,0.33768995177728645
143,PITTSYLVANIA COUNTY,306,SPRING GARDEN,143,000105,21963474.897883095,7.9025954221,8,40,121449842.61401406,0.18084399637870535,47.0000000002,0.16814032812907176
143,PITTSYLVANIA COUNTY,306,SPRING GARDEN,143,000307,4641.072377102757,1.0,1,1,121449842.61401406,3.821390194677144e-05,47.0000000002,0.021276595744590315
143,PITTSYLVANIA COUNTY,307,EAST BLAIRS,143,000402,14920373.572985612,9.0000000001,9,21,26974685.723533854,0.5531250197279759,26.000000000100002,0.3461538461563609
143,PITTSYLVANIA COUNTY,307,EAST BLAIRS,143,000307,12054312.15054824,17.0,17,32,26974685.723533854,0.44687498027202405,26.000000000100002,0.653846153843639
143,PITTSYLVANIA COUNTY,308,MT. AIRY,143,000308,81693707.18399657,69.580280388,71,164,157014770.89649943,0.520293133681335,116.0,0.5998300033448276
143,PITTSYLVANIA COUNTY,308,MT. AIRY,143,000503,58209027.559644714,36.4828961971,39,74,157014770.89649943,0.3707232588838077,116.0,0.31450772583706893
143,PITTSYLVANIA COUNTY,308,MT. AIRY,143,000207,17112036.15285813,9.936823414900001,11,15,157014770.89649943,0.10898360743485717,116.0,0.08566227081810346
143,PITTSYLVANIA COUNTY,309,EAST GRETNA,143,000207,35715106.55618242,24.0629184339,27,57,72154182.00252195,0.49498318136201863,53.0000000001,0.4540173289406528
143,PITTSYLVANIA COUNTY,309,EAST GRETNA,143,000309,31139555.104095507,15.9370815662,18,29,72154182.00252195,0.4315696504328344,53.0000000001,0.30069965219188544
143,PITTSYLVANIA COUNTY,309,EAST GRETNA,143,000308,3816563.737652838,10.0,10,13,72154182.00252195,0.05289456039456508,53.0000000001,0.18867924528266286
143,PITTSYLVANIA COUNTY,309,EAST GRETNA,143,000503,1474636.9248092214,2.0,2,2,72154182.00252195,0.02043730361682542,53.0000000001,0.03773584905653257
143,PITTSYLVANIA COUNTY,309,EAST GRETNA,143,000301,8319.679781949882,1.0,1,1,72154182.00252195,0.00011530419375635207,53.0000000001,0.018867924528266286
143,PITTSYLVANIA COUNTY,401,AIRPORT,143,000405,46618760.11808257,46.999393549546156,47,118,46621158.203806765,0.9999485622876696,47.0000000001,0.9999870967967267
143,PITTSYLVANIA COUNTY,401,AIRPORT,590,000009,2398.085724198797,0.0006064505538436091,2,3,46621158.203806765,5.143771233042824e-05,47.0000000001,1.2903203273240825e-05
143,PITTSYLVANIA COUNTY,402,KEELING,143,000402,83380179.97617717,37.4124556522,38,97,85102130.92208213,0.979766065464547,38.0000000001,0.9845383066342512
143,PITTSYLVANIA COUNTY,402,KEELING,143,000307,1721950.9459049613,0.5875443479,1,4,85102130.92208213,0.020233934535453014,38.0000000001,0.015461693365748784
143,PITTSYLVANIA COUNTY,404,KENTUCK,143,000404,111661510.9614461,64.77393784066214,67,267,126551885.3484912,0.8823377909697603,93.00000000040001,0.6964939552729413
143,PITTSYLVANIA COUNTY,404,KENTUCK,143,000307,10210220.773412539,8.198795670500001,15,43,126551885.3484912,0.08068011586944143,93.00000000040001,0.08815909323080362
143,PITTSYLVANIA COUNTY,404,KENTUCK,143,000704,4633427.087964096,19.960225847300002,21,48,126551885.3484912,0.03661286495420305,93.00000000040001,0.21462608437864678
143,PITTSYLVANIA COUNTY,404,KENTUCK,143,000402,37895.91623837572,0.0079822568,1,2,126551885.3484912,0.00029944963786213185,93.00000000040001,8.583071827920072e-05
143,PITTSYLVANIA COUNTY,404,KENTUCK,143,000405,7811.044359449759,0.0588843662,1,1,126551885.3484912,6.172207026343511e-05,93.00000000040001,0.0006331652279542659
143,PITTSYLVANIA COUNTY,404,KENTUCK,590,000009,1019.5650706439925,0.0001740189378624301,3,3,126551885.3484912,8.056498469670157e-06,93.00000000040001,1.8711713748567915e-06
143,PITTSYLVANIA COUNTY,405,RINGGOLD,143,000405,60723581.334881686,60.913841696788076,61,259,60743578.595897146,0.9996707921812034,62.00000000045615,0.9824813176829019
143,PITTSYLVANIA COUNTY,405,RINGGOLD,143,000404,17588.421044052357,1.0,1,1,60743578.595897146,0.00028955194031390745,62.00000000045615,0.01612903225794585
143,PITTSYLVANIA COUNTY,405,RINGGOLD,590,000009,2408.839971408647,0.08615830366807087,2,3,60743578.595897146,3.9655878482789116e-05,62.00000000045615,0.0013896500591522095
143,PITTSYLVANIA COUNTY,501,HURT,143,000501,83790982.35325907,110.9999999998,111,377,83790982.35325907,1.0,110.9999999998,1.0
143,PITTSYLVANIA COUNTY,502,MOTLEY SYCAMORE,143,000502,96025170.30288358,100.999817126,101,289,111093457.14539528,0.8643638677767418,121.99999999959999,0.8278673534945176
143,PITTSYLVANIA COUNTY,502,MOTLEY SYCAMORE,143,000308,8760227.800460735,9.4451723904,10,20,111093457.14539528,0.07885457906846531,121.99999999959999,0.07741944582320466
143,PITTSYLVANIA COUNTY,502,MOTLEY SYCAMORE,143,000207,5170548.614403156,9.5548276096,10,23,111093457.14539528,0.046542332440299525,121.99999999959999,0.07831825909533875
143,PITTSYLVANIA COUNTY,502,MOTLEY SYCAMORE,143,000503,1137510.4276478102,2.0001828736,3,4,111093457.14539528,0.010239220714493347,121.99999999959999,0.016394941586939
143,PITTSYLVANIA COUNTY,503,RENAN,143,000503,110033037.81143303,93.8594452633,94,181,112800696.61373338,0.9754641692348964,95.0,0.9879941606663158
143,PITTSYLVANIA COUNTY,503,RENAN,143,000308,2766991.803634795,1.1263877844999999,3,5,112800696.61373338,0.024529917692883433,95.0,0.01185671352105263
143,PITTSYLVANIA COUNTY,503,RENAN,143,000502,666.9986655479414,0.0141669522,1,1,112800696.61373338,5.913072220041015e-06,95.0,0.00014912581263157895
143,PITTSYLVANIA COUNTY,602,BEARSKIN,143,000201,46789955.58089631,37.9993799212,38,66,123566880.72864836,0.37866097537613325,112.00000000009983,0.33928017786755477
143,PITTSYLVANIA COUNTY,602,BEARSKIN,143,000202,33394821.028629985,31.0006200789,32,58,123566880.72864836,0.27025705295551383,112.00000000009983,0.27679125070421756
143,PITTSYLVANIA COUNTY,602,BEARSKIN,143,000206,20526825.874695983,18.9999999998,19,29,123566880.72864836,0.16611915550229586,112.00000000009983,0.16964285714092023
143,PITTSYLVANIA COUNTY,602,BEARSKIN,143,000607,12004657.955315994,5.0,5,15,123566880.72864836,0.09715109651167858,112.00000000009983,0.04464285714281735
143,PITTSYLVANIA COUNTY,602,BEARSKIN,143,000301,10022648.566409094,17.00000000019983,17,50,123566880.72864836,0.08111112384894405,112.00000000009983,0.15178571428736318
143,PITTSYLVANIA COUNTY,602,BEARSKIN,143,000604,827971.7227009917,2.0,2,3,123566880.72864836,0.006700595805434381,112.00000000009983,0.017857142857126942
143,PITTSYLVANIA COUNTY,603,STONY MILL,143,000603,57819520.11461951,51.99787529140688,52,210,57822839.8489895,0.9999425878359025,52.9999999999,0.9810919866321696
143,PITTSYLVANIA COUNTY,603,STONY MILL,143,000604,2982.002566021554,0.002124708493119624,1,1,57822839.8489895,5.157136131344242e-05,52.9999999999,4.008883949289873e-05
143,PITTSYLVANIA COUNTY,603,STONY MILL,143,000606,337.73180397182847,1.0,1,1,57822839.8489895,5.840802784052997e-06,52.9999999999,0.018867924528337486
143,PITTSYLVANIA COUNTY,604,SWANSONVILLE,143,000604,101279904.05594718,57.9954094672,58,137,101288954.17344584,0.9999106504991339,59.0,0.9829730418169491
143,PITTSYLVANIA COUNTY,604,SWANSONVILLE,143,000202,9050.117498645553,1.0045905328,2,2,101288954.17344584,8.934950086608906e-05,59.0,0.017026958183050847
143,PITTSYLVANIA COUNTY,605,WHITMELL,143,000605,44587369.74446447,43.9999999997,44,104,44587369.74446447,1.0,43.9999999997,1.0
143,PITTSYLVANIA COUNTY,606,BROSVILLE,143,000606,90888257.97847293,66.5591572124,67,238,95218181.58368777,0.9545262938947302,74.0000000001,0.8994480704366222
143,PITTSYLVANIA COUNTY,606,BROSVILLE,143,000702,4329923.60521483,7.4408427877,8,13,95218181.58368777,0.04547370610526979,74.0000000001,0.10055192956337763
143,PITTSYLVANIA COUNTY,702,BACHELORS HALL,143,000702,65889484.51736962,51.28857615948886,52,215,65889484.51736962,1.0,51.28857615948886,1.0
143,PITTSYLVANIA COUNTY,703,FERRY ROAD,143,000703,11805419.261784185,19.8541929083204,20,71,11828276.702662969,0.9980675595056346,20.0000000001,0.9927096454110566
143,PITTSYLVANIA COUNTY,703,FERRY ROAD,590,000015,22857.440878783797,0.1458070917795997,4,8,11828276.702662969,0.0019324404943653177,20.0000000001,0.0072903545889435335
143,PITTSYLVANIA COUNTY,704,MT. HERMON,143,000704,28629522.636488605,45.000000000200004,45,104,33154299.591364473,0.8635236753409077,57.000000000200004,0.7894736842112651
143,PITTSYLVANIA COUNTY,704,MT. HERMON,143,000705,4524776.954875869,12.0,12,24,33154299.591364473,0.1364763246590923,57.000000000200004,0.21052631578873499
143,PITTSYLVANIA COUNTY,705,MT. CROSS,143,000705,22076017.006584752,21.0000000002,21,83,43981159.52642625,0.5019425873326576,61.0000000001,0.34426229508468154
143,PITTSYLVANIA COUNTY,705,MT. CROSS,143,000702,13038798.66923156,25.999999999899998,26,78,43981159.52642625,0.2964632767673428,61.0000000001,0.4262295081943832
143,PITTSYLVANIA COUNTY,705,MT. CROSS,143,000603,6950029.774832008,10.0,10,19,43981159.52642625,0.1580228863828853,61.0000000001,0.16393442622923945
143,PITTSYLVANIA COUNTY,705,MT. CROSS,143,000605,1916314.075777929,4.0,4,12,43981159.52642625,0.04357124951711435,61.0000000001,0.06557377049169578
145,POWHATAN COUNTY,101,SUBLETTS,145,000101,52061052.45091117,28.6347902212,29,87,61917495.96854145,0.8408132731556511,48.9999999999,0.5843834739032334
145,POWHATAN COUNTY,101,SUBLETTS,145,000103,9856068.181365462,20.3652097787,21,48,61917495.96854145,0.1591806649670241,48.9999999999,0.4156165260967666
145,POWHATAN COUNTY,101,SUBLETTS,075,000501,375.33626482071094,0.0,2,2,61917495.96854145,6.061877324809918e-06,48.9999999999,0.0
145,POWHATAN COUNTY,102,MANAKIN,145,000102,48827147.97833102,22.977426900292993,24,175,48854435.97714992,0.9994414427620931,24.000000000292992,0.9573927875005201
145,POWHATAN COUNTY,102,MANAKIN,041,000504,27287.998818894852,1.0225731,4,10,48854435.97714992,0.0005585572379068696,24.000000000292992,0.04260721249947985
145,POWHATAN COUNTY,201,POWHATAN STATION,145,000201,26730510.461359166,25.74795398135626,26,74,45835484.60378929,0.5831837645532237,47.99999999985626,0.5364157079465285
145,POWHATAN COUNTY,201,POWHATAN STATION,145,000103,14093833.299111506,22.0000000001,22,75,45835484.60378929,0.3074873849582109,47.99999999985626,0.45833333333678916
145,POWHATAN COUNTY,201,POWHATAN STATION,145,000202,5011140.84331862,0.2520460184,1,5,45835484.60378929,0.10932885048856537,47.99999999985626,0.005250958716682391
145,POWHATAN COUNTY,202,GRACELAND,145,000202,45900189.3597408,33.99999999994803,34,114,45900189.3597408,1.0,33.99999999994803,1.0
145,POWHATAN COUNTY,301,BETHESDA,145,000302,45115073.83283499,23.54761904782753,24,96,83273004.5469068,0.5417731001578326,50.0000000003422,0.4709523809533275
145,POWHATAN COUNTY,301,BETHESDA,145,000301,34870144.14442383,25.999917409114666,26,99,83273004.5469068,0.4187448781769588,50.0000000003422,0.5199983481787345
145,POWHATAN COUNTY,301,BETHESDA,145,000101,3287613.3229149873,0.4523809524,1,3,83273004.5469068,0.03947994119826804,50.0000000003422,0.009047619047938079
145,POWHATAN COUNTY,301,BETHESDA,145,000103,132.9638922900125,8.2591e-05,1,1,83273004.5469068,1.5967226475551911e-06,50.0000000003422,1.651819999988695e-06
145,POWHATAN COUNTY,301,BETHESDA,075,000501,40.28284069836455,0.0,1,2,83273004.5469068,4.837442928539183e-07,50.0000000003422,0.0
145,POWHATAN COUNTY,401,POWHATAN COURTHOUSE,145,000401,69711623.32660261,42.99999999975,43,151,73645063.85900553,0.9465892168966878,47.99999999975,0.8958333333327908
145,POWHATAN COUNTY,401,POWHATAN COURTHOUSE,145,000201,3933440.5324029145,5.0,5,10,73645063.85900553,0.05341078310331212,47.99999999975,0.1041666666672092
145,POWHATAN COUNTY,402,BALLSVILLE,145,000402,71202411.84819919,16.9999999998,17,93,148343964.66797775,0.47998185842992563,47.99999999983491,0.3541666666637181
145,POWHATAN COUNTY,402,BALLSVILLE,145,000503,66415103.04106136,27.000000000034916,28,69,148343964.66797775,0.4477101794448537,47.99999999983491,0.5625000000026621
145,POWHATAN COUNTY,402,BALLSVILLE,145,000501,10726449.778717201,4.0,4,10,148343964.66797775,0.07230796212522062,47.99999999983491,0.08333333333361995
145,POWHATAN COUNTY,501,SMITH CROSS ROADS,145,000501,101159876.79955822,44.3724327783,45,132,109403600.15144917,0.9246485185087233,45.999999999900005,0.9646181038781839
145,POWHATAN COUNTY,501,SMITH CROSS ROADS,145,000402,6891390.1473743655,1.0,1,11,109403600.15144917,0.06299052442364331,45.999999999900005,0.021739130434829865
145,POWHATAN COUNTY,501,SMITH CROSS ROADS,145,000502,1352333.2045165843,0.6275672216,2,2,109403600.15144917,0.01236095706763331,45.999999999900005,0.01364276568698618
145,POWHATAN COUNTY,502,PINEVILLE,145,000502,60601535.81753012,45.00000000026554,45,153,62287586.70508281,0.9729311893951559,46.00000000026554,0.9782608695653429
145,POWHATAN COUNTY,502,PINEVILLE,145,000302,1685961.6706771858,1.0,1,6,62287586.70508281,0.027067378266873957,46.00000000026554,0.021739130434657118
145,POWHATAN COUNTY,502,PINEVILLE,075,000201,89.2168755075576,0.0,2,2,62287586.70508281,1.4323379701637615e-06,46.00000000026554,0.0
147,PRINCE EDWARD COUNTY,101,FARMVILLE,147,000101,16043895.31485807,58.01202462896403,61,126,22338050.669154663,0.7182316645477113,108.00000000016402,0.5371483761932956
147,PRINCE EDWARD COUNTY,101,FARMVILLE,147,000301,3448805.4829355995,1.0,1,2,22338050.669154663,0.15439151490948394,108.00000000016402,0.009259259259245197
147,PRINCE EDWARD COUNTY,101,FARMVILLE,147,000201,2250153.965359907,3.9879753712,4,9,22338050.669154663,0.10073188563704961,108.00000000016402,0.036925697881425405
147,PRINCE EDWARD COUNTY,101,FARMVILLE,147,000701,409230.41760183795,28.0,28,47,22338050.669154663,0.018319880443593086,108.00000000016402,0.2592592592588655
147,PRINCE EDWARD COUNTY,101,FARMVILLE,147,000801,185965.48839924918,17.0,17,27,22338050.669154663,0.008325054462162104,108.00000000016402,0.15740740740716835
147,PRINCE EDWARD COUNTY,201,LOCKETT,147,000201,151109390.9838547,108.0000000001,108,337,151356249.76050416,0.9983690215829207,114.0000000001,0.9473684210526777
147,PRINCE EDWARD COUNTY,201,LOCKETT,147,000101,246858.77664943555,6.0,7,9,151356249.76050416,0.0016309784170792294,114.0000000001,0.052631578947322254
147,PRINCE EDWARD COUNTY,301,LEIGH,147,000301,171625178.1343817,102.4876896821,104,216,252911369.53943828,0.6785981130342935,168.9999999999,0.6064360336222523
147,PRINCE EDWARD COUNTY,301,LEIGH,147,000302,66982610.87066927,54.5123103177,55,137,252911369.53943828,0.2648461830428869,168.9999999999,0.3225580492173506
147,PRINCE EDWARD COUNTY,301,LEIGH,147,000201,14303580.534387302,12.0000000001,12,49,252911369.53943828,0.05655570392281966,168.9999999999,0.07100591716039704
147,PRINCE EDWARD COUNTY,401,HAMPDEN,147,000401,130885381.56987517,49.00000000039069,49,232,133598159.2346886,0.9796944981850539,54.00000000039069,0.9074074074080773
147,PRINCE EDWARD COUNTY,401,HAMPDEN,147,000101,2704157.314888596,4.0,4,6,133598159.2346886,0.020240977348634493,54.00000000039069,0.07407407407353815
147,PRINCE EDWARD COUNTY,401,HAMPDEN,147,000301,8518.992951278055,0.0,1,1,133598159.2346886,6.376579587682005e-05,54.00000000039069,0.0
147,PRINCE EDWARD COUNTY,401,HAMPDEN,147,000501,101.3569735525044,1.0,1,1,133598159.2346886,7.586704347808648e-07,54.00000000039069,0.018518518518384538
147,PRINCE EDWARD COUNTY,501,DARLINGTON HEIGHTS,147,000501,153844237.123753,83.996068329,85,191,159014906.30488086,0.9674831165122717,86.0000000004,0.9766984689373177
147,PRINCE EDWARD COUNTY,501,DARLINGTON HEIGHTS,147,000601,5165580.050485917,1.0000000001,1,17,159014906.30488086,0.03248487937716921,86.0000000004,0.011627906977852894
147,PRINCE EDWARD COUNTY,501,DARLINGTON HEIGHTS,037,000501,5089.130641946678,1.0039316713,2,2,159014906.30488086,3.200411055922794e-05,86.0000000004,0.011673624084829425
147,PRINCE EDWARD COUNTY,502,BUFFALO HEIGHTS,147,000502,34018636.447684266,32.8939092526,34,99,45984600.63998979,0.739783231217202,56.0,0.5873912366535714
147,PRINCE EDWARD COUNTY,502,BUFFALO HEIGHTS,147,000101,9546924.91931611,15.0,15,24,45984600.63998979,0.2076113478522585,56.0,0.26785714285714285
147,PRINCE EDWARD COUNTY,502,BUFFALO HEIGHTS,147,000401,1976171.208626318,1.0,1,6,45984600.63998979,0.04297463022670619,56.0,0.017857142857142856
147,PRINCE EDWARD COUNTY,502,BUFFALO HEIGHTS,147,000701,429377.3962418933,4.1060907474,5,36,45984600.63998979,0.009337417097594449,56.0,0.07332304906071428
147,PRINCE EDWARD COUNTY,502,BUFFALO HEIGHTS,147,000601,13490.668121205039,3.0,3,3,45984600.63998979,0.0002933736062388044,56.0,0.05357142857142857
147,PRINCE EDWARD COUNTY,601,PROSPECT,147,000601,137450604.51664224,111.9999999998,112,300,137450604.51664224,1.0,111.9999999998,1.0
147,PRINCE EDWARD COUNTY,701,WEST END,147,000701,6606203.809822824,73.0029334703,75,110,11603907.609838014,0.5693085494943064,83.99999999999999,0.8690825413130953
147,PRINCE EDWARD COUNTY,701,WEST END,147,000502,4965385.827517436,8.9970665297,10,14,11603907.609838014,0.4279063565886794,83.99999999999999,0.10710793487738096
147,PRINCE EDWARD COUNTY,701,WEST END,147,000801,32317.972497755432,2.0,2,2,11603907.609838014,0.0027850939170142685,83.99999999999999,0.023809523809523815
147,PRINCE EDWARD COUNTY,801,CENTER,147,000801,2161780.726314833,38.0,38,58,2179471.298510413,0.9918830900835119,39.0,0.9743589743589743
147,PRINCE EDWARD COUNTY,801,CENTER,147,000701,17690.572195580356,1.0,1,1,2179471.298510413,0.008116909916488094,39.0,0.02564102564102564
149,PRINCE GEORGE COUNTY,101,RICHARD BLAND COLLEGE,149,000101,26520865.84949863,27.9999999996,28,95,26520865.84949863,1.0,27.9999999996,1.0
149,PRINCE GEORGE COUNTY,102,TEMPLETON,149,000102,164726859.60546887,118.9999999994,119,404,164726859.60546887,1.0,118.9999999994,1.0
149,PRINCE GEORGE COUNTY,103,UNION BRANCH,149,000103,39798990.58518973,51.0000000001,51,129,39798990.58518973,1.0,51.0000000001,1.0
149,PRINCE GEORGE COUNTY,104,RIVES,149,000104,28585109.28980171,24.81839508262444,27,166,30726406.12501309,0.9303108594445011,27.999999999899998,0.8863712529540386
149,PRINCE GEORGE COUNTY,104,RIVES,149,000205,2018315.4798814587,1.587089016875558,6,30,30726406.12501309,0.06568667587318101,27.999999999899998,0.05668175060290094
149,PRINCE GEORGE COUNTY,104,RIVES,149,000204,112306.18569493308,1.5937195288,2,2,30726406.12501309,0.003655038120566573,27.999999999899998,0.05691855460020328
149,PRINCE GEORGE COUNTY,104,RIVES,730,000101,9683.169476534806,0.0,1,3,30726406.12501309,0.0003151416223927386,27.999999999899998,0.0
149,PRINCE GEORGE COUNTY,104,RIVES,149,000103,992.0001584554335,0.0007963716,1,1,30726406.12501309,3.2284939358654356e-05,27.999999999899998,2.844184285724444e-05
149,PRINCE GEORGE COUNTY,201,BLAND,149,000201,42056198.45780769,61.0000000001,61,190,42056198.45780769,1.0,61.0000000001,1.0
149,PRINCE GEORGE COUNTY,202,BLACKWATER,149,000202,86201436.37707943,71.0000000002,71,188,168321603.42215142,0.5121234269666847,120.0000000003,0.5916666666668542
149,PRINCE GEORGE COUNTY,202,BLACKWATER,149,000105,81972977.75181176,40.0000000001,40,96,168321603.42215142,0.4870021202579869,120.0000000003,0.3333333333333333
149,PRINCE GEORGE COUNTY,202,BLACKWATER,149,000102,146287.86501245367,8.0,8,9,168321603.42215142,0.0008690973828568099,120.0000000003,0.0666666666665
149,PRINCE GEORGE COUNTY,202,BLACKWATER,149,000201,901.4282477798661,1.0,1,1,168321603.42215142,5.355392471631105e-06,120.0000000003,0.0083333333333125
149,PRINCE GEORGE COUNTY,203,BRANDON,149,000203,156348597.8060542,71.9999999998,72,213,191480307.86665177,0.8165257281439952,84.9999999999,0.8470588235280554
149,PRINCE GEORGE COUNTY,203,BRANDON,149,000105,35125047.06075438,13.0000000001,13,53,191480307.86665177,0.1834394745449005,84.9999999999,0.15294117647194463
149,PRINCE GEORGE COUNTY,203,BRANDON,181,000401,6662.999843188584,0.0,1,1,191480307.86665177,3.479731110432904e-05,84.9999999999,0.0
149,PRINCE GEORGE COUNTY,204,COURTS BLDG,149,000204,29494355.42953705,33.06391733172275,34,120,29579064.95559031,0.9971361661979362,35.00000000031565,0.944683352326416
149,PRINCE GEORGE COUNTY,204,COURTS BLDG,149,000205,84709.52605325947,1.9360826685929058,3,5,29579064.95559031,0.002863833802063772,35.00000000031565,0.05531664767358414
149,PRINCE GEORGE COUNTY,205,JEFFERSON PARK,149,000205,29756752.307526793,68.21007081372302,71,286,36748300.783196345,0.8097449861173844,81.00000000019072,0.84209963967361
149,PRINCE GEORGE COUNTY,205,JEFFERSON PARK,149,000104,6829149.597672724,11.530464498,12,165,36748300.783196345,0.18583579246187745,81.00000000019072,0.14235141355522038
149,PRINCE GEORGE COUNTY,205,JEFFERSON PARK,670,000401,150082.2595208617,1.0516234593,3,9,36748300.783196345,0.004084059842829218,81.00000000019072,0.0129830056703398
149,PRINCE GEORGE COUNTY,205,JEFFERSON PARK,670,000701,12304.162006055127,0.2078054207913555,7,8,36748300.783196345,0.00033482261067378034,81.00000000019072,0.0025654990221094594
149,PRINCE GEORGE COUNTY,205,JEFFERSON PARK,041,000103,12.45646991237156,3.58083763455627e-05,2,2,36748300.783196345,3.3896723513451397e-07,81.00000000019072,4.420787203145479e-07
149,PRINCE GEORGE COUNTY,99,PRINCE GEORGE A,041,000103,12359.951270047102,6.0,6,15,12359.951270047102,1.0,6.0,1.0
153,PRINCE WILLIAM COUNTY,101,BRENTSVILLE,153,000101,67796854.16517763,50.35183259038502,51,157,67910303.04394294,0.9983294305329207,51.000000000185025,0.9872908351020069
153,PRINCE WILLIAM COUNTY,101,BRENTSVILLE,683,000001,107050.45624424564,0.0,1,2,67910303.04394294,0.0015763507368679558,51.000000000185025,0.0
153,PRINCE WILLIAM COUNTY,101,BRENTSVILLE,153,000214,6398.422521073142,0.6481674098,3,6,67910303.04394294,9.421873021142159e-05,51.000000000185025,0.012709164897993107
153,PRINCE WILLIAM COUNTY,102,ARMORY,153,000214,15245934.25531229,53.3154462861922,57,130,19796812.58314573,0.7701206540840878,75.0000000002,0.7108726171473336
153,PRINCE WILLIAM COUNTY,102,ARMORY,153,000203,4218108.338105707,20.3048507635,22,65,19796812.58314573,0.21307007481077272,75.0000000002,0.27073134351261136
153,PRINCE WILLIAM COUNTY,102,ARMORY,153,000206,220732.38970634353,0.6385710853422735,3,13,19796812.58314573,0.011149895407620663,75.0000000002,0.008514281137874275
153,PRINCE WILLIAM COUNTY,102,ARMORY,153,000209,73467.3648607024,0.2327396678,1,2,19796812.58314573,0.0037110703832822956,75.0000000002,0.003103195570658391
153,PRINCE WILLIAM COUNTY,102,ARMORY,683,000006,14861.190178936191,0.0561160711,1,1,19796812.58314573,0.0007506860064730044,75.0000000002,0.0007482142813313381
153,PRINCE WILLIAM COUNTY,102,ARMORY,683,000001,13884.602583589274,7.333176552624337e-05,1,4,19796812.58314573,0.0007013554593839065,75.0000000002,9.777568736806375e-07
153,PRINCE WILLIAM COUNTY,102,ARMORY,153,000101,9824.442398161098,0.4522027945,2,2,19796812.58314573,0.0004962638483795752,75.0000000002,0.006029370593317255
153,PRINCE WILLIAM COUNTY,103,BUCKHALL,153,000205,12614351.015744932,28.703280978086354,29,138,27191441.446604844,0.46390887516998386,68.00000000028635,0.42210707320537477
153,PRINCE WILLIAM COUNTY,103,BUCKHALL,153,000510,11004495.048237642,25.688135448047493,29,76,27191441.446604844,0.4047043651527961,68.00000000028635,0.37776669776381355
153,PRINCE WILLIAM COUNTY,103,BUCKHALL,153,000211,3561798.8842065018,13.594822474556185,25,44,27191441.446604844,0.13098970465397053,68.00000000028635,0.19992385991910203
153,PRINCE WILLIAM COUNTY,103,BUCKHALL,683,000003,6155.892918933399,0.005453918,1,15,27191441.446604844,0.0002263908270924722,68.00000000028635,8.02046764702505e-05
153,PRINCE WILLIAM COUNTY,103,BUCKHALL,059,000803,4640.605496832531,0.008307181596320412,1,1,27191441.446604844,0.00017066419615691106,68.00000000028635,0.00012216443523949163
153,PRINCE WILLIAM COUNTY,104,NOKESVILLE,153,000104,33932054.177370064,35.14323220032133,36,155,49222900.411816746,0.6893550338050403,51.99999999942698,0.6758313884751652
153,PRINCE WILLIAM COUNTY,104,NOKESVILLE,153,000101,15198151.543651206,14.984863076066116,16,37,49222900.411816746,0.30876180429226896,51.99999999942698,0.28817044377367773
153,PRINCE WILLIAM COUNTY,104,NOKESVILLE,061,000101,54201.53012611423,0.7010484481051823,4,4,49222900.411816746,0.0011011445825549581,51.99999999942698,0.013481700925248223
153,PRINCE WILLIAM COUNTY,104,NOKESVILLE,061,000102,33673.30392179106,1.015136923634356,2,3,49222900.411816746,0.0006840983290311606,51.99999999942698,0.01952186391626043
153,PRINCE WILLIAM COUNTY,104,NOKESVILLE,153,000102,4798.893490643042,0.1555217007,2,2,49222900.411816746,9.749310687695662e-05,51.99999999942698,0.0029908019365714185
153,PRINCE WILLIAM COUNTY,104,NOKESVILLE,153,001061,20.963256925373475,0.0001976506,1,1,49222900.411816746,4.2588422766613136e-07,51.99999999942698,3.800973076964962e-06
153,PRINCE WILLIAM COUNTY,105,PARKSIDE,153,000212,6373978.033254224,65.9999999997,66,148,13048141.869166106,0.48849699038883754,87.99999999989656,0.7499999999974725
153,PRINCE WILLIAM COUNTY,105,PARKSIDE,153,000211,5015205.92580188,4.975749371075926,9,57,13048141.869166106,0.38436169502825895,87.99999999989656,0.05654260648956562
153,PRINCE WILLIAM COUNTY,105,PARKSIDE,685,000001,836221.4513632025,3.9343955104206376,6,13,13048141.869166106,0.06408739725150188,87.99999999989656,0.044709039891196165
153,PRINCE WILLIAM COUNTY,105,PARKSIDE,685,000003,617379.7359472417,2.0877819056,7,20,13048141.869166106,0.04731552907208678,87.99999999989656,0.02372479438184607
153,PRINCE WILLIAM COUNTY,105,PARKSIDE,153,001062,152678.90620119675,4.0,5,11,13048141.869166106,0.011701199123377887,87.99999999989656,0.045454545454598885
153,PRINCE WILLIAM COUNTY,105,PARKSIDE,685,000002,47589.05415585642,4.0,4,5,13048141.869166106,0.003647190123546518,87.99999999989656,0.045454545454598885
153,PRINCE WILLIAM COUNTY,105,PARKSIDE,683,000003,2174.4591307344976,0.0020732131,1,1,13048141.869166106,0.00016664894914063846,87.99999999989656,2.3559239772754964e-05
153,PRINCE WILLIAM COUNTY,105,PARKSIDE,683,000005,1559.4016358929664,1.0,1,1,13048141.869166106,0.00011951139491960676,87.99999999989656,0.011363636363649721
153,PRINCE WILLIAM COUNTY,105,PARKSIDE,683,000001,960.031103975598,2.0,2,2,13048141.869166106,7.357607800419729e-05,87.99999999989656,0.022727272727299443
153,PRINCE WILLIAM COUNTY,105,PARKSIDE,059,000803,394.8705719014712,0.0,3,4,13048141.869166106,3.0262590325951675e-05,87.99999999989656,0.0
153,PRINCE WILLIAM COUNTY,106,JACKSON,153,001061,10577429.553692877,17.225137145346224,21,112,11459851.473468509,0.9229988345120714,27.9999999996,0.6151834694854392
153,PRINCE WILLIAM COUNTY,106,JACKSON,153,000204,813271.1777122531,9.7613589473,10,25,11459851.473468509,0.07096699111634328,27.9999999996,0.3486199624085517
153,PRINCE WILLIAM COUNTY,106,JACKSON,153,000108,64568.45320268576,0.9839685466,1,4,11459851.473468509,0.0056343185033569275,27.9999999996,0.03514173380764488
153,PRINCE WILLIAM COUNTY,106,JACKSON,683,000001,3530.297772412036,0.013503907053775218,1,1,11459851.473468509,0.00030805789940517743,27.9999999996,0.00048228239478457607
153,PRINCE WILLIAM COUNTY,106,JACKSON,153,000109,1051.991088281086,0.0160314533,1,1,11459851.473468509,9.179796882329783e-05,27.9999999996,0.000572551903579608
153,PRINCE WILLIAM COUNTY,107,LINTON HALL,153,000109,15008453.13227851,10.136127695899999,12,118,56974632.22166332,0.2634234315701626,70.0000000009287,0.14480182422522175
153,PRINCE WILLIAM COUNTY,107,LINTON HALL,153,000104,14425777.52557245,7.59867696240728,10,42,56974632.22166332,0.25319650102256164,70.0000000009287,0.10855252803294954
153,PRINCE WILLIAM COUNTY,107,LINTON HALL,153,000108,7134950.179276557,1.450836034670628,5,119,56974632.22166332,0.12523029813545075,70.0000000009287,0.02072622906644828
153,PRINCE WILLIAM COUNTY,107,LINTON HALL,153,000107,7093073.007488483,1.7858146126999999,3,110,56974632.22166332,0.12449528379388997,70.0000000009287,0.025511637323947248
153,PRINCE WILLIAM COUNTY,107,LINTON HALL,153,000102,4977195.157103778,20.0082373108,21,105,56974632.22166332,0.08735809189148766,70.0000000009287,0.285831961579065
153,PRINCE WILLIAM COUNTY,107,LINTON HALL,153,000105,3936112.1144544906,10.185812157254562,12,61,56974632.22166332,0.06908534484506726,70.0000000009287,0.14551160224456322
153,PRINCE WILLIAM COUNTY,107,LINTON HALL,153,000111,2124211.702318879,8.057330549671109,11,50,56974632.22166332,0.03728346492969893,70.0000000009287,0.1151047221366316
153,PRINCE WILLIAM COUNTY,107,LINTON HALL,153,000114,1979806.7493919246,9.161656252032396,12,40,56974632.22166332,0.034748916705409603,70.0000000009287,0.1308808035987264
153,PRINCE WILLIAM COUNTY,107,LINTON HALL,153,000110,127152.11894095465,0.1289401419,1,3,56974632.22166332,0.002231732158379917,70.0000000009287,0.0018420020271184192
153,PRINCE WILLIAM COUNTY,107,LINTON HALL,061,000101,95884.66557996446,0.12567454065972125,1,1,56974632.22166332,0.0016829361040352005,70.0000000009287,0.0017953505808293417
153,PRINCE WILLIAM COUNTY,107,LINTON HALL,061,000504,57712.85584138974,1.3463895994329986,3,4,56974632.22166332,0.0010129570580965635,70.0000000009287,0.019234137134501943
153,PRINCE WILLIAM COUNTY,107,LINTON HALL,153,000103,11319.01059505826,0.0114781794,1,1,56974632.22166332,0.00019866754998998417,70.0000000009287,0.000163973991426396
153,PRINCE WILLIAM COUNTY,107,LINTON HALL,153,000112,2984.0028208799326,0.0030259641,1,1,56974632.22166332,5.23742357698859e-05,70.0000000009287,4.322805857085506e-05
153,PRINCE WILLIAM COUNTY,108,WOODBINE,153,000206,8819557.583503477,34.3072299445,36,99,14905392.904938692,0.5917024555978824,52.0000000001,0.6597544220083467
153,PRINCE WILLIAM COUNTY,108,WOODBINE,153,000202,6025679.177642169,15.6531399591,17,31,14905392.904938692,0.4042616800557901,52.0000000001,0.30102192228980573
153,PRINCE WILLIAM COUNTY,108,WOODBINE,153,000205,31746.86944285184,2.0,2,3,14905392.904938692,0.002129891485942176,52.0000000001,0.038461538461464495
153,PRINCE WILLIAM COUNTY,108,WOODBINE,153,000208,28409.274350194642,0.0396300965,3,5,14905392.904938692,0.0019059728603854267,52.0000000001,0.0007621172403831498
153,PRINCE WILLIAM COUNTY,109,PARK,153,000209,23685306.27828427,17.670452477,18,51,25136694.26711222,0.9422601884955538,18.000000000100002,0.9816918042723239
153,PRINCE WILLIAM COUNTY,109,PARK,153,000206,1439785.7109827304,0.3291490555,1,6,25136694.26711222,0.057278244135167945,18.000000000100002,0.018286058638787298
153,PRINCE WILLIAM COUNTY,109,PARK,153,000208,11602.277845220204,0.0003984676,2,4,25136694.26711222,0.0004615673692781524,18.000000000100002,2.2137088888765904e-05
153,PRINCE WILLIAM COUNTY,201,SAUNDERS,153,000215,2386331.688125996,12.72898236330002,15,24,4804747.240348358,0.49666123289203035,25.999999999799996,0.4895762447460745
153,PRINCE WILLIAM COUNTY,201,SAUNDERS,153,000201,2372630.127039222,12.271017636499979,13,20,4804747.240348358,0.4938095613261021,25.999999999799996,0.47196221679209127
153,PRINCE WILLIAM COUNTY,201,SAUNDERS,153,000210,45785.42518313958,1.0,1,2,4804747.240348358,0.00952920578186752,25.999999999799996,0.038461538461834324
153,PRINCE WILLIAM COUNTY,202,ENTERPRISE,153,000608,2674089.5034955023,16.205188910768243,17,35,3568441.2425705763,0.7493718746421574,24.0,0.6752162046153435
153,PRINCE WILLIAM COUNTY,202,ENTERPRISE,153,000602,894351.7390750741,7.7948110892317555,12,17,3568441.2425705763,0.2506281253578426,24.0,0.32478379538465646
153,PRINCE WILLIAM COUNTY,203,COLES,153,000208,16227424.484867897,8.642673455313373,12,68,23599375.2356628,0.6876209358434798,20.000000000013372,0.43213367276537973
153,PRINCE WILLIAM COUNTY,203,COLES,153,000210,6844211.345238797,5.9802794529000005,6,19,23599375.2356628,0.2900166329359428,20.000000000013372,0.2990139726448001
153,PRINCE WILLIAM COUNTY,203,COLES,153,000209,377630.2150044555,1.0205990207,2,4,23599375.2356628,0.016001703910948878,20.000000000013372,0.05102995103496588
153,PRINCE WILLIAM COUNTY,203,COLES,153,000207,53333.30923502544,2.194414358,4,8,23599375.2356628,0.0022599458122276664,20.000000000013372,0.10972071789992664
153,PRINCE WILLIAM COUNTY,203,COLES,153,000509,49785.94063793197,2.0,2,2,23599375.2356628,0.002109629604206499,20.000000000013372,0.09999999999993314
153,PRINCE WILLIAM COUNTY,203,COLES,153,000201,46867.93954568499,0.1504872433,1,4,23599375.2356628,0.0019859822168028967,20.000000000013372,0.007524362164994969
153,PRINCE WILLIAM COUNTY,203,COLES,153,000206,122.00113300866909,0.0115464698,1,1,23599375.2356628,5.16967639144548e-06,20.000000000013372,0.000577323489999614
153,PRINCE WILLIAM COUNTY,204,MCCOART,153,000509,20742037.385801293,20.60986879013929,22,89,30320395.247280866,0.6840952176459982,43.0000000004,0.47929927418482726
153,PRINCE WILLIAM COUNTY,204,MCCOART,153,000210,6291752.808463059,11.0,11,38,30320395.247280866,0.20750893110561625,43.0000000004,0.25581395348599245
153,PRINCE WILLIAM COUNTY,204,MCCOART,153,000501,3242532.642280507,11.17072693410366,15,35,30320395.247280866,0.10694229464476712,43.0000000004,0.2597843473023197
153,PRINCE WILLIAM COUNTY,204,MCCOART,059,000845,44072.41073600703,0.21940427615704855,2,2,30320395.247280866,0.001453556603618465,43.0000000004,0.005102425026860641
153,PRINCE WILLIAM COUNTY,205,SPRINGWOODS,153,000503,1375051.8414278866,19.000000000100002,19,50,2008199.006475623,0.6847189133118307,32.000000000200004,0.593749999999414
153,PRINCE WILLIAM COUNTY,205,SPRINGWOODS,153,000508,633147.1650477364,13.0000000001,13,29,2008199.006475623,0.3152810866881693,32.000000000200004,0.40625000000058586
153,PRINCE WILLIAM COUNTY,206,KING,153,000602,2906913.8261624365,23.3506044904,25,64,6049055.649314819,0.4805566347354905,44.9999999999,0.5189023220100419
153,PRINCE WILLIAM COUNTY,206,KING,153,000609,2863603.402497368,18.6493955095,20,50,6049055.649314819,0.47339676943156084,44.9999999999,0.4144310113231432
153,PRINCE WILLIAM COUNTY,206,KING,153,000210,278538.42065501376,3.0,3,10,6049055.649314819,0.046046595832948574,44.9999999999,0.06666666666681481
153,PRINCE WILLIAM COUNTY,207,LODGE,153,000213,1829667.0365141293,10.0000000001,10,30,3141390.8832173,0.582438513554305,22.0000000003,0.4545454545438017
153,PRINCE WILLIAM COUNTY,207,LODGE,153,000207,1311129.3761319898,12.0000000002,12,25,3141390.8832173,0.417372248431936,22.0000000003,0.5454545454561984
153,PRINCE WILLIAM COUNTY,207,LODGE,153,000208,594.4705711809072,0.0,1,3,3141390.8832173,0.0001892380137590747,22.0000000003,0.0
153,PRINCE WILLIAM COUNTY,208,WESTRIDGE,153,000511,3219961.9147050544,10.683140453593728,11,44,3615849.0703050843,0.8905133627254449,15.999999999957879,0.6676962783513657
153,PRINCE WILLIAM COUNTY,208,WESTRIDGE,153,000508,395887.15560003015,5.316859546364151,6,20,3615849.0703050843,0.10948663727455513,15.999999999957879,0.33230372164863425
153,PRINCE WILLIAM COUNTY,301,DUMFRIES,153,000301,4094611.810702282,47.7438041284808,49,139,4624848.499858934,0.8853504738213964,48.999999999799996,0.9743633495648096
153,PRINCE WILLIAM COUNTY,301,DUMFRIES,153,000303,515994.18846752786,1.2553929106192028,13,26,4624848.499858934,0.11156996569363657,48.999999999799996,0.025620263482129122
153,PRINCE WILLIAM COUNTY,301,DUMFRIES,153,000311,14242.500689124196,0.0008029607,2,4,4624848.499858934,0.003079560484966938,48.999999999799996,1.6386953061291377e-05
153,PRINCE WILLIAM COUNTY,302,POTOMAC,153,000311,8841377.253257437,24.9287973466,26,104,12033616.452925656,0.734723205434048,38.0,0.6560209828052631
153,PRINCE WILLIAM COUNTY,302,POTOMAC,153,000302,1680900.6024405847,1.2845715636395734,2,32,12033616.452925656,0.13968374420242705,38.0,0.03380451483262035
153,PRINCE WILLIAM COUNTY,302,POTOMAC,153,000315,1386772.8542429872,10.715428436360426,11,45,12033616.452925656,0.11524157011883407,38.0,0.28198495885159014
153,PRINCE WILLIAM COUNTY,302,POTOMAC,153,000304,87864.45388548422,0.07120265340000001,1,4,12033616.452925656,0.007301583379294286,38.0,0.0018737540368421056
153,PRINCE WILLIAM COUNTY,302,POTOMAC,153,000301,29862.451365205343,0.0,2,7,12033616.452925656,0.0024815857711623407,38.0,0.0
153,PRINCE WILLIAM COUNTY,302,POTOMAC,153,000312,4665.804230785446,1.0,1,5,12033616.452925656,0.0003877308412676788,38.0,0.02631578947368421
153,PRINCE WILLIAM COUNTY,302,POTOMAC,153,000303,2173.033503172206,0.0,1,7,12033616.452925656,0.00018058025296658765,38.0,0.0
153,PRINCE WILLIAM COUNTY,303,GRAHAM PARK,153,000310,28297175.149271697,24.563863752740804,25,88,35473752.571336925,0.797693311198659,63.99999999975768,0.3838103711380283
153,PRINCE WILLIAM COUNTY,303,GRAHAM PARK,153,000312,4092427.885572867,11.35242738248069,14,36,35473752.571336925,0.11536495546511709,63.99999999975768,0.1773816778519324
153,PRINCE WILLIAM COUNTY,303,GRAHAM PARK,153,000303,3073436.3547671903,27.006694673252976,32,69,35473752.571336925,0.08663973027907262,63.99999999975768,0.4219796042711755
153,PRINCE WILLIAM COUNTY,303,GRAHAM PARK,153,000301,10713.181725171118,1.077014191283204,9,19,35473752.571336925,0.0003020030571512599,63.99999999975768,0.01682834673886378
153,PRINCE WILLIAM COUNTY,304,QUANTICO,153,000310,76238717.3679596,13.000000000121723,13,111,98450269.43881562,0.7743881027704049,52.00000000009771,0.25000000000187106
153,PRINCE WILLIAM COUNTY,304,QUANTICO,153,000304,21831722.231563807,32.906591950075985,33,204,98450269.43881562,0.22175380886216542,52.00000000009771,0.6328190759618106
153,PRINCE WILLIAM COUNTY,304,QUANTICO,153,000312,290484.69336770696,6.0040533996,7,10,98450269.43881562,0.0029505728630660165,52.00000000009771,0.11546256537670613
153,PRINCE WILLIAM COUNTY,304,QUANTICO,153,000311,89345.14592450981,0.0893546503,1,2,98450269.43881562,0.000907515504363709,52.00000000009771,0.001718358659612156
153,PRINCE WILLIAM COUNTY,305,PATTIE,153,000305,2927964.812828222,21.9640197843,22,74,2942922.511947896,0.9949173996056819,22.9999999996,0.9549573819426949
153,PRINCE WILLIAM COUNTY,305,PATTIE,153,000308,6045.014584149636,0.0359802153,1,1,2942922.511947896,0.00205408554238436,22.9999999996,0.001564357186983728
153,PRINCE WILLIAM COUNTY,305,PATTIE,153,000307,5378.392041394308,1.0,1,2,2942922.511947896,0.0018275683506985697,22.9999999996,0.04347826087032136
153,PRINCE WILLIAM COUNTY,305,PATTIE,153,000310,3534.292494130242,0.0,1,1,2942922.511947896,0.0012009465012352376,22.9999999996,0.0
153,PRINCE WILLIAM COUNTY,306,WASHINGTON-REID,153,000310,31283767.36103144,46.999999999198906,47,270,41249417.63370328,0.7584050674080476,75.99999999939683,0.6184210526259463
153,PRINCE WILLIAM COUNTY,306,WASHINGTON-REID,153,000306,4788523.213134103,12.000000000373051,12,78,41249417.63370328,0.116087050141081,75.99999999939683,0.15789473684826694
153,PRINCE WILLIAM COUNTY,306,WASHINGTON-REID,153,000309,3132519.8712023217,12.9999999999,13,29,41249417.63370328,0.07594094779759661,75.99999999939683,0.17105263157898912
153,PRINCE WILLIAM COUNTY,306,WASHINGTON-REID,153,000207,2044607.188335408,3.9999999999248725,4,43,41249417.63370328,0.04956693465327471,75.99999999939683,0.052631578946797604
153,PRINCE WILLIAM COUNTY,307,HENDERSON,153,000307,2356392.821157583,14.9058683201,15,55,4597284.440061333,0.5125618942834319,24.000000000100002,0.6210778466682455
153,PRINCE WILLIAM COUNTY,307,HENDERSON,153,000313,2218417.883541805,9.0000000001,9,36,4597284.440061333,0.48254962521140177,24.000000000100002,0.37500000000260414
153,PRINCE WILLIAM COUNTY,307,HENDERSON,153,000308,22473.73536194463,0.0941316799,1,6,4597284.440061333,0.0048884805051663946,24.000000000100002,0.0039221533291503245
153,PRINCE WILLIAM COUNTY,307,HENDERSON,153,000314,0.0,0.0,1,1,4597284.440061333,0.0,24.000000000100002,0.0
153,PRINCE WILLIAM COUNTY,308,MONTCLAIR,153,000314,2481135.484680732,4.095311779303939,9,29,3668427.0485723596,0.676348596231814,18.000000000100002,0.22751732107117706
153,PRINCE WILLIAM COUNTY,308,MONTCLAIR,153,000308,1168238.0960933317,13.89983706689606,16,27,3668427.0485723596,0.3184574970757493,18.000000000100002,0.7722131703788243
153,PRINCE WILLIAM COUNTY,308,MONTCLAIR,153,000307,19053.46779829612,0.0048511539,3,8,3668427.0485723596,0.005193906692436789,18.000000000100002,0.0002695085499985027
153,PRINCE WILLIAM COUNTY,401,EVERGREEN,153,000401,38369801.71798697,45.00523220849795,47,96,63267169.60186054,0.6064725506048022,65.00000000020533,0.6923881878208582
153,PRINCE WILLIAM COUNTY,401,EVERGREEN,153,000402,20898416.71170431,13.54295576689727,16,103,63267169.60186054,0.3303200829627399,65.00000000020533,0.2083531656439152
153,PRINCE WILLIAM COUNTY,401,EVERGREEN,153,000412,3995243.696392781,6.144544233208067,9,13,63267169.60186054,0.06314876612206294,65.00000000020533,0.09453144974136395
153,PRINCE WILLIAM COUNTY,401,EVERGREEN,061,000501,3707.4757764782125,0.3072677916020483,5,7,63267169.60186054,5.8600310394937985e-05,65.00000000020533,0.004727196793862734
153,PRINCE WILLIAM COUNTY,402,HAYMARKET,153,000112,22198102.972182658,26.738594404214062,31,146,84867771.04154636,0.26156104608091746,163.99999999980017,0.1630402097819917
153,PRINCE WILLIAM COUNTY,402,HAYMARKET,153,000413,18701274.993582033,19.65593487821211,21,106,84867771.04154636,0.22035779618186235,163.99999999980017,0.11985326145265891
153,PRINCE WILLIAM COUNTY,402,HAYMARKET,153,000407,7498952.357657741,6.913574564800157,7,56,84867771.04154636,0.08836042546689116,163.99999999980017,0.04215594246834501
153,PRINCE WILLIAM COUNTY,402,HAYMARKET,153,000406,6794972.634981343,3.1454891602,4,53,84867771.04154636,0.08006540706312314,163.99999999980017,0.019179811952462395
153,PRINCE WILLIAM COUNTY,402,HAYMARKET,153,000110,6591869.475928296,21.05159899404097,22,122,84867771.04154636,0.07767223523169116,163.99999999980017,0.12836340850040623
153,PRINCE WILLIAM COUNTY,402,HAYMARKET,153,000409,6225947.012802287,51.48449183534497,63,170,84867771.04154636,0.07336055768160121,163.99999999980017,0.31392982826468113
153,PRINCE WILLIAM COUNTY,402,HAYMARKET,153,000410,5520277.227738678,9.8514763736,11,70,84867771.04154636,0.06504562521191076,163.99999999980017,0.06006997788787807
153,PRINCE WILLIAM COUNTY,402,HAYMARKET,153,000103,5168262.79248429,19.3399459168,21,73,84867771.04154636,0.060897826454688046,163.99999999980017,0.11792649949282663
153,PRINCE WILLIAM COUNTY,402,HAYMARKET,153,000401,3450476.8772830237,5.0,5,15,84867771.04154636,0.04065709320436694,163.99999999980017,0.03048780487808593
153,PRINCE WILLIAM COUNTY,402,HAYMARKET,153,000403,2514497.8420161777,0.5957819142,3,52,84867771.04154636,0.029628418552258486,163.99999999980017,0.0036328165500044266
153,PRINCE WILLIAM COUNTY,402,HAYMARKET,153,000104,190003.2994181916,0.22122349,2,8,84867771.04154636,0.002238815713979067,163.99999999980017,0.0013489237195138388
153,PRINCE WILLIAM COUNTY,402,HAYMARKET,061,000503,5749.241497919287,0.0,4,9,84867771.04154636,6.77435194463254e-05,163.99999999980017,0.0
153,PRINCE WILLIAM COUNTY,402,HAYMARKET,061,000504,5233.076142703415,0.0,3,4,84867771.04154636,6.166152449251439e-05,163.99999999980017,0.0
153,PRINCE WILLIAM COUNTY,402,HAYMARKET,061,000501,2151.23783102428,0.0018884683878873782,5,6,84867771.04154636,2.5348112771468428e-05,163.99999999980017,1.1515051145668776e-05
153,PRINCE WILLIAM COUNTY,403,LOCH LOMOND,153,000204,1088480.1436664157,27.0,27,34,1088480.1436664157,1.0,27.0,1.0
153,PRINCE WILLIAM COUNTY,404,SINCLAIR,153,000409,11952265.25120305,19.9999999996,20,99,15800252.338642227,0.7564604029754473,65.99999999959999,0.30303030302607903
153,PRINCE WILLIAM COUNTY,404,SINCLAIR,153,000405,3792005.93671056,46.0,46,94,15800252.338642227,0.23999654280435506,65.99999999959999,0.6969696969739211
153,PRINCE WILLIAM COUNTY,404,SINCLAIR,153,000404,38510.192378449065,0.0,5,6,15800252.338642227,0.0024373150221320065,65.99999999959999,0.0
153,PRINCE WILLIAM COUNTY,404,SINCLAIR,153,000411,17470.958350165893,0.0,3,3,15800252.338642227,0.001105739198065696,65.99999999959999,0.0
153,PRINCE WILLIAM COUNTY,404,SINCLAIR,153,000408,0.0,0.0,1,1,15800252.338642227,0.0,65.99999999959999,0.0
153,PRINCE WILLIAM COUNTY,405,STONEWALL,153,000405,795845.4663143777,3.0,3,10,1560064.5283772298,0.5101362487500511,12.0,0.25
153,PRINCE WILLIAM COUNTY,405,STONEWALL,153,000408,764219.0620628522,9.0,9,12,1560064.5283772298,0.4898637512499489,12.0,0.75
153,PRINCE WILLIAM COUNTY,406,SUDLEY,153,000408,1652812.047053547,23.0,23,33,1652812.047053547,1.0,23.0,1.0
153,PRINCE WILLIAM COUNTY,407,WESTGATE,153,001061,1557816.7355314663,13.0,13,38,1561096.600824637,0.9978989991449355,14.0,0.9285714285714286
153,PRINCE WILLIAM COUNTY,407,WESTGATE,153,000204,3279.865293170751,1.0,1,6,1561096.600824637,0.0021010008550644385,14.0,0.07142857142857142
153,PRINCE WILLIAM COUNTY,408,CATHARPIN,153,000412,38916477.16267222,30.9999999997,31,151,43745637.49918428,0.8896081846652227,42.9999999997,0.7209302325561926
153,PRINCE WILLIAM COUNTY,408,CATHARPIN,153,000402,4829160.336512058,12.0,12,31,43745637.49918428,0.11039181533477725,42.9999999997,0.27906976744380746
153,PRINCE WILLIAM COUNTY,409,BULL RUN,153,000404,1392187.3794457787,24.992152434377203,25,80,2571529.836336136,0.5413848829494194,34.0000000001,0.7350633068912852
153,PRINCE WILLIAM COUNTY,409,BULL RUN,153,000411,1119779.9238800432,9.0,9,20,2571529.836336136,0.43545282191844337,34.0000000001,0.26470588235216264
153,PRINCE WILLIAM COUNTY,409,BULL RUN,153,001061,59562.53301031375,0.007847565722795626,1,3,2571529.836336136,0.023162295132137085,34.0000000001,0.00023081075655213368
153,PRINCE WILLIAM COUNTY,410,PLANTATION,153,000204,939421.156845664,13.861917526300001,14,29,1170174.8531992512,0.8028040888738055,17.0,0.8154069133117647
153,PRINCE WILLIAM COUNTY,410,PLANTATION,153,001061,230075.93854404674,3.0,3,10,1170174.8531992512,0.1966167175059526,17.0,0.17647058823529413
153,PRINCE WILLIAM COUNTY,410,PLANTATION,683,000004,677.7578095404539,0.1380824737,1,1,1170174.8531992512,0.0005791936202418536,17.0,0.008122498452941176
153,PRINCE WILLIAM COUNTY,411,MULLEN,153,000411,5221967.629832035,20.8370973212,21,59,6726867.769401835,0.7762851610648475,38.000000000200004,0.5483446663444824
153,PRINCE WILLIAM COUNTY,411,MULLEN,153,000105,1047232.0381286872,1.9977328525,2,6,6726867.769401835,0.15567899861094028,38.000000000200004,0.05257191717077593
153,PRINCE WILLIAM COUNTY,411,MULLEN,153,000404,450593.16913151694,15.162902679,16,29,6726867.769401835,0.06698409788595926,38.000000000200004,0.39902375470842616
153,PRINCE WILLIAM COUNTY,411,MULLEN,153,000103,7074.932309596233,0.0022671475,1,1,6726867.769401835,0.001051742438253004,38.000000000200004,5.9661776315475456e-05
153,PRINCE WILLIAM COUNTY,501,LAKE RIDGE,153,000505,2125290.9468161487,14.489913453196023,17,61,2874289.9771955735,0.739414242709701,22.0,0.6586324296907283
153,PRINCE WILLIAM COUNTY,501,LAKE RIDGE,153,000501,741597.1491466906,7.403266340113225,10,22,2874289.9771955735,0.25801055392130695,22.0,0.336512106368783
153,PRINCE WILLIAM COUNTY,501,LAKE RIDGE,059,000845,7401.881232734077,0.10682020669075347,4,6,2874289.9771955735,0.002575203368992034,22.0,0.0048554639404887944
153,PRINCE WILLIAM COUNTY,502,OCCOQUAN,153,000512,7069195.359369524,43.0,43,200,8958409.72950552,0.7891127524661371,88.9999999998,0.4831460674168161
153,PRINCE WILLIAM COUNTY,502,OCCOQUAN,153,000502,1884804.8564147565,44.76860077045366,46,133,8958409.72950552,0.21039502694400566,88.9999999998,0.503017986186003
153,PRINCE WILLIAM COUNTY,502,OCCOQUAN,059,000629,2370.6047442206427,0.7653420864463379,6,7,8958409.72950552,0.0002646233891728341,88.9999999998,0.008599349285933235
153,PRINCE WILLIAM COUNTY,502,OCCOQUAN,153,000504,2038.9089770186613,0.4660571429,1,1,8958409.72950552,0.00022759720068432317,88.9999999998,0.005236597111247723
153,PRINCE WILLIAM COUNTY,503,OLD BRIDGE,153,000513,3209628.271192483,23.3891740267,24,73,3218395.9264481575,0.9972757685952733,24.000000000100002,0.974548917775106
153,PRINCE WILLIAM COUNTY,503,OLD BRIDGE,153,000506,8767.655255674512,0.6108259734,2,2,3218395.9264481575,0.002724231404726687,24.000000000100002,0.02545108222489395
153,PRINCE WILLIAM COUNTY,504,ROCKLEDGE,153,000504,2578240.331702904,12.062084671567382,14,53,4525904.885085227,0.5696629507613599,27.999999999899998,0.4307887382718022
153,PRINCE WILLIAM COUNTY,504,ROCKLEDGE,153,000514,1930715.3957661754,15.888717753495344,17,35,4525904.885085227,0.4265921279363824,27.999999999899998,0.5674542054840033
153,PRINCE WILLIAM COUNTY,504,ROCKLEDGE,153,000502,14536.003664151154,0.0313161657,1,3,4525904.885085227,0.0032117342350815726,27.999999999899998,0.0011184344892897088
153,PRINCE WILLIAM COUNTY,504,ROCKLEDGE,059,000629,2413.1539519964467,0.017881409137273357,5,9,4525904.885085227,0.0005331870671760714,27.999999999899998,0.0006386217549049008
153,PRINCE WILLIAM COUNTY,505,MOHICAN,153,000514,1253202.4890285549,18.0,18,37,1673862.8143110522,0.7486888879506906,24.000000000100002,0.7499999999968749
153,PRINCE WILLIAM COUNTY,505,MOHICAN,153,000503,420660.32528249745,6.0000000001,6,15,1673862.8143110522,0.25131111204930956,24.000000000100002,0.250000000003125
153,PRINCE WILLIAM COUNTY,506,BETHEL,153,000506,4323701.941614425,25.00000000046738,25,82,4323701.941614425,1.0,25.00000000046738,1.0
153,PRINCE WILLIAM COUNTY,507,CHINN,153,000507,2893574.793620893,13.0000000001,13,58,2970284.6362208747,0.9741742452340929,14.0000000001,0.9285714285719388
153,PRINCE WILLIAM COUNTY,507,CHINN,153,000506,76709.84259998178,1.0,1,2,2970284.6362208747,0.025825754765907063,14.0000000001,0.07142857142806122
153,PRINCE WILLIAM COUNTY,601,DALE,153,000601,1205594.543264243,9.0,9,28,1205594.543264243,1.0,9.0,1.0
153,PRINCE WILLIAM COUNTY,602,NEABSCO,153,000610,4867617.131139504,27.7885388916,30,94,7210835.786469448,0.6750420166651409,47.0,0.5912455083319148
153,PRINCE WILLIAM COUNTY,602,NEABSCO,153,000302,1368708.5917687095,5.0000000001,5,19,7210835.786469448,0.1898127529595086,47.0,0.10638297872553192
153,PRINCE WILLIAM COUNTY,602,NEABSCO,153,000601,629016.8878775866,12.2114611083,14,24,7210835.786469448,0.08723217481361677,47.0,0.2598183214531915
153,PRINCE WILLIAM COUNTY,602,NEABSCO,153,000709,345493.1756836484,2.0,2,9,7210835.786469448,0.0479130555617337,47.0,0.0425531914893617
153,PRINCE WILLIAM COUNTY,603,GODWIN,153,000603,1388243.208744404,13.9637113053,15,31,3326125.0259651667,0.4173755339643515,40.0000000001,0.34909278263162724
153,PRINCE WILLIAM COUNTY,603,GODWIN,153,000611,1194829.815906574,18.0362886948,22,42,3326125.0259651667,0.3592257676964086,40.0000000001,0.4509072173688727
153,PRINCE WILLIAM COUNTY,603,GODWIN,153,000610,738570.5406378099,8.0,8,9,3326125.0259651667,0.22205134649846583,40.0000000001,0.1999999999995
153,PRINCE WILLIAM COUNTY,603,GODWIN,153,000605,4481.460676379031,0.0,2,2,3326125.0259651667,0.0013473518407741186,40.0000000001,0.0
153,PRINCE WILLIAM COUNTY,604,CIVIC CENTER,153,000604,3383277.202917667,25.98827662568627,27,95,4167020.223526767,0.8119176345283544,32.9999999997,0.7875235341188644
153,PRINCE WILLIAM COUNTY,604,CIVIC CENTER,153,000512,745969.1254088847,6.9706658646,7,46,4167020.223526767,0.17901739981898435,32.9999999997,0.211232298929193
153,PRINCE WILLIAM COUNTY,604,CIVIC CENTER,153,000610,24350.551522509268,0.0366749371,5,8,4167020.223526767,0.005843636511535843,32.9999999997,0.0011113617303131335
153,PRINCE WILLIAM COUNTY,604,CIVIC CENTER,153,000605,9173.948812921695,0.0015943592000000001,1,2,4167020.223526767,0.0022015609046306243,32.9999999997,4.831391515195437e-05
153,PRINCE WILLIAM COUNTY,604,CIVIC CENTER,153,000606,4249.394864784159,0.0027882131137287134,1,1,4167020.223526767,0.001019768236494824,32.9999999997,8.449130647739578e-05
153,PRINCE WILLIAM COUNTY,605,MINNIEVILLE,153,000605,3758762.8597960095,24.000000000100002,24,50,3995388.439353598,0.9407753255661241,27.000000000300002,0.8888888888827161
153,PRINCE WILLIAM COUNTY,605,MINNIEVILLE,153,000506,166459.6061662753,1.0000000002,1,7,3995388.439353598,0.04166293432865975,27.000000000300002,0.03703703704403292
153,PRINCE WILLIAM COUNTY,605,MINNIEVILLE,153,000507,70165.97339131302,2.0,2,8,3995388.439353598,0.017561740105216144,27.000000000300002,0.07407407407325102
153,PRINCE WILLIAM COUNTY,606,BEL AIR,153,000606,2893321.035848472,21.32279211290077,22,43,2933168.7659807857,0.9864147843811538,22.0,0.9692178233136715
153,PRINCE WILLIAM COUNTY,606,BEL AIR,153,000605,26308.570740549414,0.000719151743144635,3,6,2933168.7659807857,0.00896933413640535,22.0,3.268871559748341e-05
153,PRINCE WILLIAM COUNTY,606,BEL AIR,153,000604,13539.15939176445,0.6764887353560827,2,2,2933168.7659807857,0.004615881482440803,22.0,0.03074948797073103
153,PRINCE WILLIAM COUNTY,607,KERRYDALE,153,000607,2257886.505599527,25.0,25,73,2257886.505599527,1.0,25.0,1.0
153,PRINCE WILLIAM COUNTY,701,BELMONT,153,000701,6524639.808932579,26.947228898125505,28,109,7782374.736329685,0.8383867431202269,28.000000000125503,0.9624010320715972
153,PRINCE WILLIAM COUNTY,701,BELMONT,059,000616,1248103.8469003702,0.666115265,1,2,7782374.736329685,0.1603757065403149,28.000000000125503,0.02378983089275051
153,PRINCE WILLIAM COUNTY,701,BELMONT,153,000705,9631.080496736298,0.386655837,5,5,7782374.736329685,0.0012375503394582742,28.000000000125503,0.01380913703565239
153,PRINCE WILLIAM COUNTY,702,LIBRARY,153,000702,2548025.9841043563,11.0772691844,12,98,5475710.009230682,0.465332528532194,33.0,0.335674823769697
153,PRINCE WILLIAM COUNTY,702,LIBRARY,153,000711,2382684.984686859,21.9227308156,22,37,5475710.009230682,0.43513717502757565,33.0,0.6643251762303031
153,PRINCE WILLIAM COUNTY,702,LIBRARY,153,000709,544999.0404394662,0.0,1,4,5475710.009230682,0.09953029644023036,33.0,0.0
153,PRINCE WILLIAM COUNTY,703,LYNN,153,000703,1502705.7361925307,25.0048883432,26,52,2263437.6132082306,0.6639041992690812,31.0000000002,0.8066093013883445
153,PRINCE WILLIAM COUNTY,703,LYNN,153,000711,735495.9425340742,5.8905638672,7,25,2263437.6132082306,0.3249464170084066,31.0000000002,0.1900181892632902
153,PRINCE WILLIAM COUNTY,703,LYNN,153,000707,25235.934481625416,0.1045477898,2,4,2263437.6132082306,0.01114938372251207,31.0000000002,0.0033725093483653384
153,PRINCE WILLIAM COUNTY,704,FEATHERSTONE,153,000706,6372118.977711986,27.5560476494,28,62,7613064.6245434405,0.8369978835026801,39.0000000003,0.7065653243381547
153,PRINCE WILLIAM COUNTY,704,FEATHERSTONE,153,000704,1154712.4257944932,11.2780097417,12,24,7613064.6245434405,0.1516751115013347,39.0000000003,0.2891797369644422
153,PRINCE WILLIAM COUNTY,704,FEATHERSTONE,153,000712,86233.22103696092,0.1659426092,1,3,7613064.6245434405,0.011327004995985093,39.0000000003,0.004254938697403167
153,PRINCE WILLIAM COUNTY,705,POTOMAC VIEW,153,000705,5332639.520653089,36.47960984231896,38,75,8729444.135663057,0.6108796204866302,37.99999999985602,0.9599897326962414
153,PRINCE WILLIAM COUNTY,705,POTOMAC VIEW,153,000706,3334983.6256839973,1.5096000638370604,2,8,8729444.135663057,0.38203848651248445,37.99999999985602,0.03972631746954684
153,PRINCE WILLIAM COUNTY,705,POTOMAC VIEW,153,000701,61820.98932597133,0.0107900937,1,1,8729444.135663057,0.007081893000885288,37.99999999985602,0.00028394983421160217
153,PRINCE WILLIAM COUNTY,706,RIPPON,153,000311,8961249.728137737,6.713222936064128,10,102,24360272.696716223,0.3678632763969723,66.99999999897656,0.100197357256219
153,PRINCE WILLIAM COUNTY,706,RIPPON,153,000712,8223771.890893643,12.024451903787773,14,82,24360272.696716223,0.3375894840455629,66.99999999897656,0.17946943140255894
153,PRINCE WILLIAM COUNTY,706,RIPPON,153,000708,2566540.4927254934,14.999591631766654,19,141,24360272.696716223,0.10535762569979212,66.99999999897656,0.2238745019700862
153,PRINCE WILLIAM COUNTY,706,RIPPON,153,000709,2328787.7491243305,7.3130091082,9,44,24360272.696716223,0.09559777011191883,66.99999999897656,0.10914938967629415
153,PRINCE WILLIAM COUNTY,706,RIPPON,153,000710,1459320.964995607,16.4683656938,17,77,24360272.696716223,0.0599057729428589,66.99999999897656,0.24579650289629187
153,PRINCE WILLIAM COUNTY,706,RIPPON,153,000704,819026.696366676,9.4771930554,10,24,24360272.696716223,0.03362140919206874,66.99999999897656,0.14145064262007115
153,PRINCE WILLIAM COUNTY,706,RIPPON,153,000706,1575.1744727355972,0.004165669958008886,2,5,24360272.696716223,6.466161082621754e-05,66.99999999897656,6.217417847869429e-05
153,PRINCE WILLIAM COUNTY,707,KILBY,153,000707,2957037.555615265,35.999999999799996,36,83,2957037.555615265,1.0,35.999999999799996,1.0
155,PULASKI COUNTY,101,BELSPRING,155,000101,52550708.6502038,36.4566504017,37,103,53059600.660020806,0.9904090493805687,38.0000000001,0.9593855368843174
155,PULASKI COUNTY,101,BELSPRING,155,000102,508892.00981700176,1.5433495983999999,2,5,53059600.660020806,0.009590950619431259,38.0000000001,0.040614463115682585
155,PULASKI COUNTY,102,NEW RIVER,155,000102,43852814.320326656,69.70917836555981,71,303,44030551.66846807,0.995963317709946,71.00000000009014,0.9818194135981875
155,PULASKI COUNTY,102,NEW RIVER,155,000301,161186.8295981828,1.288966441330325,3,3,44030551.66846807,0.003660795140879753,71.00000000009014,0.018154456920122373
155,PULASKI COUNTY,102,NEW RIVER,155,000101,16550.518543235714,0.0018551932,2,4,44030551.66846807,0.0003758871491743802,71.00000000009014,2.6129481690107672e-05
155,PULASKI COUNTY,103,WEST CLOYD,155,000103,39747077.91270806,31.9637824966,32,95,40059616.289066724,0.9921981684970865,32.0,0.99886820301875
155,PULASKI COUNTY,103,WEST CLOYD,155,000402,312538.3763586685,0.0362175034,1,2,40059616.289066724,0.007801831502913523,32.0,0.00113179698125
155,PULASKI COUNTY,201,DRAPER,155,000201,89518216.47486179,59.9326654508,60,195,89986453.89295742,0.9947965788422708,60.9999999998,0.9825027123114181
155,PULASKI COUNTY,201,DRAPER,155,000202,468237.41809563956,1.067334549,3,8,89986453.89295742,0.00520342115772922,60.9999999998,0.017497287688581956
155,PULASKI COUNTY,202,SOUTH PULASKI,155,000501,16573104.480801623,46.0,46,69,24734212.449589595,0.6700477937019019,79.0000000003,0.582278481010447
155,PULASKI COUNTY,202,SOUTH PULASKI,155,000202,8160321.018388325,32.9769876315,33,99,24734212.449589595,0.3299203900273658,79.0000000003,0.4174302231819591
155,PULASKI COUNTY,202,SOUTH PULASKI,155,000401,786.9503996443318,0.023012368800000002,1,2,24734212.449589595,3.1816270732217686e-05,79.0000000003,0.0002912958075938305
155,PULASKI COUNTY,203,NEWBERN,155,000203,36962275.67898091,87.61661087100518,88,268,38004534.320717625,0.9725754134245885,91.00000000050518,0.9628198996760305
155,PULASKI COUNTY,203,NEWBERN,155,000401,970880.3106609307,3.0,3,3,38004534.320717625,0.0255464335510005,91.00000000050518,0.032967032966849955
155,PULASKI COUNTY,203,NEWBERN,155,000201,45449.81553515706,0.3715700598,1,1,38004534.320717625,0.0011959050767892385,91.00000000050518,0.004083187470307003
155,PULASKI COUNTY,203,NEWBERN,155,000304,25928.515540624765,0.011819069699999999,1,3,38004534.320717625,0.0006822479476216133,91.00000000050518,0.00012987988681246578
155,PULASKI COUNTY,301,DUBLIN,155,000301,53815226.890066825,195.63547880246873,200,577,58095396.07147181,0.9263251570547981,240.0000000003,0.8151478283426008
155,PULASKI COUNTY,301,DUBLIN,155,000102,2511633.4309311477,1.2482777173134978,3,15,58095396.07147181,0.0432329169051746,240.0000000003,0.005201157155466406
155,PULASKI COUNTY,301,DUBLIN,155,000203,1691740.31880881,41.116243480517774,47,73,58095396.07147181,0.029120041056739644,240.0000000003,0.1713176811686099
155,PULASKI COUNTY,301,DUBLIN,155,000402,76795.43166502583,2.0,2,7,58095396.07147181,0.0013218849832876312,240.0000000003,0.008333333333322916
155,PULASKI COUNTY,301,DUBLIN,155,000304,0.0,0.0,1,6,58095396.07147181,0.0,240.0000000003,0.0
155,PULASKI COUNTY,399,HIWASEE 302/SNOWVILLE 304,155,000304,127738424.08864918,89.45715639678497,94,316,227110190.17712036,0.5624513104807302,169.00000000010016,0.529332286371195
155,PULASKI COUNTY,399,HIWASEE 302/SNOWVILLE 304,155,000302,99333670.90650196,79.28425096170245,83,307,227110190.17712036,0.43738095075801264,169.00000000010016,0.4691375796547661
155,PULASKI COUNTY,399,HIWASEE 302/SNOWVILLE 304,155,000301,33133.69261315192,0.2526220105,3,13,227110190.17712036,0.00014589258450847746,169.00000000010016,0.0014948047958571022
155,PULASKI COUNTY,399,HIWASEE 302/SNOWVILLE 304,155,000203,3279.4073697912268,0.0036422439,1,1,227110190.17712036,1.4439719183158002e-05,169.00000000010016,2.1551739053241668e-05
155,PULASKI COUNTY,399,HIWASEE 302/SNOWVILLE 304,121,000402,1682.08198626485,0.0023283872127263785,2,2,227110190.17712036,7.4064575656117215e-06,169.00000000010016,1.3777439128550287e-05
155,PULASKI COUNTY,399,HIWASEE 302/SNOWVILLE 304,121,004031,0.0,0.0,3,3,227110190.17712036,0.0,169.00000000010016,0.0
155,PULASKI COUNTY,401,MASSIE,155,000401,26295965.344526116,120.28997181669858,123,287,28959996.153111666,0.9080099736719299,125.00000000069858,0.9623197745282106
155,PULASKI COUNTY,401,MASSIE,155,000501,2636013.150120013,3.710028184,4,8,28959996.153111666,0.09102256561718435,125.00000000069858,0.02968022547183413
155,PULASKI COUNTY,401,MASSIE,155,000202,28017.658465539043,1.0,2,2,28959996.153111666,0.0009674607108857861,125.00000000069858,0.007999999999955291
155,PULASKI COUNTY,402,WALKER,155,000402,101554037.08676259,22.9609535389,23,147,104869536.78301565,0.968384529979253,24.9999999998,0.9184381415633475
155,PULASKI COUNTY,402,WALKER,155,000501,3230537.0604537698,1.0,1,3,104869536.78301565,0.030805295413271795,24.9999999998,0.04000000000032
155,PULASKI COUNTY,402,WALKER,155,000203,59792.38265742248,1.0130135346,2,11,104869536.78301565,0.0005701596907130257,24.9999999998,0.04052054138432416
155,PULASKI COUNTY,402,WALKER,155,000401,25170.253141872014,0.0260329263,2,4,104869536.78301565,0.0002400149167622576,24.9999999998,0.0010413170520083305
155,PULASKI COUNTY,501,ROBINSON,155,000501,136850483.79224953,193.2889081987276,198,451,144733580.77825755,0.9455337390008647,201.99999999948434,0.9568757831644604
155,PULASKI COUNTY,501,ROBINSON,155,000402,7882774.050738806,4.0,5,10,144733580.77825755,0.05446402975972655,201.99999999948434,0.019801980198070352
155,PULASKI COUNTY,501,ROBINSON,197,000402,322.93526919228145,4.711091800756735,7,8,144733580.77825755,2.2312394086831996e-06,201.99999999948434,0.023322236637469115
157,RAPPAHANNOCK COUNTY,101,WASHINGTON,157,000101,120972983.6042943,83.9923127091,84,223,127463936.47023247,0.9490761618879231,88.0000000001,0.9544580989659609
157,RAPPAHANNOCK COUNTY,101,WASHINGTON,157,000401,6421803.873545317,3.0,3,15,127463936.47023247,0.05038133962734663,88.0000000001,0.03409090909087035
157,RAPPAHANNOCK COUNTY,101,WASHINGTON,157,000502,65203.60389885843,0.007687291000000001,1,2,127463936.47023247,0.000511545506160371,88.0000000001,8.735557954535529e-05
157,RAPPAHANNOCK COUNTY,101,WASHINGTON,187,000504,3945.388493999538,1.0,1,1,127463936.47023247,3.095297856991049e-05,88.0000000001,0.01136363636362345
157,RAPPAHANNOCK COUNTY,201,AMISSVILLE,157,000201,73821555.45392762,33.999999999799996,34,163,98942165.65463167,0.7461081427266282,46.999999999799996,0.7234042553179719
157,RAPPAHANNOCK COUNTY,201,AMISSVILLE,157,000101,25118533.108394194,13.0,13,36,98942165.65463167,0.25387086427917044,46.999999999799996,0.2765957446820281
157,RAPPAHANNOCK COUNTY,201,AMISSVILLE,061,000403,2077.092309856812,0.0,2,3,98942165.65463167,2.0992994201351194e-05,46.999999999799996,0.0
157,RAPPAHANNOCK COUNTY,301,SPERRYVILLE,157,000301,197417813.9346062,122.00000000021798,122,380,197417813.9346062,1.0,122.00000000021798,1.0
157,RAPPAHANNOCK COUNTY,401,SCRABBLE,157,000401,110599577.91092645,60.645760935700004,61,229,151282226.1789982,0.7310811104806473,91.00000000030005,0.6664369333571433
157,RAPPAHANNOCK COUNTY,401,SCRABBLE,157,000301,40682365.73724593,30.354239064600044,33,63,151282226.1789982,0.2689170219448666,91.00000000030005,0.3335630666428567
157,RAPPAHANNOCK COUNTY,401,SCRABBLE,113,000009,282.5308258286408,0.0,4,4,151282226.1789982,1.8675744862079721e-06,91.00000000030005,0.0
157,RAPPAHANNOCK COUNTY,501,CHESTER GAP,157,000501,3513942.395250187,9.9641140702,10,22,3533757.798726144,0.9943925405744841,11.0,0.9058285518363637
157,RAPPAHANNOCK COUNTY,501,CHESTER GAP,157,000502,13454.31776046115,1.0,2,5,3533757.798726144,0.0038073683955677975,11.0,0.09090909090909091
157,RAPPAHANNOCK COUNTY,501,CHESTER GAP,187,000501,6361.085715495728,0.0358859298,1,3,3533757.798726144,0.001800091029948002,11.0,0.0032623572545454546
157,RAPPAHANNOCK COUNTY,502,FLINT HILL,157,000502,100234512.70960356,55.0661856522,56,227,112582291.06856261,0.8903221968414264,64.00000000029999,0.860409150811592
157,RAPPAHANNOCK COUNTY,502,FLINT HILL,157,000101,11720014.715935364,4.1843939841,5,24,112582291.06856261,0.10410176062945704,64.00000000029999,0.06538115600125603
157,RAPPAHANNOCK COUNTY,502,FLINT HILL,157,000501,627763.643023691,4.749420364000001,5,7,112582291.06856261,0.0055760425291166175,64.00000000029999,0.07420969318715216
159,RICHMOND COUNTY,101,PRECINCT 1-1,159,000101,64157939.83988794,38.2402661018,41,87,77886731.11328934,0.8237338879528487,50.0,0.764805322036
159,RICHMOND COUNTY,101,PRECINCT 1-1,159,000401,9704849.10732964,6.6806999991,7,12,77886731.11328934,0.12460208521543358,50.0,0.133613999982
159,RICHMOND COUNTY,101,PRECINCT 1-1,159,000201,3500210.8031177614,4.0790338991,6,14,77886731.11328934,0.044939757428342525,50.0,0.081580677982
159,RICHMOND COUNTY,101,PRECINCT 1-1,159,000301,523731.36295400193,1.0,1,1,77886731.11328934,0.00672426940337519,50.0,0.02
159,RICHMOND COUNTY,201,PRECINCT 2-1,159,000201,54679756.95423054,28.2793414247,29,92,76726147.99621646,0.7126613075496364,38.0000000003,0.744193195380967
159,RICHMOND COUNTY,201,PRECINCT 2-1,159,000401,11933608.675146343,3.0870199132,4,17,76726147.99621646,0.1555350944470041,38.0000000003,0.08123736613620075
159,RICHMOND COUNTY,201,PRECINCT 2-1,159,000501,6393706.729462672,5.0,5,10,76726147.99621646,0.08333152251795516,38.0000000003,0.13157894736738227
159,RICHMOND COUNTY,201,PRECINCT 2-1,159,000101,3719075.637376913,1.6336386624,4,4,76726147.99621646,0.04847207548540439,38.0000000003,0.04299049111545008
159,RICHMOND COUNTY,301,PRECINCT 3-1,159,000301,59424952.39171648,42.1410256409,43,92,97445521.6108067,0.6098274339282336,75.0,0.5618803418786666
159,RICHMOND COUNTY,301,PRECINCT 3-1,159,000501,28540272.260869652,17.0,17,52,97445521.6108067,0.29288439108426445,75.0,0.22666666666666666
159,RICHMOND COUNTY,301,PRECINCT 3-1,159,000101,6026543.891633254,3.356642636915918,5,12,97445521.6108067,0.0618452627890178,75.0,0.04475523515887891
159,RICHMOND COUNTY,301,PRECINCT 3-1,159,000201,3453753.0665873103,12.502331722184081,13,33,97445521.6108067,0.03544291219848413,75.0,0.16669775629578776
159,RICHMOND COUNTY,302,PRECINCT 3-2,159,000301,24431443.705532122,6.7212043868,8,25,33896007.76008098,0.7207764371090573,11.0,0.6110185806181818
159,RICHMOND COUNTY,302,PRECINCT 3-2,159,000401,5222497.046488299,2.6079154623,4,6,33896007.76008098,0.1540741046395082,11.0,0.23708322384545452
159,RICHMOND COUNTY,302,PRECINCT 3-2,159,000101,4242067.008060558,1.6708801509,2,2,33896007.76008098,0.12514945825143461,11.0,0.15189819553636363
159,RICHMOND COUNTY,401,PRECINCT 4-1,159,000401,114339897.22044036,47.7738631031,50,105,132681067.12502652,0.8617649804752993,57.0000000002,0.8381379491742522
159,RICHMOND COUNTY,401,PRECINCT 4-1,159,000101,18335580.323622406,9.0,9,16,132681067.12502652,0.1381928915777006,57.0000000002,0.15789473684155125
159,RICHMOND COUNTY,401,PRECINCT 4-1,133,000101,5589.580963759402,0.2261368971,1,1,132681067.12502652,4.212794700009679e-05,57.0000000002,0.003967313984196606
159,RICHMOND COUNTY,501,PRECINCT 5-1,159,000501,114186269.40540297,33.0,33,108,114186269.40540297,1.0,33.0,1.0
159,RICHMOND COUNTY,502,PRECINCT 5-2,159,000501,24424293.95636433,11.0,11,27,27546731.1811047,0.8866494465636575,17.999999999899998,0.6111111111145062
159,RICHMOND COUNTY,502,PRECINCT 5-2,159,000301,2493319.091530033,1.9328767123,2,9,27546731.1811047,0.09051233974506168,17.999999999899998,0.10738203957281879
159,RICHMOND COUNTY,502,PRECINCT 5-2,159,000201,629118.1332103387,5.067123287599999,6,8,27546731.1811047,0.022838213691280855,17.999999999899998,0.28150684931267506
161,ROANOKE COUNTY,101,CATAWBA,161,000101,84609034.82700752,25.89621682817191,26,101,84618437.15077598,0.999888885636688,25.9999999999,0.9960083395489041
161,ROANOKE COUNTY,101,CATAWBA,045,000201,9344.759621817764,0.10378317172809183,4,6,84618437.15077598,0.00011043408430206477,25.9999999999,0.003991660451095808
161,ROANOKE COUNTY,101,CATAWBA,121,000101,57.56414665116917,0.0,1,1,84618437.15077598,6.802790099821795e-07,25.9999999999,0.0
161,ROANOKE COUNTY,102,MASON VALLEY,161,000102,47632643.48479123,12.9993960721,13,50,49385503.506553546,0.9645065880207192,12.9999999998,0.9999535440230762
161,ROANOKE COUNTY,102,MASON VALLEY,161,000103,1752860.0217623173,0.0006039277,1,26,49385503.506553546,0.035493411979280715,12.9999999998,4.6455976923791633e-05
161,ROANOKE COUNTY,103,GLENVAR,161,000103,46261025.9392048,25.800367239953637,26,182,59038964.58894367,0.7835677041644491,52.999999999799996,0.4867993818877547
161,ROANOKE COUNTY,103,GLENVAR,161,000108,12268027.743609106,27.07818004035635,30,113,59038964.58894367,0.2077954420275616,52.999999999799996,0.5109090573671422
161,ROANOKE COUNTY,103,GLENVAR,161,000102,465086.47488134704,0.10102646000000001,2,14,59038964.58894367,0.007877619096464382,52.999999999799996,0.001906159622648703
161,ROANOKE COUNTY,103,GLENVAR,775,000003,40543.95179706331,0.01723675236191461,1,1,59038964.58894367,0.0006867320942931314,52.999999999799996,0.00032522174267886144
161,ROANOKE COUNTY,103,GLENVAR,775,000001,4280.4794513594925,0.0031895071280975853,1,1,59038964.58894367,7.250261723189342e-05,52.999999999799996,6.0179379775653235e-05
161,ROANOKE COUNTY,104,NORTHSIDE,161,000104,2283459.684097283,15.955667827803103,16,27,2300217.0250298358,0.9927148870083964,16.0,0.9972292392376939
161,ROANOKE COUNTY,104,NORTHSIDE,770,000001,16540.434680475173,0.043992239412925904,4,9,2300217.0250298358,0.0071908148233363455,16.0,0.002749514963307869
161,ROANOKE COUNTY,104,NORTHSIDE,770,000003,216.90625207752475,0.0003399327839720687,1,1,2300217.0250298358,9.429816826727961e-05,16.0,2.1245798998254295e-05
161,ROANOKE COUNTY,105,PETERS CREEK,161,000105,14223413.08280913,42.267953758388025,43,148,14315852.400931878,0.993542870132083,43.0000000004,0.9829756687905775
161,ROANOKE COUNTY,105,PETERS CREEK,775,000001,56053.78514417937,0.41965785857559107,3,5,14315852.400931878,0.003915504545194291,43.0000000004,0.009759485083062494
161,ROANOKE COUNTY,105,PETERS CREEK,161,000107,23976.876513345807,0.31141387639999996,1,2,14315852.400931878,0.0016748479826311322,43.0000000004,0.007242183172025653
161,ROANOKE COUNTY,105,PETERS CREEK,770,000001,10593.27959972562,0.0,1,2,14315852.400931878,0.0007399684841006086,43.0000000004,0.0
161,ROANOKE COUNTY,105,PETERS CREEK,775,000002,1217.2098749426004,0.0008518559502164746,1,1,14315852.400931878,8.502531605197098e-05,43.0000000004,1.9810603493222103e-05
161,ROANOKE COUNTY,105,PETERS CREEK,161,000108,598.1669905550378,0.00012265108616613026,1,1,14315852.400931878,4.1783539938991036e-05,43.0000000004,2.852350841046263e-06
161,ROANOKE COUNTY,106,GREEN HILL,161,000106,63982990.7946385,102.32861523819172,108,474,69465206.5408411,0.9210796883907714,134.00000000041484,0.763646382372201
161,ROANOKE COUNTY,106,GREEN HILL,161,000103,5435061.703681836,28.000000000100002,28,83,69465206.5408411,0.07824149634517198,134.00000000041484,0.2089552238806964
161,ROANOKE COUNTY,106,GREEN HILL,775,000009,23917.35507307578,1.2195358810231238,9,15,69465206.5408411,0.0003443069741542322,134.00000000041484,0.009101014037457823
161,ROANOKE COUNTY,106,GREEN HILL,121,000301,23202.683320861615,2.4518273047,3,4,69465206.5408411,0.00033401877682779106,134.00000000041484,0.0182972186917344
161,ROANOKE COUNTY,106,GREEN HILL,161,000302,34.0041268294589,2.15764e-05,1,3,69465206.5408411,4.895130745701684e-07,134.00000000041484,1.610179104472627e-07
161,ROANOKE COUNTY,107,BENNETT SPRINGS,161,000107,54486162.10338353,40.8457032549,41,118,58647606.500588894,0.9290432355979681,44.9999999998,0.9076822945573675
161,ROANOKE COUNTY,107,BENNETT SPRINGS,161,000105,2357122.7440359257,1.1107507323,3,16,58647606.500588894,0.04019128630615569,44.9999999998,0.02468334960677637
161,ROANOKE COUNTY,107,BENNETT SPRINGS,161,000101,1744415.4457771822,1.0,1,3,58647606.500588894,0.029744017699335542,44.9999999998,0.022222222222320984
161,ROANOKE COUNTY,107,BENNETT SPRINGS,161,000206,34651.48129914731,2.0,2,3,58647606.500588894,0.0005908422076662134,44.9999999998,0.04444444444464197
161,ROANOKE COUNTY,107,BENNETT SPRINGS,023,000102,25254.72609310594,0.0435460126,3,6,58647606.500588894,0.00043061818887446583,44.9999999998,0.0009676891688931897
161,ROANOKE COUNTY,201,PLANTATION,161,000201,2350838.47066648,42.14376998562047,43,67,2401895.1611453034,0.9787431644375028,42.999999999900005,0.9800876740864762
161,ROANOKE COUNTY,201,PLANTATION,161,000206,48199.719399770765,0.7947428161000001,1,4,2401895.1611453034,0.020067370208109975,42.999999999900005,0.018482391072136006
161,ROANOKE COUNTY,201,PLANTATION,770,000003,2856.9710790526515,0.06148719817953034,4,6,2401895.1611453034,0.0011894653543872218,42.999999999900005,0.001429934841387752
161,ROANOKE COUNTY,202,BURLINGTON,161,000202,2634701.833086696,31.971055680125374,32,66,2647164.957992148,0.9952918971415724,32.0,0.999095490003918
161,ROANOKE COUNTY,202,BURLINGTON,770,000003,12235.262604569618,0.021149878574624716,3,6,2647164.957992148,0.00462202499607352,32.0,0.0006609337054570224
161,ROANOKE COUNTY,202,BURLINGTON,161,000104,227.86230088278097,0.0077944413,1,1,2647164.957992148,8.607786235415135e-05,32.0,0.000243576290625
161,ROANOKE COUNTY,203,MOUNTAIN VIEW,161,000203,10635290.973897414,45.7503253074,46,148,12034903.742023373,0.8837038668420086,47.000000000099995,0.9734111767511204
161,ROANOKE COUNTY,203,MOUNTAIN VIEW,161,000205,1399436.834860747,1.2469030563,2,8,12034903.742023373,0.11628151457283414,47.000000000099995,0.026529852261645687
161,ROANOKE COUNTY,203,MOUNTAIN VIEW,770,000003,175.9332652113643,0.0027716364,2,3,12034903.742023373,1.4618585157190917e-05,47.000000000099995,5.897098723391709e-05
161,ROANOKE COUNTY,204,BOTETOURT SPRINGS,161,000204,3670851.2492685174,27.9110339437,28,60,3737412.379390436,0.9821905844565177,28.9999999999,0.9624494463378015
161,ROANOKE COUNTY,204,BOTETOURT SPRINGS,161,000107,36123.174368008156,1.0,1,2,3737412.379390436,0.00966528996564724,28.9999999999,0.03448275862080856
161,ROANOKE COUNTY,204,BOTETOURT SPRINGS,161,000206,30437.95575391075,0.0889660562,1,2,3737412.379390436,0.008144125577834982,28.9999999999,0.003067795041389889
161,ROANOKE COUNTY,205,BONSACK,161,000205,6108925.364733217,28.893439744241874,30,65,11077255.516290454,0.5514836554730815,50.9999999997,0.5665380342041536
161,ROANOKE COUNTY,205,BONSACK,161,000402,4764843.085855291,22.0608950937,29,74,11077255.516290454,0.43014653574145767,50.9999999997,0.4325665704672504
161,ROANOKE COUNTY,205,BONSACK,161,000203,196725.38135150197,0.0455136424,1,5,11077255.516290454,0.017759397267869584,50.9999999997,0.0008924243607895632
161,ROANOKE COUNTY,205,BONSACK,770,000005,6761.684350443916,0.0001515193581249806,2,4,11077255.516290454,0.000610411517591161,50.9999999997,2.970967806389645e-06
161,ROANOKE COUNTY,206,HOLLINS,161,000206,4463164.088696526,31.0072510574,32,98,4535657.477264213,0.9840170054879424,32.0,0.96897659554375
161,ROANOKE COUNTY,206,HOLLINS,161,000204,72493.3885676868,0.9927489426,3,3,4535657.477264213,0.015982994512057567,32.0,0.03102340445625
161,ROANOKE COUNTY,207,WOODLANDS,161,000104,1387709.0914378306,5.0,5,22,2279795.7605458125,0.6086988648077822,17.0,0.29411764705882354
161,ROANOKE COUNTY,207,WOODLANDS,161,000204,870126.891670608,12.0,12,30,2279795.7605458125,0.38166879100708934,17.0,0.7058823529411765
161,ROANOKE COUNTY,207,WOODLANDS,770,000003,21959.77743737418,0.0,3,14,2279795.7605458125,0.009632344185128552,17.0,0.0
161,ROANOKE COUNTY,301,BENT MOUNTAIN,161,000301,54463462.07208179,50.587288919035004,52,137,55240128.43274156,0.9859401782237814,56.0000000001,0.9033444449811547
161,ROANOKE COUNTY,301,BENT MOUNTAIN,161,000302,721153.6478938123,3.3341980438,4,8,55240128.43274156,0.01305488724147091,56.0000000001,0.059539250782036535
161,ROANOKE COUNTY,301,BENT MOUNTAIN,063,000101,43362.99233879273,0.0783899939,1,1,55240128.43274156,0.0007849907950809706,56.0000000001,0.0013998213196403572
161,ROANOKE COUNTY,301,BENT MOUNTAIN,067,000503,12149.72042716567,2.000123043365,5,6,55240128.43274156,0.00021994373966669435,56.0000000001,0.03571648291716836
161,ROANOKE COUNTY,302,POAGES MILL,161,000302,49739716.63514238,43.993725488,44,183,50672576.98657281,0.9815904300332383,49.9999999998,0.8798745097635194
161,ROANOKE COUNTY,302,POAGES MILL,161,000301,908996.3102063027,3.0062745118,4,11,50672576.98657281,0.017938624089459038,49.9999999998,0.060125490236240496
161,ROANOKE COUNTY,302,POAGES MILL,161,000501,23336.676430600877,3.0,3,3,50672576.98657281,0.00046053857566361023,49.9999999998,0.06000000000023999
161,ROANOKE COUNTY,302,POAGES MILL,161,000106,527.3647935314493,0.0,1,1,50672576.98657281,1.0407301639132941e-05,49.9999999998,0.0
161,ROANOKE COUNTY,303,WINDSOR HILLS,161,000303,1715796.849463996,25.0,25,36,1717018.8507790565,0.9992883005830099,25.0,1.0
161,ROANOKE COUNTY,303,WINDSOR HILLS,161,000304,1222.0013150604432,0.0,1,1,1717018.8507790565,0.0007116994169900867,25.0,0.0
161,ROANOKE COUNTY,306,GARST MILL,161,000306,2323491.6757140537,25.9966864253,26,56,2412601.8015016923,0.963064718872309,29.0000000001,0.8964374629382882
161,ROANOKE COUNTY,306,GARST MILL,161,000303,77440.0736544718,3.0,4,6,2412601.8015016923,0.032098157933178294,29.0000000001,0.10344827586171225
161,ROANOKE COUNTY,306,GARST MILL,770,000015,11670.052133166704,0.0033135748,1,1,2412601.8015016923,0.004837123194512594,29.0000000001,0.000114261199999606
161,ROANOKE COUNTY,399,OAK GROVE 304/CASTLE ROCK 305,161,000304,12253048.348805634,44.04921686397654,47,111,18771811.64518105,0.6527365914600545,82.9999999999,0.5307134561931278
161,ROANOKE COUNTY,399,OAK GROVE 304/CASTLE ROCK 305,161,000305,5875533.700436447,38.1103706822,40,81,18771811.64518105,0.31299769097911057,82.9999999999,0.45916109255717974
161,ROANOKE COUNTY,399,OAK GROVE 304/CASTLE ROCK 305,161,000302,637832.0893769064,0.8321203711,1,5,18771811.64518105,0.03397818502726377,82.9999999999,0.010025546639771116
161,ROANOKE COUNTY,399,OAK GROVE 304/CASTLE ROCK 305,775,000009,5305.82164321045,0.00826128839162305,1,2,18771811.64518105,0.00028264835294000614,82.9999999999,9.953359507991571e-05
161,ROANOKE COUNTY,399,OAK GROVE 304/CASTLE ROCK 305,775,000010,91.6849188516824,3.079423184064702e-05,1,2,18771811.64518105,4.884180631293465e-06,82.9999999999,3.7101484145402556e-07
161,ROANOKE COUNTY,403,NORTH VINTON,161,000403,3165181.864058519,86.98894665692985,88,171,3279164.7645476013,0.9652402643132182,90.0000000001881,0.966543851741645
161,ROANOKE COUNTY,403,NORTH VINTON,161,000405,91803.5423692039,1.1386103245085104,2,9,3279164.7645476013,0.02799601391236261,90.0000000001881,0.012651225827845898
161,ROANOKE COUNTY,403,NORTH VINTON,770,000006,11737.501876838895,1.8724430187497312,7,13,3279164.7645476013,0.003579418150541825,90.0000000001881,0.020804922430509087
161,ROANOKE COUNTY,403,NORTH VINTON,770,000005,10441.856243039867,0.0,1,1,3279164.7645476013,0.0031843036238773568,90.0000000001881,0.0
161,ROANOKE COUNTY,404,SOUTH VINTON,161,000404,5127141.634317468,63.0,63,129,5127141.634317468,1.0,63.0,1.0
161,ROANOKE COUNTY,405,LINDENWOOD,161,000405,7674474.747904756,24.9673172315,25,59,14288934.23739931,0.5370921735938765,59.9999999999,0.4161219538590269
161,ROANOKE COUNTY,405,LINDENWOOD,161,000401,6600356.1544696065,35.0,35,57,14288934.23739931,0.46192081542331453,59.9999999999,0.5833333333343056
161,ROANOKE COUNTY,405,LINDENWOOD,161,000403,14103.335024947168,0.0326827684,1,1,14288934.23739931,0.0009870109828088954,59.9999999999,0.0005447128066675746
161,ROANOKE COUNTY,406,MOUNT PLEASANT,161,000406,35638197.814548776,52.57167058652466,54,161,37721816.27763076,0.9447635700320829,54.000000000099995,0.9735494553042094
161,ROANOKE COUNTY,406,MOUNT PLEASANT,161,000505,1860543.0323160188,0.17954939749884688,1,3,37721816.27763076,0.04932273193375714,54.000000000099995,0.0033249888425650816
161,ROANOKE COUNTY,406,MOUNT PLEASANT,770,000013,141218.4194686138,0.029403781579328183,3,12,37721816.27763076,0.003743680273220489,54.000000000099995,0.0005445144736902543
161,ROANOKE COUNTY,406,MOUNT PLEASANT,019,000102,64832.69657639813,0.3123795177496843,4,9,37721816.27763076,0.0017187055919903906,54.000000000099995,0.005784805884242701
161,ROANOKE COUNTY,406,MOUNT PLEASANT,067,000603,10137.316223228552,0.9006364858873026,5,7,37721816.27763076,0.00026873881545412315,54.000000000099995,0.01667845344232657
161,ROANOKE COUNTY,406,MOUNT PLEASANT,067,000602,6886.998497725211,0.006360230860174633,1,4,37721816.27763076,0.0001825733534948909,54.000000000099995,0.0001177820529659788
161,ROANOKE COUNTY,501,COTTON HILL,161,000501,14566460.163689872,14.9999999998,15,53,14588200.814650042,0.9985097099199282,16.9999999998,0.8823529411750866
161,ROANOKE COUNTY,501,COTTON HILL,161,000302,21740.65096016908,2.0,2,4,14588200.814650042,0.001490290080071853,16.9999999998,0.1176470588249135
161,ROANOKE COUNTY,502,PENN FOREST,161,000502,2227516.3285821546,10.7687547968,11,23,3177622.982973571,0.7010008237345007,15.0,0.7179169864533334
161,ROANOKE COUNTY,502,PENN FOREST,161,000507,943651.6379203708,4.0039813751,5,11,3177622.982973571,0.2969677784232653,15.0,0.26693209167333337
161,ROANOKE COUNTY,502,PENN FOREST,161,000503,6455.01647104558,0.2272638281,1,1,3177622.982973571,0.002031397842233969,15.0,0.015150921873333334
161,ROANOKE COUNTY,503,CAVE SPRING,161,000503,3004650.2447973886,14.0,14,33,3004650.2447973886,1.0,14.0,1.0
161,ROANOKE COUNTY,504,OGDEN,161,000504,2544625.4263397288,29.0000000004,29,87,2544625.4263397288,1.0,29.0000000004,1.0
161,ROANOKE COUNTY,505,CLEARBROOK,161,000505,49985212.029294714,37.11621287496296,42,176,51840279.815928236,0.9642157065274262,42.0000000003,0.8837193541594726
161,ROANOKE COUNTY,505,CLEARBROOK,161,000406,1819284.9160046976,2.147318325297751,3,9,51840279.815928236,0.03509404120626894,42.0000000003,0.0511266267924384
161,ROANOKE COUNTY,505,CLEARBROOK,770,000012,16186.351957960118,2.680503362195695,6,6,51840279.815928236,0.0003122350422380777,42.0000000003,0.06382150862325116
161,ROANOKE COUNTY,505,CLEARBROOK,067,000601,10334.270817597784,0.0013840269528249565,3,5,51840279.815928236,0.000199348283888362,42.0000000003,3.2953022686073114e-05
161,ROANOKE COUNTY,505,CLEARBROOK,161,000507,4773.029327192211,0.0345012035,1,1,51840279.815928236,9.207182800980309e-05,42.0000000003,0.0008214572261846087
161,ROANOKE COUNTY,505,CLEARBROOK,067,000602,4489.218526069219,0.020080207390768504,3,6,51840279.815928236,8.659711216855507e-05,42.0000000003,0.0004781001759672637
161,ROANOKE COUNTY,506,MOUNT VERNON,161,000506,1922146.7720928206,23.999999999899998,24,51,1922146.7720928206,1.0,23.999999999899998,1.0
161,ROANOKE COUNTY,507,HUNTING HILLS,161,000507,7567972.671491505,20.0,20,61,7567972.671491505,1.0,20.0,1.0
163,ROCKBRIDGE COUNTY,101,AIRPORT,163,000101,61199156.81184059,52.99766019266765,53,175,62013768.39185167,0.9868640206661249,54.0000000002,0.9814381517124328
163,ROCKBRIDGE COUNTY,101,AIRPORT,163,000104,810398.8083471983,0.0,1,1,62013768.39185167,0.013068046489716,54.0000000002,0.0
163,ROCKBRIDGE COUNTY,101,AIRPORT,678,000001,4212.7716638865695,1.0023398075323455,2,3,62013768.39185167,6.793284415917076e-05,54.0000000002,0.01856184828756728
163,ROCKBRIDGE COUNTY,102,BEN SALEM,163,000102,37259556.26476853,28.929457533006573,29,150,37890897.30639221,0.9833379231819573,31.0000000002,0.9332083075103204
163,ROCKBRIDGE COUNTY,102,BEN SALEM,163,000101,615706.79081959,2.0701200253,6,10,37890897.30639221,0.016249464504386916,31.0000000002,0.06677806533182724
163,ROCKBRIDGE COUNTY,102,BEN SALEM,530,000001,14758.919850253615,0.000137854193425532,1,1,37890897.30639221,0.0003895109617201855,31.0000000002,4.446909465311052e-06
163,ROCKBRIDGE COUNTY,102,BEN SALEM,530,000002,875.3309538257131,0.0002845877,1,1,37890897.30639221,2.3101351935469853e-05,31.0000000002,9.180248387037547e-06
163,ROCKBRIDGE COUNTY,103,FANCY HILL,163,000103,71332618.44983904,32.4639021729,35,100,102921233.55719337,0.6930797075046664,55.000000000112756,0.5902527667787899
163,ROCKBRIDGE COUNTY,103,FANCY HILL,163,000303,20535103.21141249,17.536097827,18,47,102921233.55719337,0.1995225134957319,55.000000000112756,0.3188381423084372
163,ROCKBRIDGE COUNTY,103,FANCY HILL,163,000301,11053511.895941844,5.000000000212758,5,34,102921233.55719337,0.1073977789996017,55.000000000112756,0.09090909091277286
163,ROCKBRIDGE COUNTY,104,EFFINGER,163,000104,142935703.26129726,60.0000000003,60,213,142935703.26129726,1.0,60.0000000003,1.0
163,ROCKBRIDGE COUNTY,201,COLLIERSTOWN,163,000201,92413242.72243464,42.81821518890019,43,137,102055928.71885347,0.9055156705008018,43.99999999960019,0.9731412543020286
163,ROCKBRIDGE COUNTY,201,COLLIERSTOWN,163,000202,9642685.996418841,1.1817848107,2,5,102055928.71885347,0.09448432949919824,43.99999999960019,0.026858745697971326
163,ROCKBRIDGE COUNTY,202,HIGHLAND BELLE,163,000202,186906249.1926676,133.5420536409355,136,466,199320537.09342214,0.9377169654377565,137.99999999981765,0.967696040877623
163,ROCKBRIDGE COUNTY,202,HIGHLAND BELLE,163,000501,8775263.13507554,3.0715677982000003,5,14,199320537.09342214,0.04402588545586021,137.99999999981765,0.022257737668145355
163,ROCKBRIDGE COUNTY,202,HIGHLAND BELLE,163,000201,3395956.280376015,0.49655354139999996,6,14,199320537.09342214,0.01703766370438948,137.99999999981765,0.0035982140681206963
163,ROCKBRIDGE COUNTY,202,HIGHLAND BELLE,005,005502,220032.59326039604,0.0,1,1,199320537.09342214,0.0011039133070229793,137.99999999981765,0.0
163,ROCKBRIDGE COUNTY,202,HIGHLAND BELLE,163,000203,21093.853050567588,0.8793880455,2,4,199320537.09342214,0.0001058287989695755,137.99999999981765,0.006372377141312769
163,ROCKBRIDGE COUNTY,202,HIGHLAND BELLE,678,000001,1942.0389919956563,0.010436973782135475,2,2,199320537.09342214,9.743296001080996e-06,137.99999999981765,7.563024479818309e-05
163,ROCKBRIDGE COUNTY,203,VO-TECH,163,000203,14334514.214959783,25.0,25,138,14375804.476018976,0.9971277947520731,26.0,0.9615384615384616
163,ROCKBRIDGE COUNTY,203,VO-TECH,163,000502,39435.93465452014,0.0,1,1,14375804.476018976,0.0027432158471760843,26.0,0.0
163,ROCKBRIDGE COUNTY,203,VO-TECH,163,000202,1854.3264046714446,1.0,1,1,14375804.476018976,0.00012898940075073659,26.0,0.038461538461538464
163,ROCKBRIDGE COUNTY,301,GLASGOW,163,000301,3909891.898649151,43.9984869352,44,72,3912178.8960150583,0.9994154159544604,44.0,0.9999656121636363
163,ROCKBRIDGE COUNTY,301,GLASGOW,163,000302,2286.9973659075094,0.0015130648,1,2,3912178.8960150583,0.0005845840455396973,44.0,3.438783636363636e-05
163,ROCKBRIDGE COUNTY,302,NATURAL BRIDGE,163,000302,115960764.40889022,113.95598527613566,115,315,204122765.4893405,0.5680932458998347,165.9999999991,0.6864818390165873
163,ROCKBRIDGE COUNTY,302,NATURAL BRIDGE,163,000301,71476022.00164516,30.873355355435603,33,97,204122765.4893405,0.35016193235623055,165.9999999991,0.18598406840724693
163,ROCKBRIDGE COUNTY,302,NATURAL BRIDGE,163,000103,11095165.559639445,13.0232518573,17,28,204122765.4893405,0.05435535587145886,165.9999999991,0.07845332444199161
163,ROCKBRIDGE COUNTY,302,NATURAL BRIDGE,163,000303,5573069.100793871,6.9999999999,7,22,204122765.4893405,0.02730253574329955,165.9999999991,0.0421686746984214
163,ROCKBRIDGE COUNTY,302,NATURAL BRIDGE,530,000001,13717.825949777434,1.1474075103287331,4,4,204122765.4893405,6.720380216724916e-05,165.9999999991,0.006912093435752735
163,ROCKBRIDGE COUNTY,302,NATURAL BRIDGE,023,000301,4026.5924220558645,0.0,3,3,204122765.4893405,1.9726327009155364e-05,165.9999999991,0.0
163,ROCKBRIDGE COUNTY,401,FAIRFIELD,163,000401,57738552.98785163,57.95491217178106,58,206,57893798.96993288,0.9973184350510168,59.00000000022243,0.9822866469756368
163,ROCKBRIDGE COUNTY,401,FAIRFIELD,163,000403,148450.80987986308,0.04508782844136416,2,3,57893798.96993288,0.00256419189137961,59.00000000022243,0.0007642004820541386
163,ROCKBRIDGE COUNTY,401,FAIRFIELD,163,000402,6795.1722013872995,1.0,1,2,57893798.96993288,0.0001173730576035677,59.00000000022243,0.016949152542308984
163,ROCKBRIDGE COUNTY,402,MOUNTAIN VIEW,163,000402,96148289.63728394,86.83639868938823,88,379,96468177.08946063,0.996684010605072,96.00000000010607,0.904545819680128
163,ROCKBRIDGE COUNTY,402,MOUNTAIN VIEW,163,000401,164973.68854287438,6.0,6,11,96468177.08946063,0.001710135855370052,96.00000000010607,0.062499999999930944
163,ROCKBRIDGE COUNTY,402,MOUNTAIN VIEW,530,000002,89259.84172657305,0.2974723829854372,6,16,96468177.08946063,0.0009252775829255811,96.00000000010607,0.0030986706560948807
163,ROCKBRIDGE COUNTY,402,MOUNTAIN VIEW,009,000202,65653.92190724348,2.8661289277323965,4,5,96468177.08946063,0.0006805759566324005,96.00000000010607,0.029855509663846144
163,ROCKBRIDGE COUNTY,403,VESUVIUS,163,000403,99054189.86350913,61.048050804231295,65,208,117770109.53224929,0.8410809012314358,68.9999999993849,0.8847543594895001
163,ROCKBRIDGE COUNTY,403,VESUVIUS,163,000402,18706248.41612048,7.9509496181536,15,55,117770109.53224929,0.15883697901289717,68.9999999993849,0.11523115388731128
163,ROCKBRIDGE COUNTY,403,VESUVIUS,163,000401,9671.252619669789,0.000999577,1,1,117770109.53224929,8.211975566704797e-05,68.9999999993849,1.4486623188534939e-05
163,ROCKBRIDGE COUNTY,501,GOSHEN,163,000501,189634041.8014165,125.9101967070452,127,482,192308151.8186252,0.9860946611367218,130.0000000003,0.9685399746673434
163,ROCKBRIDGE COUNTY,501,GOSHEN,005,005502,2319406.0822337796,2.0050171577289206,4,6,192308151.8186252,0.012060882808656597,130.0000000003,0.01542320890557149
163,ROCKBRIDGE COUNTY,501,GOSHEN,163,000202,297846.29961593606,2.0789159184,3,3,192308151.8186252,0.0015487970572191283,130.0000000003,0.015991660910732328
163,ROCKBRIDGE COUNTY,501,GOSHEN,017,000401,56857.63535900427,0.005870217125877186,7,16,192308151.8186252,0.00029565899740240526,130.0000000003,4.515551635279723e-05
163,ROCKBRIDGE COUNTY,502,MEADOWVIEW,163,000502,25078514.90742279,27.0,27,76,25329802.73454643,0.9900793610689703,29.0,0.9310344827586207
163,ROCKBRIDGE COUNTY,502,MEADOWVIEW,163,000203,244946.52305408605,2.0,2,5,25329802.73454643,0.009670289406557914,29.0,0.06896551724137931
163,ROCKBRIDGE COUNTY,502,MEADOWVIEW,163,000202,6341.304069554924,0.0,1,2,25329802.73454643,0.00025034952447167076,29.0,0.0
163,ROCKBRIDGE COUNTY,503,ROCKBRIDGE BATHS,163,000503,101130856.97293505,50.8617123324,51,138,110161928.59209287,0.9180200298362783,50.9999999998,0.9972884771097933
163,ROCKBRIDGE COUNTY,503,ROCKBRIDGE BATHS,163,000501,9018406.451570261,0.0271765563,1,5,110161928.59209287,0.08186500151938679,50.9999999998,0.0005328736529432662
163,ROCKBRIDGE COUNTY,503,ROCKBRIDGE BATHS,163,000202,12665.167587565267,0.1111111111,1,3,110161928.59209287,0.00011496864433502972,50.9999999998,0.002178649237263446
163,ROCKBRIDGE COUNTY,504,ROCKBRIDGE,163,000504,86319785.98788992,71.8863636363,72,149,87017486.37470026,0.9919820668709503,72.0,0.9984217171708334
163,ROCKBRIDGE COUNTY,504,ROCKBRIDGE,163,000503,697700.3868103516,0.11363636369999999,1,3,87017486.37470026,0.008017933129049833,72.0,0.0015782828291666666
165,ROCKINGHAM COUNTY,101,BROADWAY,165,000108,27718944.573067226,19.6531719273,26,90,39827670.29511133,0.6959720306931838,86.00000000040001,0.22852525496754172
165,ROCKINGHAM COUNTY,101,BROADWAY,165,000101,6216173.963605186,56.31827529067605,63,119,39827670.29511133,0.15607676566430234,86.00000000040001,0.6548636661676058
165,ROCKINGHAM COUNTY,101,BROADWAY,165,000107,3948718.924612196,4.028552782423953,5,12,39827670.29511133,0.09914511432261415,86.00000000040001,0.0468436370047118
165,ROCKINGHAM COUNTY,101,BROADWAY,165,000202,1012933.7880401986,3.0,3,6,39827670.29511133,0.02543291587317704,86.00000000040001,0.034883720930070305
165,ROCKINGHAM COUNTY,101,BROADWAY,165,000201,928837.630775554,3.0,3,5,39827670.29511133,0.02332141508386356,86.00000000040001,0.034883720930070305
165,ROCKINGHAM COUNTY,101,BROADWAY,165,000103,2061.4150109683887,0.0,1,2,39827670.29511133,5.175836285913561e-05,86.00000000040001,0.0
165,ROCKINGHAM COUNTY,102,TIMBERVILLE,165,000107,65033924.04332894,34.99529477034692,41,204,83847654.55964625,0.77562007410793,99.99999999971807,0.34995294770445584
165,ROCKINGHAM COUNTY,102,TIMBERVILLE,165,000108,15430678.080080163,17.976742490652185,24,93,83847654.55964625,0.18403231624211175,99.99999999971807,0.17976742490702868
165,ROCKINGHAM COUNTY,102,TIMBERVILLE,165,000102,3374581.44018998,47.02525869261896,56,107,83847654.55964625,0.04024658123012162,99.99999999971807,0.4702525869275154
165,ROCKINGHAM COUNTY,102,TIMBERVILLE,165,000101,7276.683949971095,0.0001774077,2,2,83847654.55964625,8.678458554609563e-05,99.99999999971807,1.7740770000050016e-06
165,ROCKINGHAM COUNTY,102,TIMBERVILLE,171,000103,1194.3120971920553,0.0025266384,4,6,83847654.55964625,1.4243834290468603e-05,99.99999999971807,2.5266384000071234e-05
165,ROCKINGHAM COUNTY,103,FULKS RUN,165,000103,219346580.98956326,142.7132968352,144,500,302083598.65877527,0.7261121820696088,171.0000000001,0.8345806832462956
165,ROCKINGHAM COUNTY,103,FULKS RUN,165,000201,42546144.69438054,16.0,16,38,302083598.65877527,0.14084228631836251,171.0000000001,0.09356725146193359
165,ROCKINGHAM COUNTY,103,FULKS RUN,165,000204,40185778.75148326,12.2867031649,13,32,302083598.65877527,0.133028667990929,171.0000000001,0.07185206529177085
165,ROCKINGHAM COUNTY,103,FULKS RUN,171,000101,5094.223348203375,0.0,2,2,302083598.65877527,1.6863621099660097e-05,171.0000000001,0.0
165,ROCKINGHAM COUNTY,104,BERGTON,165,000104,143593033.5709967,92.8457529685,95,233,201697834.8941641,0.7119215416781423,100.00000000019999,0.9284575296831431
165,ROCKINGHAM COUNTY,104,BERGTON,165,000103,58104801.3231674,7.1542470317,12,26,201697834.8941641,0.28807845832185774,100.00000000019999,0.07154247031685693
165,ROCKINGHAM COUNTY,105,LACEY SPRING,165,000105,34290352.82756403,31.888271210942364,32,86,34302601.3802818,0.9996429264188457,32.0,0.9965084753419489
165,ROCKINGHAM COUNTY,105,LACEY SPRING,165,000101,10809.563626300322,0.012630930757637712,1,1,34302601.3802818,0.00031512372797807674,32.0,0.0003947165861761785
165,ROCKINGHAM COUNTY,105,LACEY SPRING,165,000106,1438.9890914740654,0.0990978583,1,1,34302601.3802818,4.194985317647778e-05,32.0,0.003096808071875
165,ROCKINGHAM COUNTY,201,SINGERS GLEN,165,000201,69063435.04931714,78.9286163324,79,197,76722729.03988726,0.900169166472322,82.0,0.9625441016146341
165,ROCKINGHAM COUNTY,201,SINGERS GLEN,165,000204,7659293.99057013,3.0713836676,4,12,76722729.03988726,0.09983083352767796,82.0,0.03745589838536586
165,ROCKINGHAM COUNTY,202,EDOM,165,000202,68639651.13162024,74.0,75,217,76402111.28476703,0.8983999260934762,84.0,0.8809523809523809
165,ROCKINGHAM COUNTY,202,EDOM,165,000204,6543079.847934085,3.0,3,14,76402111.28476703,0.0856400397568416,84.0,0.03571428571428571
165,ROCKINGHAM COUNTY,202,EDOM,165,000108,1201756.228003526,5.0,5,11,76402111.28476703,0.01572935888544131,84.0,0.05952380952380952
165,ROCKINGHAM COUNTY,202,EDOM,660,000201,16291.968109955713,1.0,2,3,76402111.28476703,0.0002132397630902117,84.0,0.011904761904761904
165,ROCKINGHAM COUNTY,202,EDOM,165,000201,1332.1090992107113,1.0,1,1,76402111.28476703,1.7435501150559248e-05,84.0,0.011904761904761904
165,ROCKINGHAM COUNTY,203,MELROSE,165,000303,60991695.81843368,37.0000000002707,37,123,91328543.5416951,0.6678273128333482,70.0000000004707,0.5285714285717414
165,ROCKINGHAM COUNTY,203,MELROSE,165,000202,30336678.908302594,32.9996103721683,33,127,91328543.5416951,0.33217083873074904,70.0000000004707,0.47142300531351994
165,ROCKINGHAM COUNTY,203,MELROSE,660,000201,168.81495882987412,0.00038962803169973744,1,1,91328543.5416951,1.848435902766843e-06,70.0000000004707,5.566114738530249e-06
165,ROCKINGHAM COUNTY,204,KEEZLETOWN,165,000301,64824439.28561211,53.6275324012,55,205,64910763.629865594,0.9986701073993564,54.9999999996,0.975046043665273
165,ROCKINGHAM COUNTY,204,KEEZLETOWN,165,000307,33765.21055953623,0.051251246,2,6,64910763.629865594,0.0005201789144258469,54.9999999996,0.0009318408363704134
165,ROCKINGHAM COUNTY,204,KEEZLETOWN,165,000503,31227.75660507116,1.2315264086,5,7,64910763.629865594,0.0004810874939499741,54.9999999996,0.022391389247435573
165,ROCKINGHAM COUNTY,204,KEEZLETOWN,165,000305,21331.377088883564,0.0896899438,2,6,64910763.629865594,0.00032862619226788677,54.9999999996,0.0016307262509209508
165,ROCKINGHAM COUNTY,205,TENTH LEGION,165,000106,80000768.48101601,67.0000000006,67,273,80000768.48101601,1.0,67.0000000006,1.0
165,ROCKINGHAM COUNTY,206,MILL CREEK,165,000306,9865757.91264359,9.0,9,31,16084233.01794232,0.6133806878847201,20.0,0.45
165,ROCKINGHAM COUNTY,206,MILL CREEK,165,000503,6218475.1052987315,11.0,11,52,16084233.01794232,0.38661931211527983,20.0,0.55
165,ROCKINGHAM COUNTY,301,DAYTON,165,000205,22322071.858398132,39.05526505598494,48,132,24490439.551983744,0.9114606461438552,109.99999999990021,0.3550478641456397
165,ROCKINGHAM COUNTY,301,DAYTON,165,000203,2164192.783844669,70.94473494391526,81,151,24490439.551983744,0.08836888285532497,109.99999999990021,0.6449521358543602
165,ROCKINGHAM COUNTY,301,DAYTON,165,000405,4174.909740945263,0.0,1,2,24490439.551983744,0.00017047100081987268,109.99999999990021,0.0
165,ROCKINGHAM COUNTY,302,TURNER ASHBY,165,000205,22777542.585771605,70.71381316861032,76,163,23526118.80605671,0.9681810575532591,77.00000000037012,0.9183612099775378
165,ROCKINGHAM COUNTY,302,TURNER ASHBY,165,000203,531019.3010199084,3.9024105203954296,11,26,23526118.80605671,0.022571479188619903,77.00000000037012,0.05068065610878794
165,ROCKINGHAM COUNTY,302,TURNER ASHBY,165,000401,201843.1778750357,0.27646902974814014,2,4,23526118.80605671,0.008579535772091397,77.00000000037012,0.003590506879828717
165,ROCKINGHAM COUNTY,302,TURNER ASHBY,165,000406,13535.566080111843,2.05773839,3,3,23526118.80605671,0.0005753420779558064,77.00000000037012,0.026723875194676738
165,ROCKINGHAM COUNTY,302,TURNER ASHBY,660,000202,2178.1753100503975,0.049568891616226664,7,11,23526118.80605671,9.258540807375478e-05,77.00000000037012,0.0006437518391686805
165,ROCKINGHAM COUNTY,303,OTTOBINE,165,000405,244314871.74920845,128.0000000003,128,435,244314871.74920845,1.0,128.0000000003,1.0
165,ROCKINGHAM COUNTY,304,MT. CLINTON,165,000204,141371968.38942587,57.00000000026396,57,187,150295283.1490593,0.94062811172335,74.00000000026395,0.7702702702710897
165,ROCKINGHAM COUNTY,304,MT. CLINTON,165,000201,4838867.557599135,6.0,6,9,150295283.1490593,0.03219573799132512,74.00000000026395,0.08108108108079187
165,ROCKINGHAM COUNTY,304,MT. CLINTON,165,000205,4074366.6259517833,11.0,11,38,150295283.1490593,0.027109078479268862,74.00000000026395,0.14864864864811844
165,ROCKINGHAM COUNTY,304,MT. CLINTON,165,000405,10080.576082511801,0.0,1,2,150295283.1490593,6.70718060560432e-05,74.00000000026395,0.0
165,ROCKINGHAM COUNTY,305,MASSANETTA SPRINGS,165,000307,13839259.877410792,28.000000000100002,28,108,31494356.91563725,0.43942030359538686,78.99999999994532,0.3544303797483466
165,ROCKINGHAM COUNTY,305,MASSANETTA SPRINGS,165,000404,10664214.673013868,27.0020269189,28,100,31494356.91563725,0.3386071575164941,78.99999999994532,0.3417978091002366
165,ROCKINGHAM COUNTY,305,MASSANETTA SPRINGS,165,000305,6986662.0746621275,23.997973080945314,24,93,31494356.91563725,0.22183853740455906,78.99999999994532,0.30377181115141677
165,ROCKINGHAM COUNTY,305,MASSANETTA SPRINGS,660,000103,4220.290550465199,0.0,2,3,31494356.91563725,0.00013400148356005275,78.99999999994532,0.0
165,ROCKINGHAM COUNTY,401,BRIDGEWATER,165,000406,3643148.969815641,37.7560101145,40,105,6352466.903814523,0.5735014483315146,78.99999999970001,0.4779241786663718
165,ROCKINGHAM COUNTY,401,BRIDGEWATER,165,000401,2612766.415246563,34.944463743600004,36,69,6352466.903814523,0.411299492749447,78.99999999970001,0.4423349840978823
165,ROCKINGHAM COUNTY,401,BRIDGEWATER,165,000402,65217.15829660203,1.0228189998000001,4,12,6352466.903814523,0.010266430236329213,78.99999999970001,0.01294707594688461
165,ROCKINGHAM COUNTY,401,BRIDGEWATER,165,000205,31334.360455716393,5.2767071418,8,15,6352466.903814523,0.004932628682709196,78.99999999970001,0.06679376128886123
165,ROCKINGHAM COUNTY,402,MONTEZUMA,165,000402,52333770.821459234,45.40986414916232,46,222,52369543.31384897,0.9993169218189405,46.0000000004,0.9871709597558141
165,ROCKINGHAM COUNTY,402,MONTEZUMA,165,000401,35772.49238974087,0.5901358512376839,4,5,52369543.31384897,0.0006830781810595041,46.0000000004,0.012829040244185918
165,ROCKINGHAM COUNTY,403,MT. CRAWFORD,165,000403,884489.4592820397,16.19944660171401,18,29,902866.0303060154,0.9796464033343383,18.0,0.8999692556507782
165,ROCKINGHAM COUNTY,403,MT. CRAWFORD,165,000402,17973.14911213533,1.7957204851859927,5,6,902866.0303060154,0.019906772997145047,18.0,0.09976224917699959
165,ROCKINGHAM COUNTY,403,MT. CRAWFORD,165,000404,403.4219118404479,0.0048329131,2,5,902866.0303060154,0.00044682366851670445,18.0,0.0002684951722222222
165,ROCKINGHAM COUNTY,404,GROTTOES,165,000302,85463604.98342815,77.8472080952,85,251,104688953.7755754,0.8163574274191223,208.0000000002,0.3742654235342555
165,ROCKINGHAM COUNTY,404,GROTTOES,165,000306,14313729.80757929,13.0,13,44,104688953.7755754,0.13672626663424325,208.0000000002,0.0624999999999399
165,ROCKINGHAM COUNTY,404,GROTTOES,165,000304,4911618.984567966,117.152791905,123,196,104688953.7755754,0.04691630594663444,208.0000000002,0.5632345764658045
165,ROCKINGHAM COUNTY,406,NORTH RIVER,165,000404,40151282.575864,47.7037875322,49,207,67563223.89237346,0.5942771860594456,81.00000000021902,0.5889356485440866
165,ROCKINGHAM COUNTY,406,NORTH RIVER,165,000402,16179842.613768267,20.48977089036634,24,82,67563223.89237346,0.23947706580050643,81.00000000021902,0.2529601344482832
165,ROCKINGHAM COUNTY,406,NORTH RIVER,165,000302,10647397.142968452,9.0000000001,10,30,67563223.89237346,0.1575916087120042,81.00000000021902,0.11111111111204525
165,ROCKINGHAM COUNTY,406,NORTH RIVER,165,000403,411637.9124398171,1.4715004417984512,7,14,67563223.89237346,0.006092632777493657,81.00000000021902,0.01816667212091941
165,ROCKINGHAM COUNTY,406,NORTH RIVER,165,000406,173063.6473329274,2.3349411357542267,8,12,67563223.89237346,0.002561506650550209,81.00000000021902,0.028826433774665594
165,ROCKINGHAM COUNTY,501,ELKTON,165,000501,3579156.7332996535,97.8857295818,98,154,3599162.513682214,0.9944415456911132,98.0,0.9988339753244899
165,ROCKINGHAM COUNTY,501,ELKTON,165,000504,20005.780382560715,0.1142704182,4,5,3599162.513682214,0.00555845430888679,98.0,0.001166024675510204
165,ROCKINGHAM COUNTY,502,SWIFT RUN,165,000502,134550771.1948007,150.97366472731954,157,457,138346015.4853767,0.9725670141112438,173.9999999995,0.8676647398146745
165,ROCKINGHAM COUNTY,502,SWIFT RUN,165,000501,3738732.7948483494,18.677509128780464,25,69,138346015.4853767,0.027024506500828983,173.9999999995,0.1073420064875525
165,ROCKINGHAM COUNTY,502,SWIFT RUN,165,000504,42102.69031434972,3.3362252473,5,7,138346015.4853767,0.00030432889712533873,173.9999999995,0.01917370831787119
165,ROCKINGHAM COUNTY,502,SWIFT RUN,139,000501,14408.805413285754,1.0126008961,2,2,138346015.4853767,0.0001041504908018748,173.9999999995,0.00581954537990178
165,ROCKINGHAM COUNTY,503,MCGAHEYSVILLE,165,000503,156995828.28960842,86.6529761247,94,364,240712585.93933815,0.652212794262336,182.999999999,0.4735135307386531
165,ROCKINGHAM COUNTY,503,MCGAHEYSVILLE,165,000505,69584137.43117411,81.5314069023,85,265,240712585.93933815,0.2890756092359457,182.999999999,0.44552681367620506
165,ROCKINGHAM COUNTY,503,MCGAHEYSVILLE,165,000303,6045726.535508458,1.1673232807,2,7,240712585.93933815,0.02511595524561411,182.999999999,0.006378815741564911
165,ROCKINGHAM COUNTY,503,MCGAHEYSVILLE,165,000504,4850542.655187997,8.150828777,12,36,240712585.93933815,0.020150764598617123,182.999999999,0.04454004796199201
165,ROCKINGHAM COUNTY,503,MCGAHEYSVILLE,165,000301,1572310.400924295,2.33822047,4,4,240712585.93933815,0.0065318994218297,182.999999999,0.012777161038321185
165,ROCKINGHAM COUNTY,503,MCGAHEYSVILLE,165,000306,1339383.5574986727,3.0000000001,3,7,240712585.93933815,0.005564243981144426,182.999999999,0.01639344262358685
165,ROCKINGHAM COUNTY,503,MCGAHEYSVILLE,165,000106,324213.7137279439,0.1592186056,1,2,240712585.93933815,0.0013468914077041606,182.999999999,0.0008700470251413664
165,ROCKINGHAM COUNTY,503,MCGAHEYSVILLE,165,000502,443.3557082681401,2.58386e-05,1,4,240712585.93933815,1.8418468088738408e-06,182.999999999,1.4119453551989722e-07
165,ROCKINGHAM COUNTY,504,SOUTH FORK,165,000504,52495456.12602449,48.00243281839234,54,209,54190282.136282116,0.9687245398354757,58.0000000008,0.8276281520298318
165,ROCKINGHAM COUNTY,504,SOUTH FORK,165,000501,1014157.1489396238,6.341400217987919,12,33,54190282.136282116,0.01871474199726695,58.0000000008,0.10933448651552503
165,ROCKINGHAM COUNTY,504,SOUTH FORK,165,000505,565894.7783148827,2.0000000001,2,10,54190282.136282116,0.010442735413182101,58.0000000008,0.03448275862193817
165,ROCKINGHAM COUNTY,504,SOUTH FORK,139,000501,56346.59397415178,1.4884896379680341,5,8,54190282.136282116,0.0010397914857214951,58.0000000008,0.025663614447370746
165,ROCKINGHAM COUNTY,504,SOUTH FORK,165,000503,50841.1367192535,0.14593071966496604,2,4,54190282.136282116,0.0009381965680007735,58.0000000008,0.0025160468907405725
165,ROCKINGHAM COUNTY,504,SOUTH FORK,165,000502,7586.352309713044,0.021746606686738064,1,1,54190282.136282116,0.00013999470035299446,58.0000000008,0.00037494149459376053
167,RUSSELL COUNTY,101,COPPER CREEK,167,000102,99640214.12438606,94.5959263568,96,310,113297109.33187035,0.879459455867665,102.0,0.9274110427137255
167,RUSSELL COUNTY,101,COPPER CREEK,167,000501,10737017.142184619,5.9999999999,6,33,113297109.33187035,0.09476867684888328,102.0,0.058823529410784316
167,RUSSELL COUNTY,101,COPPER CREEK,167,000101,2853126.442938246,1.400292397199986,2,8,113297109.33187035,0.025182694066631976,102.0,0.013728356835293982
167,RUSSELL COUNTY,101,COPPER CREEK,167,000201,66751.6223614288,0.0037812461,1,4,113297109.33187035,0.0005891732168196779,102.0,3.707104019607843e-05
167,RUSSELL COUNTY,102,MOCCASIN,167,000101,119506242.14607143,95.69959036861279,96,334,120866571.72137961,0.988745195996425,96.00000000011279,0.996870733005212
167,RUSSELL COUNTY,102,MOCCASIN,167,000102,1356256.58243873,0.2999812917,5,12,120866571.72137961,0.011221105745972168,96.00000000011279,0.0031248051218713286
167,RUSSELL COUNTY,102,MOCCASIN,167,000501,4072.9928694395403,0.0004283398,1,3,120866571.72137961,3.369825760284293e-05,96.00000000011279,4.461872916661424e-06
167,RUSSELL COUNTY,103,SOUTH CASTLEWOOD,167,000103,45699638.62516416,50.55843538854075,53,174,87582800.44279113,0.5217878212859276,87.99999999988316,0.5745276748705441
167,RUSSELL COUNTY,103,SOUTH CASTLEWOOD,167,000201,41601904.10571267,36.531594390642404,38,158,87582800.44279113,0.47500084372030243,87.99999999988316,0.41513175443966943
167,RUSSELL COUNTY,103,SOUTH CASTLEWOOD,169,000303,231673.25897003763,0.2527941751,2,5,87582800.44279113,0.002645191268134501,87.99999999988316,0.0028726610806856325
167,RUSSELL COUNTY,103,SOUTH CASTLEWOOD,169,000301,35656.95613012344,0.6571760456,3,4,87582800.44279113,0.0004071228134959498,87.99999999988316,0.0074679096091008245
167,RUSSELL COUNTY,103,SOUTH CASTLEWOOD,167,000102,13927.496814156995,0.0,1,2,87582800.44279113,0.00015902091213964323,87.99999999988316,0.0
167,RUSSELL COUNTY,201,CLEVELAND,167,000304,141820549.00969598,166.28529211190505,167,609,154346185.85905933,0.9188471242120547,177.99999999984686,0.934187034337349
167,RUSSELL COUNTY,201,CLEVELAND,167,000501,6696587.560375903,4.889706057923843,5,27,154346185.85905933,0.04338680300458391,177.99999999984686,0.027470258752404775
167,RUSSELL COUNTY,201,CLEVELAND,167,000302,5824827.940519184,5.110293941817996,7,33,154346185.85905933,0.037738722911093536,177.99999999984686,0.02870951652709209
167,RUSSELL COUNTY,201,CLEVELAND,167,000301,3144.376708376902,0.7147078882,1,1,154346185.85905933,2.0372234602856843e-05,177.99999999984686,0.004015212855059634
167,RUSSELL COUNTY,201,CLEVELAND,051,000202,1076.971759900629,1.0,1,1,154346185.85905933,6.977637665008851e-06,177.99999999984686,0.005617977528094721
167,RUSSELL COUNTY,202,DANTE,167,000202,52438393.121722676,62.98491819340186,68,194,52469721.90003688,0.9994029170123316,68.99999999970186,0.9128249013575944
167,RUSSELL COUNTY,202,DANTE,051,000201,25001.494392057793,4.75240181,5,7,52469721.90003688,0.0004764937469973558,68.99999999970186,0.06887538855102225
167,RUSSELL COUNTY,202,DANTE,167,000304,3463.3201316895065,1.0,1,5,52469721.90003688,6.6006069906139e-05,68.99999999970186,0.014492753623251028
167,RUSSELL COUNTY,202,DANTE,167,000201,2863.9637904522924,0.2626799963,1,1,52469721.90003688,5.458317076481931e-05,68.99999999970186,0.0038069564681323916
167,RUSSELL COUNTY,203,NORTH CASTLEWOOD,167,000201,74786020.87883703,107.9999999998,108,352,74786020.87883703,1.0,107.9999999998,1.0
167,RUSSELL COUNTY,301,COOKS MILL,167,000301,64064803.73140935,45.000000000035776,45,123,64064803.73140935,1.0,45.000000000035776,1.0
167,RUSSELL COUNTY,302,HONAKER,167,000303,74996916.90843779,65.06902103063634,71,236,95388550.34895873,0.7862255651656044,135.99999999930355,0.4784486840512467
167,RUSSELL COUNTY,302,HONAKER,167,000403,7607347.8054375425,60.692523142238265,66,141,95388550.34895873,0.07975116277171293,135.99999999930355,0.44626855251874314
167,RUSSELL COUNTY,302,HONAKER,167,000402,6654430.87191625,3.4126679662289634,4,22,95388550.34895873,0.06976131671539645,135.99999999930355,0.025093146810635583
167,RUSSELL COUNTY,302,HONAKER,167,000401,4325530.107710378,3.2766795733,5,11,95388550.34895873,0.045346428810232944,135.99999999930355,0.024093232156741026
167,RUSSELL COUNTY,302,HONAKER,167,000301,1803304.6911742114,2.5094792208000003,4,11,95388550.34895873,0.018904833804237558,135.99999999930355,0.01845205309421214
167,RUSSELL COUNTY,302,HONAKER,167,000302,1019.9642825609213,1.0396290661,2,2,95388550.34895873,1.0692732815726824e-05,135.99999999930355,0.0076443313684215
167,RUSSELL COUNTY,303,DAUGHERTYS,167,000302,23502792.319998275,7.3283953117,8,60,30554085.693231676,0.7692192970842063,10.9999999999,0.6662177556151474
167,RUSSELL COUNTY,303,DAUGHERTYS,167,000601,7049218.786945842,2.6716046883,3,17,30554085.693231676,0.23071280409832,10.9999999999,0.2428731534840261
167,RUSSELL COUNTY,303,DAUGHERTYS,167,000501,2074.5862875588537,0.9999999999000001,1,9,30554085.693231676,6.789881747364526e-05,10.9999999999,0.09090909090082645
167,RUSSELL COUNTY,401,DRILL,167,000401,22111033.547306415,12.030048902899999,14,56,26696670.506488495,0.8282318779014948,13.999999999899998,0.8592892073561378
167,RUSSELL COUNTY,401,DRILL,167,000402,2726838.107780288,0.3221617311,2,8,26696670.506488495,0.10214150514078313,13.999999999899998,0.023011552221592943
167,RUSSELL COUNTY,401,DRILL,167,000303,1858798.8514017896,1.6477893659,2,6,26696670.506488495,0.06962661695772204,13.999999999899998,0.1176992404222693
167,RUSSELL COUNTY,402,ELK GARDEN,167,000602,154079024.57014316,74.72444219163502,76,379,197935902.81106982,0.7784288872403905,101.00000000002076,0.7398459622932639
167,RUSSELL COUNTY,402,ELK GARDEN,167,000601,35319673.936942585,16.2015900386,19,87,197935902.81106982,0.1784399567503187,101.00000000002076,0.16041178256036306
167,RUSSELL COUNTY,402,ELK GARDEN,167,000303,8537204.303984068,10.07396776978574,12,67,197935902.81106982,0.04313115600929077,101.00000000002076,0.09974225514637297
167,RUSSELL COUNTY,403,SWORDS CREEK,167,000402,113376324.08604214,95.9929695179137,96,389,114058528.68851413,0.9940188198960987,96.00000000061371,0.9999267658052088
167,RUSSELL COUNTY,403,SWORDS CREEK,167,000303,682204.6024719917,0.0070304827,1,3,114058528.68851413,0.005981180103901259,96.00000000061371,7.32341947911985e-05
167,RUSSELL COUNTY,501,LEBANON,167,000601,55287315.17197301,51.65078259578387,54,276,102763341.98913252,0.5380062004777908,212.9999999999283,0.2424919370694895
167,RUSSELL COUNTY,501,LEBANON,167,000501,34355522.83462021,148.0761236769444,149,380,102763341.98913252,0.33431690882779375,212.9999999999283,0.6951930689060764
167,RUSSELL COUNTY,501,LEBANON,167,000302,13120503.982539305,13.2730937272,15,56,102763341.98913252,0.12767689069441543,212.9999999999283,0.06231499402443412
169,SCOTT COUNTY,101,WEBER CITY,169,000101,10369869.723902222,71.07154793674536,72,200,10446567.564541107,0.9926580821724428,72.99999999957373,0.9735828484542516
169,SCOTT COUNTY,101,WEBER CITY,169,000202,46316.593932978234,1.7406719105881443,4,9,10446567.564541107,0.004433666239827054,72.99999999957373,0.023844820693127516
169,SCOTT COUNTY,101,WEBER CITY,169,000401,24376.26949715417,0.0050058647402204705,4,4,10446567.564541107,0.0023334238108883533,72.99999999957373,6.857348959246166e-05
169,SCOTT COUNTY,101,WEBER CITY,169,000102,6004.977208753697,0.1827742875,3,8,10446567.564541107,0.0005748277768418838,72.99999999957373,0.002503757363028319
169,SCOTT COUNTY,102,YUMA,169,000102,70683960.08213887,72.93050660357193,74,328,73082417.4220622,0.9671814723085599,75.00000000005228,0.9724067547136145
169,SCOTT COUNTY,102,YUMA,169,000101,2210154.7950263396,2.0673946128162286,5,19,73082417.4220622,0.03024194974643977,75.00000000005228,0.027565261504197167
169,SCOTT COUNTY,102,YUMA,169,000401,188302.54489700077,0.0020987836641187703,1,3,73082417.4220622,0.0025765779450004317,75.00000000005228,2.7983782188230764e-05
169,SCOTT COUNTY,202,WEBER CITY EAST,169,000202,31668037.79829624,48.36365996655497,49,149,56862011.103987075,0.5569278536487734,70.99999999959999,0.6811783093919359
169,SCOTT COUNTY,202,WEBER CITY EAST,169,000401,23580285.06841946,19.9647501973,21,71,56862011.103987075,0.41469312482277026,70.99999999959999,0.2811936647522884
169,SCOTT COUNTY,202,WEBER CITY EAST,169,000203,1521861.329995273,1.6128637248,3,8,56862011.103987075,0.026764113692921466,70.99999999959999,0.022716390490268825
169,SCOTT COUNTY,202,WEBER CITY EAST,169,000302,87349.82660770087,1.0352498027,3,3,56862011.103987075,0.0015361719522715938,70.99999999959999,0.014580983136701867
169,SCOTT COUNTY,202,WEBER CITY EAST,169,000101,4477.0806684009995,0.02347630824502973,2,8,56862011.103987075,7.873588326331767e-05,70.99999999959999,0.0003306522288050985
169,SCOTT COUNTY,203,HILTONS,169,000203,107541761.32423055,130.99239597072236,131,412,108192823.33359584,0.9939823919063666,134.00000000032236,0.9775551938090092
169,SCOTT COUNTY,203,HILTONS,169,000202,649783.1293040059,3.0040272837,4,8,108192823.33359584,0.006005787715701808,134.00000000032236,0.022418114057408758
169,SCOTT COUNTY,203,HILTONS,169,000204,1278.8800612884074,0.0035767459,3,9,108192823.33359584,1.1820377931585892e-05,134.00000000032236,2.669213358202534e-05
169,SCOTT COUNTY,204,CLARK'S,169,000204,59052000.20936042,38.998016562390404,39,122,59053769.278912626,0.9999700430713601,39.0000000001,0.999949142622831
169,SCOTT COUNTY,204,CLARK'S,191,000603,1423.8828769210465,0.001983437709598182,2,2,59053769.278912626,2.4111634097325903e-05,39.0000000001,5.085737716905375e-05
169,SCOTT COUNTY,204,CLARK'S,169,000203,345.18667528839984,0.0,1,1,59053769.278912626,5.8452945426408495e-06,39.0000000001,0.0
169,SCOTT COUNTY,301,NICKELSVILLE,169,000301,43870937.45262294,58.7991785034,60,144,56106478.808872186,0.7819228435644686,64.9999999997,0.904602746210329
169,SCOTT COUNTY,301,NICKELSVILLE,169,000303,11669517.002465008,5.8904854162,8,20,56106478.808872186,0.2079887608384309,64.9999999997,0.09062285255734134
169,SCOTT COUNTY,301,NICKELSVILLE,169,000302,566024.3537842375,0.3103360801,1,1,56106478.808872186,0.01008839559710048,64.9999999997,0.0047744012323297285
169,SCOTT COUNTY,302,SNOWFLAKE,169,000302,77494319.16291909,81.46345723694282,82,282,86740383.5734595,0.8934053086967269,83.00000000014282,0.9814874365879837
169,SCOTT COUNTY,302,SNOWFLAKE,169,000301,9246064.410540415,1.5365427632,4,25,86740383.5734595,0.10659469130327308,83.00000000014282,0.018512563412016337
169,SCOTT COUNTY,303,TWIN SPRINGS,169,000303,102092448.55517673,75.00000000002728,75,190,102132177.99019708,0.9996109998258907,78.00000000002728,0.961538461538475
169,SCOTT COUNTY,303,TWIN SPRINGS,169,000501,32601.03528192205,2.0,2,4,102132177.99019708,0.0003192043479680927,78.00000000002728,0.02564102564101667
169,SCOTT COUNTY,303,TWIN SPRINGS,169,000304,7128.399738419115,1.0,1,1,102132177.99019708,6.979582614113368e-05,78.00000000002728,0.012820512820508336
169,SCOTT COUNTY,304,COPPER CREEK,169,000304,22653541.91882137,17.000000000100002,17,51,22703743.337873444,0.9977888483716105,20.000000000100002,0.85000000000075
169,SCOTT COUNTY,304,COPPER CREEK,169,000503,38876.17238250769,2.0,2,3,22703743.337873444,0.001712324342464534,20.000000000100002,0.09999999999949999
169,SCOTT COUNTY,304,COPPER CREEK,169,000303,11325.246669566335,1.0,1,1,22703743.337873444,0.0004988272859248734,20.000000000100002,0.049999999999749994
169,SCOTT COUNTY,401,GATE CITY,169,000401,49339750.01837381,158.67706357495044,160,518,49407724.89935614,0.9986242054026815,159.9999999998409,0.9917316473444264
169,SCOTT COUNTY,401,GATE CITY,169,000101,65913.27117046663,1.3161753634082667,4,6,49407724.89935614,0.001334068130130104,159.9999999998409,0.008226096021309847
169,SCOTT COUNTY,401,GATE CITY,169,000102,2061.6098118669856,0.006761061482200943,3,3,49407724.89935614,4.172646718841028e-05,159.9999999998409,4.225663426379791e-05
169,SCOTT COUNTY,401,GATE CITY,169,000503,0.0,0.0,1,1,49407724.89935614,0.0,159.9999999998409,0.0
169,SCOTT COUNTY,501,DUNGANNON,169,000501,96789446.76552023,115.3913679309,116,285,96828276.74921723,0.9995989809485346,115.99999999970001,0.994753171820676
169,SCOTT COUNTY,501,DUNGANNON,169,000502,38829.98369699773,0.6086320688,2,4,96828276.74921723,0.0004010190514653731,115.99999999970001,0.005246828179323914
169,SCOTT COUNTY,502,FORT BLACKMORE,169,000502,179166255.41539404,121.19112306968806,122,427,192238730.1439123,0.9319987459408828,126.99999999918805,0.9542608115784478
169,SCOTT COUNTY,502,FORT BLACKMORE,169,000504,7521600.995098938,1.2992391461,2,5,192238730.1439123,0.039126356013006194,126.99999999918805,0.010230229496915799
169,SCOTT COUNTY,502,FORT BLACKMORE,169,000501,5206439.935917908,2.2806726888,3,9,192238730.1439123,0.02708319979028317,126.99999999918805,0.017958052667831348
169,SCOTT COUNTY,502,FORT BLACKMORE,169,000304,332244.8911526111,1.0838267483,2,2,192238730.1439123,0.0017282932055569058,126.99999999918805,0.00853406888430653
169,SCOTT COUNTY,502,FORT BLACKMORE,195,000302,12188.906348770495,1.1451383463,5,7,192238730.1439123,6.34050502708051e-05,126.99999999918805,0.009016837372498593
169,SCOTT COUNTY,503,MANVILLE,169,000503,69170934.4323536,49.677080456592556,50,183,69214710.01654722,0.9993675392964422,49.99999999979256,0.9935416091359732
169,SCOTT COUNTY,503,MANVILLE,169,000504,43775.5841936113,0.3229195432,2,19,69214710.01654722,0.0006324607035577529,49.99999999979256,0.006458390864026795
169,SCOTT COUNTY,504,RYE COVE,169,000504,136349947.28874478,113.31150605359609,115,333,137350950.80076593,0.9927120743891088,115.99999999999609,0.9768233280482751
169,SCOTT COUNTY,504,RYE COVE,169,000602,952903.9031451114,1.0,1,1,137350950.80076593,0.006937730664328227,115.99999999999609,0.008620689655172703
169,SCOTT COUNTY,504,RYE COVE,169,000503,44874.8417391729,0.8436367023401423,6,25,137350950.80076593,0.00032671664431552417,115.99999999999609,0.007272730192587679
169,SCOTT COUNTY,504,RYE COVE,105,000402,2259.7852874839405,0.8313815462,2,2,137350950.80076593,1.6452636653108184e-05,115.99999999999609,0.007167082294827828
169,SCOTT COUNTY,504,RYE COVE,169,000502,964.981849398494,0.013475697859857663,2,2,137350950.80076593,7.025665594395818e-06,115.99999999999609,0.0001161698091367079
169,SCOTT COUNTY,601,CLINCHPORT,169,000601,99193287.51080278,133.2184396048684,136,367,103511848.72385374,0.9582795470635259,142.99999999993722,0.9315974797547334
169,SCOTT COUNTY,601,CLINCHPORT,169,000401,4021844.835467736,5.670570468968817,7,59,103511848.72385374,0.03885395619005038,142.99999999993722,0.03965433894385529
169,SCOTT COUNTY,601,CLINCHPORT,169,000503,224381.5994033559,2.4631666239000003,5,18,103511848.72385374,0.002167690000416816,142.99999999993722,0.01722494142588169
169,SCOTT COUNTY,601,CLINCHPORT,169,000504,55528.75738646864,1.6467840735000001,2,2,103511848.72385374,0.0005364483203715822,142.99999999993722,0.011515972541963099
169,SCOTT COUNTY,601,CLINCHPORT,169,000602,16806.02079340114,0.0010392287,1,2,103511848.72385374,0.00016235842563527017,142.99999999993722,7.267333566436756e-06
169,SCOTT COUNTY,602,DUFFIELD-PATTONSVILLE,169,000602,81563326.72529718,113.00000000054817,113,322,81563326.72529718,1.0,113.00000000054817,1.0
169,SCOTT COUNTY,603,FAIRVIEW,169,000603,89489566.75815658,57.7033111188,58,230,89634835.68875773,0.9983793250750682,58.0,0.994884674462069
169,SCOTT COUNTY,603,FAIRVIEW,169,000602,145268.93060115597,0.2966888812,1,5,89634835.68875773,0.001620674924931848,58.0,0.005115325537931034
171,SHENANDOAH COUNTY,101,ORKNEY SPRINGS,171,000101,89051419.5927369,119.9999999999,120,177,89051419.5927369,1.0,119.9999999999,1.0
171,SHENANDOAH COUNTY,102,FORESTVILLE,171,000103,64627379.30210161,34.56042775484015,35,70,83407967.08575512,0.7748346058555242,50.99999999995055,0.6776554461739932
171,SHENANDOAH COUNTY,102,FORESTVILLE,171,000101,9958187.117415834,8.0000000001,8,18,83407967.08575512,0.1193913179442129,50.99999999995055,0.15686274510015208
171,SHENANDOAH COUNTY,102,FORESTVILLE,171,000202,8359409.622993525,7.439511702325609,9,23,83407967.08575512,0.10022315511417364,50.99999999995055,0.14587277847711416
171,SHENANDOAH COUNTY,102,FORESTVILLE,171,000201,461038.05364806956,1.0,2,5,83407967.08575512,0.0055275061814425664,50.99999999995055,0.019607843137273914
171,SHENANDOAH COUNTY,102,FORESTVILLE,165,000107,1952.989596087807,6.054268479713894e-05,2,4,83407967.08575512,2.3414904646697108e-05,50.99999999995055,1.1871114666117184e-06
171,SHENANDOAH COUNTY,103,NEW MARKET,171,000103,85275446.26411103,97.32229945110274,98,237,89000922.01377973,0.9581411555591312,104.99999999980274,0.926879042393196
171,SHENANDOAH COUNTY,103,NEW MARKET,171,000202,3725475.749668709,7.677700548700001,11,32,89000922.01377973,0.04185884444086889,104.99999999980274,0.07312095760680404
171,SHENANDOAH COUNTY,201,CONICVILLE,171,000201,163010929.2980559,114.390207184,115,172,174232914.14752716,0.9355920498467394,155.0000000001,0.7380013366704917
171,SHENANDOAH COUNTY,201,CONICVILLE,171,000101,7743267.34534302,38.6097928161,39,53,174232914.14752716,0.04444204691879636,155.0000000001,0.2490954375230651
171,SHENANDOAH COUNTY,201,CONICVILLE,171,000202,3478717.5041282517,2.0,2,7,174232914.14752716,0.019965903234464292,155.0000000001,0.01290322580644329
171,SHENANDOAH COUNTY,202,MT. JACKSON,171,000202,91365612.92867678,165.9980095570629,166,349,91365867.57834467,0.9999972128577702,165.99999999996288,0.9999880093801206
171,SHENANDOAH COUNTY,202,MT. JACKSON,171,000302,254.64966789384562,0.0019904429,2,3,91365867.57834467,2.787142229842976e-06,165.99999999996288,1.1990619879520754e-05
171,SHENANDOAH COUNTY,301,COLUMBIA FURNACE,171,000201,38560194.43828051,29.541558747,30,57,52852920.43222994,0.7295754732744405,52.0,0.5681068989807693
171,SHENANDOAH COUNTY,301,COLUMBIA FURNACE,171,000303,10699000.506340453,17.4214123007,19,23,52852920.43222994,0.20242969392881752,52.0,0.3350271596288461
171,SHENANDOAH COUNTY,301,COLUMBIA FURNACE,171,000501,3593725.4876089804,5.0370289523,6,7,52852920.43222994,0.06799483279674193,52.0,0.09686594139038461
171,SHENANDOAH COUNTY,302,EDINBURG,171,000302,79005192.10019422,128.9697297456,129,264,89597934.0379829,0.8817747077371434,155.0,0.8320627725522581
171,SHENANDOAH COUNTY,302,EDINBURG,171,000201,10097602.536786297,26.0,26,47,89597934.0379829,0.11269905545484632,155.0,0.16774193548387098
171,SHENANDOAH COUNTY,302,EDINBURG,171,000202,495139.4010023865,0.030270254399999995,2,4,89597934.0379829,0.0055262368080103725,155.0,0.0001952919638709677
171,SHENANDOAH COUNTY,303,ST. LUKE,171,000303,50963846.6385317,31.094606008274482,32,44,52416274.61614175,0.9722905149546288,34.0,0.9145472355374847
171,SHENANDOAH COUNTY,303,ST. LUKE,171,000302,902560.9128755238,1.002110883826691,2,2,52416274.61614175,0.01721909692142786,34.0,0.029473849524314442
171,SHENANDOAH COUNTY,303,ST. LUKE,171,000201,513709.0728945785,0.43727874990000004,3,4,52416274.61614175,0.00980056436014589,34.0,0.012861139702941178
171,SHENANDOAH COUNTY,303,ST. LUKE,171,000401,36157.99183995141,1.4660043579988284,3,4,52416274.61614175,0.000689823763797522,34.0,0.04311777523525966
171,SHENANDOAH COUNTY,401,WOODSTOCK,171,000401,45964968.57687141,170.38292908575647,171,287,49575629.37875975,0.9271686341225696,185.0,0.9209888058689539
171,SHENANDOAH COUNTY,401,WOODSTOCK,171,000302,3610612.5945491213,14.617019764544285,17,24,49575629.37875975,0.07283039347748668,185.0,0.07901091764618533
171,SHENANDOAH COUNTY,401,WOODSTOCK,171,000303,48.207339216780994,5.11496992355641e-05,1,1,49575629.37875975,9.72399943699656e-07,185.0,2.764848607327789e-07
171,SHENANDOAH COUNTY,402,FORT VALLEY,171,000304,169175176.70796868,96.0410979553,98,233,171221740.6657411,0.988047289147891,98.00000000040001,0.9800112036215102
171,SHENANDOAH COUNTY,402,FORT VALLEY,187,000102,2046563.9577724086,1.9589020450999999,2,3,171221740.6657411,0.011952710852109071,98.00000000040001,0.01998879637848984
171,SHENANDOAH COUNTY,501,CEDAR CREEK,171,000501,109561011.47621098,34.9999999999,35,52,110857261.45116463,0.9883070359308427,35.9999999999,0.972222222222145
171,SHENANDOAH COUNTY,501,CEDAR CREEK,171,000303,1296249.9749536575,1.0,2,3,110857261.45116463,0.011692964069157416,35.9999999999,0.02777777777785494
171,SHENANDOAH COUNTY,502,MT. OLIVE,171,000503,42049825.30164557,39.000000000200004,39,59,67761720.09043916,0.6205542782196669,62.00000000033777,0.6290322580643151
171,SHENANDOAH COUNTY,502,MT. OLIVE,171,000401,18623600.421329543,18.000000000137767,18,34,67761720.09043916,0.27483954652380854,62.00000000033777,0.2903225806458017
171,SHENANDOAH COUNTY,502,MT. OLIVE,171,000303,6103936.620046739,3.0,3,5,67761720.09043916,0.09007942259877748,62.00000000033777,0.04838709677392994
171,SHENANDOAH COUNTY,502,MT. OLIVE,171,000504,984357.7474173113,2.0,2,2,67761720.09043916,0.014526752657747236,62.00000000033777,0.03225806451595329
171,SHENANDOAH COUNTY,503,TOMS BROOK,171,000503,28666081.101808555,63.0000000001,63,137,49109651.73819579,0.5837158295201892,77.0000000001,0.8181818181820543
171,SHENANDOAH COUNTY,503,TOMS BROOK,171,000401,20443570.636387233,14.0,14,26,49109651.73819579,0.41628417047981076,77.0000000001,0.18181818181794568
171,SHENANDOAH COUNTY,504,LEBANON CHURCH,171,000504,90001332.66047753,68.0000000002064,68,145,90001332.66047753,1.0,68.0000000002064,1.0
171,SHENANDOAH COUNTY,601,STRASBURG,171,000601,34234564.9446157,127.9509828086721,132,308,67109141.14084326,0.5101326639357067,193.9999999999606,0.6595411484984437
171,SHENANDOAH COUNTY,601,STRASBURG,171,000503,21330843.138188522,37.2925424291,39,66,67109141.14084326,0.3178530193587349,193.9999999999606,0.19222960015003904
171,SHENANDOAH COUNTY,601,STRASBURG,171,000504,11197910.427668886,27.69517348895786,33,73,67109141.14084326,0.16686117922694935,193.9999999999606,0.14275862623177052
171,SHENANDOAH COUNTY,601,STRASBURG,187,000102,344058.0449066681,1.0612654495306646,6,9,67109141.14084326,0.005126843214765434,193.9999999999606,0.005470440461499382
171,SHENANDOAH COUNTY,601,STRASBURG,171,000304,1764.58546348363,3.58237e-05,1,1,67109141.14084326,2.629426384373271e-05,193.9999999999606,1.8465824742271791e-07
173,SMYTH COUNTY,101,SALTVILLE,173,000101,108814102.3615889,133.98673250539122,134,504,108839134.1153038,0.9997700114584853,134.00000000018647,0.9999009888448116
173,SMYTH COUNTY,101,SALTVILLE,191,000201,25031.75371490833,0.013267494795244847,1,2,108839134.1153038,0.0002299885415147623,134.00000000018647,9.901115518825659e-05
173,SMYTH COUNTY,201,SEVEN MILE FORD,173,000201,69883272.69759594,64.88259877342216,65,246,71016427.66891046,0.984043762710827,64.99999999952216,0.9981938272907559
173,SMYTH COUNTY,201,SEVEN MILE FORD,173,000202,1133154.9713145182,0.1174012261,1,2,71016427.66891046,0.01595623728917289,64.99999999952216,0.0018061727092440472
173,SMYTH COUNTY,202,RICH VALLEY,173,000202,253576499.28446594,92.99998145147747,93,422,269413568.71840423,0.9412165114427051,111.00000000091063,0.8378376707271578
173,SMYTH COUNTY,202,RICH VALLEY,173,000101,15829729.16913694,17.999999999957893,19,55,269413568.71840423,0.05875624321536102,111.00000000091063,0.16216216216045246
173,SMYTH COUNTY,202,RICH VALLEY,185,000207,7340.264801324577,1.854947527774236e-05,6,7,269413568.71840423,2.724534193374926e-05,111.00000000091063,1.6711238988819984e-07
173,SMYTH COUNTY,301,CHILHOWIE,173,000301,48290835.3656767,120.8048235749362,122,313,57983449.22455724,0.8328382669795451,142.0000000001895,0.8507381941885562
173,SMYTH COUNTY,301,CHILHOWIE,173,000201,9691703.110582314,21.1948573825,22,85,57983449.22455724,0.1671460259814566,142.0000000001895,0.14925955903149096
173,SMYTH COUNTY,301,CHILHOWIE,191,000201,860.7589449547738,4.19729761899596e-05,1,1,57983449.22455724,1.4844907580803658e-05,142.0000000001895,2.9558433936551824e-07
173,SMYTH COUNTY,301,CHILHOWIE,191,000401,49.98935327576535,0.00027706977709167726,1,2,57983449.22455724,8.621314175734441e-07,142.0000000001895,1.9511956133190673e-06
173,SMYTH COUNTY,302,ST. CLAIR,173,000302,20683419.171742573,40.8590720176,42,123,20763875.565280005,0.9961251745472812,44.999999999799996,0.9079793781729244
173,SMYTH COUNTY,302,ST. CLAIR,173,000301,78644.92156776071,3.1409279822,4,7,20763875.565280005,0.003787583937329388,44.999999999799996,0.06979839960475466
173,SMYTH COUNTY,302,ST. CLAIR,173,000701,1811.471969670216,1.0,1,1,20763875.565280005,8.72415153893159e-05,44.999999999799996,0.022222222222320988
173,SMYTH COUNTY,401,EAST PARK,173,000401,61689188.00382466,83.95656681194691,84,212,61709673.26815232,0.9996680380361335,84.00000000014691,0.9994829382357152
173,SMYTH COUNTY,401,EAST PARK,173,000402,20485.264327656936,0.0434331882,3,9,61709673.26815232,0.0003319619638665168,84.00000000014691,0.00051706176428481
173,SMYTH COUNTY,402,WEST PARK,173,000402,6988477.085790598,83.9081754324,84,178,12095156.585090699,0.5777913693490387,88.9999999999,0.9427884880055537
173,SMYTH COUNTY,402,WEST PARK,173,000201,5073249.645097408,4.0,4,9,12095156.585090699,0.4194447264412464,88.9999999999,0.0449438202247696
173,SMYTH COUNTY,402,WEST PARK,173,000401,31339.906533142705,1.0,1,2,12095156.585090699,0.0025911120962067062,88.9999999999,0.0112359550561924
173,SMYTH COUNTY,402,WEST PARK,173,000601,2089.947669549398,0.0918245675,1,1,12095156.585090699,0.00017279211350811348,88.9999999999,0.0010317367134843054
173,SMYTH COUNTY,501,ATKINS,173,000501,121406829.88776787,171.92177297341917,172,523,121856862.91490461,0.9963068717151286,173.00000000001916,0.9937674738346828
173,SMYTH COUNTY,501,ATKINS,173,000401,450033.0271367393,1.0782270266,2,10,121856862.91490461,0.0036931282848714684,173.00000000001916,0.006232526165317229
173,SMYTH COUNTY,502,WASSONA,173,000502,13948628.853538748,64.0000000001,64,118,14477855.790561603,0.9634457654034744,67.0,0.9552238805985075
173,SMYTH COUNTY,502,WASSONA,173,000401,529226.9370228559,2.9999999999,3,8,14477855.790561603,0.036554234596525625,67.0,0.04477611940149254
173,SMYTH COUNTY,601,ROYAL OAK EAST,173,000601,66546535.063051336,105.99999999994881,107,385,66551985.054481804,0.9999181092581084,106.99999999994881,0.9906542056074722
173,SMYTH COUNTY,601,ROYAL OAK EAST,173,000402,5449.99143046751,1.0,1,3,66551985.054481804,8.189074189155973e-05,106.99999999994881,0.009345794392527836
173,SMYTH COUNTY,602,ROYAL OAK WEST,173,000602,13926228.269565927,18.995209909099998,19,52,13932285.333223142,0.9995652498127661,18.999999999999996,0.9997478899526316
173,SMYTH COUNTY,602,ROYAL OAK WEST,173,000201,6057.063657214157,0.0047900909,1,2,13932285.333223142,0.0004347501872338481,18.999999999999996,0.0002521100473684211
173,SMYTH COUNTY,701,ADWOLFE,173,000701,105135015.49645658,76.3367363209935,77,261,117909664.36757861,0.8916573213939649,81.00000000059349,0.9424288434621503
173,SMYTH COUNTY,701,ADWOLFE,173,000602,7644661.9217070155,1.0000000002,1,16,117909664.36757861,0.06483490528711108,81.00000000059349,0.012345679014724359
173,SMYTH COUNTY,701,ADWOLFE,173,000702,2915823.2189278645,1.0070813161,3,7,117909664.36757861,0.024729297929624357,81.00000000059349,0.012433102667810138
173,SMYTH COUNTY,701,ADWOLFE,173,000703,1380598.7039265283,2.4322186678,4,8,117909664.36757861,0.011708952877879184,81.00000000059349,0.030027390960273816
173,SMYTH COUNTY,701,ADWOLFE,173,000302,833565.026560618,0.2239636955,2,3,117909664.36757861,0.007069522511420376,81.00000000059349,0.0027649838950414693
173,SMYTH COUNTY,702,SUGAR GROVE,173,000702,186692466.28639677,107.03212016675005,108,397,187756343.8268322,0.9943337331844475,108.99999999944716,0.9819460565806689
173,SMYTH COUNTY,702,SUGAR GROVE,173,000501,1050593.7247249966,1.0,1,3,187756343.8268322,0.005595516525896775,108.99999999944716,0.009174311926652036
173,SMYTH COUNTY,702,SUGAR GROVE,197,000602,13283.815710413535,0.9678798326971062,4,6,187756343.8268322,7.075028965553999e-05,108.99999999944716,0.008879631492679039
173,SMYTH COUNTY,703,KONNAROCK,173,000703,45164116.70746396,29.000000000100645,29,80,47136409.56810765,0.9581577621478803,29.000000000100645,1.0
173,SMYTH COUNTY,703,KONNAROCK,173,000701,1965646.9187504246,0.0,1,1,47136409.56810765,0.04170124404384791,29.000000000100645,0.0
173,SMYTH COUNTY,703,KONNAROCK,077,000107,6645.941893271295,0.0,2,3,47136409.56810765,0.00014099380827189517,29.000000000100645,0.0
175,SOUTHAMPTON COUNTY,101,BERLIN,175,000101,107011590.1146393,56.9999999999,57,123,144709673.49702358,0.7394916146835224,81.9999999999,0.6951219512191403
175,SOUTHAMPTON COUNTY,101,BERLIN,175,000302,37698083.38238429,25.0,25,60,144709673.49702358,0.26050838531647763,81.9999999999,0.3048780487808596
175,SOUTHAMPTON COUNTY,102,IVOR,175,000102,133297035.57730718,103.9999999998,104,247,133297035.57730718,1.0,103.9999999998,1.0
175,SOUTHAMPTON COUNTY,201,BOYKINS,175,000201,129106371.77148601,144.0,144,249,145358115.5259696,0.8881951400121169,150.0,0.96
175,SOUTHAMPTON COUNTY,201,BOYKINS,175,000301,16251743.754483592,6.0,6,17,145358115.5259696,0.11180485998788327,150.0,0.04
175,SOUTHAMPTON COUNTY,202,BRANCHVILLE,175,000202,126659237.43544206,67.875,68,116,134634085.86836326,0.9407664977150103,72.0000000001,0.942708333332024
175,SOUTHAMPTON COUNTY,202,BRANCHVILLE,175,000401,4774873.535410548,1.125,2,9,134634085.86836326,0.03546556211685589,72.0000000001,0.015624999999978299
175,SOUTHAMPTON COUNTY,202,BRANCHVILLE,175,000301,3199974.897510655,3.0000000001,3,12,134634085.86836326,0.023767940168133866,72.0000000001,0.04166666666799768
175,SOUTHAMPTON COUNTY,301,CAPRON,175,000301,86452413.93851382,78.40826448904731,79,159,135248105.42065588,0.6392134933766718,108.0000000002,0.7260024489713158
175,SOUTHAMPTON COUNTY,301,CAPRON,175,000201,27421966.046017416,11.9999999999,13,27,135248105.42065588,0.20275305122188703,108.0000000002,0.11111111110997943
175,SOUTHAMPTON COUNTY,301,CAPRON,175,000702,21223444.819547758,16.0,16,21,135248105.42065588,0.15692230773612292,108.0000000002,0.1481481481478738
175,SOUTHAMPTON COUNTY,301,CAPRON,175,000302,150280.6165769065,1.591735511252694,2,3,135248105.42065588,0.0011111476653184584,108.0000000002,0.014738291770830985
175,SOUTHAMPTON COUNTY,302,SEBRELL,175,000302,208364669.87619123,95.9999999999,96,193,208364669.87619123,1.0,95.9999999999,1.0
175,SOUTHAMPTON COUNTY,401,DREWRYVILLE,175,000401,208405484.90603846,137.9999999997,141,347,244868092.77841893,0.8510928579601611,163.99999999980002,0.8414634146333432
175,SOUTHAMPTON COUNTY,401,DREWRYVILLE,175,000202,35862799.42799619,24.000000000100002,24,37,244868092.77841893,0.14645762549573343,163.99999999980002,0.14634146341542237
175,SOUTHAMPTON COUNTY,401,DREWRYVILLE,175,000301,599808.4443842828,2.0,2,3,244868092.77841893,0.002449516544105439,163.99999999980002,0.012195121951234383
175,SOUTHAMPTON COUNTY,501,HUNTERDALE,175,000501,41507976.25458694,47.779093331831014,49,91,48440961.44240993,0.8568776303900282,61.0,0.7832638251119838
175,SOUTHAMPTON COUNTY,501,HUNTERDALE,175,000101,6856240.444349439,13.0,13,24,48440961.44240993,0.14153807521968007,61.0,0.21311475409836064
175,SOUTHAMPTON COUNTY,501,HUNTERDALE,620,000101,76744.74347355419,0.2209066681689887,3,3,48440961.44240993,0.0015842943902918568,61.0,0.0036214207896555525
175,SOUTHAMPTON COUNTY,502,FORKS-OF-THE-RIVER,175,000502,45001285.95195743,72.9999999995,73,232,45013843.651492,0.9997210258330349,74.9999999995,0.9733333333331555
175,SOUTHAMPTON COUNTY,502,FORKS-OF-THE-RIVER,175,000701,12557.699534569543,2.0,2,2,45013843.651492,0.0002789741669650402,74.9999999995,0.026666666666844443
175,SOUTHAMPTON COUNTY,601,COURTLAND,175,000601,50991085.39399382,85.8837357997,86,144,62537380.058703005,0.815369709222375,101.0,0.8503340178188119
175,SOUTHAMPTON COUNTY,601,COURTLAND,175,000502,6747341.849980786,7.9999999999,8,21,62537380.058703005,0.1078929408882679,101.0,0.07920792079108911
175,SOUTHAMPTON COUNTY,601,COURTLAND,175,000302,4798952.8147284,7.1162642004,8,8,62537380.058703005,0.07673734988935715,101.0,0.07045806139009901
175,SOUTHAMPTON COUNTY,602,SEDLEY,175,000602,25167083.13228845,38.9999999999,39,66,36886347.8951214,0.6822872029468944,49.9999999999,0.77999999999956
175,SOUTHAMPTON COUNTY,602,SEDLEY,175,000501,11719264.762832953,11.0,11,26,36886347.8951214,0.3177127970531055,49.9999999999,0.22000000000044
175,SOUTHAMPTON COUNTY,701,BLACKWATER RIVER,175,000701,66293520.14036392,51.000000000240426,51,118,66913822.34281189,0.9907298345733405,53.00000000034043,0.9622641509417518
175,SOUTHAMPTON COUNTY,701,BLACKWATER RIVER,175,000502,620302.202447976,2.0000000001,2,4,66913822.34281189,0.009270165426659578,53.00000000034043,0.03773584905824818
175,SOUTHAMPTON COUNTY,702,NEWSOMS,175,000702,142874741.7024316,86.0312499999,87,177,153753461.7971139,0.9292456900317642,91.9999999999,0.9351222826086252
175,SOUTHAMPTON COUNTY,702,NEWSOMS,175,000201,10878720.094682315,5.96875,6,9,153753461.7971139,0.07075430996823591,91.9999999999,0.06487771739137486
177,SPOTSYLVANIA COUNTY,101,PARTLOW,177,000101,135299887.02516156,65.86151350584292,66,296,135316459.4908652,0.9998775280866349,66.00000000014292,0.997901719783338
177,SPOTSYLVANIA COUNTY,101,PARTLOW,177,000502,16572.465703649228,0.13848649429999998,3,4,135316459.4908652,0.0001224719133651881,66.00000000014292,0.002098280216662123
177,SPOTSYLVANIA COUNTY,102,BLAYDES CORNER,177,000102,114325923.37783118,47.9952522948,48,199,114402114.64192618,0.9993340047573991,47.999999999799996,0.9999010894791662
177,SPOTSYLVANIA COUNTY,102,BLAYDES CORNER,177,000101,43933.66159343303,0.0,1,1,114402114.64192618,0.00038402840481527415,47.999999999799996,0.0
177,SPOTSYLVANIA COUNTY,102,BLAYDES CORNER,177,000502,29757.880953579664,0.0038394328,1,1,114402114.64192618,0.00026011652884844465,47.999999999799996,7.998818333366663e-05
177,SPOTSYLVANIA COUNTY,102,BLAYDES CORNER,177,000103,2499.7215479915412,0.0009082722,1,1,114402114.64192618,2.1850308937169252e-05,47.999999999799996,1.8922337500078845e-05
177,SPOTSYLVANIA COUNTY,103,TRAVELERS REST,177,000103,61572475.99097327,247.47912921251645,248,397,64648036.56700815,0.9524260791300747,249.00000000031645,0.9938920851895661
177,SPOTSYLVANIA COUNTY,103,TRAVELERS REST,177,000104,2995250.023108635,1.0,1,1,64648036.56700815,0.04633164721103381,249.00000000031645,0.0040160642570230085
177,SPOTSYLVANIA COUNTY,103,TRAVELERS REST,177,000102,80310.5529262486,0.5208707878,2,4,64648036.56700815,0.0012422736588914983,249.00000000031645,0.002091850553410996
177,SPOTSYLVANIA COUNTY,201,GRANGE HALL,177,000203,25308581.884600285,19.9378279016,23,99,70354409.59377986,0.35972985958847215,55.99999999981259,0.3560326411011915
177,SPOTSYLVANIA COUNTY,201,GRANGE HALL,177,000303,24962512.278484166,25.173926254012592,26,119,70354409.59377986,0.3548109126722192,55.99999999981259,0.44953439739458645
177,SPOTSYLVANIA COUNTY,201,GRANGE HALL,177,000202,20083315.430695407,10.8882458442,11,87,70354409.59377986,0.28545922773930865,55.99999999981259,0.19443296150422212
177,SPOTSYLVANIA COUNTY,202,MAURY,177,000505,51465510.40045474,84.54045837390787,88,237,107919396.90345375,0.47688841744081023,266.99999999980787,0.31663093023958316
177,SPOTSYLVANIA COUNTY,202,MAURY,177,000202,23518058.74821333,99.0831520415,102,187,107919396.90345375,0.21792244418538517,266.99999999980787,0.37109794772124083
177,SPOTSYLVANIA COUNTY,202,MAURY,177,000201,16533162.707110627,22.4875581399,23,98,107919396.90345375,0.15319917625097026,266.99999999980787,0.08422306419444263
177,SPOTSYLVANIA COUNTY,202,MAURY,177,000203,8367864.883144127,13.4043589899,15,38,107919396.90345375,0.07753809901875322,266.99999999980787,0.05020359172250804
177,SPOTSYLVANIA COUNTY,202,MAURY,177,000204,5269386.4483439205,35.0,35,59,107919396.90345375,0.048827056113536195,266.99999999980787,0.1310861423221917
177,SPOTSYLVANIA COUNTY,202,MAURY,177,000303,1387680.917950322,4.0,4,15,107919396.90345375,0.012858494003554906,266.99999999980787,0.01498127340825048
177,SPOTSYLVANIA COUNTY,202,MAURY,177,000603,780700.6008908141,7.0,7,20,107919396.90345375,0.007234108263125674,266.99999999980787,0.02621722846443834
177,SPOTSYLVANIA COUNTY,202,MAURY,177,000504,593039.6426194008,0.4802013712,2,6,107919396.90345375,0.005495209013722923,266.99999999980787,0.0017985070082409947
177,SPOTSYLVANIA COUNTY,202,MAURY,177,000301,2549.715543090362,1.0,1,2,107919396.90345375,2.3626110006631842e-05,266.99999999980787,0.00374531835206262
177,SPOTSYLVANIA COUNTY,202,MAURY,137,000501,1442.8391833917046,0.0042710834,1,2,107919396.90345375,1.336960013483479e-05,266.99999999980787,1.5996567041210015e-05
177,SPOTSYLVANIA COUNTY,301,PLANK ROAD,177,000303,19000055.358731586,23.96690523592001,24,67,29400294.657967724,0.6462539093492525,109.00000000036152,0.21987986454899558
177,SPOTSYLVANIA COUNTY,301,PLANK ROAD,177,000301,6026170.675635463,58.88032458894418,60,106,29400294.657967724,0.2049697374037141,109.00000000036152,0.5401864641169623
177,SPOTSYLVANIA COUNTY,301,PLANK ROAD,177,000302,4363298.283019627,24.3667775113,26,52,29400294.657967724,0.1484100188035747,109.00000000036152,0.22354841753412094
177,SPOTSYLVANIA COUNTY,301,PLANK ROAD,630,000101,10770.340581049208,1.7859926641973416,4,10,29400294.657967724,0.0003663344434587276,109.00000000036152,0.016385253799921267
177,SPOTSYLVANIA COUNTY,401,SUMMIT,177,000104,58222543.510222286,60.70788964302505,61,256,103251590.18072432,0.5638900418706737,220.00000000013003,0.275944952922678
177,SPOTSYLVANIA COUNTY,401,SUMMIT,177,000401,19302990.08755833,72.98528951202826,75,206,103251590.18072432,0.1869510198707035,220.00000000013003,0.3317513159635687
177,SPOTSYLVANIA COUNTY,401,SUMMIT,177,000403,14672812.11681208,35.0039256667122,37,112,103251590.18072432,0.1421073718199383,220.00000000013003,0.15910875303041597
177,SPOTSYLVANIA COUNTY,401,SUMMIT,177,000402,8415723.078168064,22.288184690314388,28,108,103251590.18072432,0.08150695852177942,220.00000000013003,0.10130993041046006
177,SPOTSYLVANIA COUNTY,401,SUMMIT,177,000701,2058250.970776896,13.998283688499999,14,21,103251590.18072432,0.01993432708565823,220.00000000013003,0.06362856222041693
177,SPOTSYLVANIA COUNTY,401,SUMMIT,177,000702,554248.0046887049,9.001716311500001,10,18,103251590.18072432,0.005367936742849075,220.00000000013003,0.04091689232497582
177,SPOTSYLVANIA COUNTY,401,SUMMIT,630,000401,25022.412497955112,6.014710488050131,7,7,103251590.18072432,0.00024234408839764735,220.00000000013003,0.027339593127484435
177,SPOTSYLVANIA COUNTY,402,FRAZERS GATE,177,000103,10161555.90656062,4.0000000001,4,20,25918808.956101723,0.3920533510537111,60.99999999989589,0.06557377049355453
177,SPOTSYLVANIA COUNTY,402,FRAZERS GATE,177,000704,7538068.127596537,22.970359773459446,25,112,25918808.956101723,0.2908338936547448,60.99999999989589,0.3765632749753877
177,SPOTSYLVANIA COUNTY,402,FRAZERS GATE,177,000402,5879817.260639049,14.057368306736445,16,55,25918808.956101723,0.22685522589396767,60.99999999989589,0.23044866076656453
177,SPOTSYLVANIA COUNTY,402,FRAZERS GATE,177,000703,2304033.2127142902,19.8132208433,21,33,25918808.956101723,0.08889425500286664,60.99999999989589,0.32480689907104615
177,SPOTSYLVANIA COUNTY,402,FRAZERS GATE,177,000702,35334.44859122613,0.15905107629999998,2,2,25918808.956101723,0.0013632743947097079,60.99999999989589,0.0026073946934470726
177,SPOTSYLVANIA COUNTY,501,BELMONT,177,000501,125298166.65403347,87.46012926811841,89,298,126125968.03905846,0.9934367093637002,89.0000000002,0.9826980816620434
177,SPOTSYLVANIA COUNTY,501,BELMONT,137,000202,827801.3850249944,1.5398707320815956,12,26,126125968.03905846,0.006563290636299754,89.0000000002,0.017301918337956575
177,SPOTSYLVANIA COUNTY,502,BROKENBURG,177,000502,110795147.9004539,82.9998545172,83,323,169957377.1910897,0.6518996099585757,99.9999999995,0.82999854517615
177,SPOTSYLVANIA COUNTY,502,BROKENBURG,177,000503,59162162.25425035,17.0,17,65,169957377.1910897,0.34809999561085264,99.9999999995,0.17000000000085
177,SPOTSYLVANIA COUNTY,502,BROKENBURG,177,000501,67.03638544384684,0.0001454823,1,1,169957377.1910897,3.944305716631248e-07,99.9999999995,1.454823000007274e-06
177,SPOTSYLVANIA COUNTY,503,TODD'S TAVERN,177,000505,24962352.788631875,7.9999999997,8,56,48646591.48663934,0.513136728099187,24.999999999699998,0.31999999999184003
177,SPOTSYLVANIA COUNTY,503,TODD'S TAVERN,177,000503,22988293.671724778,16.931494290499998,17,42,48646591.48663934,0.47255713029839824,24.999999999699998,0.6772597716281271
177,SPOTSYLVANIA COUNTY,503,TODD'S TAVERN,177,000504,693869.2768004575,0.0685057095,1,3,48646591.48663934,0.014263471614265654,24.999999999699998,0.0027402283800328827
177,SPOTSYLVANIA COUNTY,503,TODD'S TAVERN,137,000202,2075.7494822343924,0.0,1,1,48646591.48663934,4.266998814921065e-05,24.999999999699998,0.0
177,SPOTSYLVANIA COUNTY,504,HOLBERT,177,000504,28567854.9344648,36.0139767887,37,108,31535164.376812108,0.9059047415484799,45.9999999999,0.7829125388864846
177,SPOTSYLVANIA COUNTY,504,HOLBERT,177,000503,2224465.9980436666,2.9860232112,3,9,31535164.376812108,0.07053922318157703,45.9999999999,0.06491354806970634
177,SPOTSYLVANIA COUNTY,504,HOLBERT,177,000103,742843.4443036413,7.0,7,10,31535164.376812108,0.023556035269943168,45.9999999999,0.1521739130438091
177,SPOTSYLVANIA COUNTY,601,SALEM,177,000504,7529644.298614918,7.9999999999,8,28,22387696.64473555,0.3363295661050289,100.00000000029999,0.07999999999876001
177,SPOTSYLVANIA COUNTY,601,SALEM,177,000601,6345917.0146724675,35.4843685472,36,67,22387696.64473555,0.2834555566557002,100.00000000029999,0.3548436854709355
177,SPOTSYLVANIA COUNTY,601,SALEM,177,000602,5936263.182162441,31.5156314532,32,70,22387696.64473555,0.26515738873736927,100.00000000029999,0.3151563145310546
177,SPOTSYLVANIA COUNTY,601,SALEM,177,000603,2575872.149285722,25.0,25,39,22387696.64473555,0.11505748850190163,100.00000000029999,0.24999999999925002
177,SPOTSYLVANIA COUNTY,701,BATTLEFIELD,177,000701,4115913.564179438,39.9999999999,40,64,4957967.817074304,0.8301614121021539,57.9999999999,0.689655172413258
177,SPOTSYLVANIA COUNTY,701,BATTLEFIELD,177,000702,842054.2528948664,18.0,20,51,4957967.817074304,0.1698385878978461,57.9999999999,0.310344827586742
177,SPOTSYLVANIA COUNTY,702,BRENT'S MILL,177,000702,6424325.668864439,33.00000000097705,33,123,12774493.592950273,0.502902570823611,67.00000000077705,0.49253731344170637
177,SPOTSYLVANIA COUNTY,702,BRENT'S MILL,177,000302,5833360.920682813,26.999999999899998,27,60,12774493.592950273,0.4566412655216336,67.00000000077705,0.4029850746206994
177,SPOTSYLVANIA COUNTY,702,BRENT'S MILL,177,000601,516807.0034030211,6.9999999999,7,17,12774493.592950273,0.04045616365475544,67.00000000077705,0.10447761193759426
179,STAFFORD COUNTY,101,HARTWOOD,179,000101,86976291.49518572,48.0512788384,49,107,128200179.53258474,0.6784412612548556,73.9999999997,0.6493416059269569
179,STAFFORD COUNTY,101,HARTWOOD,179,000104,41011241.17690599,22.999999999899998,23,93,128200179.53258474,0.319900029207698,73.9999999997,0.3108108108107195
179,STAFFORD COUNTY,101,HARTWOOD,179,000202,113578.93652687653,0.9487211614,1,1,128200179.53258474,0.0008859499022620954,73.9999999997,0.012820556235187111
179,STAFFORD COUNTY,101,HARTWOOD,179,000203,99067.92396615315,2.0,2,2,128200179.53258474,0.0007727596351842313,73.9999999997,0.027027027027136597
179,STAFFORD COUNTY,102,SIMPSON,179,000103,36728621.38514646,25.0,25,81,72939902.77736989,0.5035463441355419,57.99999999997573,0.4310344827588011
179,STAFFORD COUNTY,102,SIMPSON,179,000102,19410351.441608213,12.115829755175726,13,134,72939902.77736989,0.2661143037282798,57.99999999997573,0.2088936164686344
179,STAFFORD COUNTY,102,SIMPSON,179,000104,10563515.433130652,4.8841702447,7,38,72939902.77736989,0.14482491792418534,57.99999999997573,0.08420983180520765
179,STAFFORD COUNTY,102,SIMPSON,179,000503,6098488.615120432,12.0,12,24,72939902.77736989,0.08360977164631662,57.99999999997573,0.20689655172422453
179,STAFFORD COUNTY,102,SIMPSON,179,000602,90940.85735218017,2.0,2,4,72939902.77736989,0.0012467915899168872,57.99999999997573,0.03448275862070409
179,STAFFORD COUNTY,102,SIMPSON,179,000604,42709.30539047997,1.0000000001,1,6,72939902.77736989,0.0005855410243805648,57.99999999997573,0.017241379312076182
179,STAFFORD COUNTY,102,SIMPSON,179,000204,5275.739621466451,1.0,1,2,72939902.77736989,7.232995137886702e-05,57.99999999997573,0.017241379310352044
179,STAFFORD COUNTY,103,GARRISONVILLE,179,000103,11281595.591725273,1.999999999954157,2,25,24965658.237656515,0.4518845641613757,44.999999999748155,0.044444444443674444
179,STAFFORD COUNTY,103,GARRISONVILLE,179,000701,8676989.125068897,31.5572601333,33,79,24965658.237656515,0.34755699379001803,44.999999999748155,0.7012724474105914
179,STAFFORD COUNTY,103,GARRISONVILLE,179,000703,4402273.882361089,6.442739866493999,7,59,24965658.237656515,0.17633317897947492,44.999999999748155,0.14317199703400124
179,STAFFORD COUNTY,103,GARRISONVILLE,179,000702,604799.6385012557,5.0,5,8,24965658.237656515,0.024225263069131368,44.999999999748155,0.11111111111173295
179,STAFFORD COUNTY,104,HAMPTON,179,000702,2784636.800457959,22.6917929998,23,34,5366285.155654317,0.5189133114783994,48.000000000200004,0.47274568749386353
179,STAFFORD COUNTY,104,HAMPTON,179,000703,2322429.457509521,22.761093076199998,25,35,5366285.155654317,0.4327815966064414,48.000000000200004,0.47418943908552413
179,STAFFORD COUNTY,104,HAMPTON,179,000701,259218.89768683712,2.5471139242,3,4,5366285.155654317,0.04830509191515938,48.000000000200004,0.053064873420612224
179,STAFFORD COUNTY,201,ROCK HILL,179,000202,5014875.377639998,12.0,12,22,9116056.388522668,0.5501145631299347,44.9999999999,0.26666666666725924
179,STAFFORD COUNTY,201,ROCK HILL,179,000201,4036390.0950517463,31.999999999899998,32,52,9116056.388522668,0.442778096473126,44.9999999999,0.7111111111104691
179,STAFFORD COUNTY,201,ROCK HILL,179,000701,64790.91583092272,1.0,1,3,9116056.388522668,0.007107340396939188,44.9999999999,0.022222222222271607
179,STAFFORD COUNTY,202,ROSEVILLE,179,000202,6672335.225012221,13.0,15,32,17379052.52512218,0.38392974619111536,31.999999999899998,0.40625000000126954
179,STAFFORD COUNTY,202,ROSEVILLE,179,000203,5491274.028881484,7.0,7,8,17379052.52512218,0.31597085174485817,31.999999999899998,0.21875000000068362
179,STAFFORD COUNTY,202,ROSEVILLE,179,000201,4942536.366726503,9.9999999999,10,19,17379052.52512218,0.28439619246111664,31.999999999899998,0.31249999999785155
179,STAFFORD COUNTY,202,ROSEVILLE,179,000101,196066.36121787532,1.0,1,1,17379052.52512218,0.011281763544615152,31.999999999899998,0.03125000000009766
179,STAFFORD COUNTY,202,ROSEVILLE,179,000304,76840.54328409689,1.0,1,1,17379052.52512218,0.004421446058294635,31.999999999899998,0.03125000000009766
179,STAFFORD COUNTY,203,RUBY,179,000203,10837355.105325278,38.0,38,50,10837355.105325278,1.0,38.0,1.0
179,STAFFORD COUNTY,204,STEFANIGA,179,000204,23793804.750946548,21.903444842993377,22,62,29830622.63001756,0.7976301750739737,23.00000000006823,0.9523236888229739
179,STAFFORD COUNTY,204,STEFANIGA,179,000101,6036817.879071011,1.096555157074852,3,14,29830622.63001756,0.2023698249260263,23.00000000006823,0.047676311177026046
179,STAFFORD COUNTY,301,GRIFFIS,179,000203,81242404.98319186,0.3179879444848837,1,116,126552492.82629067,0.6419660582641178,42.00000000039851,0.007571141535282537
179,STAFFORD COUNTY,301,GRIFFIS,179,000301,40137149.98301535,21.66568632545125,22,169,126552492.82629067,0.3171581142862881,42.00000000039851,0.5158496744106115
179,STAFFORD COUNTY,301,GRIFFIS,179,000201,2958388.852266304,0.011436836062374323,1,11,126552492.82629067,0.023376772643483743,42.00000000039851,0.00027230562053013826
179,STAFFORD COUNTY,301,GRIFFIS,179,000304,2175105.911570899,20.0,20,32,126552492.82629067,0.01718738100684044,42.00000000039851,0.47619047618595794
179,STAFFORD COUNTY,301,GRIFFIS,179,000202,30535.060261865205,0.0,1,2,126552492.82629067,0.0002412837517454393,42.00000000039851,0.0
179,STAFFORD COUNTY,301,GRIFFIS,179,000703,8908.035984383652,0.0048888944,1,1,126552492.82629067,7.039004752447713e-05,42.00000000039851,0.00011640224761794316
179,STAFFORD COUNTY,302,WIDEWATER,179,000302,38242783.843877085,49.82312628296783,51,128,43110145.98768697,0.8870947422632229,72.00000000016783,0.6919878650396069
179,STAFFORD COUNTY,302,WIDEWATER,179,000303,3251284.644947057,15.5965767044,18,41,43110145.98768697,0.07541808477929261,72.00000000016783,0.2166191208939395
179,STAFFORD COUNTY,302,WIDEWATER,179,000404,1457602.3147587893,6.4049856339,9,17,43110145.98768697,0.03381111989681285,72.00000000016783,0.08895813380395931
179,STAFFORD COUNTY,302,WIDEWATER,179,000403,158475.18410403904,0.1753113789,1,2,43110145.98768697,0.0036760530606716663,72.00000000016783,0.0024348802624943244
179,STAFFORD COUNTY,303,POTOMAC HILLS,179,000302,18967739.984133307,38.1595905048,39,160,20176742.224755414,0.9400794128628581,39.9999999999,0.953989762622385
179,STAFFORD COUNTY,303,POTOMAC HILLS,179,000401,1167334.130070368,1.0,1,9,20176742.224755414,0.05785543161859564,39.9999999999,0.0250000000000625
179,STAFFORD COUNTY,303,POTOMAC HILLS,153,000304,41668.110551737525,0.8404094951,4,6,20176742.224755414,0.0020651555185461877,39.9999999999,0.021010237377552525
179,STAFFORD COUNTY,303,POTOMAC HILLS,179,000301,0.0,0.0,1,1,20176742.224755414,0.0,39.9999999999,0.0
179,STAFFORD COUNTY,401,AQUIA,179,000404,3154482.623178197,26.8749535503,28,48,5482574.416959813,0.5753652177378771,32.0,0.839842298446875
179,STAFFORD COUNTY,401,AQUIA,179,000401,2328091.7937816153,5.1250464497,6,55,5482574.416959813,0.42463478226212287,32.0,0.160157701553125
179,STAFFORD COUNTY,402,COURTHOUSE,179,000403,16187855.53001724,14.806088287781714,15,55,26550925.086907163,0.6096908291153976,55.00000000000184,0.2692016052323858
179,STAFFORD COUNTY,402,COURTHOUSE,179,000402,6260215.846676214,28.872382521520123,30,76,26550925.086907163,0.2357814586943813,55.00000000000184,0.5249524094821665
179,STAFFORD COUNTY,402,COURTHOUSE,179,000103,3414926.0258006514,5.0,5,10,26550925.086907163,0.1286179677213818,55.00000000000184,0.09090909090908787
179,STAFFORD COUNTY,402,COURTHOUSE,179,000401,553668.8730959997,2.9999999999,3,8,26550925.086907163,0.020853091607306213,55.00000000000184,0.05454545454363454
179,STAFFORD COUNTY,402,COURTHOUSE,179,000302,125047.22093211276,3.1113571583,4,4,26550925.086907163,0.004709712393176698,55.00000000000184,0.0565701301509072
179,STAFFORD COUNTY,402,COURTHOUSE,179,000404,9211.590384946632,0.2101720325,2,5,26550925.086907163,0.0003469404683563763,55.00000000000184,0.003821309681818054
179,STAFFORD COUNTY,403,BROOKE,179,000403,61083600.365532145,37.0000000001,37,96,66941992.24616449,0.9124855463056821,41.0000000001,0.9024390243904818
179,STAFFORD COUNTY,403,BROOKE,179,000503,5858391.880632348,4.0,4,7,66941992.24616449,0.08751445369431787,41.0000000001,0.09756097560951814
179,STAFFORD COUNTY,501,GRAFTON,179,000501,9491042.383928731,37.0,37,48,15598412.762210626,0.6084620614042303,45.0,0.8222222222222222
179,STAFFORD COUNTY,501,GRAFTON,179,000603,6104368.151853772,7.0,7,9,15598412.762210626,0.3913454686006561,45.0,0.15555555555555556
179,STAFFORD COUNTY,501,GRAFTON,179,000602,3002.2264281218395,1.0,1,1,15598412.762210626,0.00019246999511355155,45.0,0.022222222222222223
179,STAFFORD COUNTY,502,FALMOUTH,179,000503,7341115.569413548,6.0,7,27,14882537.061448427,0.4932704376345818,56.000000000099995,0.10714285714266583
179,STAFFORD COUNTY,502,FALMOUTH,179,000502,5627586.84124354,40.9492221922,41,85,14882537.061448427,0.3781335680877412,56.000000000099995,0.7312361105736942
179,STAFFORD COUNTY,502,FALMOUTH,179,000501,1786900.824871744,5.0,5,7,14882537.061448427,0.12006694943837995,56.000000000099995,0.08928571428555486
179,STAFFORD COUNTY,502,FALMOUTH,179,000602,126933.82591959485,4.0507778079,6,26,14882537.061448427,0.008529044839297121,56.000000000099995,0.07233531799808512
179,STAFFORD COUNTY,503,GAYLE,179,000604,5086419.406306583,18.992949534674437,20,58,12717199.748684742,0.39996378973544383,49.9999999999,0.3798589906942485
179,STAFFORD COUNTY,503,GAYLE,179,000503,3857677.0875052405,22.007050465125563,23,31,12717199.748684742,0.3033432802613811,49.9999999999,0.44014100930339156
179,STAFFORD COUNTY,503,GAYLE,179,000504,2891667.8324504127,3.9929586064,4,36,12717199.748684742,0.22738243399451827,49.9999999999,0.07985917212815972
179,STAFFORD COUNTY,503,GAYLE,179,000602,872958.9868671763,4.0,4,5,12717199.748684742,0.06864396283131911,49.9999999999,0.08000000000016
179,STAFFORD COUNTY,503,GAYLE,179,000502,5879.434906728821,1.0,1,1,12717199.748684742,0.00046232150339046876,49.9999999999,0.02000000000004
179,STAFFORD COUNTY,503,GAYLE,179,000103,2597.0006485998106,0.007041393700000001,1,2,12717199.748684742,0.0002042116739471991,49.9999999999,0.00014082787400028168
179,STAFFORD COUNTY,601,FERRY FARM,179,000601,13876696.744866688,80.8709633214,82,137,14346504.980719557,0.9672527743527605,87.9999999999,0.918988219562408
179,STAFFORD COUNTY,601,FERRY FARM,179,000602,469808.2358528686,7.1290366785,8,15,14346504.980719557,0.03274722564723949,87.9999999999,0.08101178043759207
179,STAFFORD COUNTY,602,CHATHAM,179,000602,9787011.03176734,78.83707826020009,82,160,14801387.279414931,0.6612225494145844,109.00000000011595,0.7232759473405158
179,STAFFORD COUNTY,602,CHATHAM,179,000604,2227079.288262887,13.999999999915863,14,35,14801387.279414931,0.15046422650937613,109.00000000011595,0.12844036697156855
179,STAFFORD COUNTY,602,CHATHAM,179,000603,1454756.2239519241,2.3040710349999998,3,6,14801387.279414931,0.09828512669046437,109.00000000011595,0.0211382663761243
179,STAFFORD COUNTY,602,CHATHAM,179,000501,1321563.173811487,13.8552820369,14,19,14801387.279414931,0.08928643976834891,109.00000000011595,0.12711267923747946
179,STAFFORD COUNTY,602,CHATHAM,179,000502,10977.56162129213,0.0035686681,1,6,14801387.279414931,0.0007416576172261369,109.00000000011595,3.274007431189178e-05
179,STAFFORD COUNTY,603,WHITE OAK,179,000603,65242859.836439416,46.98359201201323,47,124,65260524.8944039,0.9997293148041169,46.9999999998,0.9996508938768758
179,STAFFORD COUNTY,603,WHITE OAK,099,000102,17665.05796448471,0.01640798778677069,4,4,65260524.8944039,0.00027068519588323894,46.9999999998,0.00034910612312426617
181,SURRY COUNTY,101,SURRY,181,000101,111364460.38844062,70.9999999999,71,147,116042800.35040131,0.9596843582899237,75.9999999999,0.9342105263157029
181,SURRY COUNTY,101,SURRY,181,000201,4665462.610160062,3.0,3,5,116042800.35040131,0.040204671001322724,75.9999999999,0.03947368421057826
181,SURRY COUNTY,101,SURRY,181,000502,9566.208805804195,1.0,1,1,116042800.35040131,8.243690066870324e-05,75.9999999999,0.013157894736859419
181,SURRY COUNTY,101,SURRY,181,000401,3311.1429948153054,1.0,1,1,116042800.35040131,2.8533808084749952e-05,75.9999999999,0.013157894736859419
181,SURRY COUNTY,201,BACON'S CASTLE,181,000201,161739799.6152033,87.9999999999,88,222,161739799.6152033,1.0,87.9999999999,1.0
181,SURRY COUNTY,301,DENDRON,181,000301,85224082.66871901,70.0000000002,70,147,85224082.66871901,1.0,70.0000000002,1.0
181,SURRY COUNTY,302,WALL'S BRIDGE,181,000302,63631731.72652877,37.9999999999,38,93,63631731.72652877,1.0,37.9999999999,1.0
181,SURRY COUNTY,401,CARSLEY,181,000401,245207592.26514807,143.0000000001,143,315,245214860.3563562,0.9999703603150414,144.0000000001,0.9930555555555604
181,SURRY COUNTY,401,CARSLEY,181,000301,7268.091208142418,1.0,1,1,245214860.3563562,2.963968495865272e-05,144.0000000001,0.006944444444439622
181,SURRY COUNTY,501,CLAREMONT,181,000501,101368772.79284504,59.9999999999,60,159,101368772.79284504,1.0,59.9999999999,1.0
181,SURRY COUNTY,502,SPRING GROVE,181,000502,30464056.767268788,12.0,12,29,30464056.767268788,1.0,12.0,1.0
183,SUSSEX COUNTY,101,WAVERLY,183,000101,8329171.278464448,23.9698371837,25,55,10578263.791619904,0.787385476722826,26.000000000100002,0.9219168147541464
183,SUSSEX COUNTY,101,WAVERLY,183,000402,2249092.5131554576,2.0301628164,3,4,10578263.791619904,0.21261452327717406,26.000000000100002,0.07808318524585352
183,SUSSEX COUNTY,201,STONY CREEK,183,000201,112683915.58995233,175.3559246203,180,344,156676034.71122515,0.719216029417925,203.9999999998,0.859587865786627
183,SUSSEX COUNTY,201,STONY CREEK,183,000602,43298100.54908801,24.4675340261,25,66,156676034.71122515,0.2763543296771085,203.9999999998,0.11993889228492152
183,SUSSEX COUNTY,201,STONY CREEK,183,000301,689551.4943388441,4.0,4,5,156676034.71122515,0.00440112934699796,203.9999999998,0.019607843137274126
183,SUSSEX COUNTY,201,STONY CREEK,183,000202,4467.077845966032,0.1765413534,2,2,156676034.71122515,2.851155796864181e-05,203.9999999998,0.0008653987911773189
183,SUSSEX COUNTY,202,LITTLE MILL,183,000202,68503093.29336931,63.518774859,64,172,96209817.058589,0.7120177065886416,72.9999999995,0.8701202035539048
183,SUSSEX COUNTY,202,LITTLE MILL,183,000501,27265959.568958137,7.9999999999,8,50,96209817.058589,0.28340101252197536,72.9999999995,0.10958904109527115
183,SUSSEX COUNTY,202,LITTLE MILL,183,000201,440764.1962615481,1.4812251406,5,5,96209817.058589,0.004581280889382998,72.9999999995,0.02029075535082391
183,SUSSEX COUNTY,301,COURTHOUSE,183,000301,171503063.83808264,97.1205663716,99,244,259008903.66730598,0.6621512288178958,157.9999999997,0.6146871289353444
183,SUSSEX COUNTY,301,COURTHOUSE,183,000201,57094022.22476739,28.5172373809,32,86,259008903.66730598,0.22043266241574466,157.9999999997,0.1804888441832541
183,SUSSEX COUNTY,301,COURTHOUSE,183,000602,15784459.058724243,27.1698885548,29,59,259008903.66730598,0.06094176236890761,157.9999999997,0.1719613199674151
183,SUSSEX COUNTY,301,COURTHOUSE,183,000502,14627358.545731703,5.1923076924,6,22,259008903.66730598,0.05647434639745196,157.9999999997,0.03286270691398645
183,SUSSEX COUNTY,302,NEWVILLE,183,000301,64483729.906600825,26.525037896367724,28,83,126407659.25155748,0.5101251798221738,64.00000000006773,0.4144537171303071
183,SUSSEX COUNTY,302,NEWVILLE,183,000602,39827482.492170945,23.5349621037,27,76,126407659.25155748,0.3150717506200498,64.00000000006773,0.36773378286992336
183,SUSSEX COUNTY,302,NEWVILLE,183,000402,21854406.739838887,11.94,12,27,126407659.25155748,0.17288831127192647,64.00000000006773,0.18656249999980257
183,SUSSEX COUNTY,302,NEWVILLE,183,000101,242040.11294683398,2.0,2,9,126407659.25155748,0.0019147582858500861,64.00000000006773,0.03124999999996693
183,SUSSEX COUNTY,303,LITTLETON,183,000301,72716060.24594522,30.000000000100002,30,66,117220911.30998616,0.6203335175722223,65.0000000001,0.46153846153928996
183,SUSSEX COUNTY,303,LITTLETON,183,000302,37373129.339202225,28.0,28,35,117220911.30998616,0.31882646979573837,65.0000000001,0.43076923076856805
183,SUSSEX COUNTY,303,LITTLETON,183,000402,7131721.7248387225,7.0,7,7,117220911.30998616,0.06084001263203935,65.0000000001,0.10769230769214201
183,SUSSEX COUNTY,401,WAKEFIELD,183,000601,11632715.292558044,6.1690112908,7,17,28883955.317982595,0.40273969283271044,89.0000000001,0.0693147336044165
183,SUSSEX COUNTY,401,WAKEFIELD,183,000401,10581617.929621164,67.6532708969,68,101,28883955.317982595,0.3663493386943876,89.0000000001,0.7601491112002694
183,SUSSEX COUNTY,401,WAKEFIELD,183,000302,6669622.095803388,15.177717812400001,16,33,28883955.317982595,0.23091096847290196,89.0000000001,0.170536155195314
183,SUSSEX COUNTY,501,HENRY,183,000501,142018528.77578872,126.8386904897,128,325,186031117.25655428,0.7634127605648463,159.9999999997,0.7927418155621113
183,SUSSEX COUNTY,501,HENRY,183,000502,43635926.6508963,29.16130951,30,94,186031117.25655428,0.23456251456426125,159.9999999997,0.18225818443784172
183,SUSSEX COUNTY,501,HENRY,183,000201,376661.8298692532,4.0,4,6,186031117.25655428,0.00202472487089244,159.9999999997,0.025000000000046874
183,SUSSEX COUNTY,502,YALE,183,000502,65238079.095241845,36.7073170731,38,97,96253375.82595254,0.6777744524327829,56.9999999999,0.6439880188274456
183,SUSSEX COUNTY,502,YALE,183,000301,27188008.508494146,17.2926829268,18,54,96253375.82595254,0.2824629087052084,56.9999999999,0.30338040222509366
183,SUSSEX COUNTY,502,YALE,183,000201,3827288.222216553,3.0,3,12,96253375.82595254,0.03976263886200874,56.9999999999,0.05263157894746076
183,SUSSEX COUNTY,601,BLACKWATER,183,000601,40230726.42348801,30.000000000100002,30,79,41867627.30611145,0.9609029460720241,36.0000000001,0.8333333333337963
183,SUSSEX COUNTY,601,BLACKWATER,183,000602,997493.6453810097,1.0,1,5,41867627.30611145,0.023824938492165396,36.0000000001,0.027777777777700616
183,SUSSEX COUNTY,601,BLACKWATER,183,000101,521766.27907721314,5.0,5,8,41867627.30611145,0.012462284410395775,36.0000000001,0.1388888888885031
183,SUSSEX COUNTY,601,BLACKWATER,183,000402,117640.95816520741,0.0,1,1,41867627.30611145,0.0028098310254145993,36.0000000001,0.0
183,SUSSEX COUNTY,602,AIRPORT,183,000302,71318011.14697705,55.9999999999,56,110,157281885.7794116,0.45344071755981363,123.9999999999,0.4516129032253642
183,SUSSEX COUNTY,602,AIRPORT,183,000601,49336133.01321681,33.6061768548,34,95,157281885.7794116,0.31367968897836657,123.9999999999,0.2710175552808637
183,SUSSEX COUNTY,602,AIRPORT,183,000402,25979481.71947339,16.3802275625,17,48,157281885.7794116,0.16517783717261442,123.9999999999,0.13209860937510653
183,SUSSEX COUNTY,602,AIRPORT,183,000101,8956553.538142227,15.0135955827,16,32,157281885.7794116,0.05694586820190994,123.9999999999,0.12107738373154926
183,SUSSEX COUNTY,602,AIRPORT,183,000401,1691706.3616021378,3.0,4,15,157281885.7794116,0.010755888087295455,123.9999999999,0.024193548387116286
185,TAZEWELL COUNTY,102,TIP TOP,185,000102,45737398.61915569,52.40367121636557,53,149,51228208.549936935,0.8928166710059978,53.000000000122824,0.98874851351404
185,TAZEWELL COUNTY,102,TIP TOP,185,000109,3764775.610160007,0.21885277075725532,2,6,51228208.549936935,0.07349028429307902,53.000000000122824,0.004129297561448078
185,TAZEWELL COUNTY,102,TIP TOP,185,000101,1650360.9250749522,0.377208537,1,5,51228208.549936935,0.032215862545070084,53.000000000122824,0.007117142207530677
185,TAZEWELL COUNTY,102,TIP TOP,185,000501,73753.97691003288,0.0,1,3,51228208.549936935,0.0014397141535437057,53.000000000122824,0.0
185,TAZEWELL COUNTY,102,TIP TOP,185,000209,1919.4186362569349,0.000267476,1,1,51228208.549936935,3.746800230942875e-05,53.000000000122824,5.04671698112038e-06
185,TAZEWELL COUNTY,107,AMONATE,185,000107,39926669.72381525,31.291868545118064,33,87,60518818.64429862,0.6597397407653574,46.9999999999,0.6657844371315882
185,TAZEWELL COUNTY,107,AMONATE,185,000103,18523132.402923346,13.9360936245,15,30,60518818.64429862,0.30607227335010745,46.9999999999,0.29651263030914154
185,TAZEWELL COUNTY,107,AMONATE,185,000109,2069016.5175600299,1.7720378302819377,3,3,60518818.64429862,0.03418798588453525,46.9999999999,0.03770293255927038
185,TAZEWELL COUNTY,109,BISHOP,185,000109,30606789.98069392,28.732676124648627,29,72,33141238.782934368,0.9235258277808998,29.0000000001,0.9907819353292948
185,TAZEWELL COUNTY,109,BISHOP,185,000102,2482752.735384561,0.2224811265513723,1,2,33141238.782934368,0.07491430093020605,29.0000000001,0.007671762984503626
185,TAZEWELL COUNTY,109,BISHOP,185,000101,31460.996003227938,0.0448427489,1,1,33141238.782934368,0.0009493005439322428,29.0000000001,0.0015463016862015645
185,TAZEWELL COUNTY,109,BISHOP,185,000103,20235.070852657394,0.0,1,2,33141238.782934368,0.0006105707449619286,29.0000000001,0.0
185,TAZEWELL COUNTY,110,ADRIA,185,000103,14882702.006815497,20.999949334942862,22,81,14903208.156873867,0.9986240445786895,22.0000000004,0.9545431515709566
185,TAZEWELL COUNTY,110,ADRIA,185,000109,20506.150058370444,1.00005066545714,2,2,14903208.156873867,0.001375955421310566,22.0000000004,0.04545684842904351
185,TAZEWELL COUNTY,111,GAP STORE,185,000103,15063350.953049405,16.0,16,45,15063350.953049405,1.0,16.0,1.0
185,TAZEWELL COUNTY,112,BANDY,185,000112,78068404.0415822,52.98520352398461,55,151,80781794.27921002,0.9664108694064235,55.999999999799996,0.9461643486459616
185,TAZEWELL COUNTY,112,BANDY,185,000302,2710462.1608531065,1.0,1,3,80781794.27921002,0.03355288385257705,55.999999999799996,0.017857142857206635
185,TAZEWELL COUNTY,112,BANDY,027,000701,2928.0767747122823,2.0147964758153893,3,5,80781794.27921002,3.6246740999485965e-05,55.999999999799996,0.03597850849683188
185,TAZEWELL COUNTY,199,ABBS VALLEY101/BOISSEVAIN 103/FALLS MILLS 104/POCAHONTAS 106,185,000101,47098829.66887731,42.478389604132005,46,158,102446513.72231786,0.45974067791646955,126.00000000030613,0.3371300762224508
185,TAZEWELL COUNTY,199,ABBS VALLEY101/BOISSEVAIN 103/FALLS MILLS 104/POCAHONTAS 106,185,000104,28446948.140376963,37.3540754552,40,146,102446513.72231786,0.2776760975730483,126.00000000030613,0.2964609163103908
185,TAZEWELL COUNTY,199,ABBS VALLEY101/BOISSEVAIN 103/FALLS MILLS 104/POCAHONTAS 106,185,000106,17413349.427799672,43.229953122274125,47,96,102446513.72231786,0.16997503180048373,126.00000000030613,0.34309486604896106
185,TAZEWELL COUNTY,199,ABBS VALLEY101/BOISSEVAIN 103/FALLS MILLS 104/POCAHONTAS 106,185,000102,7942967.730652828,0.8030914928,2,4,102446513.72231786,0.07753282607724758,126.00000000030613,0.006373742006333721
185,TAZEWELL COUNTY,199,ABBS VALLEY101/BOISSEVAIN 103/FALLS MILLS 104/POCAHONTAS 106,185,000109,1544418.754611093,2.1344903259,3,9,102446513.72231786,0.01507536663275095,126.00000000030613,0.016940399411863604
185,TAZEWELL COUNTY,203,BURKES GARDEN,185,000203,93467605.72444063,25.048317123216698,26,91,112582800.26545152,0.8302121239128851,26.99999999980057,0.9277154490148783
185,TAZEWELL COUNTY,203,BURKES GARDEN,185,000214,12453264.548480645,0.6155828748838712,2,21,112582800.26545152,0.11061427250981427,26.99999999980057,0.02279936573660808
185,TAZEWELL COUNTY,203,BURKES GARDEN,185,000209,4286821.2955435775,0.055518044,1,6,112582800.26545152,0.03807705338147537,26.99999999980057,0.00205622385186704
185,TAZEWELL COUNTY,203,BURKES GARDEN,185,000204,2375108.696986667,1.2805819577,2,8,112582800.26545152,0.021096550195825254,26.99999999980057,0.047428961396646624
185,TAZEWELL COUNTY,204,CLEAR FORK,185,000204,41830917.902306624,56.9832476939,59,161,45653802.01947762,0.9162636199381595,60.000000000200004,0.9497207948951675
185,TAZEWELL COUNTY,204,CLEAR FORK,185,000203,3817938.5865174974,1.1556188647,2,9,45653802.01947762,0.08362805325367254,60.000000000200004,0.019260314411602465
185,TAZEWELL COUNTY,204,CLEAR FORK,185,000209,4945.53065349652,1.8611334416,2,3,45653802.01947762,0.00010832680816784048,60.000000000200004,0.031018890693229936
185,TAZEWELL COUNTY,207,FREESTONE,185,000207,133220670.60959023,38.99794305669297,39,148,133228634.09418465,0.999940226929079,38.9999999996,0.9999472578741782
185,TAZEWELL COUNTY,207,FREESTONE,173,000202,4520.748764428912,0.001520239904796864,1,2,133228634.09418465,3.393226084741673e-05,38.9999999996,3.898051037980657e-05
185,TAZEWELL COUNTY,207,FREESTONE,173,000101,3442.735829995886,0.0005367030022361958,2,2,133228634.09418465,2.584081007362185e-05,38.9999999996,1.3761615442094884e-05
185,TAZEWELL COUNTY,209,JEFFERSONVILLE,185,000209,151103393.7504985,300.40352681834344,302,898,172746727.075401,0.8747106026763937,306.00000000184343,0.9817108719494566
185,TAZEWELL COUNTY,209,JEFFERSONVILLE,185,000214,20877146.286679678,2.9991418673,3,9,172746727.075401,0.12085407718067595,306.00000000184343,0.009801117213339648
185,TAZEWELL COUNTY,209,JEFFERSONVILLE,185,000103,663228.0170448319,0.0455709379,4,18,172746727.075401,0.003839308728294135,306.00000000184343,0.00014892463365923355
185,TAZEWELL COUNTY,209,JEFFERSONVILLE,185,000204,96435.63569602149,0.0,1,3,172746727.075401,0.0005582486992875354,306.00000000184343,0.0
185,TAZEWELL COUNTY,209,JEFFERSONVILLE,185,000303,4423.174162722949,2.0,2,2,172746727.075401,2.560496651720822e-05,306.00000000184343,0.006535947712378926
185,TAZEWELL COUNTY,209,JEFFERSONVILLE,185,000102,2100.21131923863,0.5517603783,1,2,172746727.075401,1.2157748831454987e-05,306.00000000184343,0.001803138491165608
185,TAZEWELL COUNTY,214,THOMPSON VALLEY,185,000214,102368020.19495934,50.000000000480235,50,157,102368020.19495934,1.0,50.000000000480235,1.0
185,TAZEWELL COUNTY,301,CEDAR BLUFF,185,000301,58512635.7852321,174.09674608890396,182,543,68582131.78457189,0.8531761008688126,213.00000000030394,0.8173556154396973
185,TAZEWELL COUNTY,301,CEDAR BLUFF,185,000401,6297477.95217096,19.9032539114,30,89,68582131.78457189,0.09182388748066926,213.00000000030394,0.09344250662615775
185,TAZEWELL COUNTY,301,CEDAR BLUFF,185,000303,3766366.648570602,17.0,17,33,68582131.78457189,0.05491760828318079,213.00000000030394,0.07981220657265606
185,TAZEWELL COUNTY,301,CEDAR BLUFF,185,000112,5651.398598226747,2.0,2,3,68582131.78457189,8.240336733741011e-05,213.00000000030394,0.009389671361488949
185,TAZEWELL COUNTY,302,BAPTIST VALLEY,185,000302,17824812.283731993,15.0,15,38,17824812.283731993,1.0,15.0,1.0
185,TAZEWELL COUNTY,303,WARDELL,185,000303,39358759.853601344,38.999999999827004,39,215,39358759.853601344,1.0,38.999999999827004,1.0
185,TAZEWELL COUNTY,305,POUNDING MILL,185,000303,35575611.334571205,48.9999999999,49,194,35575611.334571205,1.0,48.9999999999,1.0
185,TAZEWELL COUNTY,401,RICHLANDS,185,000401,24074787.91989638,192.9179164012,193,452,25715208.532824956,0.9362081543754696,193.00000000019998,0.9995746963782388
185,TAZEWELL COUNTY,401,RICHLANDS,185,000402,1639229.9248990584,0.027524133,1,3,25715208.532824956,0.06374554275173828,193.00000000019998,0.0001426120880827538
185,TAZEWELL COUNTY,401,RICHLANDS,185,000301,1190.6880295172286,0.054559466,1,1,25715208.532824956,4.6302872792080957e-05,193.00000000019998,0.00028269153367846357
185,TAZEWELL COUNTY,402,JEWELL RIDGE,185,000402,49897816.88816163,29.483066048917316,33,132,64119282.33620547,0.7782029846579619,44.00000000004002,0.6700696829293296
185,TAZEWELL COUNTY,402,JEWELL RIDGE,185,000401,14194243.650924206,12.480123361,14,41,64119282.33620547,0.22137246603131913,44.00000000004002,0.28363916729519656
185,TAZEWELL COUNTY,402,JEWELL RIDGE,027,000701,27140.80740482177,2.0368105901226974,4,13,64119282.33620547,0.0004232862005926803,44.00000000004002,0.04629114977547375
185,TAZEWELL COUNTY,402,JEWELL RIDGE,185,000301,80.98971481257145,0.0,1,1,64119282.33620547,1.2631101263408864e-06,44.00000000004002,0.0
185,TAZEWELL COUNTY,404,RAVEN,185,000401,40009994.83368964,74.3033628553759,78,292,48122205.84128261,0.8314247889145233,79.99999999969182,0.9287920356957766
185,TAZEWELL COUNTY,404,RAVEN,185,000402,8097330.586402928,2.4738608415079875,4,23,48122205.84128261,0.16826598957474365,79.99999999969182,0.030923260518968966
185,TAZEWELL COUNTY,404,RAVEN,027,000702,11326.806198362417,1.2009575280466764,5,9,48122205.84128261,0.0002353758727461634,79.99999999969182,0.015011969100641285
185,TAZEWELL COUNTY,404,RAVEN,027,000701,3057.199810664508,0.00431390249201276,2,5,48122205.84128261,6.35299184070616e-05,79.99999999969182,5.392378115036723e-05
185,TAZEWELL COUNTY,404,RAVEN,167,000402,496.4151810152797,2.0175048722692503,5,10,48122205.84128261,1.0315719579700144e-05,79.99999999969182,0.025218810903462778
185,TAZEWELL COUNTY,501,SPRINGVILLE,185,000501,75874087.1274158,77.87118491046387,82,237,87068540.49543941,0.8714294129162534,92.0000000005,0.8464259229352246
185,TAZEWELL COUNTY,501,SPRINGVILLE,185,000102,4438029.646503622,12.119175588600001,16,62,87068540.49543941,0.05097167841852227,92.0000000005,0.13173016944058843
185,TAZEWELL COUNTY,501,SPRINGVILLE,185,000209,3263873.984873943,1.9854410657000001,4,8,87068540.49543941,0.037486260436912944,92.0000000005,0.02158088114879576
185,TAZEWELL COUNTY,501,SPRINGVILLE,185,000502,3090767.250795115,0.02104851603613813,2,6,87068540.49543941,0.035498094181985365,92.0000000005,0.00022878821778286672
185,TAZEWELL COUNTY,501,SPRINGVILLE,185,000204,401782.48585092725,0.0031499197,1,8,87068540.49543941,0.0046145540463259785,92.0000000005,3.423825760850958e-05
185,TAZEWELL COUNTY,502,GRAHAM,185,000502,27027078.511368845,185.49547198192806,192,444,35693114.00714656,0.7572070765794606,218.0000000004,0.8508966604659987
185,TAZEWELL COUNTY,502,GRAHAM,185,000104,6236295.342583472,14.032443989,15,43,35693114.00714656,0.17471984487917827,218.0000000004,0.06436900912373511
185,TAZEWELL COUNTY,502,GRAHAM,185,000501,2429740.1531942408,18.47208402947193,24,45,35693114.00714656,0.06807307854136102,218.0000000004,0.08473433041026622
187,WARREN COUNTY,101,FORK TOWN,187,000101,4374358.381561167,63.76563557011761,64,112,4391768.314578588,0.9960357806308614,65.0000000001,0.9810097780003001
187,WARREN COUNTY,101,FORK TOWN,187,000102,14465.42865836541,0.23436442998239287,2,2,4391768.314578588,0.0032937595114812973,65.0000000001,0.0036056066151081896
187,WARREN COUNTY,101,FORK TOWN,187,000501,2944.504359056301,1.0,1,1,4391768.314578588,0.0006704598576573229,65.0000000001,0.015384615384591715
187,WARREN COUNTY,102,OTTERBURN,187,000102,56095880.973486215,40.949416003397936,41,160,56103406.20628864,0.9998658685218726,41.0000000005,0.9987662439731354
187,WARREN COUNTY,102,OTTERBURN,187,000101,7525.2328024297785,0.05058399710206575,1,4,56103406.20628864,0.00013413147812737033,41.0000000005,0.0012337560268646066
187,WARREN COUNTY,103,WATERLICK,187,000102,24134504.865317214,20.93895452786554,22,76,32519914.90996754,0.742145387899519,37.999999999799996,0.5510251191572565
187,WARREN COUNTY,103,WATERLICK,187,000302,8240730.328469527,15.9999999999,16,51,32519914.90996754,0.253405654697568,37.999999999799996,0.4210526315785319
187,WARREN COUNTY,103,WATERLICK,171,000304,142048.48812597405,0.007154342034458322,3,6,32519914.90996754,0.004368046119408368,37.999999999799996,0.0001882721588025257
187,WARREN COUNTY,103,WATERLICK,187,000301,2414.660528637568,1.0445542311,4,4,32519914.90996754,7.425174805415805e-05,37.999999999799996,0.027488269239618363
187,WARREN COUNTY,103,WATERLICK,187,000101,216.5675261909609,0.0093368989,1,1,32519914.90996754,6.659535450524248e-06,37.999999999799996,0.0002457078657907669
187,WARREN COUNTY,201,HAPPY CREEK,187,000202,36295011.363255896,59.12545647487806,63,167,67982143.19913128,0.5338903667238266,156.99999999949532,0.3765952641724084
187,WARREN COUNTY,201,HAPPY CREEK,187,000201,20460064.435922734,43.0,44,117,67982143.19913128,0.30096233324082944,156.99999999949532,0.27388535031935174
187,WARREN COUNTY,201,HAPPY CREEK,187,000501,9502177.145595271,28.98946611104885,29,63,67982143.19913128,0.13977460401272987,156.99999999949532,0.18464628096268812
187,WARREN COUNTY,201,HAPPY CREEK,061,000402,1161891.5682067394,1.885077413568421,9,17,67982143.19913128,0.017091128839574254,156.99999999949532,0.012006862506843826
187,WARREN COUNTY,201,HAPPY CREEK,187,000402,562998.6861506521,24.0,24,28,67982143.19913128,0.008281567183040009,156.99999999949532,0.15286624203870797
187,WARREN COUNTY,301,NORTH RIVER,187,000301,1966849.8151583695,54.87093807421486,55,79,1977924.642285052,0.994400784089586,59.0,0.9300158995629638
187,WARREN COUNTY,301,NORTH RIVER,187,000302,9094.763228805976,4.0,4,4,1977924.642285052,0.004598134344642676,59.0,0.06779661016949153
187,WARREN COUNTY,301,NORTH RIVER,187,000402,1032.1124108667943,0.114079524185138,2,2,1977924.642285052,0.0005218158411103155,59.0,0.0019335512573752205
187,WARREN COUNTY,301,NORTH RIVER,187,000102,947.9514870096525,0.0149824016,1,1,1977924.642285052,0.00047926572466102925,59.0,0.0002539390101694915
187,WARREN COUNTY,302,RIVERTON,187,000302,45387974.9482032,67.08791714126744,77,293,49193862.032841325,0.9226349197365852,97.0000000007,0.6916280117606526
187,WARREN COUNTY,302,RIVERTON,187,000301,2593877.3893475616,25.041982819354537,32,71,49193862.032841325,0.052727663211640415,97.0000000007,0.2581647713316889
187,WARREN COUNTY,302,RIVERTON,187,000102,1206438.0638496324,4.000133952627169,7,16,49193862.032841325,0.024524158380657867,97.0000000007,0.04123849435668353
187,WARREN COUNTY,302,RIVERTON,069,000503,5001.205497697603,0.8698296291508502,3,6,49193862.032841325,0.00010166320128228292,97.0000000007,0.008967315764377043
187,WARREN COUNTY,302,RIVERTON,069,000502,570.4259432378852,0.0001364583,1,2,49193862.032841325,1.1595469834368252e-05,97.0000000007,1.4067865979279921e-06
187,WARREN COUNTY,303,RELIANCE,187,000302,35356469.02052744,44.0,44,128,35356922.83059637,0.9999871648878748,44.0,1.0
187,WARREN COUNTY,303,RELIANCE,171,000601,453.8100689372863,0.0,1,3,35356922.83059637,1.2835112125328351e-05,44.0,0.0
187,WARREN COUNTY,401,SHENANDOAH,187,000401,54835622.15404959,124.7227809489463,131,345,106567382.56756055,0.5145629068940061,250.99999999989998,0.49690350975695613
187,WARREN COUNTY,401,SHENANDOAH,187,000402,49852990.81789951,57.80836413898347,62,183,106567382.56756055,0.46780721846381274,250.99999999989998,0.23031220772512553
187,WARREN COUNTY,401,SHENANDOAH,187,000301,1141766.0214656992,35.32628317679552,38,65,106567382.56756055,0.010714028945412575,250.99999999989998,0.14074216405103426
187,WARREN COUNTY,401,SHENANDOAH,187,000101,676407.3131740306,30.0,30,54,106567382.56756055,0.006347226485976687,250.99999999989998,0.11952191235064523
187,WARREN COUNTY,401,SHENANDOAH,061,000402,46302.931892723536,2.9807646427,13,14,106567382.56756055,0.0004344944088625697,250.99999999989998,0.011875556345423059
187,WARREN COUNTY,401,SHENANDOAH,043,000401,14066.940582875202,0.15830357574908138,4,4,106567382.56756055,0.00013200043243960863,250.99999999989998,0.0006306915368491812
187,WARREN COUNTY,401,SHENANDOAH,187,000302,226.38849612681173,0.0035035167256277228,1,1,106567382.56756055,2.124369489729075e-06,250.99999999989998,1.3958233966649876e-05
187,WARREN COUNTY,501,SOUTH RIVER,187,000501,51855149.63569224,98.90111654036868,100,246,52243797.20746621,0.9925608858362533,111.00000000076868,0.8910010499070611
187,WARREN COUNTY,501,SOUTH RIVER,157,000501,385621.2503546175,11.0671367402,12,17,52243797.20746621,0.007381187259863033,111.00000000076868,0.09970393459570595
187,WARREN COUNTY,501,SOUTH RIVER,187,000101,2342.9387344164384,1.0317467202,2,3,52243797.20746621,4.4846256582620816e-05,111.00000000076868,0.009295015497232929
187,WARREN COUNTY,501,SOUTH RIVER,187,000504,683.3826849299247,0.0,1,1,52243797.20746621,1.3080647300886887e-05,111.00000000076868,0.0
187,WARREN COUNTY,502,BENTONVILLE,187,000502,83407135.01451845,51.9999747563,52,200,83407318.99271365,0.9999977942200108,52.0000000001,0.9999995145423076
187,WARREN COUNTY,502,BENTONVILLE,139,000101,183.97819518341907,2.52438e-05,1,1,83407318.99271365,2.20577998915768e-06,52.0000000001,4.854576923067587e-07
187,WARREN COUNTY,504,BROWNTOWN,187,000504,68283213.92085014,40.86283006352684,41,106,70554659.50624955,0.967805874179037,45.00000000022684,0.908062890296019
187,WARREN COUNTY,504,BROWNTOWN,187,000501,1809474.0196224414,3.9972300145362,4,19,70554659.50624955,0.02564641417427807,45.00000000022684,0.08882733365591222
187,WARREN COUNTY,504,BROWNTOWN,187,000502,461962.4970170142,0.13993907008816456,5,7,70554659.50624955,0.006547583111447016,45.00000000022684,0.0031097571130546476
187,WARREN COUNTY,504,BROWNTOWN,139,000101,9.06875995214035,8.520756355316401e-07,1,1,70554659.50624955,1.285352380070244e-07,45.00000000022684,1.8935014122829887e-08
191,WASHINGTON COUNTY,101,EAST ABINGDON,191,000101,35623690.10933274,80.00000000029532,80,249,36748333.1282598,0.9693960807691111,81.00000000029532,0.9876543209876993
191,WASHINGTON COUNTY,101,EAST ABINGDON,191,000202,1124643.0189270591,1.0,1,3,36748333.1282598,0.03060391923088883,81.00000000029532,0.012345679012300667
191,WASHINGTON COUNTY,102,WEST ABINGDON,191,000102,12423810.003961826,132.7353745283,141,276,22417001.53299515,0.5542137286146616,171.9999999998997,0.7717172937696362
191,WASHINGTON COUNTY,102,WEST ABINGDON,191,000204,3716037.5752419042,20.005805337757934,24,56,22417001.53299515,0.165768716648939,171.9999999998997,0.11631282173121861
191,WASHINGTON COUNTY,102,WEST ABINGDON,191,000703,3481389.7947628815,13.9090909092,15,42,22417001.53299515,0.15530131403339967,171.9999999998997,0.08086680761167506
191,WASHINGTON COUNTY,102,WEST ABINGDON,191,000202,2661050.942161622,2.5934326027417525,6,22,22417001.53299515,0.11870681894029729,171.9999999998997,0.015078096527577122
191,WASHINGTON COUNTY,102,WEST ABINGDON,191,007022,79735.16076541835,1.0909090909,3,5,22417001.53299515,0.0035569057105187644,171.9999999998997,0.0063424947145385826
191,WASHINGTON COUNTY,102,WEST ABINGDON,191,000101,50030.19666491757,0.665387531,1,1,22417001.53299515,0.0022317969952974797,171.9999999998997,0.003868532156979
191,WASHINGTON COUNTY,102,WEST ABINGDON,191,000302,4947.859436578543,1.0,1,1,22417001.53299515,0.00022071905688617117,171.9999999998997,0.0058139534883754835
191,WASHINGTON COUNTY,201,CLINCHBURG,191,000201,88633615.16887115,84.6523702419731,87,316,90867819.07216837,0.9754125946224946,89.99999999990503,0.9405818915784715
191,WASHINGTON COUNTY,201,CLINCHBURG,191,000402,2185540.86989734,2.311565461786667,6,9,90867819.07216837,0.024051868881782623,89.99999999990503,0.025684060686545624
191,WASHINGTON COUNTY,201,CLINCHBURG,191,000203,46671.80664586636,3.0,5,8,90867819.07216837,0.0005136230529402166,89.99999999990503,0.033333333333368506
191,WASHINGTON COUNTY,201,CLINCHBURG,173,000101,1728.730022203682,0.03606429614524856,4,8,90867819.07216837,1.9024667256850335e-05,89.99999999990503,0.00040071440161429573
191,WASHINGTON COUNTY,201,CLINCHBURG,191,000401,262.49673180515407,0.0,1,1,90867819.07216837,2.888775525653101e-06,89.99999999990503,0.0
191,WASHINGTON COUNTY,202,GREENDALE,191,000202,183868700.37261862,139.2770939770612,145,624,202544387.16787902,0.9077945972416355,168.00000000008095,0.8290303212916316
191,WASHINGTON COUNTY,202,GREENDALE,191,000204,12379467.725030875,24.690826341119735,27,85,202544387.16787902,0.061119776746862635,168.00000000008095,0.1469692044113562
191,WASHINGTON COUNTY,202,GREENDALE,191,007022,6288539.522198608,3.0320796819,4,9,202544387.16787902,0.0310477106284182,168.00000000008095,0.018048093344634163
191,WASHINGTON COUNTY,202,GREENDALE,191,000203,7679.548030927839,1.0,2,2,202544387.16787902,3.7915383083721997e-05,168.00000000008095,0.0059523809523780846
191,WASHINGTON COUNTY,203,HAYTER'S GAP,191,000203,130266698.47306947,80.520453156,81,312,132693064.36338185,0.9817144482874574,86.9999999998,0.9255224500710932
191,WASHINGTON COUNTY,203,HAYTER'S GAP,191,000202,2344713.3004274843,5.4761904763,10,27,132693064.36338185,0.017670202370234315,86.9999999998,0.06294471811853551
191,WASHINGTON COUNTY,203,HAYTER'S GAP,191,000201,81652.58988488323,1.0033563675,5,7,132693064.36338185,0.0006153493423083248,86.9999999998,0.01153283181037134
191,WASHINGTON COUNTY,301,WATAUGA,191,000301,90351405.27793755,100.3413432745,103,459,114241495.88609834,0.790880796659212,138.9999999995,0.7218801674450428
191,WASHINGTON COUNTY,301,WATAUGA,191,000701,12424174.73032957,16.6771767065,18,83,114241495.88609834,0.10875360685680084,138.9999999995,0.1199796885364028
191,WASHINGTON COUNTY,301,WATAUGA,191,000501,6712327.017604828,13.9809982678,14,46,114241495.88609834,0.05875559458970309,138.9999999995,0.10058272135144095
191,WASHINGTON COUNTY,301,WATAUGA,191,000101,3047966.8049899503,7.0,7,19,114241495.88609834,0.026680032341565716,138.9999999995,0.05035971223039697
191,WASHINGTON COUNTY,301,WATAUGA,191,000302,1705622.0552364483,1.0004817507000001,3,9,114241495.88609834,0.014929969552718362,138.9999999995,0.007197710436716539
191,WASHINGTON COUNTY,302,SOUTH ABINGDON,191,000302,20005907.42233819,107.98055897939692,109,264,26433675.53497454,0.7568341147211354,122.00000000081519,0.8850865490055361
191,WASHINGTON COUNTY,302,SOUTH ABINGDON,191,000301,3195869.10436357,0.07187652400676951,3,12,26433675.53497454,0.12090142742862596,122.00000000081519,0.000589151836117125
191,WASHINGTON COUNTY,302,SOUTH ABINGDON,191,000703,2989938.5263591623,1.0000000001,1,9,26433675.53497454,0.11311096417156057,122.00000000081519,0.008196721312240312
191,WASHINGTON COUNTY,302,SOUTH ABINGDON,191,000101,236984.34793172876,11.947564497311502,14,22,26433675.53497454,0.008965243884384275,122.00000000081519,0.09793085653468582
191,WASHINGTON COUNTY,302,SOUTH ABINGDON,191,000102,4976.133981889451,1.0,1,1,26433675.53497454,0.0001882497942938545,122.00000000081519,0.00819672131142064
191,WASHINGTON COUNTY,401,GLADE SPRING,191,000401,59579486.08629883,116.98946814630321,117,369,59584993.89356439,0.9999075638528151,116.99999999941069,0.999909984161474
191,WASHINGTON COUNTY,401,GLADE SPRING,173,000301,5507.80726556035,0.01053185310747843,2,2,59584993.89356439,9.243614718495814e-05,116.99999999941069,9.001583852591006e-05
191,WASHINGTON COUNTY,402,MEADOWVIEW,191,000402,50708929.69076759,85.93437928445117,89,303,55388101.7297936,0.9155202671170611,93.99999999983507,0.9141955243042761
191,WASHINGTON COUNTY,402,MEADOWVIEW,191,000401,4662931.667219043,8.0148787524,10,17,55388101.7297936,0.08418652240451893,93.99999999983507,0.08526466757887301
191,WASHINGTON COUNTY,402,MEADOWVIEW,191,000201,16100.337569883623,0.0005701032838990816,1,4,55388101.7297936,0.00029068224161983065,93.99999999983507,6.064928552128531e-06
191,WASHINGTON COUNTY,402,MEADOWVIEW,191,000101,140.03423708088496,0.0501718597,1,1,55388101.7297936,2.5282368000988863e-06,93.99999999983507,0.0005337431882988089
191,WASHINGTON COUNTY,599,RHEA 501/DAMASCUS 502/GREEN COVE 503,191,000501,189966510.7395454,148.1142783014966,156,589,348433062.1387177,0.5452023110938772,361.0000000000135,0.4102888595609171
191,WASHINGTON COUNTY,599,RHEA 501/DAMASCUS 502/GREEN COVE 503,191,000502,97599896.85121424,148.99378660219654,156,510,348433062.1387177,0.28011089490800933,361.0000000000135,0.4127251706431883
191,WASHINGTON COUNTY,599,RHEA 501/DAMASCUS 502/GREEN COVE 503,191,000504,46307242.61624785,50.890254578120356,52,168,348433062.1387177,0.13290140244444446,361.0000000000135,0.1409702342884168
191,WASHINGTON COUNTY,599,RHEA 501/DAMASCUS 502/GREEN COVE 503,191,000402,14558502.717307031,12.9999999999,16,64,348433062.1387177,0.04178278211586884,361.0000000000135,0.03601108033213162
191,WASHINGTON COUNTY,599,RHEA 501/DAMASCUS 502/GREEN COVE 503,173,000703,909.2144031770875,0.0016805183,1,1,348433062.1387177,2.6094378001795717e-06,361.0000000000135,4.6551753462602145e-06
191,WASHINGTON COUNTY,601,BURSON PLACE,191,000601,115286774.26682003,92.52277280674836,93,290,121280443.02554943,0.9505800885187503,97.00000000014836,0.9538430186248129
191,WASHINGTON COUNTY,601,BURSON PLACE,191,000602,4961839.973842836,1.4772271933999999,5,16,121280443.02554943,0.04091211946511075,97.00000000014836,0.015229146323688046
191,WASHINGTON COUNTY,601,BURSON PLACE,191,007022,1026415.8762581563,3.0,3,3,121280443.02554943,0.008463160676630504,97.00000000014836,0.030927835051499087
191,WASHINGTON COUNTY,601,BURSON PLACE,520,000041,5412.908628407031,0.0,3,3,121280443.02554943,4.4631339508437694e-05,97.00000000014836,0.0
191,WASHINGTON COUNTY,602,MENDOTA,191,000602,80774356.48651764,63.999796349916245,64,225,80774409.66293111,0.999999341667569,64.00000000012332,0.9999968179655144
191,WASHINGTON COUNTY,602,MENDOTA,191,000603,41.176220750551856,0.00020278590708285108,2,4,80774409.66293111,5.097681421922962e-07,64.00000000012332,3.1685297981634428e-06
191,WASHINGTON COUNTY,602,MENDOTA,191,000601,12.000192734403385,8.643e-07,1,1,80774409.66293111,1.485642889187279e-07,64.00000000012332,1.3504687499973979e-08
191,WASHINGTON COUNTY,603,VALLEY INSTITUTE,191,000603,87578323.02785406,85.99999016814786,86,237,87582999.9510462,0.9999466001028195,86.0000000001,0.9999998856749751
191,WASHINGTON COUNTY,603,VALLEY INSTITUTE,520,000002,4468.730146053659,0.0,2,4,87582999.9510462,5.102280292467053e-05,86.0000000001,0.0
191,WASHINGTON COUNTY,603,VALLEY INSTITUTE,520,000001,169.3803911229948,0.0,3,3,87582999.9510462,1.9339414180567986e-06,86.0000000001,0.0
191,WASHINGTON COUNTY,603,VALLEY INSTITUTE,191,000602,38.812654979022405,9.83195214497604e-06,4,4,87582999.9510462,4.4315283788767704e-07,86.0000000001,1.1432502494144892e-07
191,WASHINGTON COUNTY,702,WALLACE,191,000601,15456039.513822014,26.497411231511386,28,89,29278882.600893695,0.5278903476101319,83.0000000001,0.31924591845155975
191,WASHINGTON COUNTY,702,WALLACE,191,007022,9056241.191349741,25.472889192500837,27,64,29278882.600893695,0.30930965893737056,83.0000000001,0.30690227942735115
191,WASHINGTON COUNTY,702,WALLACE,191,007021,4700177.3794,29.02969957608778,31,81,29278882.600893695,0.16053131000486112,83.0000000001,0.34975541657894943
191,WASHINGTON COUNTY,702,WALLACE,191,000703,45051.02380017149,1.0,2,2,29278882.600893695,0.0015386865822125456,83.0000000001,0.012048192771069822
191,WASHINGTON COUNTY,702,WALLACE,520,000041,18886.72026505469,0.0,6,10,29278882.600893695,0.0006450628776549758,83.0000000001,0.0
191,WASHINGTON COUNTY,702,WALLACE,520,000002,2486.7722567150786,1.0,1,1,29278882.600893695,8.493398776902686e-05,83.0000000001,0.012048192771069822
191,WASHINGTON COUNTY,799,HIGH POINT 701/JOHN BATTLE 703,191,000701,33832726.60928294,37.57061120490351,38,159,57649844.46155858,0.5868658783952644,129.0000000001946,0.29124504809958784
191,WASHINGTON COUNTY,799,HIGH POINT 701/JOHN BATTLE 703,191,000703,23781665.12165018,90.42938879529109,91,184,57649844.46155858,0.4125191549737485,129.0000000001946,0.7010030139159277
191,WASHINGTON COUNTY,799,HIGH POINT 701/JOHN BATTLE 703,191,007022,27913.83042513798,1.0,1,1,57649844.46155858,0.0004841961099088683,129.0000000001946,0.00775193798448443
191,WASHINGTON COUNTY,799,HIGH POINT 701/JOHN BATTLE 703,520,000041,7538.900200322378,0.0,4,4,57649844.46155858,0.00013077052107832456,129.0000000001946,0.0
193,WESTMORELAND COUNTY,101,PRECINCT 1-1,193,000101,111881209.91465922,95.9999999999,96,308,111881209.91465922,1.0,95.9999999999,1.0
193,WESTMORELAND COUNTY,101,PRECINCT 1-1,133,000101,0.0,0.0,1,1,111881209.91465922,0.0,95.9999999999,0.0
193,WESTMORELAND COUNTY,102,PRECINCT 1-2,193,000102,59963875.39587559,30.00000000002074,30,104,59963875.39587559,1.0,30.00000000002074,1.0
193,WESTMORELAND COUNTY,201,PRECINCT 2-1,193,000201,108109399.65730515,175.0,175,673,174300571.6417953,0.6202469598291422,216.99999999969998,0.8064516129043408
193,WESTMORELAND COUNTY,201,PRECINCT 2-1,193,000202,23809300.53716736,20.1678595549,31,155,174300571.6417953,0.1365990961067976,216.99999999969998,0.09293944495358472
193,WESTMORELAND COUNTY,201,PRECINCT 2-1,193,000102,23410331.11640461,18.0039341196,19,59,174300571.6417953,0.13431012242756799,216.99999999969998,0.08296743833928522
193,WESTMORELAND COUNTY,201,PRECINCT 2-1,193,000301,16521880.979104567,2.8282063252,4,20,174300571.6417953,0.0947895972083135,216.99999999969998,0.01303320887190742
193,WESTMORELAND COUNTY,201,PRECINCT 2-1,193,000101,2449659.3518136074,1.0,1,5,174300571.6417953,0.014054224428178563,216.99999999969998,0.004608294930881948
193,WESTMORELAND COUNTY,301,PRECINCT 3-1,193,000302,129002729.2655007,65.99418966565743,66,246,230556297.87242502,0.559528108561504,169.0000000005,0.3904981637009597
193,WESTMORELAND COUNTY,301,PRECINCT 3-1,193,000301,83436556.18711862,68.4422972051,69,191,230556297.87242502,0.36189233153495126,169.0000000005,0.4049840071295711
193,WESTMORELAND COUNTY,301,PRECINCT 3-1,193,000202,18106206.57396451,34.5577027953,35,83,230556297.87242502,0.07853269132549706,169.0000000005,0.20448344849229444
193,WESTMORELAND COUNTY,301,PRECINCT 3-1,159,000501,10805.84584121491,0.005810334442571204,3,3,230556297.87242502,4.686857804766699e-05,169.0000000005,3.438067717487582e-05
193,WESTMORELAND COUNTY,401,PRECINCT 4-1,193,000401,65027913.97671252,153.87384157174463,155,360,70924290.78099567,0.9168637889874663,187.00000000016578,0.8228547677626108
193,WESTMORELAND COUNTY,401,PRECINCT 4-1,193,000302,5652805.7687447835,32.1250855016,33,53,70924290.78099567,0.07970197102428363,187.00000000016578,0.17179190107792255
193,WESTMORELAND COUNTY,401,PRECINCT 4-1,193,000501,240792.56985483025,1.0,1,2,70924290.78099567,0.0033950648953031365,187.00000000016578,0.005347593582882959
193,WESTMORELAND COUNTY,401,PRECINCT 4-1,099,000401,2778.4656835330215,0.0010729268211478221,4,6,70924290.78099567,3.917509294682321e-05,187.00000000016578,5.737576583673107e-06
193,WESTMORELAND COUNTY,501,PRECINCT 5-1,193,000501,4684790.3004489355,170.9999999996,171,238,7554383.0305852275,0.6201420131176498,186.9999999996,0.9144385026736138
193,WESTMORELAND COUNTY,501,PRECINCT 5-1,193,000401,2869592.7301362916,16.0,16,32,7554383.0305852275,0.3798579868823501,186.9999999996,0.08556149732638624
195,WISE COUNTY,101,APPALACHIA,195,000101,124037543.88784768,227.99999999937134,228,634,124046945.06155264,0.9999242127752497,228.99999999937134,0.9956331877729138
195,WISE COUNTY,101,APPALACHIA,195,000102,9401.17370496089,1.0,2,2,124046945.06155264,7.578722475024263e-05,228.99999999937134,0.004366812227086223
195,WISE COUNTY,102,DORCHESTER,195,000102,137513589.65129882,118.8045848467874,124,397,137630554.24273774,0.9991501553409963,125.99999999975654,0.9428935305318806
195,WISE COUNTY,102,DORCHESTER,195,000302,94681.09201399623,2.0,2,10,137630554.24273774,0.0006879365743671137,125.99999999975654,0.015873015873046542
195,WISE COUNTY,102,DORCHESTER,720,000001,22143.266080954127,5.1954151529691295,11,15,137630554.24273774,0.0001608891732129499,125.99999999975654,0.041233453595072765
195,WISE COUNTY,102,DORCHESTER,195,000101,140.23334396525806,0.0,1,1,137630554.24273774,1.0189114236794383e-06,125.99999999975654,0.0
195,WISE COUNTY,103,GUEST RIVER,195,000103,39616338.818999834,63.64435853957555,65,215,39911448.83098705,0.9926058807527405,72.00000000003058,0.883949424160396
195,WISE COUNTY,103,GUEST RIVER,195,000401,217609.21149217588,5.998919235014154,7,20,39911448.83098705,0.0054523004768302265,72.00000000003058,0.08331832270849453
195,WISE COUNTY,103,GUEST RIVER,720,000001,58117.0189667608,2.126711029666814,6,17,39911448.83098705,0.0014561490667219035,72.00000000003058,0.02953765318980432
195,WISE COUNTY,103,GUEST RIVER,195,000202,19383.781528279163,0.23001119577407098,5,10,39911448.83098705,0.0004856697037074157,72.00000000003058,0.0031945999413051846
195,WISE COUNTY,104,WEST POUND,195,000104,135701481.66282478,85.9961972860479,86,313,135702557.45176494,0.9999920724490359,85.9961972860479,1.0
195,WISE COUNTY,104,WEST POUND,195,000103,1075.7889401649575,0.0,1,1,135702557.45176494,7.927550964154404e-06,85.9961972860479,0.0
195,WISE COUNTY,201,NORTH COEBURN,195,000201,63430580.37864347,131.4187082900069,133,400,63812347.420463055,0.994017348409014,133.99999999949745,0.9807366290335803
195,WISE COUNTY,201,NORTH COEBURN,195,000202,340007.4901950699,1.0007878336,2,2,63812347.420463055,0.0053282398146982735,133.99999999949745,0.00746856592241607
195,WISE COUNTY,201,NORTH COEBURN,195,000402,19758.13324387867,0.0,1,2,63812347.420463055,0.00030962868539675004,133.99999999949745,0.0
195,WISE COUNTY,201,NORTH COEBURN,195,000401,14565.949017655093,1.534344624574158,5,13,63812347.420463055,0.0002282622346060905,133.99999999949745,0.011450333019253078
195,WISE COUNTY,201,NORTH COEBURN,051,000303,7435.469362985083,0.0461592513164087,5,6,63812347.420463055,0.00011652085628495011,133.99999999949745,0.0003444720247506106
195,WISE COUNTY,202,WISE,195,000202,54264515.22065073,134.91158897534183,136,329,55588290.67417954,0.976186073767084,144.99999999998903,0.9304247515541519
195,WISE COUNTY,202,WISE,195,000103,876271.4836690023,6.077214031502358,11,29,55588290.67417954,0.015763598287364244,144.99999999998903,0.04191182090691598
195,WISE COUNTY,202,WISE,195,000401,422235.0463471056,3.0111969931448326,6,13,55588290.67417954,0.0075957551712096715,144.99999999998903,0.02076687581479352
195,WISE COUNTY,202,WISE,195,000203,22183.09488255915,1.0,2,2,55588290.67417954,0.00039906056857515643,144.99999999998903,0.006896551724138453
195,WISE COUNTY,202,WISE,051,000303,3085.828630138059,0.0,2,3,55588290.67417954,5.551220576694958e-05,144.99999999998903,0.0
195,WISE COUNTY,203,EAST POUND,195,000203,55417194.87106476,36.05959720873354,37,132,93365091.6659658,0.5935536920943857,70.99999999963354,0.5078816508298544
195,WISE COUNTY,203,EAST POUND,195,000104,35483727.724679634,34.231460704,37,120,93365091.6659658,0.3800534770707503,70.99999999963354,0.4821332493546011
195,WISE COUNTY,203,EAST POUND,195,000202,2464169.0702214004,0.7089420869,2,7,93365091.6659658,0.02639283083486394,70.99999999963354,0.009985099815544496
195,WISE COUNTY,301,BIG STONE GAP,195,000101,28186854.89629647,17.0000000001,18,98,59166053.445953846,0.47640248511833216,232.99999999989998,0.07296137339101844
195,WISE COUNTY,301,BIG STONE GAP,195,000301,25713161.262389008,201.20499732310347,208,436,59166053.445953846,0.4345931453054765,232.99999999989998,0.8635407610437332
195,WISE COUNTY,301,BIG STONE GAP,195,000302,5266037.287268368,14.795002676696527,23,33,59166053.445953846,0.08900436957619137,232.99999999989998,0.0634978655652484
195,WISE COUNTY,302,EAST STONE GAP,195,000302,94201322.3190531,170.9122863543548,171,505,97626874.39028263,0.9649117920385814,176.99999999883778,0.9656061376015652
195,WISE COUNTY,302,EAST STONE GAP,195,000301,3125522.5919250874,2.0852007410829843,9,19,97626874.39028263,0.03201498164767824,176.99999999883778,0.011780795147438848
195,WISE COUNTY,302,EAST STONE GAP,195,000102,273795.4228719129,1.0,2,2,97626874.39028263,0.0028045087439485345,176.99999999883778,0.005649717514161391
195,WISE COUNTY,302,EAST STONE GAP,169,000502,23482.804983692768,3.0,4,5,97626874.39028263,0.00024053627784718004,176.99999999883778,0.016949152542484174
195,WISE COUNTY,302,EAST STONE GAP,169,000504,1848.5306643134234,0.0,6,6,97626874.39028263,1.8934649663406803e-05,176.99999999883778,0.0
195,WISE COUNTY,302,EAST STONE GAP,720,000001,902.7207845373235,0.0025129034,2,2,97626874.39028263,9.246642281391901e-06,176.99999999883778,1.4197194350375708e-05
195,WISE COUNTY,401,CLINCH VALLEY,195,000401,99037727.35838,109.01444767064355,110,346,99178548.04541312,0.9985801295763209,113.0000000003,0.964729625401364
195,WISE COUNTY,401,CLINCH VALLEY,195,000202,134074.79016407815,3.7052760321368075,8,14,99178548.04541312,0.001351852722250847,113.0000000003,0.0327900533816546
195,WISE COUNTY,401,CLINCH VALLEY,720,000001,6661.220007818598,0.27964673861932055,5,15,99178548.04541312,6.716391940693137e-05,113.0000000003,0.002474749899279452
195,WISE COUNTY,401,CLINCH VALLEY,195,000201,84.67686121414151,0.0006295589003285265,3,3,99178548.04541312,8.537820212428257e-07,113.0000000003,5.571317702007567e-06
195,WISE COUNTY,402,SOUTH COEBURN,195,000402,100882244.65813904,172.78575923130032,175,548,100927292.31838007,0.9995536622532295,174.99999999991476,0.9873471956079113
195,WISE COUNTY,402,SOUTH COEBURN,051,000302,26107.112801455605,1.1848053548847943,5,10,100927292.31838007,0.00025867247799633267,174.99999999991476,0.006770316313630694
195,WISE COUNTY,402,SOUTH COEBURN,195,000201,9284.185225722227,0.0200201583,1,2,100927292.31838007,9.198884674756567e-05,174.99999999991476,0.00011440090457148429
195,WISE COUNTY,402,SOUTH COEBURN,051,000301,8360.019084080244,0.10802989942964847,3,8,100927292.31838007,8.283209518499869e-05,174.99999999991476,0.0006173137110268633
195,WISE COUNTY,402,SOUTH COEBURN,195,000403,1296.3431297846853,0.9013853559999999,3,3,100927292.31838007,1.2844326841696175e-05,174.99999999991476,0.005150773462859651
195,WISE COUNTY,403,ST. PAUL,195,000403,42545964.232329786,102.27744169509629,103,343,42568707.60233676,0.999465725616586,104.0,0.9834369393759258
195,WISE COUNTY,403,ST. PAUL,051,000301,22743.370006974063,1.722558304903716,6,11,42568707.60233676,0.0005342743834141113,104.0,0.016563060624074193
197,WYTHE COUNTY,101,ROYAL OAK,197,000101,117084856.87087344,72.9984001501,74,229,133948067.89434764,0.8741063511511404,96.0000000002,0.7604000015619574
197,WYTHE COUNTY,101,ROYAL OAK,197,000203,16856723.497557733,22.0015998501,24,79,133948067.89434764,0.12584521570593746,96.0000000002,0.22918333177139752
197,WYTHE COUNTY,101,ROYAL OAK,197,000102,6487.5259164647505,1.0,1,1,133948067.89434764,4.843314292208997e-05,96.0000000002,0.010416666666644965
197,WYTHE COUNTY,102,RURAL RETREAT,197,000102,133424503.43078744,168.6128813362566,170,478,137046873.5681926,0.9735683854502327,171.99999999989998,0.980307449629969
197,WYTHE COUNTY,102,RURAL RETREAT,197,000602,3555359.1331710666,2.3782201405,3,4,137046873.5681926,0.02594265042757046,171.99999999989998,0.013826861281984784
197,WYTHE COUNTY,102,RURAL RETREAT,197,000101,65705.48735793328,1.0086598611,2,3,137046873.5681926,0.00047943806120640285,171.99999999989998,0.0058643015180266655
197,WYTHE COUNTY,102,RURAL RETREAT,173,000501,1305.516876165902,0.00023866204338832844,7,7,137046873.5681926,9.526060990485093e-06,171.99999999989998,1.3875700197003908e-06
197,WYTHE COUNTY,201,EVANSHAM,197,000203,1216122.7802604674,73.0,73,84,1216122.7802604674,1.0,73.0,1.0
197,WYTHE COUNTY,202,PINE RIDGE,197,000203,57585984.43285443,105.9999999999,106,203,57585984.43285443,1.0,105.9999999999,1.0
197,WYTHE COUNTY,301,SPILLER,197,000303,55310052.81117038,100.34574688010358,102,208,68921727.50416566,0.8025053174679554,117.9999999999,0.8503876854253273
197,WYTHE COUNTY,301,SPILLER,197,000203,10533854.91687845,13.149122807,15,34,68921727.50416566,0.15283794092714492,117.9999999999,0.11143324412721307
197,WYTHE COUNTY,301,SPILLER,197,000402,3077819.7761168433,4.505130312796422,8,11,68921727.50416566,0.044656741604899824,117.9999999999,0.03817907044745966
197,WYTHE COUNTY,302,WITHERS,197,000303,13833945.722315079,99.0,99,239,13833945.722315079,1.0,99.0,1.0
197,WYTHE COUNTY,401,FORT CHISWELL,197,000401,99845124.23244482,78.91612803908862,79,258,100010867.0675722,0.9983427517430141,79.99999999994445,0.9864516004892927
197,WYTHE COUNTY,401,FORT CHISWELL,197,000501,165742.8351273867,1.0838719608558243,5,8,100010867.0675722,0.001657248256985941,79.99999999994445,0.013548399510707212
197,WYTHE COUNTY,402,MAX MEADOWS,197,000402,134760031.22856846,94.89691821084722,97,318,178951851.54403988,0.7530518967299098,118.99999999998599,0.7974530942088941
197,WYTHE COUNTY,402,MAX MEADOWS,197,000303,44190636.632360704,24.103081789138777,29,114,178951851.54403988,0.24694148873606614,118.99999999998599,0.202546905791106
197,WYTHE COUNTY,402,MAX MEADOWS,155,000501,1183.6831107117284,0.0,1,2,178951851.54403988,6.614534024088737e-06,118.99999999998599,0.0
197,WYTHE COUNTY,501,JACKSON MEMORIAL,197,000501,80857840.89303908,80.3997816926853,81,315,80997935.2806772,0.9982703955705455,81.0,0.9925898974405591
197,WYTHE COUNTY,501,JACKSON MEMORIAL,197,000502,98320.74024677066,0.22341061280000002,1,8,80997935.2806772,0.0012138672412582592,81.0,0.002758155713580247
197,WYTHE COUNTY,501,JACKSON MEMORIAL,197,000401,40521.75649084359,0.358617626714706,3,9,80997935.2806772,0.0005002813510051339,81.0,0.004427378107588963
197,WYTHE COUNTY,501,JACKSON MEMORIAL,155,000302,1251.8909005058647,0.0181900678,4,5,80997935.2806772,1.545583719100695e-05,81.0,0.00022456873827160495
197,WYTHE COUNTY,502,SHEFFEY,197,000502,69003395.68952233,76.29237364735282,78,278,75325861.72517279,0.9160651349901837,84.00000000045281,0.9082425434159709
197,WYTHE COUNTY,502,SHEFFEY,197,000601,6316068.061116398,7.6842105264,8,18,75325861.72517279,0.08384992772018514,84.00000000045281,0.09147869674236402
197,WYTHE COUNTY,502,SHEFFEY,197,000501,6397.974534066854,0.0234158267,1,4,75325861.72517279,8.493728963114863e-05,84.00000000045281,0.00027875984166516395
197,WYTHE COUNTY,601,HUDDLE,197,000601,86146170.86251925,53.3445686196457,54,204,137600619.87456837,0.6260594679082616,71.9999999998,0.7408967863860261
197,WYTHE COUNTY,601,HUDDLE,197,000602,30069229.532781467,13.0,13,41,137600619.87456837,0.21852539298290563,71.9999999998,0.1805555555560571
197,WYTHE COUNTY,601,HUDDLE,197,000603,21381951.1703914,4.655431380154303,9,33,137600619.87456837,0.15539138697109356,71.9999999998,0.06465876916898937
197,WYTHE COUNTY,601,HUDDLE,197,000502,3268.308876252092,1.0,1,1,137600619.87456837,2.3752137739142173e-05,71.9999999998,0.01388888888892747
197,WYTHE COUNTY,602,ZION,197,000602,152873458.73054513,114.0000000006,114,342,152898847.1127795,0.9998339530826178,116.0000000006,0.9827586206897444
197,WYTHE COUNTY,602,ZION,077,000202,17665.75471196632,0.0,6,6,152898847.1127795,0.0001155388352858927,116.0000000006,0.0
197,WYTHE COUNTY,602,ZION,077,000108,7722.627522391964,2.0,2,2,152898847.1127795,5.050808209623509e-05,116.0000000006,0.01724137931025565
197,WYTHE COUNTY,603,EVERGREEN,197,000603,59716261.98651879,41.1227650919,44,142,65058384.82327691,0.9178872507937396,53.9999999999,0.7615326868884473
197,WYTHE COUNTY,603,EVERGREEN,197,000203,4697641.47258913,11.9999999999,12,34,65058384.82327691,0.07220654932257686,53.9999999999,0.2222222222207819
197,WYTHE COUNTY,603,EVERGREEN,197,000601,644481.3641689849,0.8772349081,2,2,65058384.82327691,0.009906199883683544,53.9999999999,0.016245090890770825
199,YORK COUNTY,101,QUEENS LAKE,199,000103,42488748.97898875,48.00000000019864,48,267,51023207.25977761,0.8327337943038969,74.99999999999864,0.6400000000026602
199,YORK COUNTY,101,QUEENS LAKE,199,000101,8508132.470267266,26.98837375619722,27,87,51023207.25977761,0.166750248116495,74.99999999999864,0.3598449834159695
199,YORK COUNTY,101,QUEENS LAKE,830,000001,26325.81052159417,0.011626243602779432,2,4,51023207.25977761,0.0005159575796080388,74.99999999999864,0.00015501658137039525
199,YORK COUNTY,102,YORKTOWN,199,000302,16549955.674151342,74.51725202064482,76,205,17972948.20309096,0.9208258704771156,79.0000000002,0.9432563546893186
199,YORK COUNTY,102,YORKTOWN,199,000103,906036.2268383934,1.0,1,1,17972948.20309096,0.050411107660265485,79.0000000002,0.012658227848069218
199,YORK COUNTY,102,YORKTOWN,199,000301,516956.30210122175,3.482747979555186,10,12,17972948.20309096,0.02876302186261887,79.0000000002,0.04408541746261226
199,YORK COUNTY,103,WALLER MILL,199,000102,89579445.64007966,68.74794495808297,70,506,89678845.26009353,0.9988916045949792,70.0000000007185,0.9821134993911046
199,YORK COUNTY,103,WALLER MILL,830,000001,95038.91575696555,1.1514270606830002,5,11,89678845.26009353,0.0010597696199290516,70.0000000007185,0.01644895800958831
199,YORK COUNTY,103,WALLER MILL,095,000304,3049.670296378883,0.04859735453612146,1,2,89678845.26009353,3.4006574098205586e-05,70.0000000007185,0.0006942479219374663
199,YORK COUNTY,103,WALLER MILL,095,000402,1284.0331594774389,0.0506668771,1,1,89678845.26009353,1.4318127711762865e-05,70.0000000007185,0.0007238125299925706
199,YORK COUNTY,103,WALLER MILL,199,000101,27.000801038727456,0.0013637503164043835,2,2,89678845.26009353,3.010832817975928e-07,70.0000000007185,1.9482147377005508e-05
199,YORK COUNTY,201,NELSON,199,000303,25598182.06716114,34.94286222945749,38,100,27976879.325978246,0.9149763191562134,43.0000000002,0.8126247030068597
199,YORK COUNTY,201,NELSON,199,000103,907684.5799561001,4.0,4,19,27976879.325978246,0.03244409676218817,43.0000000002,0.09302325581352083
199,YORK COUNTY,201,NELSON,700,000107,857851.4785809296,1.0563167384833454,2,14,27976879.325978246,0.030662872316297333,43.0000000002,0.024565505546010055
199,YORK COUNTY,201,NELSON,700,000110,484300.0893008619,2.0008210322591617,3,3,27976879.325978246,0.017310725891116797,43.0000000002,0.0465307216802292
199,YORK COUNTY,201,NELSON,700,000104,128861.11097921616,1.0,1,2,27976879.325978246,0.004605985874184357,43.0000000002,0.02325581395338021
199,YORK COUNTY,202,MAGRUDER,199,000103,38435570.006851755,38.87486223498582,40,386,38479546.06377239,0.9988571575962005,39.9999999999,0.9718715558770752
199,YORK COUNTY,202,MAGRUDER,700,000110,23147.611715329855,0.007425575,1,3,38479546.06377239,0.000601556257367672,39.9999999999,0.00018563937500046411
199,YORK COUNTY,202,MAGRUDER,095,000502,17326.950843473584,1.1177121899141778,2,5,38479546.06377239,0.00045028989725496036,39.9999999999,0.0279428047479243
199,YORK COUNTY,202,MAGRUDER,095,000503,3501.4943618309994,0.0,1,2,38479546.06377239,9.099624917684713e-05,39.9999999999,0.0
199,YORK COUNTY,203,COVENTRY,199,000202,13467580.05421062,22.251734772356915,29,94,19250904.17463054,0.6995816888413288,86.99999999970802,0.2557670663497884
199,YORK COUNTY,203,COVENTRY,199,000201,5283732.989590476,57.6793540473,58,152,19250904.17463054,0.2744667440895347,86.99999999970802,0.6629810810056733
199,YORK COUNTY,203,COVENTRY,700,000211,215101.2268212992,5.575954905129675,7,14,19250904.17463054,0.011173564881423414,86.99999999970802,0.06409143569136078
199,YORK COUNTY,203,COVENTRY,700,000218,145915.71651076782,1.1517105165814567,3,7,19250904.17463054,0.007579681202873589,86.99999999970802,0.013238051914773815
199,YORK COUNTY,203,COVENTRY,199,000501,81800.51154196946,0.1417464947,5,7,19250904.17463054,0.004249177638615479,86.99999999970802,0.0016292700540284563
199,YORK COUNTY,203,COVENTRY,700,000319,29963.732841713587,0.020539789839976282,2,2,19250904.17463054,0.0015564844419723805,86.99999999970802,0.00023608953839132432
199,YORK COUNTY,203,COVENTRY,650,000216,25237.474828142167,0.1724682247,1,1,19250904.17463054,0.0013109760767185637,86.99999999970802,0.001982393387362975
199,YORK COUNTY,203,COVENTRY,199,000401,1572.4682855507867,0.0064912491,3,3,19250904.17463054,8.168282753300678e-05,86.99999999970802,7.461205862094005e-05
199,YORK COUNTY,301,SEAFORD,199,000301,35151411.01011234,49.26089240835493,50,164,35178199.428569645,0.999238493757712,50.0000000001,0.985217848165128
199,YORK COUNTY,301,SEAFORD,199,000403,26788.41845730971,0.7391075917450752,3,6,35178199.428569645,0.0007615062422880504,50.0000000001,0.01478215183487194
199,YORK COUNTY,302,HARRIS GROVE,199,000301,221680876.7192216,19.0000000003,19,140,233094570.90482625,0.951034062521066,78.0000000003974,0.24358974359234864
199,YORK COUNTY,302,HARRIS GROVE,199,000302,6134559.357650798,31.999999999997407,32,118,233094570.90482625,0.02631789892762269,78.0000000003974,0.4102564102542868
199,YORK COUNTY,302,HARRIS GROVE,199,000403,5279134.827953867,27.000000000100002,27,61,233094570.90482625,0.022648038551311284,78.0000000003974,0.3461538461533646
199,YORK COUNTY,303,EDGEHILL,199,000303,4869410.7554717725,39.000000000200004,39,72,4869410.7554717725,1.0,39.000000000200004,1.0
199,YORK COUNTY,401,HARWOODS MILL,199,000402,12978627.943980388,43.96628387838116,44,150,13512260.442243153,0.9605075330997559,45.999999999799996,0.9557887799689635
199,YORK COUNTY,401,HARWOODS MILL,199,000403,442771.08332775004,1.0337161214188377,3,13,13512260.442243153,0.03276809866271688,45.999999999799996,0.022472089596159397
199,YORK COUNTY,401,HARWOODS MILL,199,000401,90861.4149350146,1.0,1,1,13512260.442243153,0.006724368237527163,45.999999999799996,0.02173913043487713
199,YORK COUNTY,402,DARE,199,000401,10269207.349658318,54.9999999997,55,124,10269207.349658318,1.0,54.9999999997,1.0
199,YORK COUNTY,501,TABB,199,000501,7608895.919036278,22.248479542747447,23,72,7721329.569783836,0.9854385634324496,24.0000000005,0.9270199809284975
199,YORK COUNTY,501,TABB,199,000401,73294.19776759154,1.2107139622,2,6,7721329.569783836,0.00949243224307073,24.0000000005,0.050446415090615704
199,YORK COUNTY,501,TABB,735,000001,35684.459319955604,0.5407829339340319,2,3,7721329.569783836,0.004621543349166304,24.0000000005,0.0225326222467819
199,YORK COUNTY,501,TABB,735,000003,3454.993660011506,2.356161852114416e-05,2,3,7721329.569783836,0.0004474609753133787,24.0000000005,9.817341050272207e-07
199,YORK COUNTY,502,BETHEL,199,000502,5870126.706601694,45.075539969,47,98,8702701.827229409,0.6745177328993366,71.9999999999,0.6260491662369806
199,YORK COUNTY,502,BETHEL,199,000501,2477431.835023299,12.80417002972011,19,37,8702701.827229409,0.2846738730346704,71.9999999999,0.17783569485747075
199,YORK COUNTY,502,BETHEL,199,000201,213732.2175023526,13.9691068926,14,31,8702701.827229409,0.024559294543864244,71.9999999999,0.1940153735086028
199,YORK COUNTY,502,BETHEL,735,000001,141411.06810206268,0.15118310857988992,4,5,8702701.827229409,0.016249099522128784,71.9999999999,0.002099765396945832
510,ALEXANDRIA CITY,101,ANNIE B. ROSE HOUSE,510,000101,1377590.6868595907,42.7962275819,44,64,2045366.1202443766,0.6735178964903353,66.0,0.6484276906348485
510,ALEXANDRIA CITY,101,ANNIE B. ROSE HOUSE,510,000109,667205.4769846532,23.2037724181,25,49,2045366.1202443766,0.3262034461121008,66.0,0.35157230936515155
510,ALEXANDRIA CITY,101,ANNIE B. ROSE HOUSE,510,000110,569.9564001327458,0.0,1,2,2045366.1202443766,0.0002786573975639376,66.0,0.0
510,ALEXANDRIA CITY,102,CITY HALL,510,000102,744754.4701456501,70.4735832905,71,79,762677.3789745253,0.9765000125571132,71.0,0.9925856801478874
510,ALEXANDRIA CITY,102,CITY HALL,510,000101,15373.66307081328,0.5264167095,1,1,762677.3789745253,0.020157491876164307,71.0,0.0074143198521126755
510,ALEXANDRIA CITY,102,CITY HALL,510,000103,2549.2457580619134,0.0,1,1,762677.3789745253,0.0033424955667225352,71.0,0.0
510,ALEXANDRIA CITY,103,LYLES CROUCH SCHOOL,510,000103,1252851.9740824243,39.9746471837,40,60,1266479.0680846071,0.9892401743182443,41.0,0.9749913947243902
510,ALEXANDRIA CITY,103,LYLES CROUCH SCHOOL,510,000102,13627.094002182732,1.0253528163,2,2,1266479.0680846071,0.010759825681755661,41.0,0.025008605275609757
510,ALEXANDRIA CITY,104,JEFFERSON HOUSTON SCHOOL,510,000104,580664.958779906,39.0,39,44,1206081.7357742381,0.48144743557297226,81.0,0.48148148148148145
510,ALEXANDRIA CITY,104,JEFFERSON HOUSTON SCHOOL,510,000110,522827.2745933939,34.0,34,41,1206081.7357742381,0.43349240692859636,81.0,0.41975308641975306
510,ALEXANDRIA CITY,104,JEFFERSON HOUSTON SCHOOL,510,000109,102589.50240093804,8.0,8,13,1206081.7357742381,0.08506015749843125,81.0,0.09876543209876543
510,ALEXANDRIA CITY,105,LEE CENTER,510,000105,1057388.6145886634,28.983467649812194,30,75,3347059.7251776033,0.31591566969500545,113.0000000000122,0.25649086415760236
510,ALEXANDRIA CITY,105,LEE CENTER,510,000112,914298.7142785961,19.857667298179965,21,88,3347059.7251776033,0.2731647443877271,113.0000000000122,0.17573156901042322
510,ALEXANDRIA CITY,105,LEE CENTER,510,000205,582937.051969623,13.155744492983338,15,25,3347059.7251776033,0.1741639229155646,113.0000000000122,0.11642251763700813
510,ALEXANDRIA CITY,105,LEE CENTER,510,000104,352056.72535352013,28.0,28,31,3347059.7251776033,0.10518387906413565,113.0000000000122,0.2477876106194423
510,ALEXANDRIA CITY,105,LEE CENTER,510,000103,307906.5906894933,22.0109490739,23,29,3347059.7251776033,0.09199315697097547,113.0000000000122,0.19478715994599669
510,ALEXANDRIA CITY,105,LEE CENTER,059,000621,73780.68149153604,0.15146633962226932,4,18,3347059.7251776033,0.0220434314143053,113.0000000000122,0.0013404100851526813
510,ALEXANDRIA CITY,105,LEE CENTER,059,000402,58691.34680617155,0.8407051455144252,2,17,3347059.7251776033,0.017535195552286487,113.0000000000122,0.007439868544374641
510,ALEXANDRIA CITY,106,CORA KELLY CENTER,510,000106,1498745.0419480097,36.0,36,48,2957723.8486576127,0.50672243882005,80.0,0.45
510,ALEXANDRIA CITY,106,CORA KELLY CENTER,510,000111,773074.6310235534,1.3460953005,13,68,2957723.8486576127,0.2613748512642313,80.0,0.01682619125625
510,ALEXANDRIA CITY,106,CORA KELLY CENTER,510,000107,481279.01022666204,31.5776115856,32,33,2957723.8486576127,0.16271938654621002,80.0,0.39472014482
510,ALEXANDRIA CITY,106,CORA KELLY CENTER,510,000108,204625.16545938773,11.0762931139,12,18,2957723.8486576127,0.0691833233695088,80.0,0.13845366392375
510,ALEXANDRIA CITY,107,MT. VERNON RECREATION CENTER,510,000107,857107.5586201067,36.0,36,41,962618.154181667,0.8903920572210108,44.0,0.8181818181818182
510,ALEXANDRIA CITY,107,MT. VERNON RECREATION CENTER,510,000108,105510.59556156037,8.0,8,8,962618.154181667,0.1096079427789892,44.0,0.18181818181818182
510,ALEXANDRIA CITY,108,GEORGE WASHINGTON SCHOOL,510,000108,1071381.1676075018,52.0,52,62,1071381.1676075018,1.0,52.0,1.0
510,ALEXANDRIA CITY,202,GEORGE MASON SCHOOL,510,000202,1671304.8436917095,52.9999999999,53,74,1671304.8436917095,1.0,52.9999999999,1.0
510,ALEXANDRIA CITY,203,AGUDAS ACHIM SYNAGOGUE,510,000203,1057826.5516844864,26.0,26,46,1057826.5516844864,1.0,26.0,1.0
510,ALEXANDRIA CITY,207,TEMPLE BETH EL SYNAGOGUE,510,000207,3273047.6806088164,39.240137204724476,40,76,3439504.5009094626,0.9516044185269616,40.000000000081585,0.981003430116111
510,ALEXANDRIA CITY,207,TEMPLE BETH EL SYNAGOGUE,059,000423,106923.6827202199,0.34451535593104965,1,5,3439504.5009094626,0.031086943683878737,40.000000000081585,0.008612883898258674
510,ALEXANDRIA CITY,207,TEMPLE BETH EL SYNAGOGUE,510,000302,31913.41678362576,0.3263548262,3,3,3439504.5009094626,0.009278492519834562,40.000000000081585,0.00815887065498336
510,ALEXANDRIA CITY,207,TEMPLE BETH EL SYNAGOGUE,059,000402,27619.720796800706,0.08899261322605556,1,4,3439504.5009094626,0.008030145269325157,40.000000000081585,0.0022248153306468513
510,ALEXANDRIA CITY,207,TEMPLE BETH EL SYNAGOGUE,510,000308,0.0,0.0,2,4,3439504.5009094626,0.0,40.000000000081585,0.0
510,ALEXANDRIA CITY,208,HERMITAGE,510,000208,813502.3466508775,16.9998925901,17,42,1205619.6199147892,0.6747587159442331,22.0000000001,0.7727223904555786
510,ALEXANDRIA CITY,208,HERMITAGE,510,000210,391957.27235439874,5.0,5,8,1205619.6199147892,0.3251085714597955,22.0000000001,0.22727272727169423
510,ALEXANDRIA CITY,208,HERMITAGE,510,000206,160.00090951281362,0.00010741,1,5,1205619.6199147892,0.00013271259597129166,22.0000000001,4.882272727250536e-06
510,ALEXANDRIA CITY,209,SOUTHERN TOWERS-STRATFORD,510,000210,252659.0106779796,9.0501403642,10,37,438038.6172969273,0.5767962017529451,10.0,0.9050140364200001
510,ALEXANDRIA CITY,209,SOUTHERN TOWERS-STRATFORD,510,000305,185379.60661894773,0.9498596358,1,9,438038.6172969273,0.4232037982470549,10.0,0.09498596358
510,ALEXANDRIA CITY,298,MAURY SCHOOL 201/BLESSED SACRAMENT CHURCH 204,510,000204,1362964.0332011909,56.0,56,66,2586841.8814634965,0.5268833951420714,104.0,0.5384615384615384
510,ALEXANDRIA CITY,298,MAURY SCHOOL 201/BLESSED SACRAMENT CHURCH 204,510,000201,1223877.8482623056,48.0,48,56,2586841.8814634965,0.4731166048579286,104.0,0.46153846153846156
510,ALEXANDRIA CITY,299,SECOND PRESBYTERIAN 205/HOWARD 9TH GRADE CENTER 206,510,000206,3148744.139996626,24.351352852,25,92,5404753.228332553,0.5825879567434128,72.00000000000745,0.3382132340555206
510,ALEXANDRIA CITY,299,SECOND PRESBYTERIAN 205/HOWARD 9TH GRADE CENTER 206,510,000205,2256009.088335927,47.64864714800745,48,86,5404753.228332553,0.4174120432565872,72.00000000000745,0.6617867659444795
510,ALEXANDRIA CITY,301,JAMES K. POLK SCHOOL,510,000209,1354750.585153838,15.9999999999,16,28,1354750.585153838,1.0,15.9999999999,1.0
510,ALEXANDRIA CITY,302,PATRICK HENRY SCHOOL,510,000302,800618.5739017319,16.0,16,21,1048689.6602634806,0.7634466174679156,19.0,0.8421052631578947
510,ALEXANDRIA CITY,302,PATRICK HENRY SCHOOL,510,000209,248071.08636174866,3.0,3,5,1048689.6602634806,0.2365533825320843,19.0,0.15789473684210525
510,ALEXANDRIA CITY,303,LANDMARK CENTER,510,000303,525026.9957606505,3.0,4,14,1177077.9292176212,0.4460426813963157,16.0,0.1875
510,ALEXANDRIA CITY,303,LANDMARK CENTER,510,000309,420076.1037765364,5.0,6,16,1177077.9292176212,0.3568804523042515,16.0,0.3125
510,ALEXANDRIA CITY,303,LANDMARK CENTER,510,000209,220233.73903942344,7.0,7,12,1177077.9292176212,0.18710208863215042,16.0,0.4375
510,ALEXANDRIA CITY,303,LANDMARK CENTER,510,000304,8144.095004007584,0.0,2,5,1177077.9292176212,0.0069189089369985825,16.0,0.0
510,ALEXANDRIA CITY,303,LANDMARK CENTER,510,000306,3596.9956370033638,1.0,1,2,1177077.9292176212,0.0030558687302838228,16.0,0.0625
510,ALEXANDRIA CITY,304,CHARLES E. BEATLEY JR. LIBRARY,510,000308,1773523.593321297,31.7746266224,32,81,2845693.2194274506,0.6232307759717428,40.0000000001,0.794365665558014
510,ALEXANDRIA CITY,304,CHARLES E. BEATLEY JR. LIBRARY,510,000304,761722.4697394371,3.2253733777,6,15,2845693.2194274506,0.2676755401949809,40.0000000001,0.08063433444229841
510,ALEXANDRIA CITY,304,CHARLES E. BEATLEY JR. LIBRARY,510,000303,306801.05124163814,5.0,5,12,2845693.2194274506,0.10781241250712403,40.0000000001,0.1249999999996875
510,ALEXANDRIA CITY,304,CHARLES E. BEATLEY JR. LIBRARY,510,000207,3646.105125078275,0.0,3,3,2845693.2194274506,0.0012812713261522498,40.0000000001,0.0
510,ALEXANDRIA CITY,305,JOHN ADAMS SCHOOL,510,000305,1494904.5945927012,11.0,11,30,2035221.5393581807,0.7345168895294457,30.0,0.36666666666666664
510,ALEXANDRIA CITY,305,JOHN ADAMS SCHOOL,510,000210,330121.07220989827,17.0,17,23,2035221.5393581807,0.1622039988403444,30.0,0.5666666666666667
510,ALEXANDRIA CITY,305,JOHN ADAMS SCHOOL,510,000306,208919.63814343046,2.0,2,5,2035221.5393581807,0.10265203767906,30.0,0.06666666666666667
510,ALEXANDRIA CITY,305,JOHN ADAMS SCHOOL,059,000520,1276.2344121508506,0.0,2,2,2035221.5393581807,0.0006270739511499661,30.0,0.0
510,ALEXANDRIA CITY,306,WILLIAM RAMSAY SCHOOL,510,000306,1126677.3130492452,16.0,16,43,1143975.125475393,0.9848792058140605,16.0,1.0
510,ALEXANDRIA CITY,306,WILLIAM RAMSAY SCHOOL,510,000303,8737.355799877103,0.0,1,1,1143975.125475393,0.007637714846506114,16.0,0.0
510,ALEXANDRIA CITY,306,WILLIAM RAMSAY SCHOOL,510,000309,8560.456626270712,0.0,2,2,1143975.125475393,0.00748307933943346,16.0,0.0
510,ALEXANDRIA CITY,307,SOUTH PORT,510,000307,859885.4990951613,7.0,7,17,1021662.8537644413,0.8416528954995363,11.0,0.6363636363636364
510,ALEXANDRIA CITY,307,SOUTH PORT,510,000309,161777.35466928003,4.0,4,5,1021662.8537644413,0.15834710450046377,11.0,0.36363636363636365
515,BEDFORD CITY,1,WARD ONE,019,000704,6434270.346305473,40.0,40,83,8834520.026521184,0.7283101206392454,61.00000000005882,0.6557377049174005
515,BEDFORD CITY,1,WARD ONE,019,000604,2390440.69336486,19.993634159458818,21,36,8834520.026521184,0.2705795771800584,61.00000000005882,0.32776449441704164
515,BEDFORD CITY,1,WARD ONE,019,000703,9808.98685084983,1.0063658406,3,4,8834520.026521184,0.001110302180696099,61.00000000005882,0.016497800665557862
515,BEDFORD CITY,2,WARD TWO,019,000604,5068375.485600997,58.33945245848315,59,124,9040979.422719192,0.5606002678055667,98.0,0.5953005352906444
515,BEDFORD CITY,2,WARD TWO,019,000704,3849895.1434789835,38.929282808866276,39,68,9040979.422719192,0.42582722108674786,98.0,0.39723757968230894
515,BEDFORD CITY,2,WARD TWO,019,000302,122708.79363921101,0.7312647326505708,9,12,9040979.422719192,0.013572511107685361,98.0,0.007461885027046641
520,BRISTOL CITY,1,WARD 1,520,000001,5951986.7109432565,136.34702760665942,143,277,6164746.01457578,0.9654877422152541,149.9999999996,0.9089801840468201
520,BRISTOL CITY,1,WARD 1,191,000603,212759.303632524,13.652972392940567,17,33,6164746.01457578,0.03451225778474586,149.9999999996,0.09101981595317984
520,BRISTOL CITY,2,WARD 2,520,000002,6625541.680900918,160.9110058649,162,297,7270245.140607276,0.9113230094394718,206.0000000002,0.7811213876929309
520,BRISTOL CITY,2,WARD 2,520,000003,625949.3180296371,44.0,44,92,7270245.140607276,0.08609741568870292,206.0000000002,0.21359223300950136
520,BRISTOL CITY,2,WARD 2,520,000041,18665.552783109204,1.0817918202,2,3,7270245.140607276,0.0025673897402516046,206.0000000002,0.0052514166029075235
520,BRISTOL CITY,2,WARD 2,520,000001,83.62791702243453,0.0,2,3,7270245.140607276,1.150276440547219e-05,206.0000000002,0.0
520,BRISTOL CITY,2,WARD 2,191,000601,4.960976588296978,0.0072023150999999995,2,2,7270245.140607276,6.823671681423651e-07,206.0000000002,3.496269466016023e-05
520,BRISTOL CITY,3,WARD 3,520,000003,5087196.801042099,95.569543894,96,174,5095972.180715294,0.9982779773197342,95.99999999990001,0.9955160822302036
520,BRISTOL CITY,3,WARD 3,520,000002,8775.379673195452,0.4304561059,1,1,5095972.180715294,0.001722022680265829,95.99999999990001,0.0044839177697963365
520,BRISTOL CITY,4,WARD 4,520,000041,15173881.491424978,105.55914015368049,121,275,15535972.454037096,0.9766933828131223,124.0000000004,0.8512833883333869
520,BRISTOL CITY,4,WARD 4,520,000042,154375.46210054416,1.0,1,1,15535972.454037096,0.00993664622908294,124.0000000004,0.008064516129006244
520,BRISTOL CITY,4,WARD 4,191,007021,90915.72452582854,6.6154330976999995,8,12,15535972.454037096,0.005851949390023774,124.0000000004,0.05335026691676339
520,BRISTOL CITY,4,WARD 4,191,007022,62279.098342305755,3.709365394378497,5,7,15535972.454037096,0.004008702932922763,124.0000000004,0.029914237051342996
520,BRISTOL CITY,4,WARD 4,191,000703,38665.51904676674,6.077157337117967,8,11,15535972.454037096,0.002488773661330696,124.0000000004,0.04900933336369648
520,BRISTOL CITY,4,WARD 4,191,000601,12975.326074218789,1.0385497501191778,4,6,15535972.454037096,0.0008351795236896863,124.0000000004,0.008375401210611514
520,BRISTOL CITY,4,WARD 4,191,000701,2879.832522453282,0.000354267403865613,1,3,15535972.454037096,0.00018536544982769609,124.0000000004,2.856995192455405e-06
530,BUENA VISTA CITY,1,FIRST WARD,530,000001,8995881.058364816,179.31757392028297,183,412,10867235.8682678,0.8277984546772084,183.00000000012824,0.9798774531156137
530,BUENA VISTA CITY,1,FIRST WARD,530,000002,1806647.1207404565,1.649764525789559,4,34,10867235.8682678,0.1662471618947597,183.00000000012824,0.009015106698297283
530,BUENA VISTA CITY,1,FIRST WARD,163,000301,44600.39440324318,0.07918910278882738,7,8,10867235.8682678,0.004104115797603676,183.00000000012824,0.0004327273376435622
530,BUENA VISTA CITY,1,FIRST WARD,163,000102,20107.294759285294,1.9534724512668982,5,9,10867235.8682678,0.0018502676304283001,183.00000000012824,0.010674712848445515
530,BUENA VISTA CITY,2,SECOND WARD,530,000002,6677263.871219335,122.52828009793316,123,282,6721006.42828052,0.9934916656414542,124.00000000012058,0.9881312911114033
530,BUENA VISTA CITY,2,SECOND WARD,530,000001,20382.24217740494,0.41189110403822526,2,4,6721006.42828052,0.003032617569243936,124.00000000012058,0.0033217024519179416
530,BUENA VISTA CITY,2,SECOND WARD,163,000402,16591.683678110974,1.0594847071097353,8,10,6721006.42828052,0.002468630830093661,124.00000000012058,0.00854423150894117
530,BUENA VISTA CITY,2,SECOND WARD,163,000301,6768.631205668853,0.0003440910394502717,2,3,6721006.42828052,0.0010070859592081237,124.00000000012058,2.774927737499493e-06
540,CHARLOTTESVILLE CITY,101,RECREATION,540,000101,3829883.5848328103,104.2671532848,107,157,6363715.182300474,0.6018313948878387,128.0,0.8145871350375
540,CHARLOTTESVILLE CITY,101,RECREATION,540,000202,2525319.2882231423,21.645144100536857,22,39,6363715.182300474,0.39683097308422327,128.0,0.1691026882854442
540,CHARLOTTESVILLE CITY,101,RECREATION,003,000105,7924.445458397548,1.087702614663143,3,6,6363715.182300474,0.0012452545771435473,128.0,0.008497676677055805
540,CHARLOTTESVILLE CITY,101,RECREATION,003,000406,587.8637861236396,1.0,1,1,6363715.182300474,9.237745079457307e-05,128.0,0.0078125
540,CHARLOTTESVILLE CITY,102,CLARK,540,000102,2230699.3721839604,94.0,94,118,2230828.967402246,0.999941907147442,94.0,1.0
540,CHARLOTTESVILLE CITY,102,CLARK,540,000101,129.5952182856202,0.0,1,1,2230828.967402246,5.809285255809241e-05,94.0,0.0
540,CHARLOTTESVILLE CITY,201,CARVER,540,000201,2098331.0904316204,79.9999999999,80,127,2098331.0904316204,1.0,79.9999999999,1.0
540,CHARLOTTESVILLE CITY,202,WALKER,540,000202,4279264.752390761,50.9906802183,51,74,4281468.242546837,0.9994853424032955,51.0,0.999817259182353
540,CHARLOTTESVILLE CITY,202,WALKER,003,000103,2203.490156076377,0.0093197817,1,1,4281468.242546837,0.0005146575967046361,51.0,0.0001827408176470588
540,CHARLOTTESVILLE CITY,301,BENJAMIN TONSLER,540,000301,1739267.880576994,43.917358098815136,45,78,2155184.660411577,0.8070157107766556,55.0000000001,0.7984974199770052
540,CHARLOTTESVILLE CITY,301,BENJAMIN TONSLER,540,000102,382489.30642054114,10.8509152371,11,14,2155184.660411577,0.17747402969520806,55.0000000001,0.197289367946914
540,CHARLOTTESVILLE CITY,301,BENJAMIN TONSLER,003,000407,33427.47341404207,0.23172666418486557,5,7,2155184.660411577,0.015510259528136396,55.0000000001,0.004213212076080804
540,CHARLOTTESVILLE CITY,302,JEFFERSON PARK,540,000302,2917944.7242005356,38.989570292,39,70,3827060.922250745,0.7624505550030424,58.9999999998,0.6608401744429181
540,CHARLOTTESVILLE CITY,302,JEFFERSON PARK,540,000303,574481.6533556298,14.5416974961,15,27,3827060.922250745,0.15011040195769068,58.9999999998,0.24646944908727614
540,CHARLOTTESVILLE CITY,302,JEFFERSON PARK,540,000301,334319.4957504127,5.458302503800001,6,13,3827060.922250745,0.08735672165725415,58.9999999998,0.09251360175963565
540,CHARLOTTESVILLE CITY,302,JEFFERSON PARK,003,000407,315.04894416714484,0.010429707900000001,3,3,3827060.922250745,8.232138201287384e-05,58.9999999998,0.00017677471017009077
540,CHARLOTTESVILLE CITY,401,VENABLE,540,000402,3176185.0329016834,44.7317341876,45,120,4110305.2129230206,0.7727370276337598,81.0,0.5522436319456789
540,CHARLOTTESVILLE CITY,401,VENABLE,540,000401,538829.8182512757,22.0,22,28,4110305.2129230206,0.1310924104996305,81.0,0.2716049382716049
540,CHARLOTTESVILLE CITY,401,VENABLE,540,000201,380903.1640601197,14.0,14,25,4110305.2129230206,0.09267028707808357,81.0,0.1728395061728395
540,CHARLOTTESVILLE CITY,401,VENABLE,003,000202,10002.60510576876,0.2634544707,2,4,4110305.2129230206,0.0024335431525425487,81.0,0.0032525243296296297
540,CHARLOTTESVILLE CITY,401,VENABLE,003,000203,2464.5145337639424,0.0042326022,2,2,4110305.2129230206,0.0005995940462074145,81.0,5.225434814814815e-05
540,CHARLOTTESVILLE CITY,401,VENABLE,003,000201,1825.0780616345573,0.0,1,1,4110305.2129230206,0.0004440249487790867,81.0,0.0
540,CHARLOTTESVILLE CITY,401,VENABLE,540,000202,95.00000877455453,0.0005787395,1,1,4110305.2129230206,2.3112640997040655e-05,81.0,7.1449320987654325e-06
540,CHARLOTTESVILLE CITY,4021,ALUMNI HALL PART 1,540,000303,686688.8460371955,27.0,27,60,999019.4058801292,0.6873628700257604,42.0,0.6428571428571429
540,CHARLOTTESVILLE CITY,4021,ALUMNI HALL PART 1,540,000302,309550.5345039289,13.995778287421599,14,17,999019.4058801292,0.30985437588293596,42.0,0.33323281636718094
540,CHARLOTTESVILLE CITY,4021,ALUMNI HALL PART 1,003,000202,2780.0253390047624,1.0042217125784003,4,5,999019.4058801292,0.002782754091303741,42.0,0.023910040775676197
540,CHARLOTTESVILLE CITY,4022,ALUMNI HALL PART 2,540,000402,532623.1514208558,13.805857488800001,14,21,537627.594565587,0.9906916177753582,14.000000000000002,0.9861326777714285
540,CHARLOTTESVILLE CITY,4022,ALUMNI HALL PART 2,003,000202,5004.443144731244,0.1941425112,1,2,537627.594565587,0.009308382224641809,14.000000000000002,0.013867322228571427
550,CHESAPEAKE CITY,0141,GRASSFIELD PART 1,550,000009,8980304.665566312,5.743879237310758,8,35,11485267.036398508,0.781897768428579,9.000000000172015,0.6382088041334418
550,CHESAPEAKE CITY,0141,GRASSFIELD PART 1,550,000014,2461975.5636365986,3.256120762861258,4,18,11485267.036398508,0.2143594533617925,9.000000000172015,0.3617911958665582
550,CHESAPEAKE CITY,0141,GRASSFIELD PART 1,550,000041,42986.8071955972,0.0,1,1,11485267.036398508,0.0037427782096285315,9.000000000172015,0.0
550,CHESAPEAKE CITY,0142,GRASSFIELD PART 2,550,000014,1569993.9746599314,11.9739286512,12,37,1571194.9105061563,0.999235654444783,12.0,0.9978273876
550,CHESAPEAKE CITY,0142,GRASSFIELD PART 2,550,000046,1200.9358462248963,0.0260713488,2,4,1571194.9105061563,0.0007643455552169641,12.0,0.0021726124
550,CHESAPEAKE CITY,1,GREAT BRIDGE,550,000001,4519071.484154879,48.7841979291,49,80,4553690.705999095,0.9923975465003347,49.0000000001,0.9955958761020498
550,CHESAPEAKE CITY,1,GREAT BRIDGE,550,000046,33953.544696758945,0.2116525119,1,1,4553690.705999095,0.007456269406270408,49.0000000001,0.004319439018358532
550,CHESAPEAKE CITY,1,GREAT BRIDGE,550,000023,665.6771474569626,0.0041495591,1,2,4553690.705999095,0.00014618409339483475,49.0000000001,8.468487959166391e-05
550,CHESAPEAKE CITY,10,OSCAR SMITH SCHOOL,550,000010,1111335.6154492046,48.0,48,56,1231445.5110936782,0.9024643034852586,53.0,0.9056603773584906
550,CHESAPEAKE CITY,10,OSCAR SMITH SCHOOL,550,000008,120109.89564447368,5.0,5,12,1231445.5110936782,0.09753569651474146,53.0,0.09433962264150944
550,CHESAPEAKE CITY,11,GENEVA PARK,550,000011,4839587.030083628,56.9999999999,57,114,4839587.030083628,1.0,56.9999999999,1.0
550,CHESAPEAKE CITY,12,GEORGETOWN,550,000012,2256497.2678393107,27.000000000095632,27,50,5340500.377711092,0.4225254392372934,66.00000000009562,0.4090909090917653
550,CHESAPEAKE CITY,12,GEORGETOWN,550,000033,1552887.49725576,4.0,4,12,5340500.377711092,0.29077565535559774,66.00000000009562,0.060606060605972796
550,CHESAPEAKE CITY,12,GEORGETOWN,550,000055,1505181.6342592973,34.7452752348,35,54,5340500.377711092,0.2818428101870877,66.00000000009562,0.5264435641628736
550,CHESAPEAKE CITY,12,GEORGETOWN,550,000029,25933.978356724478,0.2547247652,1,2,5340500.377711092,0.004856095220021243,66.00000000009562,0.0038594661393883474
550,CHESAPEAKE CITY,13,GILMERTON,550,000013,5310179.147012561,38.0,38,62,5319561.680863663,0.9982362204982312,39.0,0.9743589743589743
550,CHESAPEAKE CITY,13,GILMERTON,550,000045,9382.533851101702,1.0,1,1,5319561.680863663,0.001763779501768723,39.0,0.02564102564102564
550,CHESAPEAKE CITY,15,B. M. WILLIAMS SCHOOL,550,000015,3665705.1350667356,23.33498206720668,26,74,5519636.1878605895,0.6641207880926592,35.000000000200004,0.6667137733449524
550,CHESAPEAKE CITY,15,B. M. WILLIAMS SCHOOL,550,000056,810828.9813788539,6.66501793289332,8,37,5519636.1878605895,0.14689899003889442,35.000000000200004,0.19042908379586382
550,CHESAPEAKE CITY,15,B. M. WILLIAMS SCHOOL,550,000058,675252.2273536128,2.8687588643,3,13,5519636.1878605895,0.12233636500150212,35.000000000200004,0.08196453897953163
550,CHESAPEAKE CITY,15,B. M. WILLIAMS SCHOOL,550,000023,367849.84406138724,2.1312411358,3,18,5519636.1878605895,0.06664385686694431,35.000000000200004,0.060892603879652035
550,CHESAPEAKE CITY,16,HICKORY GROVE,550,000016,62403660.39519643,27.0,27,82,66533789.25958203,0.9379243402435434,49.0,0.5510204081632653
550,CHESAPEAKE CITY,16,HICKORY GROVE,550,000063,3526454.500960306,21.0,21,27,66533789.25958203,0.05300245995612575,49.0,0.42857142857142855
550,CHESAPEAKE CITY,16,HICKORY GROVE,550,000061,425815.2563581979,0.8987341772,1,4,66533789.25958203,0.006399985046648655,49.0,0.018341513820408165
550,CHESAPEAKE CITY,16,HICKORY GROVE,550,000034,177859.1070670899,0.1012658228,1,1,66533789.25958203,0.002673214753682094,49.0,0.002066649444897959
550,CHESAPEAKE CITY,17,INDIAN CREEK,550,000017,90650471.63196409,31.0,31,83,90650471.63196409,1.0,31.0,1.0
550,CHESAPEAKE CITY,18,INDIAN RIVER,550,000018,3803780.6320398874,42.9999999999,43,114,3803780.6320398874,1.0,42.9999999999,1.0
550,CHESAPEAKE CITY,19,JOLLIFF ONE,550,000019,11613495.034664912,19.30121212146439,20,72,11760714.767122941,0.9874820761005461,21.00000000026439,0.9191053391057803
550,CHESAPEAKE CITY,19,JOLLIFF ONE,550,000038,142607.81118126656,1.0,1,2,11760714.767122941,0.012125777557323851,21.00000000026439,0.047619047618448096
550,CHESAPEAKE CITY,19,JOLLIFF ONE,550,000048,4611.9212767625695,0.6987878788,1,2,11760714.767122941,0.0003921463421300879,21.00000000026439,0.03327561327577154
550,CHESAPEAKE CITY,2,BETHEL,550,000002,139979212.33387345,31.99813942389386,32,140,139990647.3939131,0.9999183155428415,31.9999999998,0.9999418570029328
550,CHESAPEAKE CITY,2,BETHEL,550,000064,11435.060039647402,0.0018605759061397767,1,1,139990647.3939131,8.168445715856163e-05,31.9999999998,5.814299706723141e-05
550,CHESAPEAKE CITY,20,E. W. CHITTUM SCHOOL,550,000020,4521603.964134057,18.4964577207,19,85,8102622.651466417,0.5580420264685206,52.0000000001,0.3557011100127775
550,CHESAPEAKE CITY,20,E. W. CHITTUM SCHOOL,550,000048,3436059.0056869625,33.0437361011,34,91,8102622.651466417,0.42406750918668323,52.0000000001,0.6354564634814703
550,CHESAPEAKE CITY,20,E. W. CHITTUM SCHOOL,550,000038,144959.68164539753,0.45980617830000003,3,7,8102622.651466417,0.017890464344796145,52.0000000001,0.008842426505752227
550,CHESAPEAKE CITY,21,FELLOWSHIP BAPTIST CHURCH,550,000021,3563240.87247206,28.00000000010196,28,61,4471528.357910348,0.7968731465536869,47.00000000010196,0.5957446808519408
550,CHESAPEAKE CITY,21,FELLOWSHIP BAPTIST CHURCH,550,000038,908287.485438288,19.0,19,22,4471528.357910348,0.203126853446313,47.00000000010196,0.4042553191480592
550,CHESAPEAKE CITY,22,NORFOLK HIGHLANDS,550,000022,1405096.5879253969,44.0,44,46,1408783.7378015534,0.9973827424485248,45.0,0.9777777777777777
550,CHESAPEAKE CITY,22,NORFOLK HIGHLANDS,550,000055,3656.9936464603634,1.0,1,1,1408783.7378015534,0.002595851689889042,45.0,0.022222222222222223
550,CHESAPEAKE CITY,22,NORFOLK HIGHLANDS,810,000057,30.15622969616668,0.0,1,1,1408783.7378015534,2.1405861586126997e-05,45.0,0.0
550,CHESAPEAKE CITY,23,OAK GROVE,550,000049,24826046.161393758,20.059768599564308,21,67,41827852.00246891,0.5935290714887389,74.99999999974621,0.2674635813284292
550,CHESAPEAKE CITY,23,OAK GROVE,550,000059,8776083.864365304,22.000000000064862,22,59,41827852.00246891,0.20981435680338764,74.99999999974621,0.2933333333351908
550,CHESAPEAKE CITY,23,OAK GROVE,550,000065,4391227.121178871,15.940231400117035,17,43,41827852.00246891,0.10498332835546222,74.99999999974621,0.21253641866894635
550,CHESAPEAKE CITY,23,OAK GROVE,550,000023,3561242.401800603,12.9955861099,14,45,41827852.00246891,0.08514045621062251,74.99999999974621,0.17327448146591967
550,CHESAPEAKE CITY,23,OAK GROVE,550,000053,255161.87206164212,1.0,1,6,41827852.00246891,0.006100286288824515,74.99999999974621,0.013333333333378453
550,CHESAPEAKE CITY,23,OAK GROVE,550,000050,18090.581668726834,3.0044138901,4,8,41827852.00246891,0.0004325008529641692,74.99999999974621,0.040058851868135556
550,CHESAPEAKE CITY,24,OAKLETTE,550,000024,2648030.4841172034,56.0,56,79,2648030.4841172034,1.0,56.0,1.0
550,CHESAPEAKE CITY,25,ST. JULIANS,550,000025,3869065.5858966457,25.9999999999,26,81,3869065.5858966457,1.0,25.9999999999,1.0
550,CHESAPEAKE CITY,25,ST. JULIANS,550,000011,0.0,0.0,2,2,3869065.5858966457,0.0,25.9999999999,0.0
550,CHESAPEAKE CITY,26,JOHNSON PARK,550,000026,2423315.185476725,75.0,75,120,2423315.185476725,1.0,75.0,1.0
550,CHESAPEAKE CITY,27,SILVERWOOD,550,000027,2566184.853738663,43.0,43,64,3228056.799378461,0.7949627324502974,57.0,0.7543859649122807
550,CHESAPEAKE CITY,27,SILVERWOOD,550,000004,487724.26306094957,13.0,13,13,3228056.799378461,0.15108912059876312,57.0,0.22807017543859648
550,CHESAPEAKE CITY,27,SILVERWOOD,550,000035,174147.68257884873,1.0,1,2,3228056.799378461,0.053948146950939524,57.0,0.017543859649122806
550,CHESAPEAKE CITY,28,SUNRAY I,550,000028,4363397.7962392345,14.0000000001,14,23,4363397.7962392345,1.0,14.0000000001,1.0
550,CHESAPEAKE CITY,29,TANGLEWOOD,550,000029,3023405.238639601,64.12452711860578,66,98,3054501.9960851334,0.9898193690868796,66.0000000001,0.9715837442198276
550,CHESAPEAKE CITY,29,TANGLEWOOD,810,000057,31096.757445532512,1.8754728814942236,12,12,3054501.9960851334,0.010180630913120478,66.0000000001,0.028416255780172452
550,CHESAPEAKE CITY,3,CAMELOT,550,000025,2337552.1162238065,24.4056291391,25,45,4645420.6172431735,0.5031949329942543,52.0,0.46933902190576926
550,CHESAPEAKE CITY,3,CAMELOT,550,000003,2307868.501019367,27.5943708609,28,36,4645420.6172431735,0.4968050670057456,52.0,0.5306609780942307
550,CHESAPEAKE CITY,3,CAMELOT,550,000011,0.0,0.0,2,2,4645420.6172431735,0.0,52.0,0.0
550,CHESAPEAKE CITY,30,SOUTH NORFOLK FIRE STATION,550,000030,1454720.3356244434,74.0,74,94,1454720.3356244434,1.0,74.0,1.0
550,CHESAPEAKE CITY,31,CARVER SCHOOL,550,000031,3559504.9141393835,51.99999999986994,52,115,3559504.9141393835,1.0,51.99999999986994,1.0
550,CHESAPEAKE CITY,32,PROVIDENCE CHURCH OF CHRIST,550,000032,2984988.5220884886,81.0000000001,81,133,2994892.545639977,0.996693028747924,81.0000000001,1.0
550,CHESAPEAKE CITY,32,PROVIDENCE CHURCH OF CHRIST,550,000031,9904.023551488206,0.0,1,1,2994892.545639977,0.003306971252076031,81.0000000001,0.0
550,CHESAPEAKE CITY,33,WESTOVER,550,000033,2943824.646524588,25.0,25,73,2943824.646524588,1.0,25.0,1.0
550,CHESAPEAKE CITY,34,HICKORY MIDDLE SCHOOL,550,000034,12050901.169068884,14.9999999998,15,42,16586863.96465656,0.7265328271062603,64.9999999998,0.23076923076686393
550,CHESAPEAKE CITY,34,HICKORY MIDDLE SCHOOL,550,000061,2959622.3634466203,36.3565697091,37,69,16586863.96465656,0.17843170172209832,64.9999999998,0.5593318416801826
550,CHESAPEAKE CITY,34,HICKORY MIDDLE SCHOOL,550,000062,1110411.231248433,7.6434302909,8,11,16586863.96465656,0.06694521843396722,64.9999999998,0.11759123524497721
550,CHESAPEAKE CITY,34,HICKORY MIDDLE SCHOOL,550,000051,423206.4512402646,5.0,5,5,16586863.96465656,0.025514554899710804,64.9999999998,0.07692307692331361
550,CHESAPEAKE CITY,34,HICKORY MIDDLE SCHOOL,550,000016,42722.74965235715,1.0,1,1,16586863.96465656,0.002575697837963293,64.9999999998,0.015384615384662723
550,CHESAPEAKE CITY,35,TAYLOR ROAD FIRE STATION,550,000054,2606964.5754216616,33.99999999994384,34,77,4326968.04552329,0.6024922181061274,63.99999999994384,0.5312499999995887
550,CHESAPEAKE CITY,35,TAYLOR ROAD FIRE STATION,550,000035,1720003.4701016285,30.0,30,43,4326968.04552329,0.3975077818938727,63.99999999994384,0.46875000000041134
550,CHESAPEAKE CITY,36,GREAT BRIDGE MIDDLE SCHOOL,550,000034,11635242.515334198,9.885956821113844,12,62,27235930.58649489,0.42720194481269563,64.00000000030033,0.15446807532917894
550,CHESAPEAKE CITY,36,GREAT BRIDGE MIDDLE SCHOOL,550,000051,11371035.822216598,9.084604358818302,14,146,27235930.58649489,0.4175012778103862,64.00000000030033,0.14194694310586986
550,CHESAPEAKE CITY,36,GREAT BRIDGE MIDDLE SCHOOL,550,000036,2784866.968083189,31.017198874568194,32,48,27235930.58649489,0.10224974539566799,64.00000000030033,0.48464373241285374
550,CHESAPEAKE CITY,36,GREAT BRIDGE MIDDLE SCHOOL,550,000043,1444785.2808609032,14.0122399458,15,29,27235930.58649489,0.05304703198125014,64.00000000030033,0.21894124915209756
550,CHESAPEAKE CITY,37,BRIDGETOWN,550,000037,2756906.5650347807,23.8408802024,25,31,4287537.412386929,0.6430046667511117,36.0,0.6622466722888889
550,CHESAPEAKE CITY,37,BRIDGETOWN,550,000060,1530630.847352148,12.1591197976,13,15,4287537.412386929,0.3569953332488883,36.0,0.3377533277111111
550,CHESAPEAKE CITY,38,BAILEY CREEK,550,000038,3621227.2747010845,21.9933435519,22,66,3623462.2687351024,0.9993831882690479,22.0,0.9996974341772727
550,CHESAPEAKE CITY,38,BAILEY CREEK,550,000021,2234.994034018009,0.0066564481,2,2,3623462.2687351024,0.0006168117309520689,22.0,0.00030256582272727273
550,CHESAPEAKE CITY,39,LAKE DRUMMOND,550,000039,2362982.4129442805,29.0,29,70,2362982.4129442805,1.0,29.0,1.0
550,CHESAPEAKE CITY,4,CHURCHLAND,550,000004,3311816.6858492848,30.0,30,59,4436998.056700774,0.746409316282608,35.0,0.8571428571428571
550,CHESAPEAKE CITY,4,CHURCHLAND,550,000021,1125181.3708514883,5.0,5,14,4436998.056700774,0.2535906837173919,35.0,0.14285714285714285
550,CHESAPEAKE CITY,40,RIVER BIRCH,550,000057,3058943.206931258,20.99118576348871,23,158,5028139.078326589,0.6083648760068312,35.99999999973436,0.5830884934345445
550,CHESAPEAKE CITY,40,RIVER BIRCH,550,000053,1622469.3109882479,9.672748325138294,20,63,5028139.078326589,0.3226778905105824,35.99999999973436,0.26868745347804635
550,CHESAPEAKE CITY,40,RIVER BIRCH,550,000015,346726.56040708325,5.336065911107354,7,18,5028139.078326589,0.06895723348258637,35.99999999973436,0.14822405308740913
550,CHESAPEAKE CITY,41,JOHN T. WEST,550,000041,10638790.026393289,27.2046487836,30,82,19694503.987376932,0.5401908082179756,60.0000000001,0.4534108130592443
550,CHESAPEAKE CITY,41,JOHN T. WEST,550,000052,6824707.015870519,21.683756301826,26,80,19694503.987376932,0.34652850461452456,60.0000000001,0.36139593836316436
550,CHESAPEAKE CITY,41,JOHN T. WEST,550,000039,2230526.9452589275,11.111594914674,12,22,19694503.987376932,0.1132563148931585,60.0000000001,0.18519324857759134
550,CHESAPEAKE CITY,41,JOHN T. WEST,550,000064,479.9998541988968,0.0,1,1,19694503.987376932,2.4372274341438082e-05,60.0000000001,0.0
550,CHESAPEAKE CITY,42,PARKWAYS,550,000015,6207418.881089316,25.5250559005,27,72,9486991.177994752,0.6543084909246607,67.9999999999,0.375368469125552
550,CHESAPEAKE CITY,42,PARKWAYS,550,000056,1720334.5968559599,18.9095043092525,20,39,9486991.177994752,0.1813361649208979,67.9999999999,0.2780809457247104
550,CHESAPEAKE CITY,42,PARKWAYS,550,000042,1559237.7000494774,23.565439790147497,25,44,9486991.177994752,0.16435534415444145,67.9999999999,0.3465505851497375
550,CHESAPEAKE CITY,43,PLEASANT CROSSING,550,000043,3673669.941929787,27.079701876294124,33,55,8345079.11025134,0.440219906054209,67.0000000001,0.4041746548694583
550,CHESAPEAKE CITY,43,PLEASANT CROSSING,550,000063,1765884.6980775525,8.633808910800582,9,11,8345079.11025134,0.2116079038613652,67.0000000001,0.12886281956399545
550,CHESAPEAKE CITY,43,PLEASANT CROSSING,550,000051,1732348.2070989555,12.286489212905296,14,32,8345079.11025134,0.2075891892949089,67.0000000001,0.18338043601323817
550,CHESAPEAKE CITY,43,PLEASANT CROSSING,550,000062,1070196.299976362,17.000000000100002,17,20,8345079.11025134,0.12824279864066254,67.0000000001,0.25373134328469593
550,CHESAPEAKE CITY,43,PLEASANT CROSSING,550,000034,102979.96316868324,2.0,2,4,8345079.11025134,0.012340202148854363,67.0000000001,0.02985074626861216
550,CHESAPEAKE CITY,44,NANSEMOND,550,000044,5706019.246527342,28.999999999778872,29,83,5706019.246527342,1.0,28.999999999778872,1.0
550,CHESAPEAKE CITY,45,SUNRAY II,550,000045,16922119.53517935,28.7497193152,30,96,27285872.498354707,0.6201787953161375,36.999999999799996,0.7770194409555515
550,CHESAPEAKE CITY,45,SUNRAY II,550,000028,9375319.910062838,0.3537243131,1,1,27285872.498354707,0.3435961195900243,36.999999999799996,0.009560116570321948
550,CHESAPEAKE CITY,45,SUNRAY II,550,000048,986622.0526410348,7.8965563715,10,21,27285872.498354707,0.03615871373365563,36.999999999799996,0.21342044247412661
550,CHESAPEAKE CITY,45,SUNRAY II,550,000064,1811.0004714825823,0.0,1,1,27285872.498354707,6.637136018251872e-05,36.999999999799996,0.0
550,CHESAPEAKE CITY,46,BELLS MILL II,550,000046,4234645.498310959,24.8636275796,25,57,4268724.304504967,0.9920166298493338,24.999999999899998,0.9945451031879782
550,CHESAPEAKE CITY,46,BELLS MILL II,550,000001,34078.806194008626,0.1363724203,1,2,4268724.304504967,0.007983370150666278,24.999999999899998,0.0054548968120218195
550,CHESAPEAKE CITY,47,GREEN SEA,550,000060,5798604.40186488,4.9985223227999995,5,26,7800357.892225537,0.7433767119383373,19.0,0.26308012225263155
550,CHESAPEAKE CITY,47,GREEN SEA,550,000009,1999762.025925341,14.000709625867609,15,19,7800357.892225537,0.25636798382269926,19.0,0.736879453993032
550,CHESAPEAKE CITY,47,GREEN SEA,550,000014,1991.4644353168235,0.0007680513323913675,1,6,7800357.892225537,0.00025530423896340406,19.0,4.042375433638776e-05
550,CHESAPEAKE CITY,5,CRESTWOOD,550,000005,7582468.6088959975,73.0000000001,73,151,12120512.901038652,0.6255897477941076,98.0,0.7448979591846939
550,CHESAPEAKE CITY,5,CRESTWOOD,550,000050,4002000.938150885,19.9999999999,21,50,12120512.901038652,0.3301841242880026,98.0,0.20408163265204082
550,CHESAPEAKE CITY,5,CRESTWOOD,550,000023,535574.3534707779,5.0,5,7,12120512.901038652,0.04418743314277422,98.0,0.05102040816326531
550,CHESAPEAKE CITY,5,CRESTWOOD,550,000058,469.0005209921823,0.0,1,1,12120512.901038652,3.869477511566296e-05,98.0,0.0
550,CHESAPEAKE CITY,6,DEEP CREEK,550,000064,221169553.2042357,17.954080864031926,19,99,226340456.25694168,0.9771543137350754,37.9999999998514,0.47247581221321416
550,CHESAPEAKE CITY,6,DEEP CREEK,550,000006,5170903.0527059585,20.045919135819467,22,57,226340456.25694168,0.022845686264924506,37.9999999998514,0.5275241877867858
550,CHESAPEAKE CITY,7,GREENBRIER,550,000007,2044779.8001281417,19.0,19,24,4008803.0555285756,0.5100724011143845,46.9999999999,0.4042553191497963
550,CHESAPEAKE CITY,7,GREENBRIER,550,000053,1403545.2096920998,19.999999999899998,20,24,4008803.0555285756,0.35011578025926177,46.9999999999,0.4255319148923947
550,CHESAPEAKE CITY,7,GREENBRIER,550,000059,361281.2524059445,4.0,4,6,4008803.0555285756,0.09012197591191175,46.9999999999,0.08510638297890448
550,CHESAPEAKE CITY,7,GREENBRIER,550,000042,199196.7933023898,4.0,4,6,4008803.0555285756,0.049689842714442094,46.9999999999,0.08510638297890448
550,CHESAPEAKE CITY,8,SOUTH NORFOLK RECREATION,550,000008,8227596.8806614885,120.0000000002,121,216,8275977.891691165,0.994154042982854,124.0000000002,0.967741935483923
550,CHESAPEAKE CITY,8,SOUTH NORFOLK RECREATION,550,000005,40291.05292561148,3.0,3,4,8275977.891691165,0.004868434093578536,124.0000000002,0.024193548387057753
550,CHESAPEAKE CITY,8,SOUTH NORFOLK RECREATION,550,000026,8089.958104064559,1.0,2,4,8275977.891691165,0.0009775229235673328,124.0000000002,0.008064516129019251
550,CHESAPEAKE CITY,9,BELLS MILL,550,000009,56561609.75078788,7.831021733275791,10,69,63912523.561967835,0.8849847666544928,22.0000000001842,0.35595553332773744
550,CHESAPEAKE CITY,9,BELLS MILL,550,000014,7350913.81117996,14.16897826690841,15,71,63912523.561967835,0.11501523334550724,22.0000000001842,0.6440444666722626
560,CLIFTON FORGE CITY,101,WARD 1 PRECINCT 1,005,005601,3329260.913319245,68.9999999998,69,115,4142802.2413399797,0.8036253529307745,101.9999999999,0.6764705882339965
560,CLIFTON FORGE CITY,101,WARD 1 PRECINCT 1,005,005701,813541.3280207345,33.0000000001,33,67,4142802.2413399797,0.19637464706922542,101.9999999999,0.32352941176600347
560,CLIFTON FORGE CITY,201,WARD 2 PRECINCT 1,005,005701,2022639.0675262844,51.2638888888,52,101,3822506.6669086223,0.5291394479534169,74.9999999998,0.683518518519156
560,CLIFTON FORGE CITY,201,WARD 2 PRECINCT 1,005,005601,1799867.5993823379,23.736111111,25,35,3822506.6669086223,0.470860552046583,74.9999999998,0.316481481480844
570,COLONIAL HEIGHTS CITY,1,FIRST,570,000001,2143284.4723643507,82.0,82,109,2143284.4723643507,1.0,82.0,1.0
570,COLONIAL HEIGHTS CITY,2,SECOND,570,000002,4633576.572764963,90.9999999999,91,173,4633576.572764963,1.0,90.9999999999,1.0
570,COLONIAL HEIGHTS CITY,3,THIRD,570,000003,3304846.162929333,76.86638098954961,77,118,3313940.4754859,0.9972557405228488,76.9999999998,0.998264688178562
570,COLONIAL HEIGHTS CITY,3,THIRD,041,000106,7371.651318217775,0.13156528558890243,4,5,3313940.4754859,0.0022244368517623787,76.9999999998,0.0017086400725875865
570,COLONIAL HEIGHTS CITY,3,THIRD,570,000001,1722.6612383491838,0.002053724661480804,1,1,3313940.4754859,0.0005198226253887683,76.9999999998,2.667174885046933e-05
570,COLONIAL HEIGHTS CITY,4,FOURTH,570,000004,5817057.684026284,76.656217253,77,116,6254900.224462272,0.9300000759846447,86.0,0.8913513634069766
570,COLONIAL HEIGHTS CITY,4,FOURTH,570,000005,437842.5404359871,9.343782747,11,12,6254900.224462272,0.06999992401535518,86.0,0.10864863659302326
570,COLONIAL HEIGHTS CITY,4,FOURTH,041,000106,0.0,0.0,6,12,6254900.224462272,0.0,86.0,0.0
570,COLONIAL HEIGHTS CITY,5,FIFTH,570,000005,3883574.1198542295,30.9782016715,31,52,3887833.116998448,0.9989045319034922,30.999999999899998,0.9992968281161267
570,COLONIAL HEIGHTS CITY,5,FIFTH,570,000004,4258.997144218687,0.0217983284,1,1,3887833.116998448,0.0010954680965079054,30.999999999899998,0.0007031718838732362
580,COVINGTON CITY,101,PRECINCT 1-1,580,000101,1991363.5530441354,79.9999999999,80,167,1991363.5530441354,1.0,79.9999999999,1.0
580,COVINGTON CITY,401,PRECINCT 4-1,580,000401,2701657.215683597,42.0000000003,42,80,3176196.6132999724,0.8505950810383419,58.0000000003,0.7241379310359096
580,COVINGTON CITY,401,PRECINCT 4-1,580,000201,436253.9982163129,15.0,15,16,3176196.6132999724,0.1373510683783074,58.0000000003,0.2586206896538347
580,COVINGTON CITY,401,PRECINCT 4-1,580,000501,38285.39940006243,1.0,1,4,3176196.6132999724,0.012053850583350713,58.0000000003,0.01724137931025565
580,COVINGTON CITY,501,PRECINCT 5-1,580,000501,3703065.310460741,25.0,25,80,4913518.547943526,0.7536483833994276,30.0,0.8333333333333334
580,COVINGTON CITY,501,PRECINCT 5-1,580,000401,1210453.2374827848,5.0,6,16,4913518.547943526,0.24635161660057242,30.0,0.16666666666666666
580,COVINGTON CITY,501,PRECINCT 5-1,005,005402,0.0,0.0,1,1,4913518.547943526,0.0,30.0,0.0
580,COVINGTON CITY,999,Precinct 2-1/Precinct 3-1 Combined,580,000201,3653680.5680172215,21.927563499,22,53,4604442.19103243,0.793512094718682,77.9999999999,0.2811226089618989
580,COVINGTON CITY,999,Precinct 2-1/Precinct 3-1 Combined,580,000301,853155.6769606814,49.0724365009,50,96,4604442.19103243,0.18528969233716946,77.9999999999,0.6291338012943963
580,COVINGTON CITY,999,Precinct 2-1/Precinct 3-1 Combined,580,000101,97205.9494334607,6.0,6,12,4604442.19103243,0.021111341048602614,77.9999999999,0.07692307692317554
580,COVINGTON CITY,999,Precinct 2-1/Precinct 3-1 Combined,580,000401,399.9966210664626,1.0,1,1,4604442.19103243,8.687189554589096e-05,77.9999999999,0.012820512820529257
590,DANVILLE CITY,1,WARD ONE,590,000001,2609171.830970875,62.9988033828,63,102,2609257.832221372,0.9999670399569429,63.0,0.9999810060761904
590,DANVILLE CITY,1,WARD ONE,590,000013,86.00125049726412,0.0011966172,1,1,2609257.832221372,3.296004305716603e-05,63.0,1.899392380952381e-05
590,DANVILLE CITY,10,WARD TEN,590,000010,3698449.7180571533,48.000000000200004,48,90,3715724.6284488365,0.9953508636621183,51.000000000200004,0.941176470588466
590,DANVILLE CITY,10,WARD TEN,143,000704,16809.73012068703,2.0,2,2,3715724.6284488365,0.004523943995199775,51.000000000200004,0.03921568627435602
590,DANVILLE CITY,10,WARD TEN,590,000011,465.18027099642387,1.0,1,1,3715724.6284488365,0.00012519234268192195,51.000000000200004,0.01960784313717801
590,DANVILLE CITY,11,WARD ELEVEN,590,000011,4463451.582379737,34.993157595417856,35,58,4477679.86467538,0.9968223984908142,34.999999999699995,0.9998045027347944
590,DANVILLE CITY,11,WARD ELEVEN,143,000704,14228.28229564298,0.006842404282141485,3,3,4477679.86467538,0.003177601509185716,34.999999999699995,0.00019549726520571816
590,DANVILLE CITY,12,WARD TWELVE,590,000012,3424859.5705982028,53.07230516758412,54,88,3443443.111896983,0.9946032094345991,54.0000000001,0.9828204660645525
590,DANVILLE CITY,12,WARD TWELVE,590,000006,11175.473461093763,0.9256510883,2,4,3443443.111896983,0.0032454357740027326,54.0000000001,0.017141686820338627
590,DANVILLE CITY,12,WARD TWELVE,143,000704,7408.067837686297,0.0020437442158819773,1,1,3443443.111896983,0.0021513547913980823,54.0000000001,3.7847115108855416e-05
590,DANVILLE CITY,13,WARD THIRTEEN,590,000013,14348602.797958052,90.0,90,170,14354405.729824418,0.9995957386202127,91.0,0.989010989010989
590,DANVILLE CITY,13,WARD THIRTEEN,590,000002,5802.931866367015,1.0,1,2,14354405.729824418,0.0004042613797874024,91.0,0.01098901098901099
590,DANVILLE CITY,14,WARD FOURTEEN,590,000014,833102.0329943174,23.0,23,26,833102.0329943174,1.0,23.0,1.0
590,DANVILLE CITY,15,WARD FIFTEEN,590,000015,9281601.60087402,79.9044691204,80,193,9282227.777974807,0.9999325402138619,79.93415534329999,0.9996286165435476
590,DANVILLE CITY,15,WARD FIFTEEN,143,000703,626.1771007863113,0.0296862229,3,4,9282227.777974807,6.745978613799222e-05,79.93415534329999,0.00037138345645242716
590,DANVILLE CITY,16,WARD SIXTEEN,590,000016,15213492.035217367,68.9819207526,69,179,15228066.378987944,0.9990429287995036,69.9999999999,0.9854560107528364
590,DANVILLE CITY,16,WARD SIXTEEN,590,000017,9848.325130013238,1.0,1,2,15228066.378987944,0.0006467219727648545,69.9999999999,0.014285714285734694
590,DANVILLE CITY,16,WARD SIXTEEN,143,000705,2684.3138937857248,0.0158455607,1,1,15228066.378987944,0.0001762741130081759,69.9999999999,0.00022636515285746626
590,DANVILLE CITY,16,WARD SIXTEEN,143,000702,2041.7047467764112,0.0022336866,1,1,15228066.378987944,0.00013407511472327208,69.9999999999,3.190980857147416e-05
590,DANVILLE CITY,17,WARD SEVENTEEN,590,000017,12451039.661039773,46.9998624084,47,124,12451965.543380644,0.9999256436794942,47.0,0.9999970725191489
590,DANVILLE CITY,17,WARD SEVENTEEN,143,000702,748.8823375040829,0.0,1,1,12451965.543380644,6.014169689878255e-05,47.0,0.0
590,DANVILLE CITY,17,WARD SEVENTEEN,590,000016,177.00000336686563,0.0001375916,1,1,12451965.543380644,1.421462360703024e-05,47.0,2.9274808510638295e-06
590,DANVILLE CITY,2,WARD TWO,590,000002,1280411.8743025607,52.0,52,66,1280411.8743025607,1.0,52.0,1.0
590,DANVILLE CITY,3,WARD THREE,590,000003,1446017.096475762,43.000000000200004,43,74,1446017.096475762,1.0,43.000000000200004,1.0
590,DANVILLE CITY,4,WARD FOUR,590,000004,11432141.151813464,94.06076214759109,95,143,11536303.662436228,0.9909708938260761,96.06542334199109,0.9791323337298641
590,DANVILLE CITY,4,WARD FOUR,590,000015,103968.51252252123,1.9999999999999998,2,5,11536303.662436228,0.00901228986031781,96.06542334199109,0.02081914522855989
590,DANVILLE CITY,4,WARD FOUR,590,000013,193.99810024249794,0.0046611944,1,2,11536303.662436228,1.6816313606080093e-05,96.06542334199109,4.8521041576075046e-05
590,DANVILLE CITY,5,WARD FIVE,590,000003,1404141.8309897983,27.000000000100002,27,51,1404141.8309897983,1.0,27.000000000100002,1.0
590,DANVILLE CITY,6,WARD SIX,590,000006,4094533.858781811,23.000000000098396,23,47,4094533.858781811,1.0,23.000000000098396,1.0
590,DANVILLE CITY,7,WARD SEVEN,590,000007,4058493.021371428,105.0,105,154,4058493.021371428,1.0,105.0,1.0
590,DANVILLE CITY,8,WARD EIGHT,590,000008,1795995.9113999165,41.0,41,45,1795995.9113999165,1.0,41.0,1.0
590,DANVILLE CITY,9,WARD NINE,590,000009,21769443.011271846,91.9863679481,92,281,21795149.583393313,0.9988205370179678,92.0000000004,0.999851825518479
590,DANVILLE CITY,9,WARD NINE,143,000405,25706.57212146572,0.013632052300000001,4,4,21795149.583393313,0.001179462982032144,92.0000000004,0.0001481744815210949
595,EMPORIA CITY,101,PRECINCT 1-1,595,000101,5100356.696413071,32.000000000200004,32,58,5500060.974130834,0.9273273006248939,42.000000000200004,0.7619047619058957
595,EMPORIA CITY,101,PRECINCT 1-1,595,000701,265374.92985672504,4.0,4,6,5500060.974130834,0.04824945234332821,42.000000000200004,0.09523809523764172
595,EMPORIA CITY,101,PRECINCT 1-1,595,000501,85282.80215465874,3.0,3,3,5500060.974130834,0.015505792127720155,42.000000000200004,0.07142857142823128
595,EMPORIA CITY,101,PRECINCT 1-1,595,000601,36898.03910717363,1.0,1,1,5500060.974130834,0.00670866000953827,42.000000000200004,0.02380952380941043
595,EMPORIA CITY,101,PRECINCT 1-1,595,000301,12148.506599206286,2.0,2,2,5500060.974130834,0.0022087948945195275,42.000000000200004,0.04761904761882086
595,EMPORIA CITY,201,PRECINCT 2-1,595,000201,687571.359114409,12.1568206228,13,25,797581.7167435539,0.8620701110372663,14.9999999998,0.8104547081974727
595,EMPORIA CITY,201,PRECINCT 2-1,595,000501,80181.55886290366,2.0,2,3,797581.7167435539,0.10053083863340916,14.9999999998,0.1333333333351111
595,EMPORIA CITY,201,PRECINCT 2-1,595,000401,29828.798766241212,0.843179377,1,7,797581.7167435539,0.03739905032932451,14.9999999998,0.05621195846741616
595,EMPORIA CITY,301,PRECINCT 3-1,595,000301,1460364.1006483738,23.9556388262,24,53,2505007.386517857,0.5829779618647697,66.9999999999,0.3575468481527725
595,EMPORIA CITY,301,PRECINCT 3-1,595,000701,598705.5745228728,20.0,20,22,2505007.386517857,0.2390035166144229,66.9999999999,0.2985074626870127
595,EMPORIA CITY,301,PRECINCT 3-1,595,000501,153826.58278874558,8.0,8,12,2505007.386517857,0.06140763640724259,66.9999999999,0.11940298507480508
595,EMPORIA CITY,301,PRECINCT 3-1,595,000101,141809.1162134955,7.9999999999,8,10,2505007.386517857,0.056610258706909646,66.9999999999,0.11940298507331254
595,EMPORIA CITY,301,PRECINCT 3-1,595,000201,90094.94699771832,5.0781711065,6,9,2505007.386517857,0.03596594065255706,66.9999999999,0.07579359860459074
595,EMPORIA CITY,301,PRECINCT 3-1,595,000401,60207.06534665091,1.9661900673,3,4,2505007.386517857,0.02403468575409796,66.9999999999,0.029346120407506487
595,EMPORIA CITY,401,PRECINCT 4-1,595,000401,2885817.7773704343,36.0,36,105,4298070.088407527,0.6714217586060016,62.9999999999,0.5714285714294784
595,EMPORIA CITY,401,PRECINCT 4-1,595,000601,1196171.7469630952,16.9999999999,17,25,4298070.088407527,0.2783043836789287,62.9999999999,0.2698412698401109
595,EMPORIA CITY,401,PRECINCT 4-1,595,000301,190459.09033259732,8.0,8,9,4298070.088407527,0.04431269998278788,62.9999999999,0.12698412698432854
595,EMPORIA CITY,401,PRECINCT 4-1,595,000101,25621.473741400372,2.0,2,4,4298070.088407527,0.0059611577322819685,62.9999999999,0.031746031746082135
595,EMPORIA CITY,501,PRECINCT 5-1,595,000501,3453693.22970696,34.0000000001,34,60,4945985.627499517,0.698282099831536,44.0000000001,0.7727272727277893
595,EMPORIA CITY,501,PRECINCT 5-1,595,000401,1257577.998548981,2.0,2,28,4945985.627499517,0.2542623641194768,44.0000000001,0.04545454545444215
595,EMPORIA CITY,501,PRECINCT 5-1,595,000201,220354.1361083331,7.0,9,16,4945985.627499517,0.04455211816289384,44.0000000001,0.15909090909054752
595,EMPORIA CITY,501,PRECINCT 5-1,595,000101,14360.263135243706,1.0,2,3,4945985.627499517,0.0029034178860935455,44.0000000001,0.022727272727221075
600,FAIRFAX CITY,1,ONE,600,000001,1733351.3608677776,48.9999999999,49,91,2388547.783975217,0.7256925620231856,68.00000000009366,0.7205882352916545
600,FAIRFAX CITY,1,ONE,600,000002,651104.2545418348,18.866429931793668,19,36,2388547.783975217,0.27259419255084516,68.00000000009366,0.27744749899658355
600,FAIRFAX CITY,1,ONE,600,000006,3859.4320589437357,0.1278208441,1,2,2388547.783975217,0.001615806928727443,68.00000000009366,0.001879718295585646
600,FAIRFAX CITY,1,ONE,059,000700,232.7365066609068,0.0057492243,3,3,2388547.783975217,9.743849724185447e-05,68.00000000009366,8.454741617635414e-05
600,FAIRFAX CITY,2,TWO,600,000002,2290099.275613567,37.0000000003,38,56,2291107.182452765,0.9995600787047776,38.0000000003,0.9736842105265235
600,FAIRFAX CITY,2,TWO,600,000003,1007.9068391979822,1.0,1,2,2291107.182452765,0.000439921295222408,38.0000000003,0.026315789473476455
600,FAIRFAX CITY,3,THREE,600,000003,3391920.69670385,30.0,30,93,3395346.1384559902,0.9989911362163216,30.0,1.0
600,FAIRFAX CITY,3,THREE,600,000005,3425.4417521405785,0.0,1,2,3395346.1384559902,0.001008863783678407,30.0,0.0
600,FAIRFAX CITY,4,FOUR,600,000004,2038784.5829463098,43.9886826956,44,67,2981891.109603551,0.6837220099621178,46.0,0.956275710773913
600,FAIRFAX CITY,4,FOUR,600,000003,942270.6885591921,2.0,2,11,2981891.109603551,0.3159976853361587,46.0,0.043478260869565216
600,FAIRFAX CITY,4,FOUR,059,000117,835.8380980492963,0.011317304399999999,4,8,2981891.109603551,0.00028030470172347196,46.0,0.0002460283565217391
600,FAIRFAX CITY,5,FIVE,600,000005,2273410.928096784,41.7028993798973,42,130,2411965.3727299874,0.942555375711559,42.999999999799996,0.9698348693044482
600,FAIRFAX CITY,5,FIVE,600,000003,128429.71240317321,1.0925961172,2,3,2411965.3727299874,0.05324691384678123,42.999999999799996,0.025409212028025163
600,FAIRFAX CITY,5,FIVE,059,000709,10124.732230030324,0.20450450270269316,5,5,2411965.3727299874,0.004197710441659711,42.999999999799996,0.004755918667526613
600,FAIRFAX CITY,6,SIX,600,000006,2771006.1797365504,35.9593558738,37,54,2773662.82810353,0.9990421877021021,37.0,0.9718744830756757
600,FAIRFAX CITY,6,SIX,059,000121,1617.7930797308113,1.0406441262,2,2,2773662.82810353,0.0005832695536526206,37.0,0.02812551692432432
600,FAIRFAX CITY,6,SIX,059,000732,1038.8552872491962,0.0,1,2,2773662.82810353,0.0003745427442453433,37.0,0.0
610,FALLS CHURCH CITY,1,FIRST WARD,610,000001,716625.3806008517,18.06581351817626,19,27,1001700.0421978927,0.7154091548488499,23.999999999899998,0.7527422299271473
610,FALLS CHURCH CITY,1,FIRST WARD,610,000003,276842.2338187886,5.847996052923741,7,23,1001700.0421978927,0.2763723890949947,23.999999999899998,0.24366650220617117
610,FALLS CHURCH CITY,1,FIRST WARD,059,000705,8232.427778252268,0.0861904288,6,8,1001700.0421978927,0.008218456056155277,23.999999999899998,0.0035912678666816305
610,FALLS CHURCH CITY,2,SECOND WARD,610,000002,928632.1540529218,25.999999999899998,26,43,933444.8985285345,0.9948441043673821,25.999999999899998,1.0
610,FALLS CHURCH CITY,2,SECOND WARD,059,000517,4812.744475612619,0.0,1,1,933444.8985285345,0.005155895632617781,25.999999999899998,0.0
610,FALLS CHURCH CITY,3,THIRD WARD,610,000001,942255.9193048454,34.0,34,48,942255.9193048454,1.0,34.0,1.0
610,FALLS CHURCH CITY,4,FOURTH WARD,610,000002,774873.7157117259,20.000000000100002,20,38,1363177.4994356474,0.5684320024593437,37.0000000001,0.5405405405417824
610,FALLS CHURCH CITY,4,FOURTH WARD,610,000003,588303.7837239216,17.0,17,26,1363177.4994356474,0.4315679975406564,37.0000000001,0.45945945945821765
610,FALLS CHURCH CITY,5,FIFTH WARD,610,000003,935342.7519208506,30.0,30,42,936243.223163049,0.9990382079998869,30.0,1.0
610,FALLS CHURCH CITY,5,FIFTH WARD,610,000001,900.4712421984158,0.0,1,1,936243.223163049,0.0009617920001131977,30.0,0.0
620,FRANKLIN CITY,101,PRECINCT 1-1,620,000601,4282452.813015673,5.0,5,23,8197913.56081838,0.5223832602338595,15.0,0.3333333333333333
620,FRANKLIN CITY,101,PRECINCT 1-1,620,000101,3882280.7753129927,9.3116883117,10,26,8197913.56081838,0.4735693718299505,15.0,0.6207792207799999
620,FRANKLIN CITY,101,PRECINCT 1-1,620,000201,33179.97248971318,0.6883116883,1,1,8197913.56081838,0.004047367936189961,15.0,0.04588744588666667
620,FRANKLIN CITY,201,PRECINCT 2-1,620,000201,5292940.1808431735,23.24295272626304,24,57,5815024.892413767,0.9102179747757054,34.0,0.6836162566547953
620,FRANKLIN CITY,201,PRECINCT 2-1,620,000601,283934.11104605906,5.18718435203696,6,11,5815024.892413767,0.04882766906406147,34.0,0.15256424564814589
620,FRANKLIN CITY,201,PRECINCT 2-1,620,000101,219810.70637874352,4.5698629217,6,8,5815024.892413767,0.037800475568987975,34.0,0.13440773299117648
620,FRANKLIN CITY,201,PRECINCT 2-1,620,000301,18339.89414579121,1.0,1,1,5815024.892413767,0.0031538805912451526,34.0,0.029411764705882353
620,FRANKLIN CITY,301,PRECINCT 3-1,620,000301,2074231.4945567711,44.0,44,52,2105569.5753845824,0.985116577863694,47.0,0.9361702127659575
620,FRANKLIN CITY,301,PRECINCT 3-1,620,000501,31338.080827811114,3.0,3,3,2105569.5753845824,0.014883422136305903,47.0,0.06382978723404255
620,FRANKLIN CITY,401,PRECINCT 4-1,620,000501,396168.7426623977,12.0,12,12,654285.3442695503,0.6054984207306123,24.0,0.5
620,FRANKLIN CITY,401,PRECINCT 4-1,620,000401,199320.68038192953,9.0,9,10,654285.3442695503,0.3046387667516118,24.0,0.375
620,FRANKLIN CITY,401,PRECINCT 4-1,620,000301,58795.92122522311,3.0,3,3,654285.3442695503,0.08986281251777598,24.0,0.125
620,FRANKLIN CITY,501,PRECINCT 5-1,620,000501,2460796.0443014996,13.000000000094072,13,23,2614407.781532462,0.941244155438934,23.000000000094072,0.5652173913061261
620,FRANKLIN CITY,501,PRECINCT 5-1,620,000401,150559.73768234847,10.0,10,11,2614407.781532462,0.057588467547360314,23.000000000094072,0.43478260869387386
620,FRANKLIN CITY,501,PRECINCT 5-1,620,000301,3051.999548614229,0.0,1,1,2614407.781532462,0.001167377013705669,23.000000000094072,0.0
620,FRANKLIN CITY,601,PRECINCT 6-1,620,000401,1253677.6825508245,25.0,25,43,2235527.2569787754,0.5607973146545836,69.0000000001,0.362318840579185
620,FRANKLIN CITY,601,PRECINCT 6-1,620,000601,981849.5744279509,44.0000000001,44,61,2235527.2569787754,0.4392026853454164,69.0000000001,0.6376811594208149
630,FREDERICKSBURG CITY,101,DISTRICT 1,630,000101,6147861.789469977,27.978563582504904,29,184,11500957.192762246,0.5345521843467893,56.0000000003,0.4996172068277682
630,FREDERICKSBURG CITY,101,DISTRICT 1,630,000402,4882898.00823511,9.9999999999,10,40,11500957.192762246,0.42456448853735435,56.0000000003,0.17857142856868624
630,FREDERICKSBURG CITY,101,DISTRICT 1,630,000201,457795.3461000036,18.0,19,32,11500957.192762246,0.0398049778315932,56.0000000003,0.3214285714268495
630,FREDERICKSBURG CITY,101,DISTRICT 1,630,000301,12402.048957156316,0.021436417895095795,4,9,11500957.192762246,0.0010783492842631518,56.0000000003,0.0003827931766960885
630,FREDERICKSBURG CITY,201,DISTRICT 2,630,000201,1999899.281970534,89.0000000001,89,119,2389409.719669356,0.8369846600637743,100.0000000001,0.89000000000011
630,FREDERICKSBURG CITY,201,DISTRICT 2,630,000402,389510.43769882177,11.0,13,17,2389409.719669356,0.1630153399362257,100.0000000001,0.10999999999988999
630,FREDERICKSBURG CITY,301,DISTRICT 3,630,000301,6081432.320732799,73.5614839834,74,192,9772828.293293564,0.6222796654379038,87.0,0.84553429865977
630,FREDERICKSBURG CITY,301,DISTRICT 3,630,000101,2075523.8793520376,6.300962289,8,64,9772828.293293564,0.2123769923161681,87.0,0.07242485389655172
630,FREDERICKSBURG CITY,301,DISTRICT 3,630,000401,1611672.660297426,6.9999999999,7,17,9772828.293293564,0.16491363727360367,87.0,0.0804597701137931
630,FREDERICKSBURG CITY,301,DISTRICT 3,177,000701,3017.9594850436933,0.0,2,2,9772828.293293564,0.0003088112667562896,87.0,0.0
630,FREDERICKSBURG CITY,301,DISTRICT 3,177,000702,703.7813448332148,0.1375537277,1,1,9772828.293293564,7.201409087645311e-05,87.0,0.0015810773298850574
630,FREDERICKSBURG CITY,301,DISTRICT 3,177,000301,477.69208142349544,0.0,1,1,9772828.293293564,4.887961469161424e-05,87.0,0.0
630,FREDERICKSBURG CITY,401,DISTRICT 4,630,000401,2919789.6852793014,75.9999999999,76,127,3556397.228229914,0.8209965023318095,126.9999999999,0.5984251968500774
630,FREDERICKSBURG CITY,401,DISTRICT 4,630,000201,429225.13009625586,34.0,34,36,3556397.228229914,0.12069099781350615,126.9999999999,0.26771653543328167
630,FREDERICKSBURG CITY,401,DISTRICT 4,630,000402,177480.58142249304,15.0,15,16,3556397.228229914,0.04990460008620254,126.9999999999,0.11811023622056545
630,FREDERICKSBURG CITY,401,DISTRICT 4,177,000701,22197.538071367846,1.0,1,1,3556397.228229914,0.006241580072993134,126.9999999999,0.007874015748037696
630,FREDERICKSBURG CITY,401,DISTRICT 4,177,000403,7690.289120441163,1.0,1,1,3556397.228229914,0.002162381935121675,126.9999999999,0.007874015748037696
630,FREDERICKSBURG CITY,401,DISTRICT 4,177,000401,14.004240054914487,0.0,1,1,3556397.228229914,3.937760367079316e-06,126.9999999999,0.0
640,GALAX CITY,1,EAST,640,000001,12031196.699977206,100.3364626554,103,152,12155444.254508793,0.9897784439688002,104.0000000001,0.9647736793779185
640,GALAX CITY,1,EAST,640,000003,97133.26615468413,0.2599725189,4,8,12155444.254508793,0.007990926873664423,104.0000000001,0.0024997357586514428
640,GALAX CITY,1,EAST,640,000002,27114.288376902434,3.4035648258,7,8,12155444.254508793,0.002230629157535315,104.0000000001,0.032726584863430074
640,GALAX CITY,2,NORTH,640,000002,3828566.441755376,67.0864593413,69,101,3929772.443148166,0.9742463455945777,69.0,0.9722675266855072
640,GALAX CITY,2,NORTH,640,000001,101206.00139279026,1.9135406587000001,5,7,3929772.443148166,0.025753654405422387,69.0,0.027732473314492755
640,GALAX CITY,3,SOUTH,640,000003,5164513.199556562,56.918955273099996,57,87,5212137.688456757,0.9908627722928985,56.9999999999,0.9985781626877168
640,GALAX CITY,3,SOUTH,640,000001,40617.87955178101,0.0,1,1,5212137.688456757,0.0077929406281297625,56.9999999999,0.0
640,GALAX CITY,3,SOUTH,077,000302,7006.609348413662,0.0810447268,1,1,5212137.688456757,0.0013442870789716654,56.9999999999,0.001421837312283196
650,HAMPTON CITY,101,ABERDEEN,650,000101,5068697.565863591,61.000000000028436,61,161,5068697.565863591,1.0,61.000000000028436,1.0
650,HAMPTON CITY,102,BASSETTE,650,000102,2981703.4196272036,55.9902719763,56,146,2997476.5984927933,0.9947378475369847,55.9999999999,0.9998262852928569
650,HAMPTON CITY,102,BASSETTE,650,000103,15773.17886558976,0.0097280236,1,1,2997476.5984927933,0.005262152463015361,55.9999999999,0.00017371470714316734
650,HAMPTON CITY,103,CITY HALL,650,000103,2595684.6733927974,97.9999999999,98,169,2595684.6733927974,1.0,97.9999999999,1.0
650,HAMPTON CITY,104,COOPER,650,000104,5489521.1705180835,34.00000000002471,34,226,5494992.566040853,0.9990042942812002,35.00000000002471,0.9714285714285916
650,HAMPTON CITY,104,COOPER,650,000203,5471.395522769331,1.0,1,4,5494992.566040853,0.0009957057187998121,35.00000000002471,0.0285714285714084
650,HAMPTON CITY,105,EAST HAMPTON,650,000105,3756571.775870864,75.9114582188,76,207,3859655.8738108547,0.9732918940676931,81.99999999990001,0.9257494904742997
650,HAMPTON CITY,105,EAST HAMPTON,650,000110,90993.08341460483,6.0,6,7,3859655.8738108547,0.023575439466514473,81.99999999990001,0.07317073170740629
650,HAMPTON CITY,105,EAST HAMPTON,650,000108,12091.014525386076,0.0885417811,1,1,3859655.8738108547,0.003132666465792438,81.99999999990001,0.0010797778182939995
650,HAMPTON CITY,106,LASALLE,650,000106,24898223.28905145,55.999999999799996,56,90,24898599.443727717,0.9999848925367423,56.999999999799996,0.9824561403508156
650,HAMPTON CITY,106,LASALLE,650,000103,376.15467626744066,1.0,1,1,24898599.443727717,1.5107463257825892e-05,56.999999999799996,0.017543859649184364
650,HAMPTON CITY,107,LEE,650,000107,5377800.346996769,55.919484580054146,56,170,5402205.156969952,0.9954824355491765,55.99999999984737,0.9985622246465456
650,HAMPTON CITY,107,LEE,700,000311,16463.083320274403,0.07363762075895204,2,5,5402205.156969952,0.003047474659312716,55.99999999984737,0.0013149575135562991
650,HAMPTON CITY,107,LEE,650,000108,7146.215601517026,0.0,1,4,5402205.156969952,0.0013228330642528342,55.99999999984737,0.0
650,HAMPTON CITY,107,LEE,700,000312,795.5110513918854,0.006877799034267775,2,2,5402205.156969952,0.00014725672725803704,55.99999999984737,0.00012281783989797357
650,HAMPTON CITY,107,LEE,650,000101,0.0,0.0,1,1,5402205.156969952,0.0,55.99999999984737,0.0
650,HAMPTON CITY,108,PEMBROKE,650,000108,4614495.807740488,92.9254982281,93,182,4626740.326804238,0.9973535322497323,93.0000000001,0.9991989056774202
650,HAMPTON CITY,108,PEMBROKE,650,000105,7283.0282129891075,0.0441474208,1,2,4626740.326804238,0.0015741164834335124,93.0000000001,0.0004747034494618552
650,HAMPTON CITY,108,PEMBROKE,650,000103,4961.4908507613,0.0303543512,3,4,4626740.326804238,0.0010723512668341772,93.0000000001,0.0003263908731179286
650,HAMPTON CITY,109,PHENIX,650,000109,3658119.241266137,133.34631447189997,136,246,3689904.9222386167,0.9913857723593604,137.00000000010002,0.9733307625679024
650,HAMPTON CITY,109,PHENIX,700,000318,31785.680972479928,3.65368552820004,12,18,3689904.9222386167,0.008614227640639578,137.00000000010002,0.02666923743209761
650,HAMPTON CITY,110,PHOEBUS,650,000110,584664.542354622,32.9361220937,33,44,609425.5663496872,0.9593698962395396,33.0,0.998064305869697
650,HAMPTON CITY,110,PHOEBUS,650,000105,24761.023995065105,0.06387790630000001,2,6,609425.5663496872,0.040630103760460355,33.0,0.0019356941303030305
650,HAMPTON CITY,111,RIVER,650,000111,1498695.3635431011,53.9999999999,54,117,1498695.3635431011,1.0,53.9999999999,1.0
650,HAMPTON CITY,112,SMITH,650,000112,3589187.68926938,71.9440118652,72,132,3966011.14055855,0.904986789513632,83.0000000001,0.866795323676064
650,HAMPTON CITY,112,SMITH,650,000116,370961.4099568464,11.0,11,11,3966011.14055855,0.09353514067653433,83.0000000001,0.13253012048176804
650,HAMPTON CITY,112,SMITH,650,000110,5862.041332323404,0.0559881349,7,9,3966011.14055855,0.0014780698098336225,83.0000000001,0.000674555842167862
650,HAMPTON CITY,113,SYMS,650,000217,1936505.8043481158,25.8022127743,26,53,1977636.6809322217,0.9792020056157547,26.0000000001,0.9923927990077216
650,HAMPTON CITY,113,SYMS,650,000112,41130.87658410588,0.1977872258,2,4,1977636.6809322217,0.02079799438424531,26.0000000001,0.0076072009922784345
650,HAMPTON CITY,114,TARRANT,650,000118,2122210.551253416,32.890004118681176,33,80,2137039.4362002523,0.9930610148340535,33.0000000002,0.9966667914691468
650,HAMPTON CITY,114,TARRANT,700,000311,14828.884946836037,0.10999588151882375,4,9,2137039.4362002523,0.006938985165946413,33.0000000002,0.003333208530853246
650,HAMPTON CITY,115,WYTHE,650,000115,3185605.4827592764,71.5928769336,73,92,3212623.570474006,0.9915900238163468,73.9999999998,0.9674713099161283
650,HAMPTON CITY,115,WYTHE,650,000106,27018.087714729514,2.4071230662,3,4,3212623.570474006,0.008409976183653268,73.9999999998,0.0325286900838717
650,HAMPTON CITY,201,BOOKER,650,000201,2466807.889778308,39.0,39,64,2466807.889778308,1.0,39.0,1.0
650,HAMPTON CITY,202,BUCKROE,650,000202,95815654.77255642,99.2274234295559,101,283,103305030.40969205,0.9275023141909556,112.0000000003,0.8859591377615188
650,HAMPTON CITY,202,BUCKROE,650,000110,4022055.561731261,12.355292378944107,16,28,103305030.40969205,0.03893378227352918,112.0000000003,0.11031511052599118
650,HAMPTON CITY,202,BUCKROE,650,000105,3414320.5157629214,0.3974699299,2,2,103305030.40969205,0.033050864050107195,112.0000000003,0.003548838659811923
650,HAMPTON CITY,202,BUCKROE,650,000205,52999.55964143533,0.019814261899999998,1,2,103305030.40969205,0.0005130394854078947,112.0000000003,0.00017691305267809754
650,HAMPTON CITY,203,BURBANK,650,000203,25512918.753388993,79.7625484226457,80,478,25662999.027654782,0.9941518809199167,80.00000000029999,0.9970318552793324
650,HAMPTON CITY,203,BURBANK,650,000209,145217.20743888518,0.226349482,2,4,25662999.027654782,0.005658621865760788,80.00000000029999,0.00282936852498939
650,HAMPTON CITY,203,BURBANK,650,000210,4863.066826904452,0.011102095654301763,2,3,25662999.027654782,0.00018949721432261085,80.00000000029999,0.00013877619567825164
650,HAMPTON CITY,204,FORREST,650,000204,2405244.8599303244,32.9999999999,33,91,2405244.8599303244,1.0,32.9999999999,1.0
650,HAMPTON CITY,205,FOX HILL,650,000205,96799945.35676175,84.7819839292,85,180,96821732.30365774,0.9997749787534511,85.0000000001,0.9974351050482383
650,HAMPTON CITY,205,FOX HILL,650,000213,21786.946895992813,0.2180160709,2,8,96821732.30365774,0.00022502124654889843,85.0000000001,0.0025648949517616884
650,HAMPTON CITY,206,JONES,650,000116,780163.4112128229,15.0,15,32,780163.4112128229,1.0,15.0,1.0
650,HAMPTON CITY,207,KECOUGHTAN,650,000117,1953636.7714946577,26.0,26,72,1953636.7714946577,1.0,26.0,1.0
650,HAMPTON CITY,208,KRAFT,650,000208,3977958.1049934993,65.15518946854667,66,122,4057294.976050641,0.9804458705799183,66.00000000010473,0.9871998404309587
650,HAMPTON CITY,208,KRAFT,650,000204,79336.87105714144,0.8448105315580685,1,3,4057294.976050641,0.01955412942008168,66.00000000010473,0.012800159569041332
650,HAMPTON CITY,209,LANGLEY,650,000209,5298426.23764405,61.0196855707594,62,116,5432923.188577595,0.9752440912074154,61.9999999995,0.9841884769556692
650,HAMPTON CITY,209,LANGLEY,650,000215,115861.00400699147,0.9543892911405982,3,5,5432923.188577595,0.021325720976615774,61.9999999995,0.015393375663682176
650,HAMPTON CITY,209,LANGLEY,650,000203,18635.946926553668,0.0259251376,1,3,5432923.188577595,0.0034301878159688805,61.9999999995,0.0004181473806485334
650,HAMPTON CITY,210,MAGRUDER,650,000210,13590067.753705906,50.336350217203545,51,275,13616974.878035583,0.9980240013240328,51.999999999503544,0.9680067349554639
650,HAMPTON CITY,210,MAGRUDER,650,000203,26907.12432967627,1.6636497823,4,7,13616974.878035583,0.0019759986759671513,51.999999999503544,0.031993265044536215
650,HAMPTON CITY,210,MAGRUDER,199,000502,0.0,0.0,2,2,13616974.878035583,0.0,51.999999999503544,0.0
650,HAMPTON CITY,211,MALLORY,650,000118,485624.47288342065,16.8973340798,17,21,486326.88395217876,0.9985556811849472,17.0,0.9939608282235294
650,HAMPTON CITY,211,MALLORY,700,000311,702.4110687581203,0.1026659202,2,2,486326.88395217876,0.0014443188150527772,17.0,0.006039171776470588
650,HAMPTON CITY,212,NORTHAMPTON,650,000216,5932294.162277605,21.2895742603,22,60,10027475.218948111,0.5916039713633825,53.9999999997,0.394251375192931
650,HAMPTON CITY,212,NORTHAMPTON,650,000212,4035343.578689551,30.0,30,79,10027475.218948111,0.40242867626980394,53.9999999997,0.555555555558642
650,HAMPTON CITY,212,NORTHAMPTON,700,000320,32337.825864863,0.5635613356,1,1,10027475.218948111,0.0032249220425652927,53.9999999997,0.010436321029687608
650,HAMPTON CITY,212,NORTHAMPTON,650,000210,10525.718273116508,1.0,1,4,10027475.218948111,0.001049687787133785,53.9999999997,0.018518518518621397
650,HAMPTON CITY,212,NORTHAMPTON,199,000201,8589.382435268517,0.1468644038,1,2,10027475.218948111,0.0008565847581490756,53.9999999997,0.002719711181496591
650,HAMPTON CITY,212,NORTHAMPTON,650,000208,8384.5514077074,1.0,1,5,10027475.218948111,0.0008361577789655157,53.9999999997,0.018518518518621397
650,HAMPTON CITY,213,PHILLIPS,650,000213,9403224.111445008,60.8708944095,61,104,9441910.076381907,0.9959027395279194,61.000000000300005,0.9978835149049284
650,HAMPTON CITY,213,PHILLIPS,650,000205,38685.96493689905,0.1291055908,4,7,9441910.076381907,0.004097260472080594,61.000000000300005,0.0021164850950715582
650,HAMPTON CITY,214,TUCKER CAPPS,650,000214,3754236.9079054957,49.25463405482321,51,128,3805868.393657211,0.9864337175090543,50.9999999998,0.9657771383336541
650,HAMPTON CITY,214,TUCKER CAPPS,700,000311,44002.34711484509,1.6493624908148656,5,7,3805868.393657211,0.011561710118032083,50.9999999998,0.03234044099649674
650,HAMPTON CITY,214,TUCKER CAPPS,700,000302,7629.138636870616,0.09600345416193086,1,4,3805868.393657211,0.0020045723729136813,50.9999999998,0.0018824206698491634
650,HAMPTON CITY,215,TYLER,650,000215,713435.9880291412,8.0,8,15,713435.9880291412,1.0,8.0,1.0
660,HARRISONBURG CITY,101,NORTHEAST,660,000104,4851310.532244999,34.20855682028159,35,113,8050984.030265493,0.6025736126177634,101.99999999980918,0.3353780080426038
660,HARRISONBURG CITY,101,NORTHEAST,660,000101,3199673.4980204944,67.79144317952759,68,124,8050984.030265493,0.39742638738223657,101.99999999980918,0.6646219919573962
660,HARRISONBURG CITY,102,SOUTHEAST,660,000103,10853750.247335061,61.93727795168093,64,193,18544493.467824735,0.5852815697644507,145.0000000004049,0.4271536410448826
660,HARRISONBURG CITY,102,SOUTHEAST,660,000104,3107122.3325725826,15.87238978992395,17,73,18544493.467824735,0.1675495929809857,145.0000000004049,0.10946475717158365
660,HARRISONBURG CITY,102,SOUTHEAST,660,000102,2499588.928856268,56.0000000001,56,95,18544493.467824735,0.1347887410995146,145.0000000004049,0.3862068965513354
660,HARRISONBURG CITY,102,SOUTHEAST,660,000105,1954370.899560011,11.0,11,52,18544493.467824735,0.10538820609745446,145.0000000004049,0.07586206896530541
660,HARRISONBURG CITY,102,SOUTHEAST,165,000404,129661.05950081047,0.1903322587,1,4,18544493.467824735,0.0069918900575945304,145.0000000004049,0.0013126362668928863
660,HARRISONBURG CITY,201,NORTHWEST,660,000201,5953983.956050707,113.44277040787657,116,163,8359941.369273989,0.7122040326662931,134.0000000002,0.8465878388634869
660,HARRISONBURG CITY,201,NORTHWEST,660,000203,2358076.8940729517,20.429309217849138,24,51,8359941.369273989,0.28206859233962983,134.0000000002,0.15245753147625854
660,HARRISONBURG CITY,201,NORTHWEST,165,000202,47880.5191503306,0.1279203744742996,5,9,8359941.369273989,0.005727374994077109,134.0000000002,0.0009546296602545424
660,HARRISONBURG CITY,202,SOUTHWEST,660,000202,5519790.31095088,95.05861902262473,104,175,10435333.713583825,0.5289519686146394,143.00000000027876,0.6647455875695064
660,HARRISONBURG CITY,202,SOUTHWEST,660,000203,4909793.72420671,46.92802781228871,52,107,10435333.713583825,0.4704970496358502,143.00000000027876,0.3281680266587219
660,HARRISONBURG CITY,202,SOUTHWEST,165,000205,5749.678426235236,1.0133531653653314,3,3,10435333.713583825,0.0005509817495103962,143.00000000027876,0.00708638577177172
670,HOPEWELL CITY,101,WARD 1,670,000101,3138247.107372605,166.69232087433707,168,287,3229120.1473132647,0.9718582660926168,173.99999999989998,0.9580018441059361
670,HOPEWELL CITY,101,WARD 1,670,000201,84337.05844135731,5.518766756,6,6,3229120.1473132647,0.026117658864916668,173.99999999989998,0.03171705032185731
670,HOPEWELL CITY,101,WARD 1,041,000103,4830.479171387491,0.7889123695629321,4,5,3229120.1473132647,0.0014959118741390315,173.99999999989998,0.004533979135421756
670,HOPEWELL CITY,101,WARD 1,670,000301,1705.5023279154018,1.0,1,1,3229120.1473132647,0.0005281631683275819,173.99999999989998,0.005747126436784913
670,HOPEWELL CITY,201,WARD 2,670,000201,8861519.371509736,83.27148925138113,85,199,9127023.420518724,0.9709101163899612,90.00000000030711,0.9252387694566331
670,HOPEWELL CITY,201,WARD 2,670,000601,210892.6910187399,4.0,5,11,9127023.420518724,0.023106404059906976,90.00000000030711,0.04444444444429278
670,HOPEWELL CITY,201,WARD 2,670,000101,35263.54323154418,1.845987215,4,6,9127023.420518724,0.0038636411463859282,90.00000000030711,0.020510969055485564
670,HOPEWELL CITY,201,WARD 2,149,000204,19347.814758704655,0.8825235339259786,3,4,9127023.420518724,0.0021198384037459874,90.00000000030711,0.009805817043588523
670,HOPEWELL CITY,301,WARD 3,670,000301,2617438.7049632664,104.0,104,148,2668257.2818598417,0.9809543940001343,110.0,0.9454545454545454
670,HOPEWELL CITY,301,WARD 3,670,000101,50818.576896575185,6.0,7,9,2668257.2818598417,0.019045605999865715,110.0,0.05454545454545454
670,HOPEWELL CITY,401,WARD 4,670,000401,4620534.181912645,42.4648795038,43,93,5789251.334392329,0.7981229203961726,73.0000000002,0.5817106781326528
670,HOPEWELL CITY,401,WARD 4,670,000701,563866.4225630205,21.0,21,41,5789251.334392329,0.0973988500401161,73.0000000002,0.28767123287592417
670,HOPEWELL CITY,401,WARD 4,670,000301,539166.5282222906,8.0,8,13,5789251.334392329,0.0931323407949578,73.0000000002,0.10958904109559016
670,HOPEWELL CITY,401,WARD 4,149,000205,65684.2016943732,1.5351204964,7,20,5789251.334392329,0.01134588876875351,73.0000000002,0.021029047895832795
670,HOPEWELL CITY,501,WARD 5,670,000501,1822156.2873643213,116.0,116,137,1952691.8868122096,0.9331509490414337,121.0,0.9586776859504132
670,HOPEWELL CITY,501,WARD 5,670,000401,104390.60979301085,3.0,3,3,1952691.8868122096,0.05345984714640754,121.0,0.024793388429752067
670,HOPEWELL CITY,501,WARD 5,670,000301,26144.98965487739,2.0,2,3,1952691.8868122096,0.013389203812158695,121.0,0.01652892561983471
670,HOPEWELL CITY,601,WARD 6,670,000601,2232378.6538490593,84.99922932717365,85,116,2334964.573748514,0.9560653206250727,93.0000000001,0.9139702078180887
670,HOPEWELL CITY,601,WARD 6,670,000701,97842.87427167487,8.0,8,11,2334964.573748514,0.04190336563205304,93.0000000001,0.08602150537625158
670,HOPEWELL CITY,601,WARD 6,670,000201,4329.997542852685,0.0,1,1,2334964.573748514,0.0018544168042350115,93.0000000001,0.0
670,HOPEWELL CITY,601,WARD 6,149,000204,413.0480849269515,0.0007706729263543231,1,1,2334964.573748514,0.00017689693863913783,93.0000000001,8.286805659714994e-06
670,HOPEWELL CITY,701,WARD 7,670,000701,2527547.0442374684,79.92257464394702,80,118,2876232.8859407594,0.8787699551702877,102.9999999997,0.7759473266425224
670,HOPEWELL CITY,701,WARD 7,670,000601,192230.04857186714,16.0,16,17,2876232.8859407594,0.06683396518811183,102.9999999997,0.15533980582569518
670,HOPEWELL CITY,701,WARD 7,670,000501,147179.3896011371,7.0,7,8,2876232.8859407594,0.05117088755940485,102.9999999997,0.06796116504874164
670,HOPEWELL CITY,701,WARD 7,149,000205,9276.403530286898,0.07742535575298366,3,5,2876232.8859407594,0.0032251920821956557,102.9999999997,0.0007517024830408658
678,LEXINGTON CITY,1,EAST,678,000001,2713076.0354188234,45.9999999999,46,90,2713076.0354188234,1.0,45.9999999999,1.0
678,LEXINGTON CITY,2,WEST,678,000001,3820644.6224327027,90.9806478085201,91,175,3822294.273287311,0.9995684134353189,91.0,0.999787338555166
678,LEXINGTON CITY,2,WEST,163,000202,884.9688069974206,0.0034459446798914685,1,2,3822294.273287311,0.0002315281722765724,91.0,3.78675239548513e-05
678,LEXINGTON CITY,2,WEST,163,000101,764.6820476113145,0.0159062468,2,2,3822294.273287311,0.00020005839240463824,91.0,0.00017479392087912086
680,LYNCHBURG CITY,101,FIRST WARD FIRST PRECINCT,680,000101,12866033.552560171,50.15362294597451,52,142,18752740.23249181,0.6860881872755814,56.00000000005577,0.895600409748653
680,LYNCHBURG CITY,101,FIRST WARD FIRST PRECINCT,680,000102,3944918.394458227,3.0895522387,4,25,18752740.23249181,0.21036490377140138,56.00000000005577,0.05517057569101649
680,LYNCHBURG CITY,101,FIRST WARD FIRST PRECINCT,680,000403,1424031.671249544,1.0,1,8,18752740.23249181,0.07593725789376664,56.00000000005577,0.017857142857125072
680,LYNCHBURG CITY,101,FIRST WARD FIRST PRECINCT,019,000506,517095.84073933767,1.756824815381258,2,4,18752740.23249181,0.027574414956348353,56.00000000005577,0.03137187170320551
680,LYNCHBURG CITY,101,FIRST WARD FIRST PRECINCT,019,000403,660.7734845315509,0.0,1,1,18752740.23249181,3.523610290226631e-05,56.00000000005577,0.0
680,LYNCHBURG CITY,102,FIRST WARD SECOND PRECINCT,680,000102,10637660.711684331,43.96821031503199,44,100,10641289.678162599,0.9996589730579636,44.000000000099995,0.9992775071575469
680,LYNCHBURG CITY,102,FIRST WARD SECOND PRECINCT,019,000505,3628.9664782677078,0.031789685068008396,3,5,10641289.678162599,0.00034102694203643846,44.000000000099995,0.0007224928424530943
680,LYNCHBURG CITY,103,FIRST WARD THIRD PRECINCT,680,000103,10211898.635954065,36.970204293709756,37,75,10229754.48682157,0.9982545181421013,37.0,0.9991947106408042
680,LYNCHBURG CITY,103,FIRST WARD THIRD PRECINCT,019,000505,17855.850867503697,0.029795706290241433,3,3,10229754.48682157,0.0017454818578985848,37.0,0.0008052893591957145
680,LYNCHBURG CITY,104,FIRST WARD FOURTH PRECINCT,680,000104,3182480.195030638,25.4359333581,26,65,4108961.0791120133,0.7745218642271499,36.0000000001,0.706553704389704
680,LYNCHBURG CITY,104,FIRST WARD FOURTH PRECINCT,680,000201,741991.3516276934,10.0,10,24,4108961.0791120133,0.18057882207734247,36.0000000001,0.2777777777770062
680,LYNCHBURG CITY,104,FIRST WARD FOURTH PRECINCT,680,000103,184489.53245368172,0.564066642,2,8,4108961.0791120133,0.044899313695507606,36.0000000001,0.01566851783328981
680,LYNCHBURG CITY,105,FIRST WARD FIFTH PRECINCT,680,000105,2841678.0651931674,23.999999999899998,24,47,2880832.6683356897,0.9864085812505234,23.999999999899998,1.0
680,LYNCHBURG CITY,105,FIRST WARD FIFTH PRECINCT,680,000201,39154.60314252233,0.0,1,4,2880832.6683356897,0.013591418749476575,23.999999999899998,0.0
680,LYNCHBURG CITY,201,SECOND WARD FIRST PRECINCT,680,000201,6496639.258902918,254.6463196222,257,362,6555864.020350709,0.9909661394342614,257.0000000001,0.9908417105918323
680,LYNCHBURG CITY,201,SECOND WARD FIRST PRECINCT,680,000202,51610.425502353915,1.3536803779,4,9,6555864.020350709,0.007872406343716842,257.0000000001,0.005267238824511569
680,LYNCHBURG CITY,201,SECOND WARD FIRST PRECINCT,680,000105,7614.3359454366255,1.0,1,1,6555864.020350709,0.0011614542220217212,257.0000000001,0.0038910505836560736
680,LYNCHBURG CITY,202,SECOND WARD SECOND PRECINCT,680,000202,4272228.0012596715,219.6514938183,223,319,7653580.807526717,0.5581998947549177,255.9999999996,0.8580136477290751
680,LYNCHBURG CITY,202,SECOND WARD SECOND PRECINCT,680,000203,3283067.126853562,34.6315022824,36,59,7653580.807526717,0.42895831499223397,255.9999999996,0.13527930579083638
680,LYNCHBURG CITY,202,SECOND WARD SECOND PRECINCT,680,000201,98285.67941348373,1.7170038989,3,9,7653580.807526717,0.01284179025284834,255.9999999996,0.0067070464800886055
680,LYNCHBURG CITY,203,SECOND WARD THIRD PRECINCT,680,000203,8439753.973921983,16.0000000002,16,92,11002479.889779916,0.7670774278589301,18.0000000002,0.8888888888901234
680,LYNCHBURG CITY,203,SECOND WARD THIRD PRECINCT,680,000303,2562725.9158579335,2.0,2,8,11002479.889779916,0.23292257214106993,18.0000000002,0.11111111110987654
680,LYNCHBURG CITY,301,THIRD WARD FIRST PRECINCT,680,000301,2293074.4918203577,64.0,64,135,3097860.4879316986,0.7402123177442829,97.9999999999,0.6530612244904623
680,LYNCHBURG CITY,301,THIRD WARD FIRST PRECINCT,680,000202,790131.0436897422,31.999999999899998,32,49,3097860.4879316986,0.2550570133057467,97.9999999999,0.32653061224421076
680,LYNCHBURG CITY,301,THIRD WARD FIRST PRECINCT,680,000201,14654.952421598617,2.0,2,2,3097860.4879316986,0.004730668949970393,97.9999999999,0.020408163265326948
680,LYNCHBURG CITY,302,THIRD WARD SECOND PRECINCT,680,000204,3713367.780542262,75.0000000002,75,116,3713367.780542262,1.0,75.0000000002,1.0
680,LYNCHBURG CITY,303,THIRD WARD THIRD PRECINCT,680,000303,8639505.684305336,67.0000000003,67,161,8639505.684305336,1.0,67.0000000003,1.0
680,LYNCHBURG CITY,304,THIRD WARD FOURTH PRECINCT,680,000304,5185957.556400457,44.0000000001,45,103,7419205.7921820395,0.6989909299813655,49.0000000004,0.89795918366818
680,LYNCHBURG CITY,304,THIRD WARD FOURTH PRECINCT,680,000302,2230499.61107458,5.0000000003,5,36,7419205.7921820395,0.3006385957678867,49.0000000004,0.10204081633182008
680,LYNCHBURG CITY,304,THIRD WARD FOURTH PRECINCT,680,000303,2748.624707002076,0.0,1,1,7419205.7921820395,0.0003704742507477591,49.0000000004,0.0
680,LYNCHBURG CITY,305,THIRD WARD FIFTH PRECINCT,680,000305,4846975.817430247,25.7939710421,26,89,4853665.466304631,0.998621732601716,27.000000000100002,0.9553322608149802
680,LYNCHBURG CITY,305,THIRD WARD FIFTH PRECINCT,680,000304,6689.648874383982,1.206028958,2,2,4853665.466304631,0.0013782673982838764,27.000000000100002,0.04466773918501975
680,LYNCHBURG CITY,401,FOURTH WARD FIRST PRECINCT,680,000401,11534636.40452924,40.99311067758988,41,138,11586466.54267832,0.9955266657044953,41.00000000038988,0.999831967736587
680,LYNCHBURG CITY,401,FOURTH WARD FIRST PRECINCT,680,000305,38979.126909725164,0.0,5,16,11586466.54267832,0.003364194490714403,41.00000000038988,0.0
680,LYNCHBURG CITY,401,FOURTH WARD FIRST PRECINCT,680,000304,12851.011239354904,0.0068893228,3,5,11586466.54267832,0.0011091398047902421,41.00000000038988,0.0001680322634130363
680,LYNCHBURG CITY,402,FOURTH WARD SECOND PRECINCT,680,000402,2422507.702244049,25.83813998,26,36,2435339.0774763403,0.9947311750749763,26.000000000100002,0.9937746146115624
680,LYNCHBURG CITY,402,FOURTH WARD SECOND PRECINCT,680,000303,12831.375232291202,0.1618600201,3,8,2435339.0774763403,0.005268824925023551,26.000000000100002,0.0062253853884375945
680,LYNCHBURG CITY,403,FOURTH WARD THIRD PRECINCT,680,000403,3772204.271072772,84.9999999998,85,126,3772204.271072772,1.0,84.9999999998,1.0
680,LYNCHBURG CITY,404,FOURTH WARD FOURTH PRECINCT,680,000404,8383692.508235483,49.6332117723,52,113,11240270.159266355,0.7458621892040611,59.000000000200004,0.8412408774937584
680,LYNCHBURG CITY,404,FOURTH WARD FOURTH PRECINCT,680,000201,1963584.55299756,7.0000000002,7,33,11240270.159266355,0.17469193579647216,59.000000000200004,0.11864406779959781
680,LYNCHBURG CITY,404,FOURTH WARD FOURTH PRECINCT,680,000105,558521.2692647008,2.0,2,5,11240270.159266355,0.04968931007447913,59.000000000200004,0.033898305084630855
680,LYNCHBURG CITY,404,FOURTH WARD FOURTH PRECINCT,680,000101,334471.8287686106,0.3667882277,1,3,11240270.159266355,0.029756564924987655,59.000000000200004,0.006216749622012825
683,MANASSAS CITY,1,DEAN,683,000001,6543180.727732766,15.260810374731644,19,109,10721086.150634894,0.6103094999703257,78.00000000052364,0.19565141505934863
683,MANASSAS CITY,1,DEAN,683,000006,2618430.587564536,22.52588542623114,28,74,10721086.150634894,0.24423183908558319,78.00000000052364,0.2887934028984605
683,MANASSAS CITY,1,DEAN,683,000003,1302502.3401571494,24.9930598861,25,60,10721086.150634894,0.12148977462325646,78.00000000052364,0.32042384469143864
683,MANASSAS CITY,1,DEAN,153,001061,144527.71098006298,5.474394398692692,8,22,10721086.150634894,0.013480696726936027,78.00000000052364,0.07018454357251207
683,MANASSAS CITY,1,DEAN,153,000214,64496.668317679956,0.022718882099999997,1,8,10721086.150634894,0.006015870725361209,78.00000000052364,0.0002912677192288138
683,MANASSAS CITY,1,DEAN,153,000203,44351.13976894369,9.716190918768858,14,22,10721086.150634894,0.004136814045311748,78.00000000052364,0.12456655023979012
683,MANASSAS CITY,1,DEAN,153,000205,3596.9761137561572,0.0069401138993059885,1,3,10721086.150634894,0.00033550482322569034,78.00000000052364,8.897581922127432e-05
683,MANASSAS CITY,2,WEEMS,683,000002,2511651.5387988607,52.48661479899334,53,71,2730108.6657873634,0.919982259414755,53.9999999999,0.9719743481313062
683,MANASSAS CITY,2,WEEMS,683,000005,211503.1691813708,1.513385200906665,3,5,2730108.6657873634,0.07747060468026215,53.9999999999,0.028025651868693845
683,MANASSAS CITY,2,WEEMS,683,000001,5995.514930089454,0.0,1,1,2730108.6657873634,0.002196071901907372,53.9999999999,0.0
683,MANASSAS CITY,2,WEEMS,683,000004,958.4428770423696,0.0,1,1,2730108.6657873634,0.00035106400307548003,53.9999999999,0.0
683,MANASSAS CITY,3,METZ,683,000005,2687642.1546977903,46.629370127133036,47,94,4758391.779041352,0.5648215362458565,71.00000000081039,0.6567516919239551
683,MANASSAS CITY,3,METZ,683,000003,1982000.6817684968,22.875871405266963,26,80,4758391.779041352,0.4165274264507493,71.00000000081039,0.322195371901491
683,MANASSAS CITY,3,METZ,153,000205,88748.94257506452,1.4947584684103867,4,31,4758391.779041352,0.018651037303394194,71.00000000081039,0.021052936174553883
683,MANASSAS CITY,4,HAYDON,683,000004,3344517.9517759187,49.2582314676,51,133,4009268.0843489356,0.8341966367457402,60.9999999999,0.807511991273455
683,MANASSAS CITY,4,HAYDON,683,000002,355124.78231929033,4.0,4,6,4009268.0843489356,0.08857596320525396,60.9999999999,0.06557377049191078
683,MANASSAS CITY,4,HAYDON,683,000001,256952.89665944682,3.0,3,6,4009268.0843489356,0.06408972691612198,60.9999999999,0.04918032786893308
683,MANASSAS CITY,4,HAYDON,153,000204,52672.45359427953,4.7417685323,7,9,4009268.0843489356,0.013137673132883804,60.9999999999,0.07773391036570121
683,MANASSAS CITY,5,BALDWIN,683,000001,2002342.5835154457,59.3197797807,60,84,3634056.488023283,0.5509937971835448,118.0,0.5027099981415254
683,MANASSAS CITY,5,BALDWIN,683,000005,1596734.3599499674,57.0000000001,57,79,3634056.488023283,0.43938072102409687,118.0,0.4830508474584746
683,MANASSAS CITY,5,BALDWIN,153,001062,34979.54455787023,1.6802202192,3,6,3634056.488023283,0.009625481792358457,118.0,0.0142391544
685,MANASSAS PARK CITY,1,PRECINCT ONE,685,000003,2739647.937004697,22.3435228533,25,64,6445995.598409659,0.42501548367184994,76.00000000040016,0.2939937217523994
685,MANASSAS PARK CITY,1,PRECINCT ONE,685,000002,2044677.4432893163,47.0000000001,50,62,6445995.598409659,0.3172011851503241,76.00000000040016,0.6184210526296385
685,MANASSAS PARK CITY,1,PRECINCT ONE,685,000001,1638028.8356528827,5.654811828883745,7,46,6445995.598409659,0.254115723575271,76.00000000040016,0.07440541880071014
685,MANASSAS PARK CITY,1,PRECINCT ONE,153,000211,23639.513515608203,1.001665318116419,4,21,6445995.598409659,0.003667317663300994,76.00000000040016,0.013179806817251907
685,MANASSAS PARK CITY,1,PRECINCT ONE,059,000803,1.868947154887335,0.0,1,1,6445995.598409659,2.899392539685316e-07,76.00000000040016,0.0
690,MARTINSVILLE CITY,1,PRECINCT #1,690,000001,1670042.190231612,27.999999999899998,28,35,1670042.190231612,1.0,27.999999999899998,1.0
690,MARTINSVILLE CITY,2,PRECINCT #2,690,000002,5489879.098158085,97.6496372989,98,144,5513818.788788324,0.9956582376847571,98.0,0.9964248703969388
690,MARTINSVILLE CITY,2,PRECINCT #2,690,000006,23939.690630239365,0.3503627011,1,1,5513818.788788324,0.004341762315242894,98.0,0.0035751296030612245
690,MARTINSVILLE CITY,3,PRECINCT #3,690,000003,4458074.492973191,47.9999999999,48,72,4458074.492973191,1.0,47.9999999999,1.0
690,MARTINSVILLE CITY,4,PRECINCT #4,690,000004,8896868.3822962,68.0,68,159,8896868.3822962,1.0,68.0,1.0
690,MARTINSVILLE CITY,5,PRECINCT #5,690,000005,6606953.38417646,31.0,31,48,6606953.38417646,1.0,31.0,1.0
690,MARTINSVILLE CITY,6,PRECINCT #6,690,000006,1360866.7136605857,22.979032965400002,23,37,1364476.4800961055,0.9973544678210462,23.000000000000004,0.9990883897999999
690,MARTINSVILLE CITY,6,PRECINCT #6,690,000002,3609.766435519907,0.0209670346,1,2,1364476.4800961055,0.002645532178953834,23.000000000000004,0.0009116101999999998
700,NEWPORT NEWS CITY,101,DENBIGH,700,000101,3631780.377503941,57.2111234415,60,113,5000620.108431132,0.7262660027664762,65.99999999994246,0.8668352036598467
700,NEWPORT NEWS CITY,101,DENBIGH,700,000103,1368839.730927191,8.78887655844246,9,47,5000620.108431132,0.2737339972335238,65.99999999994246,0.13316479634015338
700,NEWPORT NEWS CITY,102,EPES,700,000102,4139678.1945436858,43.0000000001,43,121,4139678.1945436858,1.0,43.0000000001,1.0
700,NEWPORT NEWS CITY,103,JENKINS,700,000103,2024539.8142682323,32.0000000001,32,44,2024539.8142682323,1.0,32.0000000001,1.0
700,NEWPORT NEWS CITY,104,MCINTOSH,700,000110,15626106.546894843,62.25841930277858,63,183,20216942.561872758,0.7729213504501022,86.99999999970001,0.715614014976934
700,NEWPORT NEWS CITY,104,MCINTOSH,700,000104,4006115.931920596,20.0000000002,20,51,20216942.561872758,0.1981563690780698,86.99999999970001,0.2298850574743559
700,NEWPORT NEWS CITY,104,MCINTOSH,199,000103,556242.6057065795,4.570031611770691,6,19,20216942.561872758,0.027513685811008857,86.99999999970001,0.05252909898605114
700,NEWPORT NEWS CITY,104,MCINTOSH,199,000303,28477.47735073767,0.1715490849507344,4,6,20216942.561872758,0.0014085946608189657,86.99999999970001,0.0019718285626589187
700,NEWPORT NEWS CITY,105,OYSTER POINT,700,000105,677683.4143316988,11.0,11,27,677683.4143316988,1.0,11.0,1.0
700,NEWPORT NEWS CITY,106,RESERVOIR,700,000106,4614471.09535057,58.6606912198,60,105,4940653.644240806,0.9339798795103845,60.9999999997,0.9616506757391556
700,NEWPORT NEWS CITY,106,RESERVOIR,700,000108,318819.14067157457,1.3355216529,4,17,4940653.644240806,0.06452974922522932,60.9999999997,0.021893797588632264
700,NEWPORT NEWS CITY,106,RESERVOIR,700,000102,7363.408218661159,1.003787127,2,2,4940653.644240806,0.0014903712643861396,60.9999999997,0.016455526672212076
700,NEWPORT NEWS CITY,107,RICHNECK,700,000107,1958339.0742586255,25.9999679631734,26,47,1959756.1191515177,0.9992769279406533,26.0,0.9999987678143616
700,NEWPORT NEWS CITY,107,RICHNECK,199,000202,1319.0394601398887,3.17242975352868e-05,1,2,1959756.1191515177,0.0006730630649649257,26.0,1.2201652898187232e-06
700,NEWPORT NEWS CITY,107,RICHNECK,199,000303,98.00543275233258,3.125290648385e-07,1,1,1959756.1191515177,5.000899438179294e-05,26.0,1.2020348647634615e-08
700,NEWPORT NEWS CITY,108,LEE HALL,700,000108,75303845.63135503,71.9999999993,72,375,75308429.28040989,0.9999391349799929,73.9999999993,0.9729729729727173
700,NEWPORT NEWS CITY,108,LEE HALL,700,000106,4309.078703210061,1.0,3,8,75308429.28040989,5.721907553223911e-05,73.9999999993,0.013513513513641344
700,NEWPORT NEWS CITY,108,LEE HALL,700,000210,274.57035165115036,1.0,3,5,75308429.28040989,3.6459444749377454e-06,73.9999999993,0.013513513513641344
700,NEWPORT NEWS CITY,109,WINDSOR,700,000109,1342413.6429202966,16.0,16,31,1990279.9925556192,0.674484820196866,27.999999999899998,0.5714285714306123
700,NEWPORT NEWS CITY,109,WINDSOR,700,000107,647866.3496353227,11.9999999999,12,15,1990279.9925556192,0.32551517980313405,27.999999999899998,0.4285714285693878
700,NEWPORT NEWS CITY,201,BLAND,700,000201,1352546.383112808,12.00000000016465,12,36,1352546.383112808,1.0,12.00000000016465,1.0
700,NEWPORT NEWS CITY,202,BOULEVARD,700,000202,2483242.8078605584,33.9959849997,34,66,2521659.61884463,0.9847652670102741,34.0,0.9998819117558824
700,NEWPORT NEWS CITY,202,BOULEVARD,700,000204,24597.943143923047,0.0,7,12,2521659.61884463,0.009754664333005139,34.0,0.0
700,NEWPORT NEWS CITY,202,BOULEVARD,700,000205,7107.965313662006,0.0,4,4,2521659.61884463,0.0028187647771901595,34.0,0.0
700,NEWPORT NEWS CITY,202,BOULEVARD,700,000212,3626.011429928538,0.0003247903,2,2,2521659.61884463,0.001437946423391551,34.0,9.55265588235294e-06
700,NEWPORT NEWS CITY,202,BOULEVARD,700,000105,3084.8910965583186,0.00369021,1,1,2521659.61884463,0.0012233574561390443,34.0,0.00010853558823529412
700,NEWPORT NEWS CITY,203,CHARLES,700,000203,3543446.995423495,48.9999999999,49,67,3543446.995423495,1.0,48.9999999999,1.0
700,NEWPORT NEWS CITY,204,CHRISTOPHER NEWPORT,700,000204,2213861.9063282358,27.9999999997,28,66,2213861.9063282358,1.0,27.9999999997,1.0
700,NEWPORT NEWS CITY,205,DEEP CREEK,700,000205,22323569.27108119,27.932848259779604,28,52,22356796.231140032,0.998513787050912,28.0,0.9976017235635573
700,NEWPORT NEWS CITY,205,DEEP CREEK,700,000208,33226.96005884267,0.06715174022039454,2,3,22356796.231140032,0.001486212949088025,28.0,0.002398276436442662
700,NEWPORT NEWS CITY,206,WATKINS,700,000219,6298302.116944796,40.9991108476,42,178,10985946.642029999,0.5733053620385131,97.00000000040001,0.42267124584980337
700,NEWPORT NEWS CITY,206,WATKINS,700,000211,2439381.8056859826,25.0008891528,27,76,10985946.642029999,0.2220456629885133,97.00000000040001,0.25774112528553506
700,NEWPORT NEWS CITY,206,WATKINS,700,000320,2248262.7193992203,31.0,31,61,10985946.642029999,0.20464897497297357,97.00000000040001,0.31958762886466147
700,NEWPORT NEWS CITY,207,GRISSOM,700,000101,604544.2909906225,8.0,8,14,604544.2909906225,1.0,8.0,1.0
700,NEWPORT NEWS CITY,208,HIDENWOOD,700,000208,3003864.373163517,28.0,28,46,3008186.429081755,0.998563235351222,28.0,1.0
700,NEWPORT NEWS CITY,208,HIDENWOOD,700,000204,4322.0559182381385,0.0,2,3,3008186.429081755,0.001436764648777915,28.0,0.0
700,NEWPORT NEWS CITY,209,HILTON,700,000209,11695993.562093595,81.9815205212,82,122,11701474.538736856,0.9995315994898664,82.0000000001,0.9997746405012197
700,NEWPORT NEWS CITY,209,HILTON,700,000215,5480.976643260952,0.0184794789,1,1,11701474.538736856,0.00046840051013370915,82.0000000001,0.00022535949878021297
700,NEWPORT NEWS CITY,210,NELSON,700,000210,5902481.351015362,44.9999999998,46,100,5964743.306349726,0.9895616706140423,46.9999999998,0.9574468085104573
700,NEWPORT NEWS CITY,210,NELSON,700,000108,55699.42243029078,1.0,1,5,5964743.306349726,0.00933810887905207,46.9999999998,0.02127659574477139
700,NEWPORT NEWS CITY,210,NELSON,700,000101,6562.532904073975,1.0,1,1,5964743.306349726,0.0011002205069056159,46.9999999998,0.02127659574477139
700,NEWPORT NEWS CITY,211,PALMER,700,000211,3511901.3292667232,39.1936804009,41,103,3686552.916148838,0.9526246900954388,41.0000000002,0.9559434244075321
700,NEWPORT NEWS CITY,211,PALMER,700,000219,102363.2703127387,0.9402320177,1,1,3686552.916148838,0.027766662419068874,41.0000000002,0.0229324882364735
700,NEWPORT NEWS CITY,211,PALMER,700,000218,72288.31656937597,0.8660875816,1,2,3686552.916148838,0.01960864748549223,41.0000000002,0.02112408735599452
700,NEWPORT NEWS CITY,212,RIVERSIDE,700,000212,11086257.929994551,19.9991194158,20,43,11116048.013062995,0.9973200832675934,21.0,0.9523390197999999
700,NEWPORT NEWS CITY,212,RIVERSIDE,700,000208,25976.491944285997,1.0,1,2,11116048.013062995,0.0023368459648392837,21.0,0.047619047619047616
700,NEWPORT NEWS CITY,212,RIVERSIDE,700,000215,3277.603340398804,0.0008805842,2,3,11116048.013062995,0.0002948532910749519,21.0,4.193258095238095e-05
700,NEWPORT NEWS CITY,212,RIVERSIDE,700,000204,535.9877837598464,0.0,1,1,11116048.013062995,4.8217476492543186e-05,21.0,0.0
700,NEWPORT NEWS CITY,213,SANFORD,700,000213,2263353.8490310437,23.6042181835,24,29,2644271.097747923,0.8559462193413907,25.0,0.9441687273399999
700,NEWPORT NEWS CITY,213,SANFORD,700,000217,380917.2487168792,1.3957818165,2,3,2644271.097747923,0.14405378065860927,25.0,0.05583127266
700,NEWPORT NEWS CITY,214,SAUNDERS,700,000319,3357366.754156004,49.97304894166267,51,118,3527968.174654775,0.9516431520770551,52.0000000003,0.961020171949507
700,NEWPORT NEWS CITY,214,SAUNDERS,650,000216,161969.12154031888,1.976423208403662,5,10,3527968.174654775,0.04591002909377667,52.0000000003,0.03800813862292807
700,NEWPORT NEWS CITY,214,SAUNDERS,199,000201,8356.405071386094,0.049211201833668304,1,1,3527968.174654775,0.0023686169085705543,52.0000000003,0.000946369266026623
700,NEWPORT NEWS CITY,214,SAUNDERS,199,000202,275.8938870656869,0.0013166484,1,1,3527968.174654775,7.820192059773447e-05,52.0000000003,2.532016153831546e-05
700,NEWPORT NEWS CITY,215,WARWICK,700,000215,14521970.712077083,32.9880798422,33,89,14523410.003617415,0.999900898512128,33.0000000001,0.9996387830939405
700,NEWPORT NEWS CITY,215,WARWICK,700,000212,1439.2915403321645,0.0119201579,1,1,14523410.003617415,9.91014878719029e-05,33.0000000001,0.00036121690605951147
700,NEWPORT NEWS CITY,216,YATES,700,000216,2859790.3192051463,14.8935653605,15,54,2949094.309350542,0.9697181640267509,15.0,0.9929043573666667
700,NEWPORT NEWS CITY,216,YATES,700,000105,81436.99101138856,0.10506518349999999,1,4,2949094.309350542,0.027614237616335455,15.0,0.007004345566666666
700,NEWPORT NEWS CITY,216,YATES,700,000205,7866.99913400698,0.001369456,1,1,2949094.309350542,0.0026675983569136768,15.0,9.129706666666667e-05
700,NEWPORT NEWS CITY,217,RIVERVIEW,700,000217,5695472.95047137,25.9999999999,26,53,5695472.95047137,1.0,25.9999999999,1.0
700,NEWPORT NEWS CITY,218,KILN CREEK,700,000218,9010068.713890228,45.91694835274928,46,167,9075936.901422508,0.9927425467753135,46.00000000024928,0.9981945294021837
700,NEWPORT NEWS CITY,218,KILN CREEK,700,000211,65868.1875322798,0.0830516475,5,6,9075936.901422508,0.00725745322468648,46.00000000024928,0.001805470597816303
700,NEWPORT NEWS CITY,301,BEACONSDALE,700,000320,456728.0115051259,11.0,11,12,456728.0115051259,1.0,11.0,1.0
700,NEWPORT NEWS CITY,302,BRIARFIELD,700,000302,3686666.225916763,60.9999999999,61,133,3686666.225916763,1.0,60.9999999999,1.0
700,NEWPORT NEWS CITY,303,CARVER,700,000303,2145295.676086696,44.0,44,94,2145295.676086696,1.0,44.0,1.0
700,NEWPORT NEWS CITY,304,CHESTNUT,700,000304,612079.1424353133,28.90186369815154,29,34,624855.5269259636,0.9795530583629388,29.0,0.9966159895914324
700,NEWPORT NEWS CITY,304,CHESTNUT,650,000109,12776.384490650267,0.0981363018484578,2,4,624855.5269259636,0.020446941637061147,29.0,0.0033840104085675103
700,NEWPORT NEWS CITY,305,DOWNTOWN,700,000305,14026327.573009664,77.0315479122,79,112,14349235.123392068,0.9774965322119504,79.9999999999,0.9628943489037036
700,NEWPORT NEWS CITY,305,DOWNTOWN,700,000306,322907.550382404,2.9684520877,3,5,14349235.123392068,0.02250346778804965,79.9999999999,0.03710565109629638
700,NEWPORT NEWS CITY,306,DUNBAR,700,000306,21037784.667189535,21.203952256199607,22,60,22237209.919605233,0.9460622417671996,24.0,0.8834980106749836
700,NEWPORT NEWS CITY,306,DUNBAR,700,000313,1196649.081095141,2.649588694000394,3,6,22237209.919605233,0.053812914723628445,24.0,0.11039952891668309
700,NEWPORT NEWS CITY,306,DUNBAR,700,000310,2776.1713205553006,0.14645904980000002,2,3,22237209.919605233,0.00012484350917188195,24.0,0.006102460408333334
700,NEWPORT NEWS CITY,307,HUNTINGTON,700,000307,563697.0154948129,22.7313546649,23,34,570284.0499210125,0.9884495552223284,22.999999999899998,0.9883197680434276
700,NEWPORT NEWS CITY,307,HUNTINGTON,700,000312,6587.034426199591,0.268645335,2,3,570284.0499210125,0.011550444777671639,22.999999999899998,0.011680231956572524
700,NEWPORT NEWS CITY,308,JEFFERSON,700,000308,1334199.9198411612,43.97592430995464,44,92,1336545.1000391783,0.9982453415167597,44.0000000001,0.9994528252239704
700,NEWPORT NEWS CITY,308,JEFFERSON,700,000310,2345.180198017128,0.02407569014535623,1,1,1336545.1000391783,0.0017546584832403961,44.0000000001,0.0005471747760295798
700,NEWPORT NEWS CITY,309,MAGRUDER,700,000309,695412.0881605836,25.999778461600002,26,30,698019.0049078814,0.9962652639412851,26.000000000000004,0.9999914792923076
700,NEWPORT NEWS CITY,309,MAGRUDER,650,000109,2606.916747297748,0.0002215384,1,2,698019.0049078814,0.0037347360587148865,26.000000000000004,8.52070769230769e-06
700,NEWPORT NEWS CITY,310,MARSHALL,700,000310,926133.8084941817,38.9999999999,39,53,931982.5939706173,0.9937243618987374,39.9999999999,0.9749999999999375
700,NEWPORT NEWS CITY,310,MARSHALL,700,000308,5848.785476435524,1.0,1,3,931982.5939706173,0.006275638101262564,39.9999999999,0.0250000000000625
700,NEWPORT NEWS CITY,311,NEW MARKET,700,000311,2160019.136182961,63.0,63,91,2160019.136182961,1.0,63.0,1.0
700,NEWPORT NEWS CITY,312,NEWSOME PARK,700,000312,1194652.1806632618,13.9890359793,14,21,1195759.1760646568,0.9990742321501239,14.0000000001,0.9992168556571485
700,NEWPORT NEWS CITY,312,NEWSOME PARK,650,000107,1106.99540139507,0.0109640208,2,2,1195759.1760646568,0.0009257678498761635,14.0000000001,0.000783144342851549
700,NEWPORT NEWS CITY,313,REED,700,000313,5750208.308260961,32.99583895658623,33,39,5751025.423728095,0.9998579183003152,33.0,0.9998739077753404
700,NEWPORT NEWS CITY,313,REED,700,000306,817.1154671339668,0.004161043413765889,1,1,5751025.423728095,0.00014208169968483162,33.0,0.0001260922246595724
700,NEWPORT NEWS CITY,314,RIVER,700,000314,6530125.0618566405,42.17097592442901,43,82,6538762.037695988,0.9986791114603107,44.9999999999,0.9371327983227272
700,NEWPORT NEWS CITY,314,RIVER,700,000209,6080.673282372189,1.8290240754709903,4,4,6538762.037695988,0.0009299425865809283,44.9999999999,0.04064497945500122
700,NEWPORT NEWS CITY,314,RIVER,700,000305,2556.3025569753427,1.0,1,2,6538762.037695988,0.000390945953108287,44.9999999999,0.022222222222271607
700,NEWPORT NEWS CITY,315,SEDGEFIELD,700,000315,2312713.9999979828,48.0,48,72,2312713.9999979828,1.0,48.0,1.0
700,NEWPORT NEWS CITY,316,SOUTH MORRISON,700,000320,2826029.809454725,38.0000000001,38,96,4724338.154423252,0.59818533667172,66.0000000001,0.5757575757582185
700,NEWPORT NEWS CITY,316,SOUTH MORRISON,700,000316,1868231.7447463167,28.0,28,49,4724338.154423252,0.39544835354284474,66.0000000001,0.42424242424178144
700,NEWPORT NEWS CITY,316,SOUTH MORRISON,650,000216,30076.600222210473,0.0,4,6,4724338.154423252,0.0063663097854353805,66.0000000001,0.0
700,NEWPORT NEWS CITY,317,WASHINGTON,700,000317,589814.8509576814,28.99554720660094,29,35,595535.0301017293,0.9903948905523311,29.0,0.9998464554000324
700,NEWPORT NEWS CITY,317,WASHINGTON,650,000109,5720.179144047844,0.004452793399059196,1,5,595535.0301017293,0.0096051094476688,29.0,0.0001535445999675585
700,NEWPORT NEWS CITY,318,WILSON,700,000318,4424441.677690089,35.84023490713915,36,55,4430975.992429272,0.9985253102814486,37.0,0.9686549974902473
700,NEWPORT NEWS CITY,318,WILSON,650,000109,6534.314739183787,1.159765092860855,4,9,4430975.992429272,0.0014746897185514572,37.0,0.031345002509752834
710,NORFOLK CITY,101,GRANBY,710,000101,2908350.47365468,97.6898496698,98,187,2931604.6204969487,0.9920677752109945,98.0,0.9968352007122449
710,NORFOLK CITY,101,GRANBY,710,000106,21515.590209075548,0.3042881558,5,9,2931604.6204969487,0.007339185529537182,98.0,0.003104981181632653
710,NORFOLK CITY,101,GRANBY,710,000104,1738.556633193015,0.0058621744,1,1,2931604.6204969487,0.0005930392594681832,98.0,5.981810612244898e-05
710,NORFOLK CITY,103,NORTHSIDE,710,000103,1213207.6700098575,54.0,54,84,1213207.6700098575,1.0,54.0,1.0
710,NORFOLK CITY,104,TITUSTOWN CENTER,710,000104,12820597.764070127,31.98129735168479,32,292,14079001.028670995,0.9106184265461584,33.00000000018479,0.9691302227729002
710,NORFOLK CITY,104,TITUSTOWN CENTER,710,000106,1258403.2646008667,1.0187026485,3,83,14079001.028670995,0.08938157345384151,33.00000000018479,0.030869777227099864
710,NORFOLK CITY,105,TUCKER HOUSE,710,000104,342656.05587430747,17.3927305879,18,32,376574.8479711735,0.9099281529831156,18.9999999999,0.9154068730521863
710,NORFOLK CITY,105,TUCKER HOUSE,710,000101,33918.79209686604,1.607269412,3,5,376574.8479711735,0.0900718470168844,18.9999999999,0.08459312694781364
710,NORFOLK CITY,106,ZION GRACE,710,000106,23510529.544330444,126.1454489987,127,529,24588603.32886826,0.9561555501905185,129.0000000002,0.977871697662825
710,NORFOLK CITY,106,ZION GRACE,710,000102,1019920.7322800965,0.2039241099,2,4,24588603.32886826,0.04147940892123215,129.0000000002,0.0015808070534859212
710,NORFOLK CITY,106,ZION GRACE,710,000104,58153.05225771939,2.6506268916,6,12,24588603.32886826,0.0023650408882494264,129.0000000002,0.02054749528368907
710,NORFOLK CITY,201,CANTERBURY,710,000201,4559268.000293007,57.9975356952,58,122,4561263.001752118,0.9995626208227099,57.999999999799996,0.9999575119896551
710,NORFOLK CITY,201,CANTERBURY,710,000207,1995.0014591107351,0.0024643046,1,1,4561263.001752118,0.00043737917729023637,57.999999999799996,4.2488010344974095e-05
710,NORFOLK CITY,202,CROSSROADS,710,000511,1453457.2931295924,42.9999999999,43,65,2409588.778988394,0.603197236725094,64.9999999999,0.6615384615379408
710,NORFOLK CITY,202,CROSSROADS,710,000217,956131.4858588014,22.0,22,40,2409588.778988394,0.396802763274906,64.9999999999,0.3384615384620592
710,NORFOLK CITY,202,CROSSROADS,710,000103,0.0,0.0,1,1,2409588.778988394,0.0,64.9999999999,0.0
710,NORFOLK CITY,203,GHENT SQUARE,710,000203,710604.298735362,55.0000000002,55,86,710604.298735362,1.0,55.0000000002,1.0
710,NORFOLK CITY,204,IMMANUEL,710,000207,662554.5164579885,47.7433102774,48,57,664889.076887508,0.9964887971382413,48.0000000001,0.994652297443761
710,NORFOLK CITY,204,IMMANUEL,710,000214,2334.5604295194566,0.2566897227,2,3,664889.076887508,0.003511202861758607,48.0000000001,0.005347702556238859
710,NORFOLK CITY,205,LAFAYETTE LIBRARY,710,000218,995066.743659379,28.999999999899998,29,57,995066.743659379,1.0,28.999999999899998,1.0
710,NORFOLK CITY,206,LAFAYETTE PRESBYTERIAN,710,000218,296696.2910422146,12.0,12,23,296696.2910422146,1.0,12.0,1.0
710,NORFOLK CITY,207,LAMBERT'S POINT,710,000207,1235731.0742298346,64.0000000002,64,105,1235731.0742298346,1.0,64.0000000002,1.0
710,NORFOLK CITY,208,LARCHMONT LIBRARY,710,000208,2381854.9418116007,23.0,23,47,2381854.9418116007,1.0,23.0,1.0
710,NORFOLK CITY,209,LARCHMONT RECREATION CENTER,710,000208,1175867.954570983,25.9999999999,26,41,2023907.0938427085,0.5809890968554349,57.999999999900005,0.4482758620680143
710,NORFOLK CITY,209,LARCHMONT RECREATION CENTER,710,000201,836285.6532877225,31.881289837,32,53,2023907.0938427085,0.4132035782827865,57.999999999900005,0.5496774109837063
710,NORFOLK CITY,209,LARCHMONT RECREATION CENTER,710,000214,11753.48598400294,0.118710163,1,1,2023907.0938427085,0.005807324861778652,57.999999999900005,0.002046726948279391
710,NORFOLK CITY,210,MAURY,710,000210,1192227.250823796,76.4264582444,77,107,1202644.4929603722,0.991338053599752,77.0000000001,0.9925514057701394
710,NORFOLK CITY,210,MAURY,710,000212,10417.242136576217,0.5735417557,5,5,1202644.4929603722,0.008661946400248033,77.0000000001,0.007448594229860456
710,NORFOLK CITY,211,OHEF SHOLOM,710,000211,2845491.0802654647,132.55096349613837,133,274,2897735.862691682,0.9819704814718042,134.0,0.9891862947473012
710,NORFOLK CITY,211,OHEF SHOLOM,710,000203,49982.01106369677,1.4490365038616346,5,8,2897735.862691682,0.01724864288260867,134.0,0.010813705252698766
710,NORFOLK CITY,211,OHEF SHOLOM,710,000411,2262.771362520402,0.0,1,2,2897735.862691682,0.0007808756455871493,134.0,0.0
710,NORFOLK CITY,212,PARK PLACE,710,000212,811420.2464462677,74.9999999999,75,94,811420.2464462677,1.0,74.9999999999,1.0
710,NORFOLK CITY,213,ST. ANDREW'S,710,000213,4912690.504968551,71.9999999997,72,144,4912690.504968551,1.0,71.9999999997,1.0
710,NORFOLK CITY,214,STUART,710,000214,1653055.6089911428,84.0,84,105,1653055.6089911428,1.0,84.0,1.0
710,NORFOLK CITY,215,SUBURBAN PARK,710,000215,2424492.6322384486,63.9651866803,64,125,2427931.581704684,0.9985835888077946,64.0000000002,0.9994560418765641
710,NORFOLK CITY,215,SUBURBAN PARK,710,000217,3438.949466235672,0.0348133199,3,4,2427931.581704684,0.0014164111922054816,64.0000000002,0.0005439581234358001
710,NORFOLK CITY,216,THERAPEUTIC CENTER,710,000103,942802.8748308257,33.0,33,65,1710204.9790389868,0.5512806279868356,58.0,0.5689655172413793
710,NORFOLK CITY,216,THERAPEUTIC CENTER,710,000511,767402.1042081611,25.0,25,32,1710204.9790389868,0.44871937201316436,58.0,0.43103448275862066
710,NORFOLK CITY,217,WESLEY,710,000217,1992525.0270505184,43.00000000025446,43,157,1992525.0270505184,1.0,43.00000000025446,1.0
710,NORFOLK CITY,218,WILLARD,710,000218,3968259.1804473368,82.9962393386124,84,171,4099518.651206693,0.9679817359238699,84.0,0.9880504683168143
710,NORFOLK CITY,218,WILLARD,710,000215,129823.4127410942,1.0037606613875953,2,3,4099518.651206693,0.03166796489702046,84.0,0.011949531683185658
710,NORFOLK CITY,218,WILLARD,710,000101,1436.0580182620076,0.0,1,1,4099518.651206693,0.0003502991791095533,84.0,0.0
710,NORFOLK CITY,301,BALLENTINE,710,000301,1775638.494571245,97.9999999999,98,124,1775638.494571245,1.0,97.9999999999,1.0
710,NORFOLK CITY,301,BALLENTINE,710,000313,0.0,0.0,1,1,1775638.494571245,0.0,97.9999999999,0.0
710,NORFOLK CITY,302,TANNER'S CREEK,710,000302,1247794.6085024374,35.0,35,69,1247794.6085024374,1.0,35.0,1.0
710,NORFOLK CITY,303,BOWLING PARK,710,000303,1870394.0538022756,75.9999999999,76,145,1870394.0538022756,1.0,75.9999999999,1.0
710,NORFOLK CITY,304,COLEMAN PLACE SCHOOL,710,000304,1147608.5696693365,56.9813869884,57,73,1150949.3932997163,0.9970973322981632,57.0,0.9996734559368421
710,NORFOLK CITY,304,COLEMAN PLACE SCHOOL,710,000311,3340.823630379712,0.0186130116,1,2,1150949.3932997163,0.00290266770183677,57.0,0.0003265440631578947
710,NORFOLK CITY,305,LAFAYETTE-WINONA,710,000305,1704288.7554871552,64.592228381,65,93,1708065.5818370234,0.9977888282569302,65.0,0.993726590476923
710,NORFOLK CITY,305,LAFAYETTE-WINONA,710,000309,3724.444660942097,0.4026412067,1,2,1708065.5818370234,0.00218050448445689,65.0,0.0061944801030769225
710,NORFOLK CITY,305,LAFAYETTE-WINONA,710,000311,52.381688926026904,0.0051304123,1,1,1708065.5818370234,3.066725861292189e-05,65.0,7.892941999999999e-05
710,NORFOLK CITY,306,LINDENWOOD,710,000306,1186437.997324086,70.9875652916,71,105,1194755.098681192,0.9930386559000363,72.0,0.9859384068277779
710,NORFOLK CITY,306,LINDENWOOD,710,000218,8317.101357105928,1.0124347084,6,11,1194755.098681192,0.006961344099963755,72.0,0.014061593172222223
710,NORFOLK CITY,307,MONROE,710,000212,1178673.475491395,55.0,55,113,1178673.475491395,1.0,55.0,1.0
710,NORFOLK CITY,308,NORVIEW METHODIST,710,000309,1505224.3382334365,66.971758407,67,97,1522344.770090565,0.9887539063466483,67.0,0.9995784836865671
710,NORFOLK CITY,308,NORVIEW METHODIST,710,000305,17120.431857128573,0.028241593,1,1,1522344.770090565,0.011246093653351646,67.0,0.0004215163134328358
710,NORFOLK CITY,309,NORVIEW RECREATION CENTER,710,000309,1786629.1189509025,56.0,56,112,1786629.1189509025,1.0,56.0,1.0
710,NORFOLK CITY,310,ROSEMONT,710,000310,2882989.404835184,88.7778348782,89,158,2909371.2758017676,0.9909321057831255,88.9999999999,0.9975037626775253
710,NORFOLK CITY,310,ROSEMONT,710,000511,14433.862679026463,0.2221651217,4,12,2909371.2758017676,0.004961162158669063,88.9999999999,0.002496237322474715
710,NORFOLK CITY,310,ROSEMONT,710,000504,11948.008287557044,0.0,3,3,2909371.2758017676,0.004106732058205394,88.9999999999,0.0
710,NORFOLK CITY,3111,SHERWOOD REC CENTER PART 1,710,000311,1343667.2818887732,15.0,15,35,1343667.2818887732,1.0,15.0,1.0
710,NORFOLK CITY,3112,SHERWOOD REC CENTER PART 2,710,000311,1767271.5515913772,79.9893856113,80,110,1768369.5172740356,0.9993791084544644,80.0,0.9998673201412499
710,NORFOLK CITY,3112,SHERWOOD REC CENTER PART 2,710,000309,1097.965682658305,0.010614388700000001,1,3,1768369.5172740356,0.0006208915455355921,80.0,0.00013267985875
710,NORFOLK CITY,312,SHERWOOD SCHOOL,710,000311,1288963.1387641402,49.7373786996,50,88,1340798.1571910589,0.961340177752398,51.0,0.9752427196
710,NORFOLK CITY,312,SHERWOOD SCHOOL,710,000304,51835.0184269186,1.2626213004,2,2,1340798.1571910589,0.038659822247601956,51.0,0.024757280399999998
710,NORFOLK CITY,313,UNION CHAPEL,710,000313,1470834.445357419,50.85903786173871,52,96,1732869.299214404,0.8487855639338879,58.9999999999,0.8620175908783884
710,NORFOLK CITY,313,UNION CHAPEL,710,000303,262034.853856985,8.140962138161285,11,31,1732869.299214404,0.1512144360661121,58.9999999999,0.13798240912161158
710,NORFOLK CITY,401,AZALEA GARDENS,710,000406,5678336.157919156,13.9999999999,14,66,7812105.544183962,0.7268637278136396,47.00000000030745,0.2978723404214557
710,NORFOLK CITY,401,AZALEA GARDENS,710,000512,2093005.33457227,32.97222222260745,33,94,7812105.544183962,0.2679182101079641,47.00000000030745,0.7015366430296119
710,NORFOLK CITY,401,AZALEA GARDENS,710,000505,28636.16830048748,0.0277777778,7,10,7812105.544183962,0.0036656146206072234,47.00000000030745,0.0005910165489323041
710,NORFOLK CITY,401,AZALEA GARDENS,710,000504,7080.793506793524,0.0,1,3,7812105.544183962,0.0009063873326782058,47.00000000030745,0.0
710,NORFOLK CITY,401,AZALEA GARDENS,710,000509,5047.0898852544415,0.0,1,2,7812105.544183962,0.0006460601251108226,47.00000000030745,0.0
710,NORFOLK CITY,402,BERKLEY,710,000402,3567247.5367502356,140.0,140,221,3567247.5367502356,1.0,140.0,1.0
710,NORFOLK CITY,402,BERKLEY,710,000211,0.0,0.0,1,1,3567247.5367502356,0.0,140.0,0.0
710,NORFOLK CITY,403,BRAMBLETON,710,000411,1888570.7525546767,100.9816228016,101,194,2644170.9758754275,0.7142392718872546,112.9999999998,0.8936426796617587
710,NORFOLK CITY,403,BRAMBLETON,710,000405,748739.4116185188,11.0,11,36,2644170.9758754275,0.28316603519582445,112.9999999998,0.09734513274353512
710,NORFOLK CITY,403,BRAMBLETON,710,000313,6860.8117022321585,1.0183771982,3,3,2644170.9758754275,0.0025946929169210374,112.9999999998,0.009012187594706216
710,NORFOLK CITY,404,CAMPOSTELLA,710,000404,3961935.1395422136,105.0000000002,105,224,3961935.1395422136,1.0,105.0000000002,1.0
710,NORFOLK CITY,405,CHESTERFIELD,710,000405,2533467.805543308,63.768222257,64,125,2536437.8585643275,0.9988290456196312,64.0000000001,0.9963784727640681
710,NORFOLK CITY,405,CHESTERFIELD,710,000303,2970.053021019202,0.2317777431,1,1,2536437.8585643275,0.0011709543803688173,64.0000000001,0.003621527235931841
710,NORFOLK CITY,406,BARRON BLACK,710,000406,2693166.438846056,59.999999999799996,60,104,2693166.438846056,1.0,59.999999999799996,1.0
710,NORFOLK CITY,407,COLEMAN PLACE PRESBYTERIAN,710,000415,2583241.269505686,56.9999999998,57,117,2583241.269505686,1.0,56.9999999998,1.0
710,NORFOLK CITY,408,EASTON,710,000408,5724564.295269424,105.9613545605,107,292,5760759.305717606,0.9937169722726902,109.0000000001,0.9721225189027778
710,NORFOLK CITY,408,EASTON,710,000409,34903.66403777112,3.0178848931999998,4,10,5760759.305717606,0.006058865192150784,109.0000000001,0.027687017368781937
710,NORFOLK CITY,408,EASTON,810,000023,1291.3464104109723,0.0207605464,4,4,5760759.305717606,0.00022416253515908905,109.0000000001,0.00019046372844019224
710,NORFOLK CITY,409,FAIRLAWN,710,000409,5196384.044970656,73.9999999999,74,189,5200748.0369077055,0.9991608914898241,73.9999999999,1.0
710,NORFOLK CITY,409,FAIRLAWN,710,000415,4363.991937049406,0.0,2,2,5200748.0369077055,0.0008391085101758125,73.9999999999,0.0
710,NORFOLK CITY,410,HOUSTON,710,000415,1435715.2176588762,30.30424242421804,31,87,1438585.1162445478,0.9980050547212921,31.000000000018037,0.9775562072322712
710,NORFOLK CITY,410,HOUSTON,710,000409,2869.8985856716354,0.6957575758,1,1,1438585.1162445478,0.001994945278707983,31.000000000018037,0.022443792767728874
710,NORFOLK CITY,411,HUNTON Y,710,000411,636167.9336645252,26.3049410189,27,45,653181.1188534142,0.9739533420397182,27.0000000001,0.9742570747704657
710,NORFOLK CITY,411,HUNTON Y,710,000211,17013.18518888907,0.6950589812000001,7,14,653181.1188534142,0.026046657960281827,27.0000000001,0.02574292522953429
710,NORFOLK CITY,412,INGLESIDE,710,000412,2676019.412134483,64.0000000001,64,98,2677140.763487194,0.9995811384414279,65.0000000001,0.9846153846154083
710,NORFOLK CITY,412,INGLESIDE,710,000311,1121.3513527114035,1.0,1,1,2677140.763487194,0.00041886155857219547,65.0000000001,0.015384615384591715
710,NORFOLK CITY,413,POPLAR HALLS,710,000413,5094694.208721224,86.99594100284666,87,232,5103418.34864827,0.9982905301249003,87.0,0.9999533448603065
710,NORFOLK CITY,413,POPLAR HALLS,710,000415,8724.139927045313,0.004058997153331825,1,1,5103418.34864827,0.0017094698750997075,87.0,4.665513969346925e-05
710,NORFOLK CITY,414,YOUNG PARK,710,000414,1685440.907874133,87.9926470588,88,233,1693406.7814373523,0.9952959479963474,88.0,0.99991644385
710,NORFOLK CITY,414,YOUNG PARK,710,000203,7965.873563219433,0.0073529412,3,7,1693406.7814373523,0.004704052003652692,88.0,8.355615e-05
710,NORFOLK CITY,501,BAYVIEW SCHOOL,710,000501,18421456.53244682,59.0000000001,59,84,18421456.53244682,1.0,59.0000000001,1.0
710,NORFOLK CITY,502,BAYVIEW UNITED,710,000510,1543080.7373906623,56.9939302426,57,65,1543210.7367239506,0.999915760478984,57.0,0.9998935130280702
710,NORFOLK CITY,502,BAYVIEW UNITED,710,000501,129.99933328832014,0.0060697574,1,1,1543210.7367239506,8.423952101596505e-05,57.0,0.00010648697192982457
710,NORFOLK CITY,503,EAST OCEAN VIEW,710,000503,6564168.974022028,81.82007534269013,82,153,6571032.829832134,0.9989554372976278,82.0000000001,0.9978057968608579
710,NORFOLK CITY,503,EAST OCEAN VIEW,710,000505,5600.374621685156,0.169866809309862,3,3,6571032.829832134,0.0008522822464468231,82.0000000001,0.0020715464549957907
710,NORFOLK CITY,503,EAST OCEAN VIEW,710,000501,1263.481188420531,0.0100578481,1,1,6571032.829832134,0.00019228045592534476,82.0000000001,0.0001226566841461919
710,NORFOLK CITY,503,EAST OCEAN VIEW,710,000509,0.0,0.0,3,3,6571032.829832134,0.0,82.0000000001,0.0
710,NORFOLK CITY,504,LARRYMORE,710,000504,2174009.2377998964,49.7290783898,51,66,2195280.8147248863,0.9903103162099762,51.0,0.975079968427451
710,NORFOLK CITY,504,LARRYMORE,710,000509,13911.10847775716,0.2709216102,4,10,2195280.8147248863,0.00633682414771183,51.0,0.005312188435294117
710,NORFOLK CITY,504,LARRYMORE,710,000512,7360.468447232993,1.0,1,2,2195280.8147248863,0.003352859642312052,51.0,0.0196078431372549
710,NORFOLK CITY,505,LITTLE CREEK,710,000505,1970896.6108677564,42.508815944,43,99,2026028.4302495196,0.9727882301360532,42.9999999997,0.9885771149836412
710,NORFOLK CITY,505,LITTLE CREEK,710,000509,55131.81938176311,0.4911840557,1,2,2026028.4302495196,0.027211769863946696,42.9999999997,0.011422885016358764
710,NORFOLK CITY,5061,OCEAN VIEW CENTER PART 1,710,000507,32089812.44698524,8.9625615492,12,14,34068562.65281023,0.9419185885242574,64.0000000001,0.14004002420603118
710,NORFOLK CITY,5061,OCEAN VIEW CENTER PART 1,710,000506,1977861.7975237297,54.9868875954,57,84,34068562.65281023,0.05805533440550304,64.0000000001,0.8591701186767825
710,NORFOLK CITY,5061,OCEAN VIEW CENTER PART 1,710,000102,888.4083012582801,0.0505508555,1,1,34068562.65281023,2.607707023956285e-05,64.0000000001,0.0007898571171862658
710,NORFOLK CITY,5062,OCEAN VIEW CENTER PART 2,710,000507,265647.7665707891,22.857358871,23,25,297261.1766699393,0.8936510631717918,26.0,0.8791291873461538
710,NORFOLK CITY,5062,OCEAN VIEW CENTER PART 2,710,000506,31613.410099150205,3.1426411290000003,9,12,297261.1766699393,0.10634893682820817,26.0,0.12087081265384617
710,NORFOLK CITY,507,OCEAN VIEW SCHOOL,710,000102,27059121.761247057,39.9850302667,41,126,28438595.39666487,0.9514929054625676,107.99999999959999,0.37023176173007494
710,NORFOLK CITY,507,OCEAN VIEW SCHOOL,710,000507,1334685.4370268793,64.9719015403,68,100,28438595.39666487,0.04693218558830104,107.99999999959999,0.6015916809309318
710,NORFOLK CITY,507,OCEAN VIEW SCHOOL,710,000104,21417.16430662452,1.0,1,2,28438595.39666487,0.0007531020434692852,107.99999999959999,0.009259259259293554
710,NORFOLK CITY,507,OCEAN VIEW SCHOOL,710,000506,21273.043439637437,0.0430463576,8,11,28438595.39666487,0.0007480342521463711,107.99999999959999,0.00039857738518666143
710,NORFOLK CITY,507,OCEAN VIEW SCHOOL,710,000103,1539.991300325882,2.0,2,3,28438595.39666487,5.415145434737203e-05,107.99999999959999,0.01851851851858711
710,NORFOLK CITY,507,OCEAN VIEW SCHOOL,710,000106,557.9993443459625,2.1835e-05,1,1,28438595.39666487,1.9621199168345767e-05,107.99999999959999,2.0217592592667473e-07
710,NORFOLK CITY,508,OCEANAIR,710,000506,811277.7608280624,36.0000000001,36,65,811277.7608280624,1.0,36.0000000001,1.0
710,NORFOLK CITY,509,TARRALLTON,710,000509,3224781.1445544567,75.47206218319008,77,202,3308118.4801603276,0.9748082373392406,76.99999999987799,0.9801566517312944
710,NORFOLK CITY,509,TARRALLTON,710,000503,47850.18336382036,1.0371651140272895,7,10,3308118.4801603276,0.014464470861848124,76.99999999987799,0.013469676805570558
710,NORFOLK CITY,509,TARRALLTON,710,000501,35487.152242050724,0.490772702660615,3,6,3308118.4801603276,0.010727291798911277,76.99999999987799,0.00637367146313497
710,NORFOLK CITY,510,THIRD PRESBYTERIAN,710,000510,835424.0427320087,51.0,51,60,835424.0427320087,1.0,51.0,1.0
720,NORTON CITY,1,EAST,720,000001,8857451.089395095,114.67553917470453,115,237,8933586.89674745,0.9914775768980235,116.00000000028102,0.9885822342622993
720,NORTON CITY,1,EAST,195,000103,39094.554971746475,1.069407448764024,6,10,8933586.89674745,0.004376131941581054,116.00000000028102,0.009219029730702011
720,NORTON CITY,1,EAST,195,000401,20572.88121677265,0.24022991101505897,7,10,8933586.89674745,0.002302869100009857,116.00000000028102,0.0020709475087454915
720,NORTON CITY,1,EAST,195,000102,16468.371163835414,0.014823465797407424,4,4,8933586.89674745,0.0018434220603855366,116.00000000028102,0.0001277884982532027
720,NORTON CITY,2,WEST,720,000001,10509637.402232077,88.90393436889781,89,156,10514402.36009637,0.9995468161003256,90.0,0.9878214929877535
720,NORTON CITY,2,WEST,195,000302,4764.957864294624,1.0960656311021952,4,5,10514402.36009637,0.00045318389967444146,90.0,0.012178507012246613
730,PETERSBURG CITY,101,FIRST WARD FIRST PRECINCT,730,000101,5122727.534599211,79.37376469747984,80,271,5495898.967924572,0.9321000193956837,92.00000000040001,0.8627583119253776
730,PETERSBURG CITY,101,FIRST WARD FIRST PRECINCT,730,000401,298946.53938400984,11.0278046755,12,24,5495898.967924572,0.054394475067452285,92.00000000040001,0.11986744212447883
730,PETERSBURG CITY,101,FIRST WARD FIRST PRECINCT,149,000104,63654.89498556309,1.2653405260000001,4,5,5495898.967924572,0.011582253487021656,92.00000000040001,0.01375370136950542
730,PETERSBURG CITY,101,FIRST WARD FIRST PRECINCT,041,000103,10569.99895578688,0.33309010142015316,3,3,5495898.967924572,0.0019232520498422574,92.00000000040001,0.003620544580638097
730,PETERSBURG CITY,102,FIRST WARD SECOND PRECINCT,730,000101,7942148.545245326,39.000000000200004,39,126,12327956.775834763,0.6442388377621108,51.0000000001,0.7647058823553634
730,PETERSBURG CITY,102,FIRST WARD SECOND PRECINCT,730,000201,4260066.838739106,11.9999999999,12,47,12327956.775834763,0.3455614678248776,51.0000000001,0.23529411764463667
730,PETERSBURG CITY,102,FIRST WARD SECOND PRECINCT,149,000104,125741.39185033091,0.0,10,18,12327956.775834763,0.010199694413011646,51.0000000001,0.0
730,PETERSBURG CITY,201,SECOND WARD FIRST PRECINCT,730,000201,5205513.247914156,63.8871132834,64,155,5629897.736732859,0.9246195031128608,75.0,0.851828177112
730,PETERSBURG CITY,201,SECOND WARD FIRST PRECINCT,730,000101,275277.4732844931,3.1128867166,4,16,5629897.736732859,0.048895643607949804,75.0,0.04150515622133333
730,PETERSBURG CITY,201,SECOND WARD FIRST PRECINCT,730,000401,118391.88693571434,6.0,6,7,5629897.736732859,0.021029136313303533,75.0,0.08
730,PETERSBURG CITY,201,SECOND WARD FIRST PRECINCT,730,000301,30715.128598495765,2.0,2,2,5629897.736732859,0.005455716965885842,75.0,0.02666666666666667
730,PETERSBURG CITY,202,SECOND WARD SECOND PRECINCT,730,000301,4739317.344119232,32.0002360969,33,49,6720883.749930473,0.7051628209115,39.000000000099995,0.8205188742773833
730,PETERSBURG CITY,202,SECOND WARD SECOND PRECINCT,730,000201,1970742.7573139817,6.9997639032,7,33,6720883.749930473,0.29322672890069984,39.000000000099995,0.17948112572261674
730,PETERSBURG CITY,202,SECOND WARD SECOND PRECINCT,053,000302,10823.648497258675,0.0,1,1,6720883.749930473,0.001610450187800175,39.000000000099995,0.0
730,PETERSBURG CITY,301,THIRD WARD FIRST PRECINCT,730,000501,1200887.4912441587,32.0,32,43,2278038.0186256133,0.5271586696207461,72.0,0.4444444444444444
730,PETERSBURG CITY,301,THIRD WARD FIRST PRECINCT,730,000301,997535.2211668773,34.0,34,42,2278038.0186256133,0.4378922621180443,72.0,0.4722222222222222
730,PETERSBURG CITY,301,THIRD WARD FIRST PRECINCT,730,000401,79615.30621457749,6.0,6,6,2278038.0186256133,0.03494906826120971,72.0,0.08333333333333333
730,PETERSBURG CITY,302,THIRD WARD SECOND PRECINCT,730,000301,1840887.866983719,53.0,53,71,1840887.866983719,1.0,53.0,1.0
730,PETERSBURG CITY,402,FOURTH WARD FIRST PRECINCT,730,000401,2625748.204966857,126.0,126,239,3167607.8485944658,0.8289372707963066,148.0,0.8513513513513513
730,PETERSBURG CITY,402,FOURTH WARD FIRST PRECINCT,730,000501,535989.201317051,22.0,22,30,3167607.8485944658,0.16920945613734373,148.0,0.14864864864864866
730,PETERSBURG CITY,402,FOURTH WARD FIRST PRECINCT,041,000103,5870.442310557677,0.0,5,10,3167607.8485944658,0.0018532730663495848,148.0,0.0
730,PETERSBURG CITY,402,FOURTH WARD FIRST PRECINCT,041,000301,0.0,0.0,1,1,3167607.8485944658,0.0,148.0,0.0
730,PETERSBURG CITY,403,FOURTH WARD SECOND PRECINCT,730,000401,1670454.6339029793,25.0,25,52,1718935.2965891643,0.9717961096136755,26.0,0.9615384615384616
730,PETERSBURG CITY,403,FOURTH WARD SECOND PRECINCT,730,000301,48480.66268618508,1.0,1,1,1718935.2965891643,0.028203890386324558,26.0,0.038461538461538464
730,PETERSBURG CITY,501,FIFTH WARD FIRST PRECINCT,730,000501,982653.3160065068,39.0000000001,39,54,982653.3160065068,1.0,39.0000000001,1.0
730,PETERSBURG CITY,502,FIFTH WARD SECOND PRECINCT,730,000501,662141.0321732084,28.0029724385,29,43,943329.2836398184,0.7019193018352506,36.0,0.7778603455138888
730,PETERSBURG CITY,502,FIFTH WARD SECOND PRECINCT,730,000601,281188.25146661,7.9970275615,8,9,943329.2836398184,0.2980806981647494,36.0,0.22213965448611112
730,PETERSBURG CITY,601,SIXTH WARD FIRST PRECINCT,730,000601,1275822.378813271,34.0,34,50,1275822.378813271,1.0,34.0,1.0
730,PETERSBURG CITY,602,SIXTH WARD SECOND PRECINCT,730,000601,2295346.6269671666,52.2497839692,54,92,2343478.0674256776,0.9794615357713231,53.999999999900005,0.967588592024014
730,PETERSBURG CITY,602,SIXTH WARD SECOND PRECINCT,041,000301,48131.4404585111,1.7502160307,2,5,2343478.0674256776,0.020538464228676875,53.999999999900005,0.03241140797598595
730,PETERSBURG CITY,701,SEVENTH WARD FIRST PRECINCT,730,000701,4203338.987890867,94.7969091392,95,161,4228569.986859811,0.9940332076689404,94.9999999998,0.9978622014673639
730,PETERSBURG CITY,701,SEVENTH WARD FIRST PRECINCT,053,000501,14507.986319411213,0.0,5,6,4228569.986859811,0.003430943880435813,94.9999999998,0.0
730,PETERSBURG CITY,701,SEVENTH WARD FIRST PRECINCT,041,000301,9627.448240331136,0.2030908606,1,2,4228569.986859811,0.0022767621844378178,94.9999999998,0.0021377985326360796
730,PETERSBURG CITY,701,SEVENTH WARD FIRST PRECINCT,053,000202,1095.5644092012842,0.0,1,1,4228569.986859811,0.00025908626618590373,94.9999999998,0.0
730,PETERSBURG CITY,701,SEVENTH WARD FIRST PRECINCT,730,000601,0.0,0.0,1,1,4228569.986859811,0.0,94.9999999998,0.0
730,PETERSBURG CITY,702,SEVENTH WARD SECOND PRECINCT,730,000701,10827820.887910472,34.6245027928,38,100,11079033.387306776,0.9773254136336372,40.0,0.86561256982
730,PETERSBURG CITY,702,SEVENTH WARD SECOND PRECINCT,053,000302,181834.01134162105,4.5749365921,7,7,11079033.387306776,0.016412443665884055,40.0,0.1143734148025
730,PETERSBURG CITY,702,SEVENTH WARD SECOND PRECINCT,730,000501,51453.849792247245,0.6936874639,1,2,11079033.387306776,0.004644254421256443,40.0,0.0173421865975
730,PETERSBURG CITY,702,SEVENTH WARD SECOND PRECINCT,053,000501,17924.638262435976,0.10687315119999999,2,4,11079033.387306776,0.0016178882792222825,40.0,0.0026718287799999997
735,POQUOSON CITY,1,CENTRAL,735,000001,7922725.528157413,26.891150659551677,27,68,7949256.72956546,0.9966624299213572,26.999999999999996,0.9959685429463585
735,POQUOSON CITY,1,CENTRAL,735,000002,26531.20140804763,0.10884934044832123,2,2,7949256.72956546,0.003337570078642804,26.999999999999996,0.004031457053641527
735,POQUOSON CITY,2,EASTERN,735,000002,185922192.95004648,48.87037363142925,49,214,185947706.893026,0.9998627896874567,48.99999999973404,0.997354563912133
735,POQUOSON CITY,2,EASTERN,735,000001,25513.942979504493,0.12962636830478214,2,2,185947706.893026,0.00013721031254331322,48.99999999973404,0.002645436087867056
735,POQUOSON CITY,3,WESTERN,735,000003,9123014.449637217,36.58349803514736,37,96,9224664.633791279,0.9889806092481994,37.0,0.9887431901391178
735,POQUOSON CITY,3,WESTERN,199,000501,101650.1841540623,0.4165019648526453,3,9,9224664.633791279,0.011019390751800666,37.0,0.011256809860882306
740,PORTSMOUTH CITY,1,ONE,740,000001,1303693.9583505795,68.2283620634,69,134,1664754.2270076927,0.7831149710872939,69.0000000002,0.9888168414956845
740,PORTSMOUTH CITY,1,ONE,740,000007,360780.28368760436,0.764657308,1,2,1664754.2270076927,0.21671684494598806,69.0000000002,0.01108198997098237
740,PORTSMOUTH CITY,1,ONE,740,000005,279.9849695087375,0.0069806288,1,1,1664754.2270076927,0.00016818396671801556,69.0000000002,0.00010116853333304009
740,PORTSMOUTH CITY,10,TEN,740,000010,3963499.0143858143,63.9999999997,64,146,3963499.0143858143,1.0,63.9999999997,1.0
740,PORTSMOUTH CITY,11,ELEVEN,740,000011,1073741.318236538,43.67767006302481,44,65,1078191.1653523478,0.9958728588595367,44.000000000099995,0.9926743196119443
740,PORTSMOUTH CITY,11,ELEVEN,740,000022,4449.847115809895,0.32232993707518526,1,1,1078191.1653523478,0.00412714114046344,44.000000000099995,0.007325680388055744
740,PORTSMOUTH CITY,13,THIRTEEN,740,000013,1474702.5935485512,53.000000000200004,53,89,1474702.5935485512,1.0,53.000000000200004,1.0
740,PORTSMOUTH CITY,14,FOURTEEN,740,000014,3697507.781376471,107.9999999996,108,212,3697507.781376471,1.0,107.9999999996,1.0
740,PORTSMOUTH CITY,16,SIXTEEN,740,000016,1779838.9331661446,60.99999999990513,61,108,1779838.9331661446,1.0,60.99999999990513,1.0
740,PORTSMOUTH CITY,17,SEVENTEEN,740,000017,2685289.679656627,81.77004130098418,83,125,2835439.406078921,0.9470453411558057,82.99999999980001,0.9851812204961591
740,PORTSMOUTH CITY,17,SEVENTEEN,550,000025,129936.8380323579,0.49784353881582655,3,5,2835439.406078921,0.045825997111342,82.99999999980001,0.005998114925506339
740,PORTSMOUTH CITY,17,SEVENTEEN,740,000019,20212.888389936335,0.73211516,4,9,2835439.406078921,0.007128661732852327,82.99999999980001,0.008820664578334506
740,PORTSMOUTH CITY,17,SEVENTEEN,740,000014,0.0,0.0,1,2,2835439.406078921,0.0,82.99999999980001,0.0
740,PORTSMOUTH CITY,19,NINETEEN,740,000019,2225780.188987373,28.833262330702418,29,60,2232825.137730878,0.9968448273783479,28.999999999902418,0.9942504251999806
740,PORTSMOUTH CITY,19,NINETEEN,740,000021,7044.948743505021,0.1667376692,1,1,2232825.137730878,0.0031551726216520895,28.999999999902418,0.005749574800019346
740,PORTSMOUTH CITY,20,TWENTY,740,000020,1983780.3397998197,53.8849260004,54,82,1994667.4888771959,0.9945418726990409,54.0,0.9978690000074074
740,PORTSMOUTH CITY,20,TWENTY,740,000021,10887.149077376213,0.1150739996,2,4,1994667.4888771959,0.005458127300959129,54.0,0.0021309999925925925
740,PORTSMOUTH CITY,21,TWENTY-ONE,740,000021,1565888.2327289002,43.0,43,77,1565888.2327289002,1.0,43.0,1.0
740,PORTSMOUTH CITY,22,TWENTY-TWO,740,000022,2173895.3578467234,113.0000000003,113,169,2173895.3578467234,1.0,113.0000000003,1.0
740,PORTSMOUTH CITY,23,TWENTY-THREE,740,000023,1907085.7374353611,104.0,104,126,1907138.7388621205,0.9999722089297022,104.0,1.0
740,PORTSMOUTH CITY,23,TWENTY-THREE,740,000022,53.001426759352725,0.0,1,1,1907138.7388621205,2.779107029778841e-05,104.0,0.0
740,PORTSMOUTH CITY,24,TWENTY-FOUR,740,000024,1587377.7999553154,71.9649576905,72,135,1589841.876581675,0.9984501121384112,72.0000000001,0.9995133012555563
740,PORTSMOUTH CITY,24,TWENTY-FOUR,740,000022,2464.0766263594614,0.0350423096,1,2,1589841.876581675,0.0015498878615887775,72.0000000001,0.0004866987444437685
740,PORTSMOUTH CITY,25,TWENTY-FIVE,740,000025,2677508.166940203,52.9927251524,53,91,2680348.367217578,0.9989403615171398,53.0,0.9998627387245282
740,PORTSMOUTH CITY,25,TWENTY-FIVE,740,000024,2840.200277375234,0.0072748476,2,2,2680348.367217578,0.0010596384828601944,53.0,0.00013726127547169812
740,PORTSMOUTH CITY,26,TWENTY-SIX,740,000026,1349229.2114440424,37.0,37,43,1360080.1950579127,0.9920218060278363,37.0,1.0
740,PORTSMOUTH CITY,26,TWENTY-SIX,740,000019,5793.043856830394,0.0,1,2,1360080.1950579127,0.004259339910896743,37.0,0.0
740,PORTSMOUTH CITY,26,TWENTY-SIX,740,000028,5057.9397570400815,0.0,3,3,1360080.1950579127,0.0037188540612671096,37.0,0.0
740,PORTSMOUTH CITY,27,TWENTY-SEVEN,740,000027,2323065.513600058,44.5397717396,45,70,2388992.265195185,0.972403949332276,45.0000000001,0.9897727053222449
740,PORTSMOUTH CITY,27,TWENTY-SEVEN,740,000028,40577.93503550514,0.040940912,10,16,2388992.265195185,0.01698537731857824,45.0000000001,0.0009097980444424227
740,PORTSMOUTH CITY,27,TWENTY-SEVEN,740,000019,16118.755036084814,0.2802695045,3,6,2388992.265195185,0.006747093856650843,45.0000000001,0.00622821121109727
740,PORTSMOUTH CITY,27,TWENTY-SEVEN,740,000021,9230.061523536659,0.139017844,4,5,2388992.265195185,0.0038635794924947345,45.0000000001,0.003089285422215357
740,PORTSMOUTH CITY,28,TWENTY-EIGHT,740,000028,2456618.236019283,44.0,44,61,2456618.236019283,1.0,44.0,1.0
740,PORTSMOUTH CITY,29,TWENTY-NINE,740,000029,1538584.5659387875,26.0,26,40,1538584.5659387875,1.0,26.0,1.0
740,PORTSMOUTH CITY,30,THIRTY,740,000030,2821983.7808479844,55.0,55,95,2821983.7808479844,1.0,55.0,1.0
740,PORTSMOUTH CITY,31,THIRTY-ONE,740,000031,2596115.518633778,55.9999999999,56,91,2596115.518633778,1.0,55.9999999999,1.0
740,PORTSMOUTH CITY,32,THIRTY-TWO,740,000032,2857717.213733647,37.999999999799996,38,58,2857717.213733647,1.0,37.999999999799996,1.0
740,PORTSMOUTH CITY,33,THIRTY-THREE,740,000033,1755300.134674971,24.90480167585568,25,37,1759660.923419347,0.9975218016798928,25.0,0.9961920670342272
740,PORTSMOUTH CITY,33,THIRTY-THREE,740,000030,4360.788744376006,0.09519832414431922,3,3,1759660.923419347,0.002478198320107141,25.0,0.003807932965772769
740,PORTSMOUTH CITY,34,THIRTY-FOUR,740,000034,3286668.667012946,61.0000000001,61,100,3286668.667012946,1.0,61.0000000001,1.0
740,PORTSMOUTH CITY,35,THIRTY-FIVE,740,000035,3013703.273984959,70.5004892331,71,108,3339564.1224113763,0.9024241378569113,71.0000000001,0.9929646370845169
740,PORTSMOUTH CITY,35,THIRTY-FIVE,740,000036,325176.8592526604,0.499510767,1,2,3339564.1224113763,0.09737104823663699,71.0000000001,0.007035362915483049
740,PORTSMOUTH CITY,35,THIRTY-FIVE,740,000034,683.9891737570356,0.0,1,1,3339564.1224113763,0.0002048139064517055,71.0000000001,0.0
740,PORTSMOUTH CITY,36,THIRTY-SIX,740,000036,12206413.606069677,79.0000000002,79,223,12206413.606069677,1.0,79.0000000002,1.0
740,PORTSMOUTH CITY,5,FIVE,740,000005,4090881.6418316495,96.7671713258,97,263,4097787.2111039544,0.998314805304289,97.0000000002,0.9975997043876339
740,PORTSMOUTH CITY,5,FIVE,740,000001,6905.569272304874,0.23282867440000002,1,3,4097787.2111039544,0.0016851946957110288,97.0000000002,0.002400295612366185
740,PORTSMOUTH CITY,7,SEVEN,740,000007,2328637.0620185663,75.978098932,76,116,2332239.818836696,0.9984552374121085,76.0,0.9997118280526315
740,PORTSMOUTH CITY,7,SEVEN,740,000001,3602.7568181298093,0.021901068,1,1,2332239.818836696,0.0015447625878915136,76.0,0.00028817194736842106
740,PORTSMOUTH CITY,9,NINE,740,000009,3849454.3226625063,121.78302244030763,122,240,3998402.0385720367,0.9627481892834557,121.9999999999,0.9982214954131758
740,PORTSMOUTH CITY,9,NINE,740,000010,148947.71590953018,0.21697755959236853,4,11,3998402.0385720367,0.03725181071654425,121.9999999999,0.0017785045868241507
740,PORTSMOUTH CITY,99,THIRTY-SEVEN/THIRTY-EIGHT,740,000039,37796394.48997641,47.3097469946,50,146,43356990.62405625,0.8717485680153597,155.9999999995,0.3032676089407156
740,PORTSMOUTH CITY,99,THIRTY-SEVEN/THIRTY-EIGHT,740,000037,2863671.623198988,47.9999999999,48,79,43356990.62405625,0.0660486713210696,155.9999999995,0.3076923076926528
740,PORTSMOUTH CITY,99,THIRTY-SEVEN/THIRTY-EIGHT,740,000038,2596599.0126204514,57.4683496066,58,123,43356990.62405625,0.0598888201244242,155.9999999995,0.3683868564537448
740,PORTSMOUTH CITY,99,THIRTY-SEVEN/THIRTY-EIGHT,740,000036,100325.49826039348,3.2219033984,4,17,43356990.62405625,0.002313940539146385,155.9999999995,0.020653226912886707
750,RADFORD CITY,1,EAST,750,000004,6420210.7805483425,33.53966290564959,35,71,11866346.232999265,0.5410436080732501,90.99999999994124,0.3685677242381456
750,RADFORD CITY,1,EAST,750,000001,5280854.603669735,54.43655871555949,55,147,11866346.232999265,0.4450278544025744,90.99999999994124,0.5982039419296115
750,RADFORD CITY,1,EAST,121,004031,165131.01216762065,3.023184137814742,9,14,11866346.232999265,0.013915910502291415,90.99999999994124,0.03322180371227136
750,RADFORD CITY,1,EAST,155,000102,149.8366135666293,0.0005942409174084886,1,1,11866346.232999265,1.262702188395168e-05,90.99999999994124,6.530119971526069e-06
750,RADFORD CITY,99,WEST ONE (2)/WEST TWO (3),750,000003,7921712.533406694,90.4381401133123,94,200,14573833.210316287,0.5435572384483721,185.00000000020518,0.48885481142276754
750,RADFORD CITY,99,WEST ONE (2)/WEST TWO (3),750,000002,6529678.404737793,94.53029777144592,98,170,14573833.210316287,0.448041246973766,185.00000000020518,0.5109745825477896
750,RADFORD CITY,99,WEST ONE (2)/WEST TWO (3),121,004031,122442.27217179994,0.03156211544696418,5,6,14573833.210316287,0.008401514577861884,185.00000000020518,0.00017060602944286043
760,RICHMOND CITY,101,101,760,000101,2442062.3685556166,21.189820971937383,26,49,3467407.3529781443,0.7042905894682774,52.9999999999,0.39980794286749743
760,RICHMOND CITY,101,101,760,000115,1023009.7032980466,30.647727087699998,32,45,3467407.3529781443,0.2950359156444042,52.9999999999,0.578259001655808
760,RICHMOND CITY,101,101,087,000414,1215.7127668985456,0.0294314381,3,3,3467407.3529781443,0.0003506114635923507,52.9999999999,0.0005553101528312364
760,RICHMOND CITY,101,101,087,000404,967.5163860965114,0.1328874025,2,2,3467407.3529781443,0.00027903164745426143,52.9999999999,0.0025073094811368063
760,RICHMOND CITY,101,101,087,000114,78.6850521903886,1.0,1,1,3467407.3529781443,2.2692762684143897e-05,52.9999999999,0.018867924528337486
760,RICHMOND CITY,101,101,087,000417,73.36691929559652,0.00013309966261783608,1,1,3467407.3529781443,2.1159013587654167e-05,52.9999999999,2.5113143890205134e-06
760,RICHMOND CITY,102,102,760,000106,505644.385813268,4.0,4,7,1449994.9877135055,0.3487214715208207,37.0,0.10810810810810811
760,RICHMOND CITY,102,102,760,000102,485674.4681991489,20.1539525938,23,27,1449994.9877135055,0.3349490669378162,37.0,0.5447014214540541
760,RICHMOND CITY,102,102,760,000115,454292.1122271275,12.6231262146,13,15,1449994.9877135055,0.3133059880044826,37.0,0.34116557336756753
760,RICHMOND CITY,102,102,760,000101,4384.021473961203,0.2229211916,1,1,1449994.9877135055,0.0030234735368805366,37.0,0.006024897070270271
760,RICHMOND CITY,103,103,760,000104,749032.921712957,19.0,19,33,1428684.3227251116,0.5242816133687469,51.0,0.37254901960784315
760,RICHMOND CITY,103,103,760,000102,679651.4010121548,32.0,32,55,1428684.3227251116,0.4757183866312532,51.0,0.6274509803921569
760,RICHMOND CITY,104,104,760,000104,665448.5435489769,23.0,23,35,665448.5435489769,1.0,23.0,1.0
760,RICHMOND CITY,105,105,760,000105,1083437.3053021387,56.0,56,75,1083437.3053021387,1.0,56.0,1.0
760,RICHMOND CITY,106,106,760,000106,5581455.647051723,73.0,73,118,5581455.647051723,1.0,73.0,1.0
760,RICHMOND CITY,111,111,760,000111,1203208.8185331263,69.9977973567,70,93,1203816.2921360587,0.9994953768221109,69.9999999999,0.9999685336685715
760,RICHMOND CITY,111,111,760,000105,574.5222216897414,0.0,1,1,1203816.2921360587,0.000477250744522078,69.9999999999,0.0
760,RICHMOND CITY,111,111,760,000112,32.95138124260377,0.0022026432,1,1,1203816.2921360587,2.7372433367000415e-05,69.9999999999,3.1466331428616376e-05
760,RICHMOND CITY,112,112,760,000112,942088.1245508018,57.0,57,74,942088.1245508018,1.0,57.0,1.0
760,RICHMOND CITY,113,113,760,000113,659030.3168966233,43.0,43,67,659030.3168966233,1.0,43.0,1.0
760,RICHMOND CITY,114,114,760,000114,923034.8223899797,42.0,42,52,923034.8223899797,1.0,42.0,1.0
760,RICHMOND CITY,203,203,760,000203,1810180.2774013074,51.99988280958317,53,108,3188185.972050734,0.567777505224059,78.99999999990001,0.6582263646791011
760,RICHMOND CITY,203,203,760,000215,1377764.3793125432,26.999999999899998,27,53,3188185.972050734,0.432146804292701,78.99999999990001,0.3417721518979009
760,RICHMOND CITY,203,203,087,000105,241.31533688352144,0.00011719041683383693,2,2,3188185.972050734,7.569048324000384e-05,78.99999999990001,1.4834229978985475e-06
760,RICHMOND CITY,204,204,760,000215,1821120.2172498307,68.9999808716826,69,128,2300016.9406991773,0.7917855668907517,98.0,0.7040814374661489
760,RICHMOND CITY,204,204,760,000204,478860.9255028819,28.999999999899998,29,46,2300016.9406991773,0.20819886889933686,98.0,0.29591836734591836
760,RICHMOND CITY,204,204,087,000105,35.79794646454465,1.912841741003175e-05,3,3,2300016.9406991773,1.5564209911281135e-05,98.0,1.9518793275542602e-07
760,RICHMOND CITY,206,206,760,000306,645219.5835281395,19.8866144321,20,55,930662.8017806192,0.6932903972240573,32.0,0.621456701003125
760,RICHMOND CITY,206,206,760,000204,188986.21257849812,8.1133855679,10,18,930662.8017806192,0.20306625795821476,32.0,0.253543298996875
760,RICHMOND CITY,206,206,760,000206,96457.00567398164,4.0,4,5,930662.8017806192,0.10364334481772808,32.0,0.125
760,RICHMOND CITY,207,207,760,000207,534251.5082881729,34.0,34,40,534251.5082881729,1.0,34.0,1.0
760,RICHMOND CITY,208,208,760,000208,417997.41406198347,30.0,30,31,496300.0717120655,0.842227188523337,36.0,0.8333333333333334
760,RICHMOND CITY,208,208,760,000206,78302.657650082,6.0,6,7,496300.0717120655,0.15777281147666292,36.0,0.16666666666666666
760,RICHMOND CITY,211,211,760,000214,507307.9440890115,33.0000000001,33,44,873701.0204506735,0.5806424992239695,57.0000000001,0.5789473684217913
760,RICHMOND CITY,211,211,760,000607,199700.9685344035,18.0,18,20,873701.0204506735,0.22856899998971444,57.0000000001,0.3157894736836565
760,RICHMOND CITY,211,211,760,000505,166692.10782725844,6.0,6,8,873701.0204506735,0.19078850078631604,57.0000000001,0.10526315789455216
760,RICHMOND CITY,212,212,760,000310,425349.76417594403,22.8855060034,24,32,426653.42453499377,0.9969444512007126,24.0,0.9535627501416667
760,RICHMOND CITY,212,212,760,000603,837.1807109515133,1.0,1,1,426653.42453499377,0.001962203190713751,24.0,0.041666666666666664
760,RICHMOND CITY,212,212,760,000607,466.4796480982345,0.1144939966,1,1,426653.42453499377,0.0010933456085736263,24.0,0.004770583191666666
760,RICHMOND CITY,213,213,760,000213,1071980.8565472632,81.0,81,121,1071980.8565472632,1.0,81.0,1.0
760,RICHMOND CITY,301,301,760,000301,1590463.363396017,41.998414578688,42,65,1590476.5844054196,0.9999916873913567,42.0000000001,0.9999622518711428
760,RICHMOND CITY,301,301,760,000308,13.221009402600172,0.001585421412,1,1,1590476.5844054196,8.312608643366282e-06,42.0000000001,3.7748128857052976e-05
760,RICHMOND CITY,301,301,087,000211,0.0,0.0,1,1,1590476.5844054196,0.0,42.0000000001,0.0
760,RICHMOND CITY,302,302,760,000302,958651.4273070423,25.9999999999,26,30,958651.4273070423,1.0,25.9999999999,1.0
760,RICHMOND CITY,303,303,760,000303,635130.6381312968,32.0,32,37,635130.6381312968,1.0,32.0,1.0
760,RICHMOND CITY,304,304,760,000304,1103432.424136366,62.0,62,75,1312501.6362753746,0.8407093702890105,79.0,0.7848101265822784
760,RICHMOND CITY,304,304,760,000606,208616.21036763562,17.0,17,17,1312501.6362753746,0.1589454859345151,79.0,0.21518987341772153
760,RICHMOND CITY,304,304,760,000603,453.00177137294844,0.0,1,1,1312501.6362753746,0.0003451437764744277,79.0,0.0
760,RICHMOND CITY,305,305,760,000305,1432370.8046564166,61.0,61,70,1432370.8046564166,1.0,61.0,1.0
760,RICHMOND CITY,306,306,760,000306,1555972.611100545,50.0000000004,50,113,1555972.611100545,1.0,50.0000000004,1.0
760,RICHMOND CITY,307,307,760,000307,1350525.0895142336,36.9999999999,37,85,1350525.0895142336,1.0,36.9999999999,1.0
760,RICHMOND CITY,308,308,760,000308,1215288.5606317627,36.0,36,65,1215288.5606317627,1.0,36.0,1.0
760,RICHMOND CITY,309,309,760,000309,2456961.109527864,28.95494427857721,29,90,2460804.632853413,0.9984381030195427,28.999999999899998,0.9984463544371398
760,RICHMOND CITY,309,309,087,000105,3843.523325549001,0.04505572132279086,1,1,2460804.632853413,0.0015618969804572678,28.999999999899998,0.0015536455628602148
760,RICHMOND CITY,402,402,760,000402,2878460.89612637,58.0,58,81,2878460.89612637,1.0,58.0,1.0
760,RICHMOND CITY,403,403,760,000402,600525.0262056725,22.026167147,23,31,1030015.3494364799,0.5830253175685383,37.0,0.5953018147837837
760,RICHMOND CITY,403,403,760,000404,429479.3231601987,14.973832853,15,15,1030015.3494364799,0.41696400291040936,37.0,0.4046981852162162
760,RICHMOND CITY,403,403,760,000509,11.000070608675511,0.0,1,1,1030015.3494364799,1.067952105247134e-05,37.0,0.0
760,RICHMOND CITY,404,404,760,000412,2162361.43154644,18.9301268995,19,29,3442506.5132284933,0.6281357560943314,38.99999999977403,0.48538786922076105
760,RICHMOND CITY,404,404,760,000404,1276245.6786262132,19.99999999987404,20,38,3442506.5132284933,0.37073152184955754,38.99999999977403,0.5128205128202543
760,RICHMOND CITY,404,404,760,000410,2230.038721750592,0.0698731004,1,1,3442506.5132284933,0.0006477950624584846,38.99999999977403,0.0017916179589847396
760,RICHMOND CITY,404,404,041,000513,1669.3643340895924,0.0,1,1,3442506.5132284933,0.00048492699365265945,38.99999999977403,0.0
760,RICHMOND CITY,409,409,760,000409,4648785.554888604,52.9769591702,53,73,8842470.61526269,0.5257337860828729,81.0,0.6540365329654321
760,RICHMOND CITY,409,409,760,000415,3296540.027651251,26.0,26,51,8842470.61526269,0.3728075750640556,81.0,0.32098765432098764
760,RICHMOND CITY,409,409,760,000414,893444.0476805985,2.0,3,15,8842470.61526269,0.10104009236269951,81.0,0.024691358024691357
760,RICHMOND CITY,409,409,041,000504,3700.985042236096,0.0230408298,1,1,8842470.61526269,0.0004185464903720405,81.0,0.00028445468888888887
760,RICHMOND CITY,410,410,760,000410,4177484.4670414906,59.9999999999,60,91,6516852.938197075,0.6410278867206133,98.9999999999,0.6060606060602082
760,RICHMOND CITY,410,410,760,000414,2228020.9249539594,38.0,38,53,6516852.938197075,0.3418860216861598,98.9999999999,0.38383838383877156
760,RICHMOND CITY,410,410,760,000409,96032.25450071365,1.0,1,1,6516852.938197075,0.014735986128801845,98.9999999999,0.010101010101020304
760,RICHMOND CITY,410,410,041,000502,10693.275966221017,0.0,3,5,6516852.938197075,0.0016408650107085849,98.9999999999,0.0
760,RICHMOND CITY,410,410,760,000413,4622.015734690764,0.0,1,1,6516852.938197075,0.0007092404537165252,98.9999999999,0.0
760,RICHMOND CITY,411,411,760,000414,1135405.2810962852,13.0,13,24,1621774.7622454036,0.7001004748182645,21.0,0.6190476190476191
760,RICHMOND CITY,411,411,760,000413,486369.4811491183,8.0,9,14,1621774.7622454036,0.29989952518173535,21.0,0.38095238095238093
760,RICHMOND CITY,412,412,760,000404,1104402.4410478082,29.0,29,31,2333891.6371067655,0.4732021073681436,46.0,0.6304347826086957
760,RICHMOND CITY,412,412,760,000908,745466.8127753614,5.8112116269000005,6,10,2333891.6371067655,0.3194093508555039,46.0,0.12633068754130436
760,RICHMOND CITY,412,412,760,000412,376947.31612144975,7.1887883730999995,10,16,2333891.6371067655,0.16151020472772962,46.0,0.15627800811086956
760,RICHMOND CITY,412,412,760,000909,98367.58497297243,4.0,4,4,2333891.6371067655,0.04214745166785674,46.0,0.08695652173913043
760,RICHMOND CITY,412,412,041,000513,8707.482189173825,0.0,2,3,2333891.6371067655,0.0037308853807660716,46.0,0.0
760,RICHMOND CITY,413,413,760,000413,3999603.601123775,46.6428571429,47,53,4852321.673288516,0.8242659638871722,57.0,0.8182957393491228
760,RICHMOND CITY,413,413,760,000414,852718.0721647412,10.3571428571,11,13,4852321.673288516,0.17573403611282784,57.0,0.1817042606508772
760,RICHMOND CITY,501,501,760,000501,1617292.8767150643,79.98674714019182,80,127,1618129.136024463,0.9994831937137889,80.00000000014147,0.9998343392506297
760,RICHMOND CITY,501,501,760,000503,836.2593093988172,0.01325285994964624,1,2,1618129.136024463,0.0005168062862111239,80.00000000014147,0.00016566074937028507
760,RICHMOND CITY,502,502,760,000504,179957.0554024136,11.0,11,13,283920.41218146356,0.6338292270701434,20.0,0.55
760,RICHMOND CITY,502,502,760,000501,103963.35677904998,9.0,9,14,283920.41218146356,0.36617077292985656,20.0,0.45
760,RICHMOND CITY,503,503,760,000503,3915959.582786271,88.9999999999,90,146,3916524.8756052186,0.9998556646933436,89.9999999999,0.9888888888888765
760,RICHMOND CITY,503,503,760,000501,565.2928189479009,1.0,1,2,3916524.8756052186,0.0001443353066564007,89.9999999999,0.011111111111123458
760,RICHMOND CITY,504,504,760,000504,1029427.9607975542,72.0,72,102,1029427.9607975542,1.0,72.0,1.0
760,RICHMOND CITY,505,505,760,000505,2297950.3640432847,55.6554459311,56,89,2450366.3652058374,0.937798688666807,56.0,0.9938472487696428
760,RICHMOND CITY,505,505,760,000508,151902.40987949684,0.2810132111,1,1,2450366.3652058374,0.06199171358064925,56.0,0.005018093055357143
760,RICHMOND CITY,505,505,760,000504,513.5912830561559,0.0635408578,2,2,2450366.3652058374,0.0002095977525438376,56.0,0.0011346581750000001
760,RICHMOND CITY,508,508,760,000508,1683499.967934102,50.0,50,77,1683499.967934102,1.0,50.0,1.0
760,RICHMOND CITY,509,509,760,000509,1354665.7029000972,37.0,37,60,1354966.3747265846,0.9997780964663805,38.0,0.9736842105263158
760,RICHMOND CITY,509,509,760,000810,300.671826487439,1.0,1,2,1354966.3747265846,0.00022190353361950461,38.0,0.02631578947368421
760,RICHMOND CITY,510,510,760,000510,1795880.5287606681,114.0,114,137,1795880.5287606681,1.0,114.0,1.0
760,RICHMOND CITY,602,602,760,000602,1235178.9205013742,28.6776493256,29,41,1236852.0790330057,0.9986472444361013,29.0,0.9888844595034483
760,RICHMOND CITY,602,602,760,000603,1673.1585316315582,0.3223506744,1,2,1236852.0790330057,0.001352755563898688,29.0,0.011115540496551723
760,RICHMOND CITY,603,603,760,000603,1718011.1860918407,71.70543161415803,72,89,1722768.5245475916,0.9972385503984059,71.99999999981324,0.9959087724214448
760,RICHMOND CITY,603,603,760,000607,4757.33845575079,0.29456838565521737,1,1,1722768.5245475916,0.0027614496015940927,71.99999999981324,0.004091227578555298
760,RICHMOND CITY,604,604,760,000604,1457011.4714780496,77.94809072445696,80,100,1501081.2528913887,0.9706413085044853,80.99999999990504,0.9623221077104733
760,RICHMOND CITY,604,604,760,000602,27748.300739342503,1.987726769558319,2,5,1501081.2528913887,0.018485542128977774,80.99999999990504,0.024539836661242584
760,RICHMOND CITY,604,604,087,000220,16321.480673996477,1.0641825058897603,7,7,1501081.2528913887,0.010873149366536938,80.99999999990504,0.013138055628284047
760,RICHMOND CITY,606,606,760,000606,1038097.3568879366,73.8707729977,74,77,1194825.7009521609,0.8688274415763514,77.0,0.9593606882818182
760,RICHMOND CITY,606,606,760,000603,145938.50443748216,3.0,3,3,1194825.7009521609,0.12214208676728601,77.0,0.03896103896103896
760,RICHMOND CITY,606,606,087,000220,10789.839626742034,0.1292270023,3,3,1194825.7009521609,0.009030471656362574,77.0,0.0016782727571428573
760,RICHMOND CITY,607,607,760,000607,2447515.3661667276,137.885393182,138,246,2862602.1448345357,0.8549966926361676,178.9999999999,0.7703094591177487
760,RICHMOND CITY,607,607,760,000708,386983.64096199657,35.9999999999,37,88,2862602.1448345357,0.13518596765544066,178.9999999999,0.20111731843530786
760,RICHMOND CITY,607,607,760,000609,20231.364915571296,0.114606818,1,1,2862602.1448345357,0.00706747354049115,178.9999999999,0.0006402615530729833
760,RICHMOND CITY,607,607,760,000505,6137.793011977577,4.64356232,5,5,2862602.1448345357,0.002144130655059072,178.9999999999,0.025941688938561976
760,RICHMOND CITY,607,607,760,000508,1733.9797782626226,0.35643768,1,1,2862602.1448345357,0.000605735512841534,178.9999999999,0.0019912719553083747
760,RICHMOND CITY,608,608,760,000602,988193.459389068,21.0,21,47,1378270.2022450825,0.7169809357986457,43.0,0.4883720930232558
760,RICHMOND CITY,608,608,760,000708,328606.2465552718,19.0,19,38,1378270.2022450825,0.23841932156699083,43.0,0.4418604651162791
760,RICHMOND CITY,608,608,760,000603,61470.49630074276,3.0,3,12,1378270.2022450825,0.04459974263436346,43.0,0.06976744186046512
760,RICHMOND CITY,609,609,760,000609,6528387.7601269465,180.0000000001,180,265,11954486.341207922,0.5461035776688417,219.0000000001,0.8219178082192594
760,RICHMOND CITY,609,609,760,000806,4017459.786986924,12.0,12,24,11954486.341207922,0.3360629367351794,219.0000000001,0.05479452054792019
760,RICHMOND CITY,609,609,760,000610,1396581.9199064586,23.0,23,36,11954486.341207922,0.11682492079081193,219.0000000001,0.10502283105018036
760,RICHMOND CITY,609,609,760,000508,11887.881052988792,4.0,4,4,11954486.341207922,0.000994428427427322,219.0000000001,0.018264840182640064
760,RICHMOND CITY,609,609,760,000510,168.99313460247686,0.0,1,1,11954486.341207922,1.4136377739622831e-05,219.0000000001,0.0
760,RICHMOND CITY,610,610,760,000610,783019.1272461499,20.0,20,22,1031099.1604714664,0.7594023516497843,20.999999999899998,0.9523809523854876
760,RICHMOND CITY,610,610,760,000811,248080.0332253164,0.9999999999,1,9,1031099.1604714664,0.2405976483502156,20.999999999899998,0.04761904761451247
760,RICHMOND CITY,701,701,760,000701,1033616.8291981062,50.0,50,66,1035553.5223986524,0.9981297990314781,50.0,1.0
760,RICHMOND CITY,701,701,087,000511,1936.6932005461908,0.0,2,2,1035553.5223986524,0.0018702009685218673,50.0,0.0
760,RICHMOND CITY,702,702,760,000702,725938.5439636401,43.0,43,49,725938.5439636401,1.0,43.0,1.0
760,RICHMOND CITY,703,703,760,000703,395841.44561565877,31.0,31,32,789980.3379287112,0.5010775922012631,69.0,0.4492753623188406
760,RICHMOND CITY,703,703,760,000702,394070.8914975922,37.9983504221,38,38,789980.3379287112,0.49883632867474437,69.0,0.5507007307550725
760,RICHMOND CITY,703,703,760,000707,68.00081546018977,0.0016495779,1,1,789980.3379287112,8.607912399248379e-05,69.0,2.3906926086956522e-05
760,RICHMOND CITY,704,704,760,000703,2346295.311351448,38.9999487001,39,48,2347568.378280042,0.9994577082651254,39.0,0.9999986846179487
760,RICHMOND CITY,704,704,087,000511,1273.0669285944325,5.12999e-05,2,2,2347568.378280042,0.000542291734874684,39.0,1.3153820512820513e-06
760,RICHMOND CITY,705,705,760,000705,772124.2307662844,44.0,44,47,772124.2307662844,1.0,44.0,1.0
760,RICHMOND CITY,706,706,760,000706,3262518.0073386603,128.98120505717034,129,169,3263451.3700472447,0.9997139952146519,129.0000000000004,0.9998543027687593
760,RICHMOND CITY,706,706,087,000506,933.3627085845786,0.018794942830047755,3,5,3263451.3700472447,0.0002860047853481777,129.0000000000004,0.00014569723124067981
760,RICHMOND CITY,707,707,760,000707,1399573.416261377,96.3309300246,97,103,2115597.732590188,0.6615498753384645,132.99999999989998,0.7242927069524243
760,RICHMOND CITY,707,707,760,000708,716024.3163288106,36.6690699753,37,48,2115597.732590188,0.3384501246615354,132.99999999989998,0.27570729304757574
760,RICHMOND CITY,802,802,760,000802,1456091.9148574823,91.9954563465,92,95,1456663.9147697403,0.9996073219728598,92.0,0.9999506124619566
760,RICHMOND CITY,802,802,760,000609,571.999912258026,0.0045436535,1,1,1456663.9147697403,0.0003926780271401478,92.0,4.938753804347826e-05
760,RICHMOND CITY,806,806,760,000806,1260428.3461462283,35.0,35,62,1260428.3461462283,1.0,35.0,1.0
760,RICHMOND CITY,807,807,760,000811,2512504.5236180853,75.0000000001,75,103,2512641.5251794336,0.9999454750866865,76.0000000001,0.9868421052631752
760,RICHMOND CITY,807,807,760,000806,137.0015613481873,1.0,1,1,2512641.5251794336,5.452491331345154e-05,76.0000000001,0.013157894736824792
760,RICHMOND CITY,810,810,760,000810,3779228.09206849,84.0,84,148,3779228.09206849,1.0,84.0,1.0
760,RICHMOND CITY,811,811,760,000811,3121441.372869925,29.2385391546,31,55,4681118.774031215,0.666815247283685,49.000000000200004,0.5967048807036869
760,RICHMOND CITY,811,811,760,000806,1559677.40116129,19.7614608456,21,31,4681118.774031215,0.333184752716315,49.000000000200004,0.403295119296313
760,RICHMOND CITY,812,812,760,000812,5515137.373730568,50.83876459869893,51,100,6033536.34148466,0.914080410158509,52.9999999999,0.9592219735621671
760,RICHMOND CITY,812,812,760,000806,478876.08784500865,2.0,2,5,6033536.34148466,0.0793690566761669,52.9999999999,0.03773584905667497
760,RICHMOND CITY,812,812,760,000903,23792.869311718718,0.11731457549999999,4,5,6033536.34148466,0.003943436811364934,52.9999999999,0.00221348255660795
760,RICHMOND CITY,812,812,041,000205,11428.864624577758,0.0,1,4,6033536.34148466,0.001894223217981891,52.9999999999,0.0
760,RICHMOND CITY,812,812,041,000206,2488.9397242582995,0.04392082570107189,2,2,6033536.34148466,0.0004125175657176619,52.9999999999,0.0008286948245500898
760,RICHMOND CITY,812,812,041,000515,1812.2062485293836,0.0,1,1,6033536.34148466,0.0003003555702597223,52.9999999999,0.0
760,RICHMOND CITY,813,813,760,000806,5750422.710733464,73.9999999999,74,157,5750422.710733464,1.0,73.9999999999,1.0
760,RICHMOND CITY,902,902,760,000902,1197695.3113499437,19.0,19,37,1197695.3113499437,1.0,19.0,1.0
760,RICHMOND CITY,903,903,760,000903,3272841.960013284,42.999617270499996,43,50,4821576.355769079,0.6787908597770698,58.9999999999,0.7288070723825911
760,RICHMOND CITY,903,903,760,000910,1548626.2792925616,16.0,16,21,4821576.355769079,0.32118671675490734,58.9999999999,0.27118644067842573
760,RICHMOND CITY,903,903,760,000814,108.1164632343001,0.0003827294,2,2,4821576.355769079,2.2423468023053776e-05,58.9999999999,6.486938983061842e-06
760,RICHMOND CITY,906,906,760,000814,2245415.1422550688,34.9572377962,35,78,2251005.8395933695,0.9975163559152247,34.9999999999,0.998778222751425
760,RICHMOND CITY,906,906,760,000903,5590.697338300543,0.0427622037,3,3,2251005.8395933695,0.002483644084775217,34.9999999999,0.0012217772485749194
760,RICHMOND CITY,908,908,760,000908,1206506.7730144295,18.0,18,35,1208918.5727531086,0.9980049940558142,19.0,0.9473684210526315
760,RICHMOND CITY,908,908,760,000412,2411.7997386790084,1.0,1,1,1208918.5727531086,0.0019950059441857532,19.0,0.05263157894736842
760,RICHMOND CITY,909,909,760,000909,1665899.8333856806,29.000000000100002,29,34,1665899.8333856806,1.0,29.000000000100002,1.0
760,RICHMOND CITY,910,910,760,000911,2203477.47188458,30.0,30,44,3789811.47876149,0.5814213937112978,54.9999999999,0.5454545454555372
760,RICHMOND CITY,910,910,760,000910,1585999.7743803014,24.9797975942,25,44,3789811.47876149,0.4184904139080306,54.9999999999,0.45417813807718943
760,RICHMOND CITY,910,910,760,000903,334.23249660882215,0.0202024057,1,1,3789811.47876149,8.819238067167639e-05,54.9999999999,0.0003673164672733951
760,RICHMOND CITY,911,911,760,000911,925413.938804134,11.0,11,24,2135532.3744005845,0.4333410955963079,27.999999999899998,0.39285714285854595
760,RICHMOND CITY,911,911,760,000909,612326.8104550864,11.0,11,13,2135532.3744005845,0.2867326282641622,27.999999999899998,0.39285714285854595
760,RICHMOND CITY,911,911,760,000910,597791.6251413642,5.9999999999,6,12,2135532.3744005845,0.27992627613953,27.999999999899998,0.21428571428290819
770,ROANOKE CITY,1,HIGHLAND NO. 1,770,000009,2929769.7580248476,163.8912268052361,165,273,3190672.4903526353,0.9182295478095427,167.0000000001,0.9813845916475328
770,ROANOKE CITY,1,HIGHLAND NO. 1,770,000019,254450.25816569306,1.6958479522638845,2,8,3190672.4903526353,0.07974815934103316,167.0000000001,0.01015477815726269
770,ROANOKE CITY,1,HIGHLAND NO. 1,770,000008,6452.474162094826,1.4129252426,5,5,3190672.4903526353,0.0020222928494242585,167.0000000001,0.008460630195204516
770,ROANOKE CITY,10,WILLIAMSON ROAD NO. 1,770,000004,1339584.7080506652,39.0,39,49,2138761.976161911,0.6263365082142522,59.0,0.6610169491525424
770,ROANOKE CITY,10,WILLIAMSON ROAD NO. 1,770,000006,799177.2681112458,20.0,20,24,2138761.976161911,0.3736634917857477,59.0,0.3389830508474576
770,ROANOKE CITY,11,WILLIAMSON ROAD NO. 2,770,000003,923090.1019014595,31.0,31,31,1250435.9986928662,0.7382145930430704,38.0,0.8157894736842105
770,ROANOKE CITY,11,WILLIAMSON ROAD NO. 2,770,000004,327345.89679140673,7.0,7,8,1250435.9986928662,0.26178540695692964,38.0,0.18421052631578946
770,ROANOKE CITY,13,WILLIAMSON ROAD NO. 4,770,000002,1483793.2615599278,13.9869150662,14,40,2022033.136267911,0.7338125349906884,36.0,0.38852541850555555
770,ROANOKE CITY,13,WILLIAMSON ROAD NO. 4,770,000004,538239.8747079831,22.013084933800002,23,26,2022033.136267911,0.26618746500931156,36.0,0.6114745814944444
770,ROANOKE CITY,14,WILLIAMSON ROAD NO. 5,770,000003,5083565.819544356,14.0250139327,20,93,7496953.312537573,0.6780842307024676,59.0000000007,0.23771210055141698
770,ROANOKE CITY,14,WILLIAMSON ROAD NO. 5,770,000002,2411384.028329275,43.974986068,44,77,7496953.312537573,0.3216485321172513,59.0000000007,0.7453387469064112
770,ROANOKE CITY,14,WILLIAMSON ROAD NO. 5,161,000202,2003.4646639414475,1.0,1,1,7496953.312537573,0.00026723718028108057,59.0000000007,0.01694915254217179
770,ROANOKE CITY,15,WILLIAMSON ROAD NO. 6,770,000003,1726058.9854361732,46.99053474941486,47,71,1730918.2055915873,0.9971926922140417,46.99999999988793,0.9997986116920619
770,ROANOKE CITY,15,WILLIAMSON ROAD NO. 6,161,000201,4859.22015541423,0.009465250473073835,1,3,1730918.2055915873,0.0028073077859582986,46.99999999988793,0.00020138830793822135
770,ROANOKE CITY,17,MONTEREY,770,000005,3829755.4248810355,14.9999999999,17,30,4687365.393790825,0.8170379526960213,34.9999999999,0.42857142856979596
770,ROANOKE CITY,17,MONTEREY,770,000003,857609.9689097895,20.0,21,33,4687365.393790825,0.18296204730397864,34.9999999999,0.5714285714302041
770,ROANOKE CITY,18,PETERS CREEK,770,000001,5363178.239343015,38.6342962493,40,96,7241366.736473353,0.7406306619342632,64.0000000003,0.6036608788924828
770,ROANOKE CITY,18,PETERS CREEK,770,000018,1878188.4971303379,25.365703751,26,43,7241366.736473353,0.25936933806573675,64.0000000003,0.3963391211075172
770,ROANOKE CITY,19,MELROSE,770,000008,1500047.8140556293,87.37816827794659,90,160,2464279.0965595557,0.6087166896598218,135.00000000010002,0.6472456909472729
770,ROANOKE CITY,19,MELROSE,770,000019,713258.5399528272,43.356114676685316,46,72,2464279.0965595557,0.2894390253720149,135.00000000010002,0.3211564050122459
770,ROANOKE CITY,19,MELROSE,770,000009,234023.5047917943,2.2657170454681057,4,8,2464279.0965595557,0.09496631494318991,135.00000000010002,0.01678308922567724
770,ROANOKE CITY,19,MELROSE,770,000020,16949.23775930472,2.0,2,3,2464279.0965595557,0.006877970024973224,135.00000000010002,0.01481481481480384
770,ROANOKE CITY,2,HIGHLAND NO. 2,770,000010,916536.1999854918,37.9867426755,38,86,1464266.312102016,0.625935454780603,65.0,0.5844114257769231
770,ROANOKE CITY,2,HIGHLAND NO. 2,770,000009,466638.22779963975,24.0132573245,25,53,1464266.312102016,0.3186839879760403,65.0,0.3694347280692308
770,ROANOKE CITY,2,HIGHLAND NO. 2,770,000014,81091.88431688436,3.0,3,8,1464266.312102016,0.055380557243356596,65.0,0.046153846153846156
770,ROANOKE CITY,20,EUREKA PARK,770,000020,957190.1685315039,40.9999999999,41,75,1867167.2210370596,0.5126429800968028,67.9999999999,0.6029411764700043
770,ROANOKE CITY,20,EUREKA PARK,770,000002,626727.5953699,8.0,8,15,1867167.2210370596,0.33565691830312006,67.9999999999,0.11764705882370242
770,ROANOKE CITY,20,EUREKA PARK,770,000019,142179.84512166787,10.0,10,21,1867167.2210370596,0.07614735494483377,67.9999999999,0.14705882352962804
770,ROANOKE CITY,20,EUREKA PARK,770,000008,141069.61201398773,9.0,9,17,1867167.2210370596,0.07555274665524335,67.9999999999,0.13235294117666524
770,ROANOKE CITY,21,VILLA HEIGHTS,770,000019,1959840.7908746288,30.821059595997436,31,63,4089508.1727821203,0.47923630619408586,89.0000000001,0.3463040404040765
770,ROANOKE CITY,21,VILLA HEIGHTS,770,000020,1356445.0285398837,41.0,46,82,4089508.1727821203,0.33168903722157983,89.0000000001,0.46067415730285316
770,ROANOKE CITY,21,VILLA HEIGHTS,770,000002,744946.9188858067,16.9093655024,17,24,4089508.1727821203,0.1821605159866973,89.0000000001,0.18999287081326965
770,ROANOKE CITY,21,VILLA HEIGHTS,770,000001,16963.134714864736,0.0906344976,5,6,4089508.1727821203,0.00414796449797155,89.0000000001,0.0010183651415718894
770,ROANOKE CITY,21,VILLA HEIGHTS,770,000008,10243.344818976666,0.14920063607671957,3,3,4089508.1727821203,0.0025047864892780124,89.0000000001,0.0016764116413095723
770,ROANOKE CITY,21,VILLA HEIGHTS,770,000009,1068.9549479593445,0.029739768025843563,2,2,4089508.1727821203,0.00026138961038733595,89.0000000001,0.0003341546969192151
770,ROANOKE CITY,22,WASHINGTON HEIGHTS,770,000018,3823081.9781265045,30.000000000100002,30,89,7101052.81573089,0.538382416992769,80.0000000001,0.37500000000078126
770,ROANOKE CITY,22,WASHINGTON HEIGHTS,770,000019,3245750.7677655146,49.8784205009,52,115,7101052.81573089,0.45708021781998803,80.0000000001,0.6234802562604707
770,ROANOKE CITY,22,WASHINGTON HEIGHTS,770,000020,21280.024257881385,0.002286848,3,12,7101052.81573089,0.0029967421465645155,80.0000000001,2.8585599999964268e-05
770,ROANOKE CITY,22,WASHINGTON HEIGHTS,770,000001,10940.04558098959,0.11929265110000001,3,7,7101052.81573089,0.0015406230406784496,80.0000000001,0.001491158138748136
770,ROANOKE CITY,23,WESTSIDE,770,000020,1796712.58665183,15.0,15,26,2519928.431584779,0.7130014345375199,35.0,0.42857142857142855
770,ROANOKE CITY,23,WESTSIDE,770,000001,723215.8449329489,20.0,21,39,2519928.431584779,0.28699856546248004,35.0,0.5714285714285714
770,ROANOKE CITY,24,RALEIGH COURT NO. 1,770,000017,795670.6764629125,23.0,23,64,1703664.6399347777,0.46703480122318763,63.0,0.36507936507936506
770,ROANOKE CITY,24,RALEIGH COURT NO. 1,770,000010,728551.9968390974,32.0,32,62,1703664.6399347777,0.42763815117216314,63.0,0.5079365079365079
770,ROANOKE CITY,24,RALEIGH COURT NO. 1,770,000011,179441.96663276796,8.0,8,15,1703664.6399347777,0.10532704760464925,63.0,0.12698412698412698
770,ROANOKE CITY,26,RALEIGH COURT NO. 2,770,000017,1049828.8699629765,24.0,24,52,1099586.6738226018,0.9547486296040245,26.0,0.9230769230769231
770,ROANOKE CITY,26,RALEIGH COURT NO. 2,770,000015,49757.803859625354,2.0,2,3,1099586.6738226018,0.04525137039597559,26.0,0.07692307692307693
770,ROANOKE CITY,27,RALEIGH COURT NO. 3,770,000011,617859.1317320495,23.0,23,47,832392.0284150651,0.7422694002830591,31.0,0.7419354838709677
770,ROANOKE CITY,27,RALEIGH COURT NO. 3,770,000017,143767.4624664142,4.0,4,9,832392.0284150651,0.1727160491194971,31.0,0.12903225806451613
770,ROANOKE CITY,27,RALEIGH COURT NO. 3,770,000015,70765.43421660142,4.0,4,9,832392.0284150651,0.0850145505974438,31.0,0.12903225806451613
770,ROANOKE CITY,28,RALEIGH COURT NO. 4,770,000015,548771.8167090613,13.989818234171542,14,17,1172782.768674987,0.46792281688199183,24.0,0.5829090930904809
770,ROANOKE CITY,28,RALEIGH COURT NO. 4,770,000017,531459.183812013,9.0,9,16,1172782.768674987,0.45316080522947744,24.0,0.375
770,ROANOKE CITY,28,RALEIGH COURT NO. 4,770,000011,88743.78514145923,1.0,1,3,1172782.768674987,0.07566941424431244,24.0,0.041666666666666664
770,ROANOKE CITY,28,RALEIGH COURT NO. 4,161,000306,3807.9830124533687,0.010181765828457503,1,1,1172782.768674987,0.003246963644218305,24.0,0.00042424024285239595
770,ROANOKE CITY,29,RALEIGH COURT NO. 5,770,000011,1155033.736548255,25.000000000100002,25,41,1477660.0104241755,0.781664069136372,28.000000000100002,0.8928571428575255
770,ROANOKE CITY,29,RALEIGH COURT NO. 5,770,000010,322626.2738759205,3.0,3,18,1477660.0104241755,0.21833593086362793,28.000000000100002,0.10714285714247448
770,ROANOKE CITY,30,WASENA,770,000010,1118648.0722599302,50.9999999999,51,104,1118648.0722599302,1.0,50.9999999999,1.0
770,ROANOKE CITY,31,FISHBURN PARK,770,000015,1597445.8693861987,9.63438703170119,10,22,3355272.4921480846,0.4761001895150087,38.9999999997,0.24703556491731538
770,ROANOKE CITY,31,FISHBURN PARK,770,000011,1523252.674871748,22.36561296799881,23,44,3355272.4921480846,0.45398776952883013,38.9999999997,0.5734772555941244
770,ROANOKE CITY,31,FISHBURN PARK,770,000010,160695.24301937452,4.0,6,10,3355272.4921480846,0.04789335095597424,38.9999999997,0.10256410256489151
770,ROANOKE CITY,31,FISHBURN PARK,770,000014,61908.94008739773,3.0,3,7,3355272.4921480846,0.018451240616753278,38.9999999997,0.07692307692366863
770,ROANOKE CITY,31,FISHBURN PARK,161,000504,11969.764783365634,0.0,1,3,3355272.4921480846,0.003567449383433669,38.9999999997,0.0
770,ROANOKE CITY,32,GRANDIN COURT,770,000015,1534912.714873649,29.80045093279713,30,45,1571314.406964096,0.9768336038102151,30.000000000117282,0.9933483644226876
770,ROANOKE CITY,32,GRANDIN COURT,161,000306,21142.113895563154,0.12471763885600723,3,6,1571314.406964096,0.013455049989907108,30.000000000117282,0.0041572546285173215
770,ROANOKE CITY,32,GRANDIN COURT,161,000506,15259.578194883894,0.07483142846414438,1,4,1571314.406964096,0.009711346199877725,30.000000000117282,0.002494380948795061
770,ROANOKE CITY,33,SOUTH ROANOKE NO. 1,770,000014,1288405.43782356,27.0,27,44,2195718.749687685,0.586780724082636,44.0,0.6136363636363636
770,ROANOKE CITY,33,SOUTH ROANOKE NO. 1,770,000012,906061.9162095173,16.0,16,26,2195718.749687685,0.4126493506230676,44.0,0.36363636363636365
770,ROANOKE CITY,33,SOUTH ROANOKE NO. 1,770,000013,1251.3956546077293,1.0,1,1,2195718.749687685,0.0005699252942963325,44.0,0.022727272727272728
770,ROANOKE CITY,34,SOUTH ROANOKE NO. 2,770,000014,1790398.8318436148,19.57990584206655,20,49,2848699.5476249764,0.6284968989924928,40.9999999999,0.4775586790759587
770,ROANOKE CITY,34,SOUTH ROANOKE NO. 2,770,000012,1043847.8231876157,21.304177188160914,23,46,2848699.5476249764,0.3664295955878866,40.9999999999,0.5196140777612896
770,ROANOKE CITY,34,SOUTH ROANOKE NO. 2,161,000504,14452.892593746083,0.11591696967253348,1,1,2848699.5476249764,0.005073505419620605,40.9999999999,0.002827243162751615
770,ROANOKE CITY,35,LEE-HI,770,000016,5639490.735524621,49.0,49,86,6772500.521425656,0.8327043634302255,57.0,0.8596491228070176
770,ROANOKE CITY,35,LEE-HI,770,000017,1133009.7859010354,8.0,8,29,6772500.521425656,0.1672956365697746,57.0,0.14035087719298245
770,ROANOKE CITY,35,LEE-HI,775,000008,0.0,0.0,1,2,6772500.521425656,0.0,57.0,0.0
770,ROANOKE CITY,37,GARDEN CITY,770,000012,5569050.866209522,18.812359476774006,19,60,10731957.26388742,0.518922199303676,73.0,0.25770355447635623
770,ROANOKE CITY,37,GARDEN CITY,770,000013,4498689.8422892215,50.925737621214324,51,87,10731957.26388742,0.4191863358818173,73.0,0.6976128441262236
770,ROANOKE CITY,37,GARDEN CITY,770,000014,591630.0336153945,3.0,3,4,10731957.26388742,0.05512787826748103,73.0,0.0410958904109589
770,ROANOKE CITY,37,GARDEN CITY,161,000505,64303.399994096995,0.18764052322599245,2,3,10731957.26388742,0.0059917681754543695,73.0,0.002570418126383458
770,ROANOKE CITY,37,GARDEN CITY,161,000406,6182.95877835447,0.07426237878567761,4,4,10731957.26388742,0.0005761259224503123,73.0,0.0010172928600777754
770,ROANOKE CITY,37,GARDEN CITY,161,000507,2100.163000830203,0.0,2,2,10731957.26388742,0.00019569244912082928,73.0,0.0
770,ROANOKE CITY,5,JEFFERSON NO. 1,770,000007,1881922.4188523388,65.9999999997,66,149,3385353.2945606317,0.555901335874188,127.99999999939999,0.5156250000000733
770,ROANOKE CITY,5,JEFFERSON NO. 1,770,000006,864147.0740626883,22.999999999899998,23,61,3385353.2945606317,0.2552605293666526,127.99999999939999,0.17968750000006103
770,ROANOKE CITY,5,JEFFERSON NO. 1,770,000009,639227.4393540845,38.999999999799996,42,89,3385353.2945606317,0.18882148589370396,127.99999999939999,0.3046874999998657
770,ROANOKE CITY,5,JEFFERSON NO. 1,161,000404,56.36229152018332,0.0,2,6,3385353.2945606317,1.6648865455414247e-05,127.99999999939999,0.0
770,ROANOKE CITY,5,JEFFERSON NO. 1,161,000403,0.0,0.0,4,6,3385353.2945606317,0.0,127.99999999939999,0.0
770,ROANOKE CITY,7,JEFFERSON-RIVERDALE,770,000007,2367905.04605591,49.98580645318593,50,108,4642003.121850412,0.5101041476921728,85.0000000001,0.5880683112132603
770,ROANOKE CITY,7,JEFFERSON-RIVERDALE,770,000013,2270649.653247222,34.99874229217307,36,80,4642003.121850412,0.48915297849737055,85.0000000001,0.41174990931919875
770,ROANOKE CITY,7,JEFFERSON-RIVERDALE,161,000406,3157.715491674294,0.012235706926932755,6,6,4642003.121850412,0.0006802484636019706,85.0000000001,0.00014394949325786306
770,ROANOKE CITY,7,JEFFERSON-RIVERDALE,161,000404,290.70705560563704,0.0032155478140704513,1,2,4642003.121850412,6.26253468545179e-05,85.0000000001,3.7829974283137274e-05
770,ROANOKE CITY,8,JEFFERSON NO. 2,770,000014,1672966.246805115,45.0000000004,45,95,2323902.04372858,0.7198953378090444,76.00000000040001,0.5921052631600415
770,ROANOKE CITY,8,JEFFERSON NO. 2,770,000013,337445.1909110778,13.0,13,26,2323902.04372858,0.14520628863067933,76.00000000040001,0.17105263157804707
770,ROANOKE CITY,8,JEFFERSON NO. 2,770,000009,272969.5194339117,16.0,16,33,2323902.04372858,0.11746171495074995,76.00000000040001,0.21052631578836564
770,ROANOKE CITY,8,JEFFERSON NO. 2,770,000007,40521.08657847574,2.0,2,5,2323902.04372858,0.017436658609526312,76.00000000040001,0.026315789473545705
770,ROANOKE CITY,9,TINKER,770,000005,7722553.8884807145,43.91226005673104,52,114,12674602.84051943,0.609293560173143,133.9999999996217,0.32770343326011203
770,ROANOKE CITY,9,TINKER,770,000006,4133690.088658185,79.8458004633,80,143,12674602.84051943,0.32613961484009535,133.9999999996217,0.5958641825636224
770,ROANOKE CITY,9,TINKER,770,000004,327539.4980809862,7.0,7,12,12674602.84051943,0.025842190260500737,133.9999999996217,0.05223880597029673
770,ROANOKE CITY,9,TINKER,161,000403,299075.89497042436,1.2407086362440496,8,12,12674602.84051943,0.023596470732345855,133.9999999996217,0.009259019673489195
770,ROANOKE CITY,9,TINKER,770,000009,190738.11224856917,2.0,2,4,12674602.84051943,0.01504884331671511,133.9999999996217,0.014925373134370494
770,ROANOKE CITY,9,TINKER,161,000402,1005.3580805518134,0.0012308433466080985,3,3,12674602.84051943,7.932067720006064e-05,133.9999999996217,9.185398109041592e-06
770,ROANOKE CITY,99,WILLIAMSON ROAD NO. 3 (12)/LINCOLN TERRACE (16),770,000008,2015629.8617397312,58.9999999999,59,119,4078713.1267665103,0.4941827971455463,110.0,0.5363636363627272
770,ROANOKE CITY,99,WILLIAMSON ROAD NO. 3 (12)/LINCOLN TERRACE (16),770,000006,1358892.8328460443,25.0000000001,25,66,4078713.1267665103,0.3331670530904282,110.0,0.22727272727363634
770,ROANOKE CITY,99,WILLIAMSON ROAD NO. 3 (12)/LINCOLN TERRACE (16),770,000004,674278.0914397457,25.0,25,29,4078713.1267665103,0.16531638055513223,110.0,0.22727272727272727
770,ROANOKE CITY,99,WILLIAMSON ROAD NO. 3 (12)/LINCOLN TERRACE (16),770,000002,29912.340740988853,1.0,1,1,4078713.1267665103,0.007333769208893228,110.0,0.00909090909090909
775,SALEM CITY,1,NORTH SALEM NO. 2,775,000001,3736667.211799879,52.00000000005935,52,122,3736667.211799879,1.0,52.00000000005935,1.0
775,SALEM CITY,10,HIDDEN VALLEY,775,000010,5128542.330221316,29.75259997767719,30,65,5150579.692113764,0.9957213822113674,29.9999999999,0.9917533325925454
775,SALEM CITY,10,HIDDEN VALLEY,161,000304,18323.38756935291,0.013756338322811196,1,2,5150579.692113764,0.0035575388916724276,29.9999999999,0.00045854461076190163
775,SALEM CITY,10,HIDDEN VALLEY,770,000016,3713.9743230951876,0.2336436839,1,1,5150579.692113764,0.0007210788969602366,29.9999999999,0.0077881227966926266
775,SALEM CITY,2,CONEHURST,775,000002,2412385.801073062,40.0000000001,40,88,2412385.801073062,1.0,40.0000000001,1.0
775,SALEM CITY,3,BEVERLY HEIGHTS,775,000003,1886868.6021817562,29.7629017405,30,49,1902107.4555825614,0.99198843716422,30.0,0.9920967246833333
775,SALEM CITY,3,BEVERLY HEIGHTS,161,000103,15238.853400805345,0.2370982595,1,2,1902107.4555825614,0.00801156283578002,30.0,0.007903275316666666
775,SALEM CITY,4,WEST SALEM,775,000004,2649635.0892199,31.0,31,56,2649635.0892199,1.0,31.0,1.0
775,SALEM CITY,5,NORTH SALEM NO. 1,775,000005,6254106.153805303,59.9839664674,60,146,6255474.953577604,0.9997811837178697,61.0000000001,0.9833437125787158
775,SALEM CITY,5,NORTH SALEM NO. 1,775,000001,922.0009052686084,0.0160335327,1,1,6255474.953577604,0.00014739103139423516,61.0000000001,0.0002628447983602248
775,SALEM CITY,5,NORTH SALEM NO. 1,775,000002,446.7988670321359,1.0,2,3,6255474.953577604,7.1425250736014e-05,61.0000000001,0.016393442622923946
775,SALEM CITY,6,SOUTH SALEM NO. 1,775,000006,3798823.7175569427,106.1315674589,107,204,3804627.3127234466,0.9984745956201556,107.00000000019999,0.9918838080252489
775,SALEM CITY,6,SOUTH SALEM NO. 1,775,000005,5803.595166504118,0.8684325413,6,6,3804627.3127234466,0.0015254043798444375,107.00000000019999,0.008116191974751186
775,SALEM CITY,8,EAST SALEM,775,000008,3645393.8164366377,34.0,34,105,3645393.8164366377,1.0,34.0,1.0
775,SALEM CITY,99,SOUTH SALEM NO. 2 (7)/SOUTH SIDE HILLS (9),775,000009,6278174.455552528,64.8959650681294,67,134,8099456.053943845,0.7751353194262365,127.0000000003,0.5109918509289456
775,SALEM CITY,99,SOUTH SALEM NO. 2 (7)/SOUTH SIDE HILLS (9),775,000007,1792084.0738144962,62.0465403259,65,103,8099456.053943845,0.2212598058287978,127.0000000003,0.48855543563585374
775,SALEM CITY,99,SOUTH SALEM NO. 2 (7)/SOUTH SIDE HILLS (9),161,000106,29197.524576821583,0.05749460627060677,5,8,8099456.053943845,0.003604874744965684,127.0000000003,0.0004527134352005587
790,STAUNTON CITY,101,WARD NO. 1,790,000101,10987313.196373956,108.65702769863248,110,201,11366049.80657926,0.966678255273343,133.0000000000519,0.8169701330721059
790,STAUNTON CITY,101,WARD NO. 1,790,000501,208563.15916795077,23.013740612438827,24,26,11366049.80657926,0.018349660851144922,133.0000000000519,0.17303564370248006
790,STAUNTON CITY,101,WARD NO. 1,015,000405,131664.75529830312,1.043844845947558,3,14,11366049.80657926,0.011584038213706288,133.0000000000519,0.007848457488324441
790,STAUNTON CITY,101,WARD NO. 1,015,000103,28826.247556966522,0.28130792737901766,2,4,11366049.80657926,0.0025361711454299973,133.0000000000519,0.0021150971983376534
790,STAUNTON CITY,101,WARD NO. 1,015,000101,9682.44818208256,0.004078915654025571,2,5,11366049.80657926,0.0008518745163757646,133.0000000000519,3.066853875206e-05
790,STAUNTON CITY,201,WARD NO. 2,790,000201,6372525.449099122,104.04112920452765,105,150,7401919.173445089,0.860928807755833,136.00000000035948,0.7650083029724459
790,STAUNTON CITY,201,WARD NO. 2,790,000501,920906.785982721,31.0,31,44,7401919.173445089,0.12441459632341563,136.00000000035948,0.22794117646998574
790,STAUNTON CITY,201,WARD NO. 2,015,000405,108486.93836324534,0.9588707958318488,8,17,7401919.173445089,0.014656595920751194,136.00000000035948,0.007050520557568487
790,STAUNTON CITY,301,WARD NO. 3,790,000301,5508597.145315318,75.3547398616,76,121,5546484.2598913675,0.9931691657632521,75.9999999999,0.9915097350223572
790,STAUNTON CITY,301,WARD NO. 3,015,000405,23877.202901555844,0.3522568022,1,4,5546484.2598913675,0.004304925748049179,75.9999999999,0.0046349579236903094
790,STAUNTON CITY,301,WARD NO. 3,790,000201,13707.904345075613,0.2639453163,1,1,5546484.2598913675,0.002471458261263342,75.9999999999,0.0034729646881624648
790,STAUNTON CITY,301,WARD NO. 3,790,000501,302.0073294177981,0.0290580198,1,1,5546484.2598913675,5.445022743537239e-05,75.9999999999,0.0003823423657899768
790,STAUNTON CITY,401,WARD NO. 4,790,000401,9573393.3873131,51.9999999999,52,86,9573393.3873131,1.0,51.9999999999,1.0
790,STAUNTON CITY,501,WARD NO. 5,790,000501,16588968.838990448,77.81399628562224,79,191,17229184.178809315,0.9628412272354552,81.00000000029527,0.9606666208066491
790,STAUNTON CITY,501,WARD NO. 5,015,000103,381743.8556745889,1.1860037146730376,5,18,17229184.178809315,0.02215681553535814,81.00000000029527,0.014642021168749558
790,STAUNTON CITY,501,WARD NO. 5,790,000401,258471.484144279,2.0,2,3,17229184.178809315,0.015001957229186786,81.00000000029527,0.02469135802460135
800,SUFFOLK CITY,101,YEATES,800,000305,6644766.361272272,2.490887279261405,3,36,17656736.159600563,0.37633038751951264,35.999999999500005,0.06919131331377779
800,SUFFOLK CITY,101,YEATES,800,000101,4379964.035228669,13.0000000001,13,123,17656736.159600563,0.24806192920581951,35.999999999500005,0.36111111111890426
800,SUFFOLK CITY,101,YEATES,800,000104,4341250.874089058,10.509112720138596,12,81,17656736.159600563,0.24586938576009548,35.999999999500005,0.29191979778568206
800,SUFFOLK CITY,101,YEATES,800,000706,2290754.889010566,10.0,10,32,17656736.159600563,0.12973829751457236,35.999999999500005,0.27777777778163576
800,SUFFOLK CITY,102,DRIVER,800,000102,22887091.88371097,59.9999999998,60,140,23249167.633054547,0.9844262919404996,62.999999999900005,0.9523809523792894
800,SUFFOLK CITY,102,DRIVER,800,000304,362075.7493435796,3.0000000001,3,6,23249167.633054547,0.015573708059500492,62.999999999900005,0.0476190476207105
800,SUFFOLK CITY,102,DRIVER,800,000104,0.0,0.0,1,1,23249167.633054547,0.0,62.999999999900005,0.0
800,SUFFOLK CITY,102,DRIVER,800,000305,0.0,0.0,1,2,23249167.633054547,0.0,62.999999999900005,0.0
800,SUFFOLK CITY,103,HARBOUR VIEW,800,000702,21399954.942295294,42.238128032537006,43,233,39379487.897573635,0.5434289800303332,97.00000000042968,0.4354446188902052
800,SUFFOLK CITY,103,HARBOUR VIEW,800,000704,9471418.158874728,29.7314005386086,31,101,39379487.897573635,0.24051653956267696,97.00000000042968,0.3065092839018237
800,SUFFOLK CITY,103,HARBOUR VIEW,800,000104,6450252.197041897,9.761871967892668,18,63,39379487.897573635,0.163797259472217,97.00000000042968,0.10063785533865388
800,SUFFOLK CITY,103,HARBOUR VIEW,800,000706,2057862.5993617154,15.268599461391402,17,58,39379487.897573635,0.05225722093477276,97.00000000042968,0.15740824186931718
800,SUFFOLK CITY,201,EBENEZER,800,000201,29057245.935982637,32.0,32,107,29057245.935982637,1.0,32.0,1.0
800,SUFFOLK CITY,202,CHUCKATUCK,800,000202,76125769.608042,70.1876487882,73,199,78784112.27847661,0.9662578838098953,72.99999999999999,0.9614746409342467
800,SUFFOLK CITY,202,CHUCKATUCK,800,000203,2657761.0971503546,1.8069694628,5,13,78784112.27847661,0.03373473433014032,72.99999999999999,0.02475300633972603
800,SUFFOLK CITY,202,CHUCKATUCK,093,000403,581.5732842514818,1.005381749,3,3,78784112.27847661,7.381859964301006e-06,72.99999999999999,0.013772352726027401
800,SUFFOLK CITY,203,KING'S FORK,800,000504,83612793.29102252,115.0000000001,115,321,117613642.14982235,0.7109106712681529,160.00000000018247,0.7187499999998054
800,SUFFOLK CITY,203,KING'S FORK,800,000203,13970430.127316268,22.891295804382462,23,109,117613642.14982235,0.1187823952388109,160.00000000018247,0.14307059877722722
800,SUFFOLK CITY,203,KING'S FORK,800,000502,12192633.290501075,11.0,11,20,117613642.14982235,0.10366682867425758,160.00000000018247,0.0687499999999216
800,SUFFOLK CITY,203,KING'S FORK,800,000204,7837785.440982491,11.1087041957,15,115,117613642.14982235,0.0666401048187787,160.00000000018247,0.06942940122304582
800,SUFFOLK CITY,301,WHITE MARSH,800,000301,78332162.77061693,3.9996577137,5,32,97828098.04093017,0.8007123141435669,24.999999999899998,0.15998630854863996
800,SUFFOLK CITY,301,WHITE MARSH,800,000302,19475342.575007286,20.0003422862,21,40,97828098.04093017,0.1990771870762429,24.999999999899998,0.8000136914512
800,SUFFOLK CITY,301,WHITE MARSH,800,000404,20592.695305953755,1.0,3,4,97828098.04093017,0.00021049878019030897,24.999999999899998,0.040000000000160005
800,SUFFOLK CITY,302,JOHN F. KENNEDY,800,000302,16678421.303617677,38.53601684826917,39,108,17279961.64923724,0.9651885601467108,56.00000000026917,0.6881431580014991
800,SUFFOLK CITY,302,JOHN F. KENNEDY,800,000404,489414.3727394701,17.0,17,23,17279961.64923724,0.02832265387354453,56.00000000026917,0.30357142856996944
800,SUFFOLK CITY,302,JOHN F. KENNEDY,800,000304,112125.97288009388,0.463983152,4,8,17279961.64923724,0.006488785979744536,56.00000000026917,0.008285413428531604
800,SUFFOLK CITY,303,CYPRESS CHAPEL,800,000402,68981268.2874654,31.999999999899998,35,67,176085985.0945214,0.3917476353977681,48.999999999799996,0.6530612244904207
800,SUFFOLK CITY,303,CYPRESS CHAPEL,800,000301,68400883.78649953,4.0,4,13,176085985.0945214,0.38845160646818394,48.999999999799996,0.08163265306155769
800,SUFFOLK CITY,303,CYPRESS CHAPEL,800,000401,38703833.020556495,12.9999999999,13,32,176085985.0945214,0.2198007581340481,48.999999999799996,0.26530612244802165
800,SUFFOLK CITY,401,AIRPORT,800,000401,29493752.483839907,22.8962687712,23,99,35312612.565979116,0.8352186468427653,129.0000000004,0.1774904555901473
800,SUFFOLK CITY,401,AIRPORT,800,000404,2918749.4537739907,55.48853695547408,59,79,35312612.565979116,0.08265458830950313,129.0000000004,0.4301436973279226
800,SUFFOLK CITY,401,AIRPORT,800,000403,2867978.4628664046,48.61519427372592,50,68,35312612.565979116,0.0812168303182833,129.0000000004,0.3768619711129858
800,SUFFOLK CITY,401,AIRPORT,800,000402,27280.454980423416,1.0,1,2,35312612.565979116,0.0007725413952154296,129.0000000004,0.007751937984472087
800,SUFFOLK CITY,401,AIRPORT,800,000301,4616.68796469351,0.0,1,1,35312612.565979116,0.00013073764950320672,129.0000000004,0.0
800,SUFFOLK CITY,401,AIRPORT,800,000501,235.02255370106784,1.0,1,1,35312612.565979116,6.655484729767441e-06,129.0000000004,0.007751937984472087
800,SUFFOLK CITY,402,WHALEYVILLE,800,000402,61885881.90715189,49.0000000001,49,75,93328661.03082001,0.6630962152849836,77.0000000001,0.6363636363641086
800,SUFFOLK CITY,402,WHALEYVILLE,800,000405,31442779.12366812,28.0,28,42,93328661.03082001,0.3369037847150163,77.0000000001,0.36363636363589136
800,SUFFOLK CITY,501,KILBY'S MILL,800,000501,36435289.228757046,62.6684593894,64,215,44022700.09671937,0.8276477623750356,68.0000000006,0.9215949910124566
800,SUFFOLK CITY,501,KILBY'S MILL,800,000401,7434864.735193228,4.3220582944,5,11,44022700.09671937,0.16888706778227092,68.0000000006,0.06355968079943917
800,SUFFOLK CITY,501,KILBY'S MILL,800,000601,152546.13276909015,1.0094823168,2,4,44022700.09671937,0.003465169842693454,68.0000000006,0.014845328188104306
800,SUFFOLK CITY,502,HOLLAND,800,000502,94301350.49240324,87.0,87,220,94301350.49240324,1.0,87.0,1.0
800,SUFFOLK CITY,503,HOLY NECK,800,000502,79163031.59412427,75.0110722203,78,140,155287111.95728743,0.5097849434916305,123.00000000029999,0.6098461156107077
800,SUFFOLK CITY,503,HOLY NECK,800,000405,76124080.36316317,47.98892778,49,96,155287111.95728743,0.4902150565083696,123.00000000029999,0.3901538843892923
800,SUFFOLK CITY,601,LAKESIDE,800,000601,3273142.644074771,111.9919126143,112,157,3287443.9382283087,0.9956497222698664,114.0000000001,0.9823851983701909
800,SUFFOLK CITY,601,LAKESIDE,800,000603,13346.694448300907,1.0,1,1,3287443.9382283087,0.0040599002444111024,114.0000000001,0.00877192982455371
800,SUFFOLK CITY,601,LAKESIDE,800,000501,954.5997052367231,1.0080873858,3,3,3287443.9382283087,0.0002903774857225953,114.0000000001,0.0088428718052554
800,SUFFOLK CITY,602,OLDE TOWNE,800,000602,1322120.6800858171,47.8977635782,48,59,2081730.6637122182,0.6351065020717729,83.9999999999,0.5702114711697265
800,SUFFOLK CITY,602,OLDE TOWNE,800,000403,586977.0914419396,23.0,23,31,2081730.6637122182,0.28196591503111196,83.9999999999,0.2738095238098498
800,SUFFOLK CITY,602,OLDE TOWNE,800,000604,121391.07784290866,7.1022364217,9,15,2081730.6637122182,0.05831257614586877,83.9999999999,0.08455043359176732
800,SUFFOLK CITY,602,OLDE TOWNE,800,000601,33337.24698214456,2.0,2,4,2081730.6637122182,0.016014197976358942,83.9999999999,0.023809523809552154
800,SUFFOLK CITY,602,OLDE TOWNE,800,000605,16272.842519978565,3.0,3,3,2081730.6637122182,0.007816977865407543,83.9999999999,0.035714285714328234
800,SUFFOLK CITY,602,OLDE TOWNE,800,000603,1631.7248394294822,1.0,1,1,2081730.6637122182,0.0007838309094797744,83.9999999999,0.011904761904776077
800,SUFFOLK CITY,701,HOLLYWOOD,800,000605,2188699.500341632,63.0,63,98,2193025.192116811,0.9980275229893718,66.0,0.9545454545454546
800,SUFFOLK CITY,701,HOLLYWOOD,800,000602,4325.691775179052,3.0,3,3,2193025.192116811,0.0019724770106282685,66.0,0.045454545454545456
800,SUFFOLK CITY,702,ELEPHANT'S FORK,800,000604,6971579.709677162,42.92055179971357,44,118,11099231.039659351,0.6281137571392629,67.00000000031358,0.6406052507389954
800,SUFFOLK CITY,702,ELEPHANT'S FORK,800,000603,3382266.161615833,20.9445603603,22,39,11099231.039659351,0.30472977357894865,67.00000000031358,0.3126053785104772
800,SUFFOLK CITY,702,ELEPHANT'S FORK,800,000302,389144.9654687417,1.0822575772,4,10,11099231.039659351,0.03506053384043126,67.00000000031358,0.01615309816708858
800,SUFFOLK CITY,702,ELEPHANT'S FORK,800,000504,176967.2275542057,0.990367887,1,5,11099231.039659351,0.015944098012003995,67.00000000031358,0.014781610253662161
800,SUFFOLK CITY,702,ELEPHANT'S FORK,800,000304,74103.02912029997,0.9822483942,6,8,11099231.039659351,0.006676411082490115,67.00000000031358,0.014660423793961236
800,SUFFOLK CITY,702,ELEPHANT'S FORK,800,000204,60857.02345117651,0.0472528583,3,4,11099231.039659351,0.005482994563652608,67.00000000031358,0.000705266541787744
800,SUFFOLK CITY,702,ELEPHANT'S FORK,800,000203,44312.92277193129,0.0327611236,2,3,11099231.039659351,0.00399243178321039,67.00000000031358,0.0004889719940275622
800,SUFFOLK CITY,703,NANSEMOND RIVER,800,000304,61135155.05565253,83.99999999984252,84,243,65186850.214674644,0.9378449005331752,111.99999999984252,0.7499999999996485
800,SUFFOLK CITY,703,NANSEMOND RIVER,800,000305,3679923.372279128,5.0,5,11,65186850.214674644,0.056451927960322223,111.99999999984252,0.04464285714291991
800,SUFFOLK CITY,703,NANSEMOND RIVER,800,000706,276164.6361004769,17.9697021141,18,33,65186850.214674644,0.0042365083631285445,111.99999999984252,0.16044376887611844
800,SUFFOLK CITY,703,NANSEMOND RIVER,800,000101,63716.1270228093,4.0302978859,5,22,65186850.214674644,0.0009774383455095324,111.99999999984252,0.035984802552729164
800,SUFFOLK CITY,703,NANSEMOND RIVER,800,000102,31891.02361970002,1.0,1,3,65186850.214674644,0.0004892247978645365,111.99999999984252,0.008928571428583984
800,SUFFOLK CITY,704,LAKE MEADE,800,000504,6592924.569237055,17.07839611959855,21,72,8303919.786277913,0.7939533062604666,45.0,0.3795199137688567
800,SUFFOLK CITY,704,LAKE MEADE,800,000603,1353035.975632726,15.9362878252,17,33,8303919.786277913,0.1629394322749354,45.0,0.3541397294488889
800,SUFFOLK CITY,704,LAKE MEADE,800,000601,357959.24140813097,11.985316055201448,14,18,8303919.786277913,0.04310726146459803,45.0,0.2663403567822544
810,VIRGINIA BEACH CITY,1,NORTH BEACH,810,000001,17692864.497142695,132.9997713020629,133,225,17692940.896490414,0.9999956819305413,133.0000000002,0.9999982804651345
810,VIRGINIA BEACH CITY,1,NORTH BEACH,810,000011,76.39934772012775,0.00022869813709390591,3,3,17692940.896490414,4.318069458723077e-06,133.0000000002,1.719534865365128e-06
810,VIRGINIA BEACH CITY,11,CAPE HENRY,810,000011,195523824.8216816,117.99148083976793,118,320,196256073.6760679,0.9962689111186698,117.99999999992487,0.9999278037274836
810,VIRGINIA BEACH CITY,11,CAPE HENRY,810,000037,732248.8543863001,0.0085191601569343,1,3,196256073.6760679,0.0037310888813302133,117.99999999992487,7.219627251643834e-05
810,VIRGINIA BEACH CITY,12,PLAZA,810,000012,2392042.7884547864,62.9943795307,63,73,4740582.114187123,0.5045884093635101,101.0000000001873,0.623706728025576
810,VIRGINIA BEACH CITY,12,PLAZA,810,000094,1190090.5641171173,21.0056204694,23,45,4740582.114187123,0.25104312834399334,101.0000000001873,0.20797644029070342
810,VIRGINIA BEACH CITY,12,PLAZA,810,000077,1158448.761615219,17.000000000087297,17,22,4740582.114187123,0.24436846229249642,101.0000000001873,0.16831683168372052
810,VIRGINIA BEACH CITY,13,MT.TRASHMORE,810,000013,3785763.9853956494,56.0,56,98,3785763.9853956494,1.0,56.0,1.0
810,VIRGINIA BEACH CITY,14,MALIBU,810,000014,2239146.061727551,53.61964437790562,54,87,2280083.214444259,0.9820457637434579,54.0000000003,0.9929563773631063
810,VIRGINIA BEACH CITY,14,MALIBU,810,000028,31039.240790578446,0.2322565784,2,3,2280083.214444259,0.013613205252310872,54.0000000003,0.004301047748124253
810,VIRGINIA BEACH CITY,14,MALIBU,810,000076,9897.911926130153,0.14809904399437804,1,3,2280083.214444259,0.004341031004231414,54.0000000003,0.002742574888769542
810,VIRGINIA BEACH CITY,15,OLD DONATION,810,000015,1809493.629257804,46.9999999999,47,66,2554647.184180497,0.7083144946445001,61.9999999999,0.758064516128642
810,VIRGINIA BEACH CITY,15,OLD DONATION,810,000016,744966.5527476285,14.998562556,15,28,2554647.184180497,0.29161230457215,61.9999999999,0.24191229929071276
810,VIRGINIA BEACH CITY,15,OLD DONATION,810,000021,187.00217506449488,0.001437444,1,1,2554647.184180497,7.320078334984764e-05,61.9999999999,2.3184580645198684e-05
810,VIRGINIA BEACH CITY,16,ARAGONA,810,000016,2848735.3761742925,100.53258493553616,101,153,3435964.274845926,0.8290934213226167,113.00000000003456,0.8896688932345612
810,VIRGINIA BEACH CITY,16,ARAGONA,810,000021,544608.1647665452,12.0000000001,12,38,3435964.274845926,0.15850227802236572,113.00000000003456,0.10619469026633921
810,VIRGINIA BEACH CITY,16,ARAGONA,810,000039,42620.73390508828,0.4674150643983946,3,10,3435964.274845926,0.012404300655017566,113.00000000003456,0.004136416499099572
810,VIRGINIA BEACH CITY,17,OCEAN PARK,810,000017,19652278.47485133,64.5276782176364,66,119,23206859.56397673,0.8468305856151659,106.0000000001,0.6087516812978824
810,VIRGINIA BEACH CITY,17,OCEAN PARK,810,000090,3295069.485800237,41.30220303789564,45,90,23206859.56397673,0.1419868757647445,106.0000000001,0.3896434248854403
810,VIRGINIA BEACH CITY,17,OCEAN PARK,810,000037,259511.6033251669,0.17011874456795997,4,8,23206859.56397673,0.01118253862008966,106.0000000001,0.0016048938166773536
810,VIRGINIA BEACH CITY,17,OCEAN PARK,810,000018,0.0,0.0,1,2,23206859.56397673,0.0,106.0000000001,0.0
810,VIRGINIA BEACH CITY,17,OCEAN PARK,810,000092,0.0,0.0,1,1,23206859.56397673,0.0,106.0000000001,0.0
810,VIRGINIA BEACH CITY,18,THOROUGHGOOD,810,000018,6636740.617658528,75.29794172646625,76,126,6776721.246374059,0.9793439004458936,76.0000000001,0.9907623911364102
810,VIRGINIA BEACH CITY,18,THOROUGHGOOD,810,000038,81740.6307248087,0.7020582736337482,3,4,6776721.246374059,0.012061973298450886,76.0000000001,0.009237608863589795
810,VIRGINIA BEACH CITY,18,THOROUGHGOOD,810,000017,58239.997990721604,0.0,1,3,6776721.246374059,0.008594126255655476,76.0000000001,0.0
810,VIRGINIA BEACH CITY,19,LAKE SMITH,810,000019,2767701.7334488244,44.0,44,88,5121126.257706726,0.540447861304677,79.0,0.5569620253164557
810,VIRGINIA BEACH CITY,19,LAKE SMITH,810,000059,2353424.5242579016,35.0,35,63,5121126.257706726,0.45955213869532296,79.0,0.4430379746835443
810,VIRGINIA BEACH CITY,2,SOUTH BEACH,810,000002,10740121.908295704,86.45229526165363,88,122,12205036.62020187,0.8799745746373732,125.0,0.691618362093229
810,VIRGINIA BEACH CITY,2,SOUTH BEACH,810,000001,1464914.711906167,38.547704738346376,40,46,12205036.62020187,0.12002542536262684,125.0,0.308381637906771
810,VIRGINIA BEACH CITY,20,BAYSIDE,810,000020,4389665.9312539715,47.0,47,108,5450575.009625258,0.8053583197189635,70.0000000001,0.6714285714276123
810,VIRGINIA BEACH CITY,20,BAYSIDE,810,000059,1060909.0783712866,23.000000000100002,24,60,5450575.009625258,0.19464168028103646,70.0000000001,0.32857142857238775
810,VIRGINIA BEACH CITY,21,DAVIS CORNER,810,000086,3116273.3438849417,18.52005160691182,19,166,5757093.484406015,0.5412928159540668,40.99999999894922,0.4517085757899138
810,VIRGINIA BEACH CITY,21,DAVIS CORNER,810,000021,1579359.3965859672,16.00000000003042,16,49,5757093.484406015,0.2743327689334745,40.99999999894922,0.39024390244976775
810,VIRGINIA BEACH CITY,21,DAVIS CORNER,810,000093,829367.9075059496,5.999999999995813,6,26,5757093.484406015,0.14406017719747333,40.99999999894922,0.14634146341828258
810,VIRGINIA BEACH CITY,21,DAVIS CORNER,810,000020,135870.60493202362,0.31523437236505925,2,5,5757093.484406015,0.02360055561023116,40.99999999894922,0.0076886432286131295
810,VIRGINIA BEACH CITY,21,DAVIS CORNER,810,000038,73059.81309615495,0.16471401964610777,9,18,5757093.484406015,0.012690398947671919,40.99999999894922,0.004017415113422663
810,VIRGINIA BEACH CITY,21,DAVIS CORNER,810,000061,23162.41840097759,0.0,1,1,5757093.484406015,0.004023283357082286,40.99999999894922,0.0
810,VIRGINIA BEACH CITY,22,POINT O' VIEW,810,000022,2217849.409759164,49.0000000001,49,65,2217849.409759164,1.0,49.0000000001,1.0
810,VIRGINIA BEACH CITY,23,ARROWHEAD,810,000023,2531558.785490282,67.99854217445468,68,96,2531849.6962571614,0.9998850995115114,67.99999999999999,0.9999785613890397
810,VIRGINIA BEACH CITY,23,ARROWHEAD,810,000026,290.91076687946463,0.001457825545308763,1,1,2531849.6962571614,0.00011490048848852228,67.99999999999999,2.143861096042299e-05
810,VIRGINIA BEACH CITY,24,LARKSPUR,810,000091,2113785.2881961586,12.9999999998,13,48,3962328.626440932,0.5334704633257076,40.9999999999,0.3170731707276026
810,VIRGINIA BEACH CITY,24,LARKSPUR,810,000024,1848354.9952264857,28.000000000100002,28,45,3962328.626440932,0.4664820032574448,40.9999999999,0.6829268292723975
810,VIRGINIA BEACH CITY,24,LARKSPUR,810,000027,188.34301828798598,0.0,2,2,3962328.626440932,4.7533416847648156e-05,40.9999999999,0.0
810,VIRGINIA BEACH CITY,27,PROVIDENCE,810,000027,2258779.436992049,45.90142519821676,46,69,2307486.7342836773,0.9788916241346244,47.99999999993257,0.9562796916308591
810,VIRGINIA BEACH CITY,27,PROVIDENCE,810,000099,47853.32325620138,2.061026419506264,4,9,2307486.7342836773,0.02073828748188088,47.99999999993257,0.04293805040644082
810,VIRGINIA BEACH CITY,27,PROVIDENCE,810,000078,601.6471546880254,0.026129414335752377,3,7,2307486.7342836773,0.0002607369939549391,47.99999999993257,0.0005443627986622726
810,VIRGINIA BEACH CITY,27,PROVIDENCE,810,000068,252.32688073853572,0.011418967873799934,2,2,2307486.7342836773,0.00010935138953978281,47.99999999993257,0.0002378951640378328
810,VIRGINIA BEACH CITY,28,THALIA,810,000028,2803382.372763613,45.7301180412,55,89,4566109.746524999,0.6139542254535394,91.00000000029999,0.5025287696818599
810,VIRGINIA BEACH CITY,28,THALIA,810,000076,1762727.3737613866,45.2698819591,46,77,4566109.746524999,0.3860457745464607,91.00000000029999,0.4974712303181402
810,VIRGINIA BEACH CITY,29,HOLLAND,810,000029,1911676.4652120876,40.000000000050214,40,61,2553135.4571305793,0.7487563810502185,51.000000000050214,0.7843137254904085
810,VIRGINIA BEACH CITY,29,HOLLAND,810,000080,641458.9919184918,11.0,11,20,2553135.4571305793,0.25124361894978164,51.000000000050214,0.21568627450959155
810,VIRGINIA BEACH CITY,32,CREEDS,810,000032,105882515.64362395,31.00000000037504,31,106,105882515.64362395,1.0,31.00000000037504,1.0
810,VIRGINIA BEACH CITY,33,CAPPS SHOP,810,000033,105569589.52424954,22.9994851912,23,100,105587143.6855757,0.9998337471711667,22.9999999999,0.9999776170130433
810,VIRGINIA BEACH CITY,33,CAPPS SHOP,810,000100,17253.83557178789,0.0004636338,1,1,105587143.6855757,0.0001634084886619103,22.9999999999,2.015799130443547e-05
810,VIRGINIA BEACH CITY,33,CAPPS SHOP,810,000032,300.32575437829263,5.11749e-05,1,1,105587143.6855757,2.8443401714949533e-06,22.9999999999,2.2249956521835865e-06
810,VIRGINIA BEACH CITY,34,BLACKWATER,810,000034,87827166.89570649,28.0,28,65,87827166.89570649,1.0,28.0,1.0
810,VIRGINIA BEACH CITY,35,COURTHOUSE,810,000035,21859851.185582206,20.9504918023,22,96,51248280.849641256,0.4265479899651156,80.00000000010013,0.26188114752842223
810,VIRGINIA BEACH CITY,35,COURTHOUSE,810,000088,15634582.958130999,37.01210584320014,39,119,51248280.849641256,0.3050752668953273,80.00000000010013,0.4626513230394227
810,VIRGINIA BEACH CITY,35,COURTHOUSE,810,000060,13621699.849538058,19.9486739235,22,63,51248280.849641256,0.2657981813966236,80.00000000010013,0.2493584240434379
810,VIRGINIA BEACH CITY,35,COURTHOUSE,810,000033,75666.28163925947,1.0008974782000002,3,6,51248280.849641256,0.0014764647786187962,80.00000000010013,0.012511218477484343
810,VIRGINIA BEACH CITY,35,COURTHOUSE,810,000087,54942.57444578265,1.0,1,5,51248280.849641256,0.0010720861955736659,80.00000000010013,0.012499999999984355
810,VIRGINIA BEACH CITY,35,COURTHOUSE,810,000066,1334.0024780582542,0.0877096084,1,1,51248280.849641256,2.6030189812066492e-05,80.00000000010013,0.0010963701049986278
810,VIRGINIA BEACH CITY,35,COURTHOUSE,810,000054,203.99782689145675,0.00012134450000000002,1,8,51248280.849641256,3.980578928880982e-06,80.00000000010013,1.5168062499981018e-06
810,VIRGINIA BEACH CITY,36,WINDSOR OAKS,810,000036,2174759.326030897,32.9999999999,33,70,2174759.326030897,1.0,32.9999999999,1.0
810,VIRGINIA BEACH CITY,37,CHESAPEAKE BEACH,810,000037,70426373.9217602,56.98465102072568,57,191,72607486.22392006,0.9699602284062919,68.9999999995,0.8258645075527334
810,VIRGINIA BEACH CITY,37,CHESAPEAKE BEACH,810,000059,2181112.3021598626,12.01534897877432,14,51,72607486.22392006,0.03003977159370805,68.9999999995,0.17413549244726648
810,VIRGINIA BEACH CITY,38,WITCHDUCK,810,000038,4507380.003641925,62.9999999999,63,129,4507380.003641925,1.0,62.9999999999,1.0
810,VIRGINIA BEACH CITY,38,WITCHDUCK,810,000086,0.0,0.0,5,5,4507380.003641925,0.0,62.9999999999,0.0
810,VIRGINIA BEACH CITY,39,PEMBROKE,810,000039,3711424.3506297246,81.48701291290307,82,169,3828798.7517464007,0.9693443273655636,83.00000000019999,0.9817712399121292
810,VIRGINIA BEACH CITY,39,PEMBROKE,810,000038,109585.16801550123,0.4861627463,1,3,3828798.7517464007,0.028621292243557327,83.00000000019999,0.005857382485528056
810,VIRGINIA BEACH CITY,39,PEMBROKE,810,000015,7570.999602081484,1.0,1,1,3828798.7517464007,0.001977382488078848,83.00000000019999,0.012048192771055307
810,VIRGINIA BEACH CITY,39,PEMBROKE,810,000076,218.23349909341374,0.026824340996930488,1,1,3828798.7517464007,5.69979028001596e-05,83.00000000019999,0.0003231848312875404
810,VIRGINIA BEACH CITY,39,PEMBROKE,810,000016,0.0,0.0,1,1,3828798.7517464007,0.0,83.00000000019999,0.0
810,VIRGINIA BEACH CITY,4,LINKHORN,810,000004,2509625.1842538505,27.0226290591,29,46,3415148.434892685,0.7348509829361812,48.9999999999,0.5514822256970439
810,VIRGINIA BEACH CITY,4,LINKHORN,810,000002,846165.0491220604,19.9773709408,20,46,3415148.434892685,0.2477681615465858,48.9999999999,0.40770144777226064
810,VIRGINIA BEACH CITY,4,LINKHORN,810,000005,50561.02255350564,2.0,2,4,3415148.434892685,0.014804926789395738,48.9999999999,0.04081632653069554
810,VIRGINIA BEACH CITY,4,LINKHORN,810,000001,8797.178963268163,0.0,2,3,3415148.434892685,0.002575928727837154,48.9999999999,0.0
810,VIRGINIA BEACH CITY,40,BONNEY,810,000040,4881807.284247485,75.9947458691704,76,213,5827479.672918024,0.8377218897793243,81.00000000003159,0.9382067391251946
810,VIRGINIA BEACH CITY,40,BONNEY,810,000079,945556.9897619635,5.0,6,17,5827479.672918024,0.16225830767908794,81.00000000003159,0.06172839506170432
810,VIRGINIA BEACH CITY,40,BONNEY,810,000023,115.39890857494284,0.005254130861190973,1,1,5827479.672918024,1.980254158778705e-05,81.00000000003159,6.486581310109783e-05
810,VIRGINIA BEACH CITY,41,COLLEGE PARK,810,000041,2259111.9327803254,44.9966178655,45,86,2886453.7299265373,0.7826600195797428,54.9999999999,0.8181203248287602
810,VIRGINIA BEACH CITY,41,COLLEGE PARK,810,000025,627341.7971462118,10.0033821344,12,31,2886453.7299265373,0.21733998042025715,54.9999999999,0.1818796751712398
810,VIRGINIA BEACH CITY,42,BRANDON,810,000084,4173438.4009462157,2.9769854133841243,3,32,8681345.856759902,0.4807363362555686,50.00000000038412,0.05953970826722508
810,VIRGINIA BEACH CITY,42,BRANDON,810,000042,2532558.5075955535,28.999999999899998,29,46,8681345.856759902,0.29172418071830725,50.00000000038412,0.5799999999935441
810,VIRGINIA BEACH CITY,42,BRANDON,810,000089,1881131.1262066448,17.97602220336119,18,40,8681345.856759902,0.21668657800816274,50.00000000038412,0.3595204440644618
810,VIRGINIA BEACH CITY,42,BRANDON,810,000052,57615.79690244051,0.022685906999999998,5,10,8681345.856759902,0.006636735576843402,50.00000000038412,0.0004537181399965143
810,VIRGINIA BEACH CITY,42,BRANDON,810,000065,14166.01884866083,0.016604528538811055,1,1,8681345.856759902,0.0016317768100012025,50.00000000038412,0.00033209057077366986
810,VIRGINIA BEACH CITY,42,BRANDON,810,000051,12075.99337426936,0.0,1,4,8681345.856759902,0.00139102779379146,50.00000000038412,0.0
810,VIRGINIA BEACH CITY,42,BRANDON,810,000043,10112.013091238246,0.0073732683,1,3,8681345.856759902,0.001164797861769823,50.00000000038412,0.00014746536599886712
810,VIRGINIA BEACH CITY,42,BRANDON,810,000025,247.99979487869496,0.0003286799,1,1,8681345.856759902,2.856697555547623e-05,50.00000000038412,6.573597999949499e-06
810,VIRGINIA BEACH CITY,43,BELLAMY,810,000043,1380614.5142430488,32.0,34,56,2489606.8902041414,0.5545512103438315,44.999999999799996,0.7111111111142716
810,VIRGINIA BEACH CITY,43,BELLAMY,810,000078,867948.3195716941,8.998331773390275,9,21,2489606.8902041414,0.3486286622144288,44.999999999799996,0.19996292829845042
810,VIRGINIA BEACH CITY,43,BELLAMY,810,000051,238529.70692002808,4.0,4,11,2489606.8902041414,0.09581018909393733,44.999999999799996,0.08888888888928395
810,VIRGINIA BEACH CITY,43,BELLAMY,810,000089,1420.0008924452222,0.0,1,1,2489606.8902041414,0.0005703715305546836,44.999999999799996,0.0
810,VIRGINIA BEACH CITY,43,BELLAMY,810,000099,1094.3485769248814,0.0016682264097246993,1,1,2489606.8902041414,0.000439566817247661,44.999999999799996,3.707169799404697e-05
810,VIRGINIA BEACH CITY,44,CENTERVILLE,810,000044,2277243.77379176,43.976556197698336,48,106,2733909.4586403267,0.8329623962471372,56.0,0.7852956463874703
810,VIRGINIA BEACH CITY,44,CENTERVILLE,810,000089,366137.2852496174,10.9796175252,11,16,2733909.4586403267,0.13392443707031573,56.0,0.19606459866428572
810,VIRGINIA BEACH CITY,44,CENTERVILLE,810,000065,90528.3995989489,1.0438262771016613,6,10,2733909.4586403267,0.03311316668254698,56.0,0.018639754948243954
810,VIRGINIA BEACH CITY,45,TIMBERLAKE,810,000045,1466309.8826173723,26.999999999883286,27,69,1466309.8826173723,1.0,26.999999999883286,1.0
810,VIRGINIA BEACH CITY,46,GREEN RUN,810,000074,2538590.0471242703,24.0,24,77,5788309.292974623,0.43857194193223287,50.9999999996,0.4705882352978085
810,VIRGINIA BEACH CITY,46,GREEN RUN,810,000046,2258730.9285149463,19.9999999998,22,62,5788309.292974623,0.39022291556817973,50.9999999996,0.3921568627442522
810,VIRGINIA BEACH CITY,46,GREEN RUN,810,000080,990954.3167495434,6.9999999998,7,28,5788309.292974623,0.17119926848972683,50.9999999996,0.13725490195793924
810,VIRGINIA BEACH CITY,46,GREEN RUN,810,000045,34.00058586236565,0.0,1,1,5788309.292974623,5.87400986046699e-06,50.9999999996,0.0
810,VIRGINIA BEACH CITY,47,KINGS GRANT,810,000047,7885860.077915637,70.6577447564,71,133,7896309.962952858,0.9986766115962711,70.99999999990001,0.9951795036126692
810,VIRGINIA BEACH CITY,47,KINGS GRANT,810,000094,7325.925930436948,0.0101960293,1,2,7896309.962952858,0.000927765749420681,70.99999999990001,0.00014360604647907548
810,VIRGINIA BEACH CITY,47,KINGS GRANT,810,000092,3123.9591067842794,0.3320592142,3,6,7896309.962952858,0.0003956226543082741,70.99999999990001,0.004676890340851657
810,VIRGINIA BEACH CITY,48,WOLFSNARE,810,000048,2889371.186481352,31.999999999899998,32,74,2936805.1655870574,0.9838484419526606,31.999999999899998,1.0
810,VIRGINIA BEACH CITY,48,WOLFSNARE,810,000009,47433.97910570518,0.0,6,9,2936805.1655870574,0.01615155804733927,31.999999999899998,0.0
810,VIRGINIA BEACH CITY,49,LYNNHAVEN,810,000049,11023265.462093696,54.653160657792924,55,118,12625503.403054837,0.8730951242250296,98.00000000014015,0.5576853128338242
810,VIRGINIA BEACH CITY,49,LYNNHAVEN,810,000075,1602237.9409611414,43.34683934234723,44,113,12625503.403054837,0.1269048757749705,98.00000000014015,0.44231468716617595
810,VIRGINIA BEACH CITY,50,OCEANA,810,000030,20704130.964329734,4.000000000099298,5,65,25404480.548248734,0.8149795043046838,82.99999999999929,0.04819277108553413
810,VIRGINIA BEACH CITY,50,OCEANA,810,000050,3173334.3063500454,52.0,53,94,25404480.548248734,0.12491238702256402,82.99999999999929,0.6265060240963909
810,VIRGINIA BEACH CITY,50,OCEANA,810,000067,919582.2076126471,10.9273412295,14,58,25404480.548248734,0.036197638675042255,82.99999999999929,0.13165471360843486
810,VIRGINIA BEACH CITY,50,OCEANA,810,000096,607433.0699563088,16.0726587704,18,51,25404480.548248734,0.023910469997710005,82.99999999999929,0.19364649120964023
810,VIRGINIA BEACH CITY,51,STRATFORD CHASE,810,000068,2389873.078490439,31.0,36,40,4503186.122706232,0.5307071511968113,65.0,0.47692307692307695
810,VIRGINIA BEACH CITY,51,STRATFORD CHASE,810,000051,2113313.044215793,34.0,34,50,4503186.122706232,0.4692928488031886,65.0,0.5230769230769231
810,VIRGINIA BEACH CITY,52,HOMESTEAD,810,000052,3086343.2223487953,49.0000000001,49,89,3086343.2223487953,1.0,49.0000000001,1.0
810,VIRGINIA BEACH CITY,53,SHANNON,810,000053,3200910.6607529144,34.83183859357883,35,85,3493926.406253481,0.9161356847768395,42.0,0.8293294903233055
810,VIRGINIA BEACH CITY,53,SHANNON,810,000079,264596.0325438121,7.000391051421168,8,10,3493926.406253481,0.07573028214625077,42.0,0.16667597741478973
810,VIRGINIA BEACH CITY,53,SHANNON,810,000013,23009.708537651728,0.16777035499999998,1,2,3493926.406253481,0.006585630566364711,42.0,0.003994532261904761
810,VIRGINIA BEACH CITY,53,SHANNON,810,000027,5410.004419102713,0.0,3,4,3493926.406253481,0.0015484025105451011,42.0,0.0
810,VIRGINIA BEACH CITY,54,SALEM,810,000087,5941313.50094326,12.0,12,20,13284845.963991106,0.44722486937728395,58.9999999999,0.2033898305088193
810,VIRGINIA BEACH CITY,54,SALEM,810,000054,4794411.42937818,13.1504415529,14,39,13284845.963991106,0.36089326457932197,58.9999999999,0.2228888398800388
810,VIRGINIA BEACH CITY,54,SALEM,810,000081,2549121.0336696664,33.849558447,35,55,13284845.963991106,0.19188186604339413,58.9999999999,0.5737213296111419
810,VIRGINIA BEACH CITY,55,MAGIC HOLLOW,810,000055,3945345.3602063167,42.9570108569,43,99,6226447.719082939,0.6336430559136543,84.9999999999,0.5053765983170652
810,VIRGINIA BEACH CITY,55,MAGIC HOLLOW,810,000077,2264485.344615528,42.0,42,58,6226447.719082939,0.36368816487052297,84.9999999999,0.49411764705940486
810,VIRGINIA BEACH CITY,55,MAGIC HOLLOW,810,000083,16617.01426109515,0.042989143,2,3,6226447.719082939,0.0026687792158226913,84.9999999999,0.0005057546235300068
810,VIRGINIA BEACH CITY,56,LITTLE NECK,810,000007,1199447.180857254,25.0,25,51,2350974.211295142,0.5101915516957047,38.999999999799996,0.6410256410289285
810,VIRGINIA BEACH CITY,56,LITTLE NECK,810,000056,1151527.0304378876,13.9999999998,14,23,2350974.211295142,0.4898084483042952,38.999999999799996,0.3589743589710717
810,VIRGINIA BEACH CITY,57,SHERRY PARK,810,000057,2794107.62130553,42.845979377401456,43,93,2865102.57313731,0.9752207992490685,42.9999999999,0.9964181250581651
810,VIRGINIA BEACH CITY,57,SHERRY PARK,810,000025,70994.95183178005,0.15402062249854387,2,7,2865102.57313731,0.02477920075093159,42.9999999999,0.0035818749418349317
810,VIRGINIA BEACH CITY,58,GLENWOOD,810,000058,2599173.228244818,17.0000000002,17,31,3495013.0135568185,0.7436805580302206,25.0000000002,0.68000000000256
810,VIRGINIA BEACH CITY,58,GLENWOOD,810,000064,628934.5839983943,5.0,5,7,3495013.0135568185,0.1799520006245521,25.0000000002,0.1999999999984
810,VIRGINIA BEACH CITY,58,GLENWOOD,810,000099,266905.20131360646,3.0,3,5,3495013.0135568185,0.07636744134522731,25.0000000002,0.11999999999904
810,VIRGINIA BEACH CITY,59,MEADOWS,810,000038,1396658.5279897747,23.0,23,35,1396658.5279897747,1.0,23.0,1.0
810,VIRGINIA BEACH CITY,6,ALANTON,810,000006,7489072.571812467,54.7999565906,55,122,7716522.280784801,0.9705243242103098,55.9999999999,0.9785706534053189
810,VIRGINIA BEACH CITY,6,ALANTON,810,000004,219584.7030271211,1.2000434093,3,6,7716522.280784801,0.028456433486094786,55.9999999999,0.021429346594681126
810,VIRGINIA BEACH CITY,6,ALANTON,810,000009,5068.64828708732,0.0,1,1,7716522.280784801,0.0006568565608511168,55.9999999999,0.0
810,VIRGINIA BEACH CITY,6,ALANTON,810,000010,2796.3576581258826,0.0,1,1,7716522.280784801,0.00036238574274439627,55.9999999999,0.0
810,VIRGINIA BEACH CITY,60,FOREST,810,000014,547563.7832422516,13.0,13,18,547563.7832422516,1.0,13.0,1.0
810,VIRGINIA BEACH CITY,61,BAKER,810,000061,2438936.495197042,17.9510800101,18,68,3212992.870783495,0.7590855608099443,26.9999999997,0.6648548151962761
810,VIRGINIA BEACH CITY,61,BAKER,810,000093,700286.3366008146,9.0,9,26,3212992.870783495,0.2179545255044554,26.9999999997,0.333333333337037
810,VIRGINIA BEACH CITY,61,BAKER,810,000021,72123.03202578319,0.0489199896,1,4,3212992.870783495,0.022447305340019583,26.9999999997,0.001811851466686798
810,VIRGINIA BEACH CITY,61,BAKER,810,000069,1647.0069598548275,0.0,1,1,3212992.870783495,0.000512608345580674,26.9999999997,0.0
810,VIRGINIA BEACH CITY,62,LANDSTOWN,810,000062,4247562.553613442,18.00154371319027,19,37,7804307.422112564,0.5442587437776331,29.000000000100002,0.6207428866595929
810,VIRGINIA BEACH CITY,62,LANDSTOWN,810,000082,3556685.3834647234,10.998456286909732,11,33,7804307.422112564,0.4557336341450728,29.000000000100002,0.3792571133404071
810,VIRGINIA BEACH CITY,62,LANDSTOWN,810,000046,59.48503439863856,0.0,1,1,7804307.422112564,7.622077294148472e-06,29.000000000100002,0.0
810,VIRGINIA BEACH CITY,64,ROSEMONT FOREST,810,000099,1659140.674753157,7.237556171950428,9,68,3762717.4991232455,0.44094213162156204,34.0000000002,0.21286929917376043
810,VIRGINIA BEACH CITY,64,ROSEMONT FOREST,810,000064,1412189.203970518,15.749342448174785,17,32,3762717.4991232455,0.3753109831656439,34.0000000002,0.4632159543553572
810,VIRGINIA BEACH CITY,64,ROSEMONT FOREST,810,000078,519497.9777451989,7.0000686972258155,8,10,3762717.4991232455,0.1380645711154897,34.0000000002,0.20588437344660704
810,VIRGINIA BEACH CITY,64,ROSEMONT FOREST,810,000071,170246.9704164553,4.0,4,6,3762717.4991232455,0.04524574870585547,34.0000000002,0.11764705882283738
810,VIRGINIA BEACH CITY,64,ROSEMONT FOREST,810,000027,1642.672237916367,0.013032682848971541,3,6,3762717.4991232455,0.00043656539144890034,34.0000000002,0.0003833142014380847
810,VIRGINIA BEACH CITY,65,COLONIAL,810,000065,5650560.58947448,21.0,21,37,6990819.426805078,0.8082830129767606,35.0000000001,0.5999999999982857
810,VIRGINIA BEACH CITY,65,COLONIAL,810,000084,1012969.1916349926,10.0,10,37,6990819.426805078,0.1448999222824922,35.0000000001,0.28571428571346935
810,VIRGINIA BEACH CITY,65,COLONIAL,810,000044,326140.15076955315,3.0000000001,3,8,6990819.426805078,0.04665263552925221,35.0000000001,0.08571428571689796
810,VIRGINIA BEACH CITY,65,COLONIAL,810,000087,1149.4949260527048,1.0,1,1,6990819.426805078,0.00016442921149488812,35.0000000001,0.028571428571346938
810,VIRGINIA BEACH CITY,66,HUNT,810,000066,3777700.267729346,15.95885554359885,16,41,5827249.271717766,0.6482819065359374,35.9999999998,0.44330154288020857
810,VIRGINIA BEACH CITY,66,HUNT,810,000083,1941079.7549256366,19.041144456201152,20,59,5827249.271717766,0.3331039508377581,35.9999999998,0.5289206793418593
810,VIRGINIA BEACH CITY,66,HUNT,810,000082,108469.24906278387,1.0,1,1,5827249.271717766,0.01861414262630456,35.9999999998,0.027777777777932097
810,VIRGINIA BEACH CITY,67,EASTERN SHORE,810,000067,889269.8100228532,25.823384336613955,31,53,1487798.1995382532,0.5977086208995569,44.0,0.586895098559408
810,VIRGINIA BEACH CITY,67,EASTERN SHORE,810,000096,553427.6718958671,16.338500912786046,18,55,1487798.1995382532,0.3719776459385598,44.0,0.3713295661996829
810,VIRGINIA BEACH CITY,67,EASTERN SHORE,810,000008,21870.09487685965,0.0070824999,5,6,1487798.1995382532,0.014699637950662368,44.0,0.00016096590681818183
810,VIRGINIA BEACH CITY,67,EASTERN SHORE,810,000050,20221.66179907103,1.8242967320999999,3,3,1487798.1995382532,0.01359166976095746,44.0,0.041461289365909086
810,VIRGINIA BEACH CITY,67,EASTERN SHORE,810,000009,3008.960943602418,0.0067355186,2,2,1487798.1995382532,0.002022425450263528,44.0,0.00015307996818181817
810,VIRGINIA BEACH CITY,68,HILLTOP,810,000004,2560298.799330932,32.2593207683,39,112,3332075.604724197,0.7683795636872571,43.999999999799996,0.7331663811010599
810,VIRGINIA BEACH CITY,68,HILLTOP,810,000050,765779.2516457656,10.7406792315,11,46,3332075.604724197,0.22982049103569208,43.999999999799996,0.24410634617156413
810,VIRGINIA BEACH CITY,68,HILLTOP,810,000005,5997.553747499557,1.0,1,1,3332075.604724197,0.001799945277050815,43.999999999799996,0.022727272727376034
810,VIRGINIA BEACH CITY,69,SHELL,810,000069,1794602.889930307,36.0,36,56,3314339.770276999,0.5414661785808162,57.9999999997,0.6206896551756242
810,VIRGINIA BEACH CITY,69,SHELL,810,000020,1519736.8803466924,21.9999999997,22,76,3314339.770276999,0.45853382141918386,57.9999999997,0.37931034482437576
810,VIRGINIA BEACH CITY,7,KINGSTON,810,000092,5478285.3865818065,30.7961023027,32,76,7051933.726520079,0.7768486771195421,52.000000000200004,0.5922327365881067
810,VIRGINIA BEACH CITY,7,KINGSTON,810,000007,1573648.339938273,21.2038976975,22,38,7051933.726520079,0.22315132288045791,52.000000000200004,0.4077672634118932
810,VIRGINIA BEACH CITY,70,STRAWBRIDGE,810,000070,5065712.118932304,8.113182006741587,10,58,9760674.226850437,0.5189920287470655,23.999999999841584,0.3380492502831308
810,VIRGINIA BEACH CITY,70,STRAWBRIDGE,810,000083,4658253.467829037,14.7418618072,15,35,9760674.226850437,0.47724709989958936,23.999999999841584,0.614244241970721
810,VIRGINIA BEACH CITY,70,STRAWBRIDGE,810,000030,36081.091065500004,1.1449561859,2,2,9760674.226850437,0.0036965777390915553,23.999999999841584,0.04770650774614822
810,VIRGINIA BEACH CITY,70,STRAWBRIDGE,810,000082,627.5490235960663,0.0,3,3,9760674.226850437,6.429361425358862e-05,23.999999999841584,0.0
810,VIRGINIA BEACH CITY,71,ROUND HILL,810,000097,1344290.38758769,16.0,16,26,2611535.1646758295,0.5147510191594747,23.999999999985185,0.6666666666670782
810,VIRGINIA BEACH CITY,71,ROUND HILL,810,000071,1267244.7770881394,7.999999999985183,8,18,2611535.1646758295,0.4852489808405252,23.999999999985185,0.33333333333292176
810,VIRGINIA BEACH CITY,73,DAHLIA,810,000073,1538904.5818163129,19.488613129955493,20,58,3282229.213714854,0.4688595712285944,31.000000000090967,0.6286649396741388
810,VIRGINIA BEACH CITY,73,DAHLIA,810,000098,1050211.8790258837,5.511386870035472,6,60,3282229.213714854,0.3199690852295003,31.000000000090967,0.17778667322642902
810,VIRGINIA BEACH CITY,73,DAHLIA,810,000045,693112.7528726569,6.0000000001,6,25,3282229.213714854,0.21117134354190523,31.000000000090967,0.19354838709943203
810,VIRGINIA BEACH CITY,8,LONDON BRIDGE,810,000008,5783101.1419792995,57.5603880212,58,141,7966055.121396108,0.725968004721234,105.00000000009999,0.5481941716299541
810,VIRGINIA BEACH CITY,8,LONDON BRIDGE,810,000094,1705993.9007384686,32.4396119789,35,92,7966055.121396108,0.21415793322297286,105.00000000009999,0.3089486855130391
810,VIRGINIA BEACH CITY,8,LONDON BRIDGE,810,000077,475658.08054668317,15.0,15,26,7966055.121396108,0.05971061878157337,105.00000000009999,0.14285714285700682
810,VIRGINIA BEACH CITY,8,LONDON BRIDGE,810,000030,1301.9981316566434,0.0,2,2,7966055.121396108,0.0001634432742198323,105.00000000009999,0.0
810,VIRGINIA BEACH CITY,96,OCEAN LAKES (3)/RED WING (30)/SIGMA (31)/CULVER (63),810,000100,202155105.37550917,71.00000000030748,71,193,303802688.7376153,0.6654157875149818,272.00000000042286,0.26102941176543054
810,VIRGINIA BEACH CITY,96,OCEAN LAKES (3)/RED WING (30)/SIGMA (31)/CULVER (63),810,000030,48341590.20178811,52.88363238577777,56,183,303802688.7376153,0.1591216667721437,272.00000000042286,0.1944251190650572
810,VIRGINIA BEACH CITY,96,OCEAN LAKES (3)/RED WING (30)/SIGMA (31)/CULVER (63),810,000063,30898916.269624393,31.02992091250998,39,136,303802688.7376153,0.10170718500885555,272.00000000042286,0.11408059158993286
810,VIRGINIA BEACH CITY,96,OCEAN LAKES (3)/RED WING (30)/SIGMA (31)/CULVER (63),810,000031,11837974.337283479,17.380978122000002,20,73,303802688.7376153,0.03896599594451766,272.00000000042286,0.06390065486019478
810,VIRGINIA BEACH CITY,96,OCEAN LAKES (3)/RED WING (30)/SIGMA (31)/CULVER (63),810,000070,4316748.855996656,13.449802342027608,16,36,303802688.7376153,0.01420905415266056,272.00000000042286,0.049447802727965805
810,VIRGINIA BEACH CITY,96,OCEAN LAKES (3)/RED WING (30)/SIGMA (31)/CULVER (63),810,000085,3178427.281857935,42.1676937951,43,75,303802688.7376153,0.01046214335714139,272.00000000042286,0.15502828601115604
810,VIRGINIA BEACH CITY,96,OCEAN LAKES (3)/RED WING (30)/SIGMA (31)/CULVER (63),810,000095,1602297.9564386094,20.0879724427,22,37,303802688.7376153,0.0052741401437117075,272.00000000042286,0.07385283986275283
810,VIRGINIA BEACH CITY,96,OCEAN LAKES (3)/RED WING (30)/SIGMA (31)/CULVER (63),810,000003,1471628.4591169402,24.0,24,30,303802688.7376153,0.004844027105987659,272.00000000042286,0.08823529411750988
810,VIRGINIA BEACH CITY,97,SEATACK (5)/ RUDEE (72),810,000072,12856135.708132397,120.0710548853,122,149,20198147.699923143,0.6365007276474821,191.00000000030002,0.6286442664141958
810,VIRGINIA BEACH CITY,97,SEATACK (5)/ RUDEE (72),810,000005,7342011.9917907445,70.928945115,72,220,20198147.699923143,0.36349927235251783,191.00000000030002,0.37135573358580415
810,VIRGINIA BEACH CITY,98,TRANTWOOD (9)/GREAT NECK (10),810,000010,10985846.497740308,51.7435421854,54,152,18446828.637351863,0.5955412018896156,157.00000000029326,0.3295767018172188
810,VIRGINIA BEACH CITY,98,TRANTWOOD (9)/GREAT NECK (10),810,000009,5291312.074309934,57.738371358825525,58,115,18446828.637351863,0.2868412873742361,157.00000000029326,0.3677603271255903
810,VIRGINIA BEACH CITY,98,TRANTWOOD (9)/GREAT NECK (10),810,000075,2144002.956545425,44.516070056493255,45,65,18446828.637351863,0.11622610036091319,157.00000000029326,0.283541847493058
810,VIRGINIA BEACH CITY,98,TRANTWOOD (9)/GREAT NECK (10),810,000049,25493.12385665447,3.0,4,5,18446828.637351863,0.0013819786781688313,157.00000000029326,0.01910828025474138
810,VIRGINIA BEACH CITY,98,TRANTWOOD (9)/GREAT NECK (10),810,000008,173.9848995417471,0.0020163995744739214,1,1,18446828.637351863,9.431697066316085e-06,157.00000000029326,1.284330939152965e-05
810,VIRGINIA BEACH CITY,99,WOODSTOCK (25)/FAIRFIELD (26),810,000025,4794083.9084025165,57.91271014258088,59,138,7051663.489915948,0.6798514868524532,85.9999999999,0.673403606309863
810,VIRGINIA BEACH CITY,99,WOODSTOCK (25)/FAIRFIELD (26),810,000026,2224108.631382446,27.87328514561592,28,73,7051663.489915948,0.31540198061960495,85.9999999999,0.3241079668098643
810,VIRGINIA BEACH CITY,99,WOODSTOCK (25)/FAIRFIELD (26),810,000023,18905.757985843553,0.12545609880906183,4,9,7051663.489915948,0.0026810351930263336,85.9999999999,0.0014587918466186943
810,VIRGINIA BEACH CITY,99,WOODSTOCK (25)/FAIRFIELD (26),710,000408,14565.192145142757,0.08854861289414355,2,4,7051663.489915948,0.0020654973349155613,85.9999999999,0.0010296350336540293
820,WAYNESBORO CITY,1,WARD A,820,000001,5508843.00826288,122.33054728539993,124,245,7273709.2291881265,0.7573636551426683,138.00000000019264,0.8864532411973127
820,WAYNESBORO CITY,1,WARD A,820,000003,1617028.1488612292,11.9965778515,12,32,7273709.2291881265,0.2223113542087134,138.00000000019264,0.08693172356147284
820,WAYNESBORO CITY,1,WARD A,015,000801,147838.0720640168,3.672874863292712,19,35,7273709.2291881265,0.020324990648618233,138.00000000019264,0.026615035241214384
820,WAYNESBORO CITY,2,WARD B,820,000001,7683760.75833982,38.879861447049386,41,94,15553895.26859754,0.4940087756571765,145.9999999995,0.2663004208711133
820,WAYNESBORO CITY,2,WARD B,820,000002,5957470.070745981,100.39381744031387,103,215,15553895.26859754,0.38302109972244613,145.9999999995,0.6876288865798471
820,WAYNESBORO CITY,2,WARD B,820,000004,1484331.1236127948,2.9693224182,6,26,15553895.26859754,0.09543147217980681,145.9999999995,0.02033782478226143
820,WAYNESBORO CITY,2,WARD B,015,000603,428333.31589894387,3.7569986939367452,15,38,15553895.26859754,0.027538652440570646,145.9999999995,0.02573286776677816
820,WAYNESBORO CITY,3,WARD C,820,000003,5368493.775802131,84.74166405924439,86,169,8477019.7057062,0.6332996692444157,130.00000000010002,0.6518589543013784
820,WAYNESBORO CITY,3,WARD C,820,000004,2611448.066670489,23.736470081598462,25,60,8477019.7057062,0.30806204979240825,130.00000000010002,0.18258823139677077
820,WAYNESBORO CITY,3,WARD C,820,000002,451958.63479524665,20.2541734321224,27,36,8477019.7057062,0.05331574662861953,130.00000000010002,0.15580133409312935
820,WAYNESBORO CITY,3,WARD C,015,000802,37154.01221213713,1.263710231534756,8,18,8477019.7057062,0.004382909737384162,130.00000000010002,0.009720847934875258
820,WAYNESBORO CITY,3,WARD C,015,000801,7965.216226196188,0.0039821956,2,4,8477019.7057062,0.0009396245971723413,130.00000000010002,3.063227384613028e-05
820,WAYNESBORO CITY,4,WARD D,820,000004,6689733.157112808,67.23251536682469,68,128,8539191.426115058,0.7834152934730884,126.0,0.5335913918001959
820,WAYNESBORO CITY,4,WARD D,820,000002,1593404.3303610177,54.0000000001,54,106,8539191.426115058,0.18659897065757008,126.0,0.42857142857222225
820,WAYNESBORO CITY,4,WARD D,015,000802,170734.0826137336,0.7674846330753109,3,11,8539191.426115058,0.01999417440058605,126.0,0.006091147881550086
820,WAYNESBORO CITY,4,WARD D,820,000003,85319.85602749902,4.0,4,5,8539191.426115058,0.009991561468755555,126.0,0.031746031746031744
830,WILLIAMSBURG CITY,0021,BERKELEY PART 1,830,000002,5147186.7379899025,19.0,19,47,5165170.262261214,0.9965183094925822,19.0,1.0
830,WILLIAMSBURG CITY,0021,BERKELEY PART 1,095,001042,14618.542649270352,0.0,1,2,5165170.262261214,0.0028302150572032895,19.0,0.0
830,WILLIAMSBURG CITY,0021,BERKELEY PART 1,095,000201,3364.9816220413054,0.0,1,1,5165170.262261214,0.0006514754502145259,19.0,0.0
830,WILLIAMSBURG CITY,0022,BERKELEY PART 2,830,000001,2416413.8982131095,24.954088859244887,26,93,2456757.564211776,0.9835784911843305,27.000000000468688,0.9242255132893227
830,WILLIAMSBURG CITY,0022,BERKELEY PART 2,199,000102,25158.0949233755,2.0294632045,4,11,2456757.564211776,0.010240365305010142,27.000000000468688,0.07516530386906559
830,WILLIAMSBURG CITY,0022,BERKELEY PART 2,095,000202,15027.009009094214,0.016447936723800016,4,9,2456757.564211776,0.00611660231680836,27.000000000468688,0.0006091828416116481
830,WILLIAMSBURG CITY,0022,BERKELEY PART 2,830,000002,158.56206619671377,0.0,1,1,2456757.564211776,6.454119385100445e-05,27.000000000468688,0.0
830,WILLIAMSBURG CITY,1,STRYKER,830,000001,12471421.729511902,114.74629747435849,117,271,16090733.518380346,0.7750685644794175,150.99999999952232,0.75990925479948
830,WILLIAMSBURG CITY,1,STRYKER,830,000002,3298041.603154548,33.9999999997,34,82,16090733.518380346,0.20496527391912964,150.99999999952232,0.22516556291263284
830,WILLIAMSBURG CITY,1,STRYKER,199,000101,234923.95649654855,0.2326964656762161,3,8,16090733.518380346,0.014599953210846252,150.99999999952232,0.0015410361965361075
830,WILLIAMSBURG CITY,1,STRYKER,199,000102,58835.873307286034,1.7277802243459526,9,17,16090733.518380346,0.0036565065999059755,150.99999999952232,0.011442253141400122
830,WILLIAMSBURG CITY,1,STRYKER,095,000503,27510.35591006179,0.2932258354416677,8,16,16090733.518380346,0.0017097017907006463,150.99999999952232,0.0019418929499509623
840,WINCHESTER CITY,101,WAR MEMORIAL,840,000301,2813907.818005133,59.2431160528,61,107,3169433.6107031833,0.8878267108995629,73.9999999999,0.800582649363244
840,WINCHESTER CITY,101,WAR MEMORIAL,840,000401,183743.5501830583,4.7568839471,5,6,3169433.6107031833,0.0579736232879452,73.9999999999,0.06428221550143823
840,WINCHESTER CITY,101,WAR MEMORIAL,840,000201,171782.24251499207,10.0,10,13,3169433.6107031833,0.054199665812491894,73.9999999999,0.13513513513531775
840,WINCHESTER CITY,102,SOUTH END,840,000101,4413532.586182402,59.0,59,118,6338945.441122509,0.6962565977537185,89.9999999999,0.655555555556284
840,WINCHESTER CITY,102,SOUTH END,840,000402,896949.1544821493,8.9999999999,9,30,6338945.441122509,0.14149816602985565,89.9999999999,0.099999999999
840,WINCHESTER CITY,102,SOUTH END,840,000401,727888.0106840376,5.9999999999,6,30,6338945.441122509,0.11482793430623726,89.9999999999,0.06666666666562963
840,WINCHESTER CITY,102,SOUTH END,840,000301,300575.68977391935,16.000000000100002,16,22,6338945.441122509,0.04741730191018855,89.9999999999,0.17777777777908643
840,WINCHESTER CITY,103,SHAWNEE,840,000301,3042064.798965435,21.0,21,59,6651525.9883282855,0.4573484046072247,50.00000000017376,0.4199999999985404
840,WINCHESTER CITY,103,SHAWNEE,840,000402,1900544.425031453,10.000000000073761,10,28,6651525.9883282855,0.28573058699107823,50.00000000017376,0.20000000000078016
840,WINCHESTER CITY,103,SHAWNEE,840,000401,1708270.9551881177,19.000000000100002,19,34,6651525.9883282855,0.2568239165246732,50.00000000017376,0.38000000000067946
840,WINCHESTER CITY,103,SHAWNEE,069,000402,645.8091432799603,0.0,6,8,6651525.9883282855,9.709187702388729e-05,50.00000000017376,0.0
840,WINCHESTER CITY,201,FRIENDSHIP,840,000201,2510095.4489194322,103.6701151787,105,192,3210585.6046034377,0.7818185708303118,127.00000000040001,0.8163001195147518
840,WINCHESTER CITY,201,FRIENDSHIP,840,000301,597832.2497500102,17.0,17,26,3210585.6046034377,0.18620660632528213,127.00000000040001,0.13385826771611384
840,WINCHESTER CITY,201,FRIENDSHIP,840,000102,102657.90593399527,6.3298848217,7,7,3210585.6046034377,0.031974822844406066,127.00000000040001,0.049841612769134354
840,WINCHESTER CITY,202,LIBRARY,840,000102,3890146.198756308,49.0162601627,50,100,4596393.388257884,0.8463475316743381,86.0,0.5699565135197674
840,WINCHESTER CITY,202,LIBRARY,840,000201,506362.67580805,20.9837398373,21,29,4596393.388257884,0.11016521716823079,86.0,0.24399697485232558
840,WINCHESTER CITY,202,LIBRARY,840,000101,199884.51369352636,16.0,16,19,4596393.388257884,0.04348725115743111,86.0,0.18604651162790697
